Modelo,Pallet,Defectos,Estandar,Fecha/Hora,FPY,Wave1,Wave2,Flux,Conveyor,Falta de soldadura,Exceso de soldadura,Cortos,Falta de housing,Comp. SMT dañado,Falta comp. SMT,Falta de conector,Housing dañado,Comp. THT dañado,Falta comp. THT,Conector levantado,Housing quemado,Comp. SMT levantado,Comp. THT levantado,Bola de soldadura,Cable dañado,Falta de cable,Cable suelto,Cable quemado,Terminales iguales,L1 dañado,Pin largo,Falta de evidencia de pin,Cable invertido,Terminales desalineadas,Exceso de goma,Pin plastico derretido,Cable deshilachado,Perilla equivocada,Sombra en BR3,Disponible_5,Disponible_4,Disponible_3,Disponible_2,Disponible_1
FA08,51,5,15,13/04/2026 07:59:00,66.67%,0,0,0,0,0,0,5,0,0,0,0,0,0,0,0,0,0,0,0,0,0,0,0,0,0,0,0,0,0,0,0,0,0,0,,,,,
Lion Mite,3,1,20,13/04/2026 07:55:00,95.00%,0,0,0,0,0,0,0,0,0,0,0,0,0,0,0,0,0,0,0,0,0,0,0,0,0,0,1,0,0,0,0,0,0,0,,,,,
FA08,51,3,15,13/04/2026 07:53:00,80.00%,0,0,0,0,0,0,3,0,0,0,0,0,0,0,0,0,0,0,0,0,0,0,0,0,0,0,0,0,0,0,0,0,0,0,,,,,
Lion Mite,2,4,20,13/04/2026 07:44:00,80.00%,0,0,0,0,4,0,0,0,0,0,0,0,0,0,0,0,0,0,0,0,0,0,0,0,0,0,0,0,0,0,0,0,0,0,,,,,
FA08,37,1,15,13/04/2026 07:41:00,93.33%,0,0,0,0,1,0,0,0,0,0,0,0,0,0,0,0,0,0,0,0,0,0,0,0,0,0,0,0,0,0,0,0,0,0,,,,,
FA08,39,4,15,13/04/2026 07:37:00,73.33%,0,0,0,0,0,0,4,0,0,0,0,0,0,0,0,0,0,0,0,0,0,0,0,0,0,0,0,0,0,0,0,0,0,0,,,,,
Lion Mite,8,3,20,13/04/2026 07:34:00,85.00%,0,0,0,0,0,0,0,0,0,0,0,0,0,0,0,0,0,0,0,0,3,0,0,0,0,0,0,0,0,0,0,0,0,0,,,,,
FA08,40,3,15,13/04/2026 07:26:00,80.00%,0,0,0,0,0,0,3,0,0,0,0,0,0,0,0,0,0,0,0,0,0,0,0,0,0,0,0,0,0,0,0,0,0,0,,,,,
Lion Mite,5,0,20,13/04/2026 07:14:00,100.00%,0,0,0,0,0,0,0,0,0,0,0,0,0,0,0,0,0,0,0,0,0,0,0,0,0,0,0,0,0,0,0,0,0,0,,,,,
ROUTER,74,5,20,13/04/2026 07:13:00,75.00%,0,0,0,0,0,0,5,0,0,0,0,0,0,0,0,0,0,0,0,0,0,0,0,0,0,0,0,0,0,0,0,0,0,0,,,,,
Lion Mite,3,0,20,13/04/2026 07:12:00,100.00%,0,0,0,0,0,0,0,0,0,0,0,0,0,0,0,0,0,0,0,0,0,0,0,0,0,0,0,0,0,0,0,0,0,0,,,,,
PR20,83,13,24,13/04/2026 07:08:00,45.83%,1400,1520,50,100,0,0,0,0,0,13,0,0,0,0,0,0,0,0,0,0,0,0,0,0,0,0,0,0,0,0,0,0,0,0,,,,,
FA08,36,4,15,13/04/2026 07:03:00,73.33%,0,0,0,0,0,0,1,0,0,0,0,0,0,0,0,0,0,0,0,0,0,0,0,3,0,0,0,0,0,0,0,0,0,0,,,,,
FA08,52,4,15,13/04/2026 06:58:00,73.33%,0,0,0,0,0,0,2,0,0,0,0,0,0,0,0,0,0,0,0,0,0,0,0,0,0,0,0,0,2,0,0,0,0,0,,,,,
ROUTER,73,20,20,13/04/2026 06:53:00,0,0,0,0,0,0,0,0,0,0,0,0,0,0,0,0,0,0,0,0,0,20,0,0,0,0,0,0,0,0,0,0,0,0,0,,,,,
ROUTER,71,7,20,13/04/2026 06:53:00,65.00%,0,0,0,0,0,1,5,0,0,0,0,0,0,0,0,0,0,0,0,0,0,0,0,0,0,0,1,0,0,0,0,0,0,0,,,,,
FA08,37,6,15,13/04/2026 06:52:00,60.00%,0,0,0,0,4,0,0,0,0,0,0,0,0,0,2,0,0,0,0,0,0,0,0,0,0,0,0,0,0,0,0,0,0,0,,,,,
FA08,51,6,15,13/04/2026 06:47:00,60.00%,0,0,0,0,0,2,4,0,0,0,0,0,0,0,0,0,0,0,0,0,0,0,0,0,0,0,0,0,0,0,0,0,0,0,,,,,
PR20,82,1,24,13/04/2026 06:43:00,95.83%,1400,1520,50,100,1,0,0,0,0,0,0,0,0,0,0,0,0,0,0,0,0,0,0,0,0,0,0,0,0,0,0,0,0,0,,,,,
FA08,39,2,15,13/04/2026 06:36:00,86.67%,0,0,0,0,0,1,1,0,0,0,0,0,0,0,0,0,0,0,0,0,0,0,0,0,0,0,0,0,0,0,0,0,0,0,,,,,
FA08,40,4,15,13/04/2026 06:31:00,73.33%,0,0,0,0,0,0,4,0,0,0,0,0,0,0,0,0,0,0,0,0,0,0,0,0,0,0,0,0,0,0,0,0,0,0,,,,,
ROUTER,72,11,20,11/04/2026 14:27:00,45.00%,0,0,0,0,11,0,0,0,0,0,0,0,0,0,0,0,0,0,0,0,0,0,0,0,0,0,0,0,0,0,0,0,0,0,,,,,
FA08,51,6,15,11/04/2026 08:53:00,60.00%,0,0,0,0,0,2,4,0,0,0,0,0,0,0,0,0,0,0,0,0,0,0,0,0,0,0,0,0,0,0,0,0,0,0,,,,,
FA08,37,4,15,11/04/2026 08:41:00,73.33%,0,0,0,0,0,0,4,0,0,0,0,0,0,0,0,0,0,0,0,0,0,0,0,0,0,0,0,0,0,0,0,0,0,0,,,,,
FA08,38,15,15,11/04/2026 08:38:00,0,0,0,0,0,15,0,0,0,0,0,0,0,0,0,0,0,0,0,0,0,0,0,0,0,0,0,0,0,0,0,0,0,0,0,,,,,
PR20,83,24,24,11/04/2026 08:38:00,0,1400,1520,50,100,12,0,12,0,0,0,0,0,0,0,0,0,0,0,0,0,0,0,0,0,0,0,0,0,0,0,0,0,0,0,,,,,
FA08,39,15,15,11/04/2026 08:34:00,0,0,0,0,0,15,0,0,0,0,0,0,0,0,0,0,0,0,0,0,0,0,0,0,0,0,0,0,0,0,0,0,0,0,0,,,,,
FA08,40,15,15,11/04/2026 08:33:00,0,0,0,0,0,15,0,0,0,0,0,0,0,0,0,0,0,0,0,0,0,0,0,0,0,0,0,0,0,0,0,0,0,0,0,,,,,
PR20,82,1,24,11/04/2026 08:00:00,95.83%,1400,1520,50,100,1,0,0,0,0,0,0,0,0,0,0,0,0,0,0,0,0,0,0,0,0,0,0,0,0,0,0,0,0,0,,,,,
ROUTER,72,8,20,11/04/2026 07:57:00,100.00%,0,0,0,0,4,0,0,0,0,2,0,0,0,0,0,0,0,0,2,0,0,0,0,0,0,0,0,0,0,0,0,0,0,0,,,,,
ROUTER,72,3,20,11/04/2026 06:28:00,100.00%,0,0,0,0,3,0,0,0,0,0,0,0,0,0,0,0,0,0,0,0,0,0,0,0,0,0,0,0,0,0,0,0,0,0,,,,,
ROUTER,74,5,20,11/04/2026 06:14:00,100.00%,0,0,0,0,0,0,4,0,0,1,0,0,0,0,0,0,0,0,0,0,0,0,0,0,0,0,0,0,0,0,0,0,0,0,,,,,
FA08,40,3,15,10/04/2026 23:15:00,80.00%,0,0,0,0,0,0,3,0,0,0,0,0,0,0,0,0,0,0,0,0,0,0,0,0,0,0,0,0,0,0,0,0,0,0,,,,,
FA08,52,1,15,10/04/2026 23:00:00,93.33%,0,0,0,0,0,0,1,0,0,0,0,0,0,0,0,0,0,0,0,0,0,0,0,0,0,0,0,0,0,0,0,0,0,0,,,,,
PR20,80,5,24,10/04/2026 22:56:00,79.17%,1400,1520,50,100,2,2,0,0,0,0,0,0,0,0,0,0,0,0,1,0,0,0,0,0,0,0,0,0,0,0,0,0,0,0,,,,,
FA08,51,4,15,10/04/2026 22:46:00,73.33%,0,0,0,0,0,0,2,0,0,0,0,0,0,0,0,0,0,0,0,0,0,0,0,0,0,0,0,0,2,0,0,0,0,0,,,,,
PR20,83,1,24,10/04/2026 22:41:00,95.83%,1400,1520,50,100,1,0,0,0,0,0,0,0,0,0,0,0,0,0,0,0,0,0,0,0,0,0,0,0,0,0,0,0,0,0,,,,,
FA08,37,5,15,10/04/2026 22:36:00,66.67%,0,0,0,0,3,0,2,0,0,0,0,0,0,0,0,0,0,0,0,0,0,0,0,0,0,0,0,0,0,0,0,0,0,0,,,,,
FA08,40,0,15,10/04/2026 22:20:00,100.00%,0,0,0,0,0,0,0,0,0,0,0,0,0,0,0,0,0,0,0,0,0,0,0,0,0,0,0,0,0,0,0,0,0,0,,,,,
FA08,52,2,15,10/04/2026 22:16:00,86.67%,0,0,0,0,0,0,0,0,0,0,0,0,0,0,0,0,0,0,0,0,0,0,0,0,0,0,0,0,2,0,0,0,0,0,,,,,
PR20,82,0,24,10/04/2026 22:05:00,100.00%,1400,1520,50,100,0,0,0,0,0,0,0,0,0,0,0,0,0,0,0,0,0,0,0,0,0,0,0,0,0,0,0,0,0,0,,,,,
PR20,80,7,24,10/04/2026 21:51:00,70.83%,1400,1520,50,100,2,0,0,0,0,0,0,0,0,0,0,0,0,0,5,0,0,0,0,0,0,0,0,0,0,0,0,0,0,0,,,,,
PR20,83,8,24,10/04/2026 21:26:00,66.67%,1400,1520,50,100,8,0,0,0,0,0,0,0,0,0,0,0,0,0,0,0,0,0,0,0,0,0,0,0,0,0,0,0,0,0,,,,,
PR20,82,7,24,10/04/2026 20:59:00,70.83%,1400,1520,50,100,7,0,0,0,0,0,0,0,0,0,0,0,0,0,0,0,0,0,0,0,0,0,0,0,0,0,0,0,0,0,,,,,
PR20,80,6,24,10/04/2026 20:34:00,75.00%,1400,1520,50,100,0,6,0,0,0,0,0,0,0,0,0,0,0,0,0,0,0,0,0,0,0,0,0,0,0,0,0,0,0,0,,,,,
PR20,83,3,24,10/04/2026 20:11:00,87.50%,1400,1520,50,100,3,0,0,0,0,0,0,0,0,0,0,0,0,0,0,0,0,0,0,0,0,0,0,0,0,0,0,0,0,0,,,,,
PR20,82,4,24,10/04/2026 19:48:00,83.33%,1400,1520,50,100,3,0,0,0,0,0,0,0,0,0,0,0,0,0,0,0,0,0,0,0,0,0,1,0,0,0,0,0,0,0,,,,,
PR20,80,7,24,10/04/2026 19:39:00,70.83%,1400,1520,50,100,5,0,0,0,0,2,0,0,0,0,0,0,0,0,0,0,0,0,0,0,0,0,0,0,0,0,0,0,0,0,,,,,
PR20,83,5,24,10/04/2026 19:25:00,79.17%,1400,1520,50,100,5,0,0,0,0,0,0,0,0,0,0,0,0,0,0,0,0,0,0,0,0,0,0,0,0,0,0,0,0,0,,,,,
Lion Mite,2,4,20,10/04/2026 19:21:00,80.00%,0,0,0,0,4,0,0,0,0,0,0,0,0,0,0,0,0,0,0,0,0,0,0,0,0,0,0,0,0,0,0,0,0,0,,,,,
Lion Mite,5,0,20,10/04/2026 19:00:00,100.00%,0,0,0,0,0,0,0,0,0,0,0,0,0,0,0,0,0,0,0,0,0,0,0,0,0,0,0,0,0,0,0,0,0,0,,,,,
PR20,82,4,24,10/04/2026 18:57:00,83.33%,1400,1520,50,100,4,0,0,0,0,0,0,0,0,0,0,0,0,0,0,0,0,0,0,0,0,0,0,0,0,0,0,0,0,0,,,,,
Lion Mite,3,0,20,10/04/2026 18:52:00,100.00%,0,0,0,0,0,0,0,0,0,0,0,0,0,0,0,0,0,0,0,0,0,0,0,0,0,0,0,0,0,0,0,0,0,0,,,,,
Lion Mite,8,0,20,10/04/2026 18:01:00,100.00%,0,0,0,0,0,0,0,0,0,0,0,0,0,0,0,0,0,0,0,0,0,0,0,0,0,0,0,0,0,0,0,0,0,0,,,,,
Lion Mite,2,0,20,10/04/2026 17:52:00,100.00%,0,0,0,0,0,0,0,0,0,0,0,0,0,0,0,0,0,0,0,0,0,0,0,0,0,0,0,0,0,0,0,0,0,0,,,,,
Lion Mite,5,1,20,10/04/2026 17:46:00,95.00%,0,0,0,0,0,0,0,0,0,0,0,0,0,0,0,0,0,0,0,0,1,0,0,0,0,0,0,0,0,0,0,0,0,0,,,,,
PR20,82,4,24,10/04/2026 17:41:00,83.33%,1400,1520,50,100,4,0,0,0,0,0,0,0,0,0,0,0,0,0,0,0,0,0,0,0,0,0,0,0,0,0,0,0,0,0,,,,,
Lion Mite,3,0,20,10/04/2026 17:33:00,100.00%,0,0,0,0,0,0,0,0,0,0,0,0,0,0,0,0,0,0,0,0,0,0,0,0,0,0,0,0,0,0,0,0,0,0,,,,,
Lion Mite,8,0,20,10/04/2026 17:27:00,100.00%,0,0,0,0,0,0,0,0,0,0,0,0,0,0,0,0,0,0,0,0,0,0,0,0,0,0,0,0,0,0,0,0,0,0,,,,,
PR20,83,12,24,10/04/2026 17:23:00,54.17%,1400,1520,50,100,11,0,0,0,0,1,0,0,0,0,0,0,0,0,0,0,0,0,0,0,0,0,0,0,0,0,0,0,0,0,,,,,
PR20,80,0,24,10/04/2026 17:14:00,100.00%,1400,1520,50,100,0,0,0,0,0,0,0,0,0,0,0,0,0,0,0,0,0,0,0,0,0,0,0,0,0,0,0,0,0,0,,,,,
Lion Mite,5,0,20,10/04/2026 17:07:00,100.00%,0,0,0,0,0,0,0,0,0,0,0,0,0,0,0,0,0,0,0,0,0,0,0,0,0,0,0,0,0,0,0,0,0,0,,,,,
Lion Mite,2,0,20,10/04/2026 17:00:00,100.00%,0,0,0,0,0,0,0,0,0,0,0,0,0,0,0,0,0,0,0,0,0,0,0,0,0,0,0,0,0,0,0,0,0,0,,,,,
PR20,82,4,24,10/04/2026 16:53:00,83.33%,1400,1520,50,100,4,0,0,0,0,0,0,0,0,0,0,0,0,0,0,0,0,0,0,0,0,0,0,0,0,0,0,0,0,0,,,,,
Lion Mite,8,0,20,10/04/2026 16:37:00,100.00%,0,0,0,0,0,0,0,0,0,0,0,0,0,0,0,0,0,0,0,0,0,0,0,0,0,0,0,0,0,0,0,0,0,0,,,,,
Lion Mite,5,0,20,10/04/2026 16:30:00,100.00%,0,0,0,0,0,0,0,0,0,0,0,0,0,0,0,0,0,0,0,0,0,0,0,0,0,0,0,0,0,0,0,0,0,0,,,,,
PR20,80,5,24,10/04/2026 16:27:00,79.17%,1400,1520,50,100,3,0,0,0,0,0,0,0,0,0,0,0,0,0,2,0,0,0,0,0,0,0,0,0,0,0,0,0,0,0,,,,,
DC-I,68,4,16,10/04/2026 15:18:00,75.00%,0,0,0,0,0,0,4,0,0,0,0,0,0,0,0,0,0,0,0,0,0,0,0,0,0,0,0,0,0,0,0,0,0,0,,,,,
DC-I,65,3,16,10/04/2026 14:42:00,81.25%,0,0,0,0,0,0,3,0,0,0,0,0,0,0,0,0,0,0,0,0,0,0,0,0,0,0,0,0,0,0,0,0,0,0,,,,,
DC-I,69,2,16,10/04/2026 14:38:00,87.50%,0,0,0,0,0,0,2,0,0,0,0,0,0,0,0,0,0,0,0,0,0,0,0,0,0,0,0,0,0,0,0,0,0,0,,,,,
ROUTER,73,2,20,10/04/2026 14:37:00,100.00%,0,0,0,0,0,0,2,0,0,0,0,0,0,0,0,0,0,0,0,0,0,0,0,0,0,0,0,0,0,0,0,0,0,0,,,,,
DC-I,68,3,16,10/04/2026 14:26:00,81.25%,0,0,0,0,0,0,3,0,0,0,0,0,0,0,0,0,0,0,0,0,0,0,0,0,0,0,0,0,0,0,0,0,0,0,,,,,
DC-I,65,3,16,10/04/2026 14:13:00,81.25%,0,0,0,0,0,0,3,0,0,0,0,0,0,0,0,0,0,0,0,0,0,0,0,0,0,0,0,0,0,0,0,0,0,0,,,,,
DC-I,69,4,16,10/04/2026 14:07:00,75.00%,0,0,0,0,0,0,4,0,0,0,0,0,0,0,0,0,0,0,0,0,0,0,0,0,0,0,0,0,0,0,0,0,0,0,,,,,
ROUTER,74,4,20,10/04/2026 14:05:00,100.00%,0,0,0,0,0,0,2,0,0,2,0,0,0,0,0,0,0,0,0,0,0,0,0,0,0,0,0,0,0,0,0,0,0,0,,,,,
ROUTER,71,3,20,10/04/2026 13:46:00,100.00%,0,0,0,0,1,0,2,0,0,0,0,0,0,0,0,0,0,0,0,0,0,0,0,0,0,0,0,0,0,0,0,0,0,0,,,,,
DC-I,68,2,16,10/04/2026 13:43:00,87.50%,0,0,0,0,0,0,2,0,0,0,0,0,0,0,0,0,0,0,0,0,0,0,0,0,0,0,0,0,0,0,0,0,0,0,,,,,
DC-I,65,2,16,10/04/2026 13:42:00,87.50%,0,0,0,0,0,0,2,0,0,0,0,0,0,0,0,0,0,0,0,0,0,0,0,0,0,0,0,0,0,0,0,0,0,0,,,,,
ROUTER,73,4,20,10/04/2026 13:18:00,100.00%,0,0,0,0,0,0,4,0,0,0,0,0,0,0,0,0,0,0,0,0,0,0,0,0,0,0,0,0,0,0,0,0,0,0,,,,,
DC-I,68,4,16,10/04/2026 13:13:00,75.00%,0,0,0,0,0,0,4,0,0,0,0,0,0,0,0,0,0,0,0,0,0,0,0,0,0,0,0,0,0,0,0,0,0,0,,,,,
DC-I,65,2,16,10/04/2026 13:08:00,87.50%,0,0,0,0,0,0,2,0,0,0,0,0,0,0,0,0,0,0,0,0,0,0,0,0,0,0,0,0,0,0,0,0,0,0,,,,,
ROUTER,72,3,20,10/04/2026 13:06:00,100.00%,0,0,0,0,1,0,0,0,0,2,0,0,0,0,0,0,0,0,0,0,0,0,0,0,0,0,0,0,0,0,0,0,0,0,,,,,
ROUTER,74,8,20,10/04/2026 13:02:00,100.00%,0,0,0,0,0,0,2,0,0,6,0,0,0,0,0,0,0,0,0,0,0,0,0,0,0,0,0,0,0,0,0,0,0,0,,,,,
DC-I,69,4,16,10/04/2026 12:52:00,75.00%,0,0,0,0,0,0,4,0,0,0,0,0,0,0,0,0,0,0,0,0,0,0,0,0,0,0,0,0,0,0,0,0,0,0,,,,,
ROUTER,71,11,20,10/04/2026 12:41:00,45.00%,0,0,0,0,0,1,7,0,0,3,0,0,0,0,0,0,0,0,0,0,0,0,0,0,0,0,0,0,0,0,0,0,0,0,,,,,
DC-I,69,4,16,10/04/2026 12:38:00,75.00%,0,0,0,0,0,0,4,0,0,0,0,0,0,0,0,0,0,0,0,0,0,0,0,0,0,0,0,0,0,0,0,0,0,0,,,,,
DC-I,65,6,16,10/04/2026 12:38:00,62.50%,0,0,0,0,0,0,6,0,0,0,0,0,0,0,0,0,0,0,0,0,0,0,0,0,0,0,0,0,0,0,0,0,0,0,,,,,
DC-I,65,1,16,10/04/2026 12:18:00,93.75%,0,0,0,0,0,0,1,0,0,0,0,0,0,0,0,0,0,0,0,0,0,0,0,0,0,0,0,0,0,0,0,0,0,0,,,,,
DC-I,69,3,16,10/04/2026 12:18:00,81.25%,0,0,0,0,0,0,3,0,0,0,0,0,0,0,0,0,0,0,0,0,0,0,0,0,0,0,0,0,0,0,0,0,0,0,,,,,
ROUTER,73,4,20,10/04/2026 11:52:00,100.00%,0,0,0,0,0,2,2,0,0,0,0,0,0,0,0,0,0,0,0,0,0,0,0,0,0,0,0,0,0,0,0,0,0,0,,,,,
ROUTER,73,15,20,10/04/2026 11:44:00,100.00%,0,0,0,0,0,0,0,0,0,15,0,0,0,0,0,0,0,0,0,0,0,0,0,0,0,0,0,0,0,0,0,0,0,0,,,,,
ROUTER,74,12,20,10/04/2026 11:16:00,100.00%,0,0,0,0,1,0,4,0,0,7,0,0,0,0,0,0,0,0,0,0,0,0,0,0,0,0,0,0,0,0,0,0,0,0,,,,,
ROUTER,71,8,20,10/04/2026 10:54:00,100.00%,0,0,0,0,0,0,8,0,0,0,0,0,0,0,0,0,0,0,0,0,0,0,0,0,0,0,0,0,0,0,0,0,0,0,,,,,
DC-I,68,3,16,10/04/2026 10:51:00,81.25%,0,0,0,0,0,0,3,0,0,0,0,0,0,0,0,0,0,0,0,0,0,0,0,0,0,0,0,0,0,0,0,0,0,0,,,,,
DC-I,65,1,16,10/04/2026 10:48:00,93.75%,0,0,0,0,0,0,1,0,0,0,0,0,0,0,0,0,0,0,0,0,0,0,0,0,0,0,0,0,0,0,0,0,0,0,,,,,
FA08,52,2,15,10/04/2026 10:45:00,86.67%,0,0,0,0,0,0,1,0,0,0,0,0,0,0,0,0,0,0,1,0,0,0,0,0,0,0,0,0,0,0,0,0,0,0,,,,,
ROUTER,74,8,20,10/04/2026 10:40:00,100.00%,0,0,0,0,7,0,0,0,0,1,0,0,0,0,0,0,0,0,0,0,0,0,0,0,0,0,0,0,0,0,0,0,0,0,,,,,
FA08,39,0,15,10/04/2026 10:35:00,100.00%,0,0,0,0,0,0,0,0,0,0,0,0,0,0,0,0,0,0,0,0,0,0,0,0,0,0,0,0,0,0,0,0,0,0,,,,,
ROUTER,72,2,20,10/04/2026 10:30:00,100.00%,0,0,0,0,1,0,1,0,0,0,0,0,0,0,0,0,0,0,0,0,0,0,0,0,0,0,0,0,0,0,0,0,0,0,,,,,
DC-I,69,3,16,10/04/2026 10:27:00,81.25%,0,0,0,0,0,0,3,0,0,0,0,0,0,0,0,0,0,0,0,0,0,0,0,0,0,0,0,0,0,0,0,0,0,0,,,,,
FA08,40,0,15,10/04/2026 10:23:00,100.00%,0,0,0,0,0,0,0,0,0,0,0,0,0,0,0,0,0,0,0,0,0,0,0,0,0,0,0,0,0,0,0,0,0,0,,,,,
DC-I,68,1,16,10/04/2026 10:20:00,93.75%,0,0,0,0,0,0,1,0,0,0,0,0,0,0,0,0,0,0,0,0,0,0,0,0,0,0,0,0,0,0,0,0,0,0,,,,,
ROUTER,74,7,20,10/04/2026 10:18:00,100.00%,0,0,0,0,1,0,4,0,0,1,0,0,0,0,0,0,0,0,1,0,0,0,0,0,0,0,0,0,0,0,0,0,0,0,,,,,
FA08,37,1,15,10/04/2026 10:15:00,93.33%,0,0,0,0,0,0,1,0,0,0,0,0,0,0,0,0,0,0,0,0,0,0,0,0,0,0,0,0,0,0,0,0,0,0,,,,,
DC-I,65,1,16,10/04/2026 10:14:00,93.75%,0,0,0,0,0,0,1,0,0,0,0,0,0,0,0,0,0,0,0,0,0,0,0,0,0,0,0,0,0,0,0,0,0,0,,,,,
ROUTER,73,4,20,10/04/2026 10:07:00,100.00%,0,0,0,0,0,0,1,0,0,0,0,0,0,0,0,0,0,0,3,0,0,0,0,0,0,0,0,0,0,0,0,0,0,0,,,,,
FA08,39,2,15,10/04/2026 10:06:00,86.67%,0,0,0,0,0,0,2,0,0,0,0,0,0,0,0,0,0,0,0,0,0,0,0,0,0,0,0,0,0,0,0,0,0,0,,,,,
ROUTER,72,1,20,10/04/2026 09:54:00,100.00%,0,0,0,0,0,0,0,0,0,0,0,0,0,0,0,0,0,0,0,0,0,0,0,0,0,0,1,0,0,0,0,0,0,0,,,,,
DC-I,69,2,16,10/04/2026 09:50:00,87.50%,0,0,0,0,0,0,2,0,0,0,0,0,0,0,0,0,0,0,0,0,0,0,0,0,0,0,0,0,0,0,0,0,0,0,,,,,
ROUTER,72,1,20,10/04/2026 09:47:00,100.00%,0,0,0,0,0,0,0,0,0,0,0,0,0,0,0,0,0,0,0,0,0,0,0,0,0,1,0,0,0,0,0,0,0,0,,,,,
DC-I,68,4,16,10/04/2026 09:42:00,75.00%,0,0,0,0,0,0,4,0,0,0,0,0,0,0,0,0,0,0,0,0,0,0,0,0,0,0,0,0,0,0,0,0,0,0,,,,,
DC-I,65,1,16,10/04/2026 09:42:00,93.75%,0,0,0,0,0,0,1,0,0,0,0,0,0,0,0,0,0,0,0,0,0,0,0,0,0,0,0,0,0,0,0,0,0,0,,,,,
ROUTER,73,12,20,10/04/2026 09:30:00,100.00%,0,0,0,0,0,0,6,0,0,0,0,0,0,0,0,0,0,0,6,0,0,0,0,0,0,0,0,0,0,0,0,0,0,0,,,,,
FA08,52,1,15,10/04/2026 09:22:00,93.33%,0,0,0,0,0,0,1,0,0,0,0,0,0,0,0,0,0,0,0,0,0,0,0,0,0,0,0,0,0,0,0,0,0,0,,,,,
DC-I,68,3,16,10/04/2026 09:21:00,81.25%,0,0,0,0,0,0,3,0,0,0,0,0,0,0,0,0,0,0,0,0,0,0,0,0,0,0,0,0,0,0,0,0,0,0,,,,,
DC-I,68,3,16,10/04/2026 09:19:00,81.25%,0,0,0,0,0,0,2,0,0,1,0,0,0,0,0,0,0,0,0,0,0,0,0,0,0,0,0,0,0,0,0,0,0,0,,,,,
FA08,40,2,15,10/04/2026 09:13:00,86.67%,0,0,0,0,0,0,2,0,0,0,0,0,0,0,0,0,0,0,0,0,0,0,0,0,0,0,0,0,0,0,0,0,0,0,,,,,
ROUTER,72,11,20,10/04/2026 09:12:00,100.00%,0,0,0,0,0,2,4,0,0,2,0,0,0,0,0,0,0,0,0,0,0,0,0,0,0,3,0,0,0,0,0,0,0,0,,,,,
DC-I,65,0,16,10/04/2026 09:01:00,100.00%,0,0,0,0,0,0,0,0,0,0,0,0,0,0,0,0,0,0,0,0,0,0,0,0,0,0,0,0,0,0,0,0,0,0,,,,,
ROUTER,72,2,20,10/04/2026 08:59:00,100.00%,0,0,0,0,0,0,0,0,0,2,0,0,0,0,0,0,0,0,0,0,0,0,0,0,0,0,0,0,0,0,0,0,0,0,,,,,
DC-I,69,3,16,10/04/2026 08:48:00,81.25%,0,0,0,0,0,0,2,0,0,1,0,0,0,0,0,0,0,0,0,0,0,0,0,0,0,0,0,0,0,0,0,0,0,0,,,,,
ROUTER,74,5,20,10/04/2026 08:47:00,100.00%,0,0,0,0,0,0,4,0,0,1,0,0,0,0,0,0,0,0,0,0,0,0,0,0,0,0,0,0,0,0,0,0,0,0,,,,,
DC-I,68,5,16,10/04/2026 08:46:00,68.75%,0,0,0,0,0,0,3,0,0,0,0,0,0,0,2,0,0,0,0,0,0,0,0,0,0,0,0,0,0,0,0,0,0,0,,,,,
ROUTER,71,10,20,10/04/2026 08:15:00,100.00%,0,0,0,0,0,0,7,0,0,1,0,0,0,0,0,0,0,0,0,0,0,0,0,0,0,0,2,0,0,0,0,0,0,0,,,,,
FA08,39,3,15,10/04/2026 08:13:00,80.00%,0,0,0,0,0,0,3,0,0,0,0,0,0,0,0,0,0,0,0,0,0,0,0,0,0,0,0,0,0,0,0,0,0,0,,,,,
DC-I,65,1,16,10/04/2026 08:13:00,93.75%,0,0,0,0,0,0,1,0,0,0,0,0,0,0,0,0,0,0,0,0,0,0,0,0,0,0,0,0,0,0,0,0,0,0,,,,,
DC-I,66,9,16,10/04/2026 08:11:00,43.75%,0,0,0,0,2,2,5,0,0,0,0,0,0,0,0,0,0,0,0,0,0,0,0,0,0,0,0,0,0,0,0,0,0,0,,,,,
DC-I,69,1,16,10/04/2026 08:09:00,93.75%,0,0,0,0,0,0,0,0,0,0,0,0,0,0,1,0,0,0,0,0,0,0,0,0,0,0,0,0,0,0,0,0,0,0,,,,,
ROUTER,74,9,20,10/04/2026 08:06:00,100.00%,0,0,0,0,8,0,0,0,0,1,0,0,0,0,0,0,0,0,0,0,0,0,0,0,0,0,0,0,0,0,0,0,0,0,,,,,
FA08,37,4,15,10/04/2026 08:04:00,73.33%,0,0,0,0,0,0,3,0,0,0,0,0,0,0,1,0,0,0,0,0,0,0,0,0,0,0,0,0,0,0,0,0,0,0,,,,,
DC-I,68,2,16,10/04/2026 08:03:00,87.50%,0,0,0,0,0,0,2,0,0,0,0,0,0,0,0,0,0,0,0,0,0,0,0,0,0,0,0,0,0,0,0,0,0,0,,,,,
DC-I,65,0,16,10/04/2026 07:46:00,100.00%,0,0,0,0,0,0,0,0,0,0,0,0,0,0,0,0,0,0,0,0,0,0,0,0,0,0,0,0,0,0,0,0,0,0,,,,,
FA08,36,4,15,10/04/2026 07:45:00,73.33%,0,0,0,0,0,0,4,0,0,0,0,0,0,0,0,0,0,0,0,0,0,0,0,0,0,0,0,0,0,0,0,0,0,0,,,,,
ROUTER,72,23,20,10/04/2026 07:41:00,100.00%,0,0,0,0,12,0,0,0,0,11,0,0,0,0,0,0,0,0,0,0,0,0,0,0,0,0,0,0,0,0,0,0,0,0,,,,,
ROUTER,71,6,20,10/04/2026 07:38:00,100.00%,0,0,0,0,0,0,2,0,0,4,0,0,0,0,0,0,0,0,0,0,0,0,0,0,0,0,0,0,0,0,0,0,0,0,,,,,
DC-I,69,2,16,10/04/2026 07:32:00,87.50%,0,0,0,0,0,0,2,0,0,0,0,0,0,0,0,0,0,0,0,0,0,0,0,0,0,0,0,0,0,0,0,0,0,0,,,,,
FA08,39,2,15,10/04/2026 07:31:00,86.67%,0,0,0,0,0,0,2,0,0,0,0,0,0,0,0,0,0,0,0,0,0,0,0,0,0,0,0,0,0,0,0,0,0,0,,,,,
DC-I,68,3,16,10/04/2026 07:28:00,81.25%,0,0,0,0,0,0,3,0,0,0,0,0,0,0,0,0,0,0,0,0,0,0,0,0,0,0,0,0,0,0,0,0,0,0,,,,,
ROUTER,72,2,20,10/04/2026 07:20:00,100.00%,0,0,0,0,0,0,0,0,0,0,0,0,0,1,0,0,0,0,0,0,0,0,0,0,0,0,1,0,0,0,0,0,0,0,,,,,
DC-I,66,12,16,10/04/2026 07:14:00,25.00%,0,0,0,0,4,0,8,0,0,0,0,0,0,0,0,0,0,0,0,0,0,0,0,0,0,0,0,0,0,0,0,0,0,0,,,,,
DC-I,65,2,16,10/04/2026 07:13:00,87.50%,0,0,0,0,0,0,2,0,0,0,0,0,0,0,0,0,0,0,0,0,0,0,0,0,0,0,0,0,0,0,0,0,0,0,,,,,
ROUTER,73,5,20,10/04/2026 07:07:00,100.00%,0,0,0,0,3,0,1,0,0,0,0,0,0,0,0,0,0,0,0,0,0,0,0,0,0,0,1,0,0,0,0,0,0,0,,,,,
DC-I,69,1,16,10/04/2026 06:55:00,93.75%,0,0,0,0,0,0,1,0,0,0,0,0,0,0,0,0,0,0,0,0,0,0,0,0,0,0,0,0,0,0,0,0,0,0,,,,,
ROUTER,71,3,20,10/04/2026 06:53:00,85.00%,0,0,0,0,0,0,0,0,0,3,0,0,0,0,0,0,0,0,0,0,0,0,0,0,0,0,0,0,0,0,0,0,0,0,,,,,
ROUTER,72,0,20,10/04/2026 06:51:00,100.00%,0,0,0,0,0,0,0,0,0,0,0,0,0,0,0,0,0,0,0,0,0,0,0,0,0,0,0,0,0,0,0,0,0,0,,,,,
DC-I,68,3,16,10/04/2026 06:45:00,81.25%,0,0,0,0,0,0,3,0,0,0,0,0,0,0,0,0,0,0,0,0,0,0,0,0,0,0,0,0,0,0,0,0,0,0,,,,,
ROUTER,73,9,20,10/04/2026 06:28:00,100.00%,0,0,0,0,0,0,7,0,0,2,0,0,0,0,0,0,0,0,0,0,0,0,0,0,0,0,0,0,0,0,0,0,0,0,,,,,
FA08,40,2,15,09/04/2026 23:17:00,86.67%,0,0,0,0,0,0,2,0,0,0,0,0,0,0,0,0,0,0,0,0,0,0,0,0,0,0,0,0,0,0,0,0,0,0,,,,,
FA08,51,4,15,09/04/2026 23:11:00,73.33%,0,0,0,0,0,0,2,0,0,0,0,0,0,0,0,0,0,0,0,0,0,0,0,0,0,0,2,0,0,0,0,0,0,0,,,,,
ROUTER,71,14,20,09/04/2026 23:10:00,30.00%,0,0,0,0,0,2,5,0,0,2,0,0,0,0,0,0,0,0,5,0,0,0,0,0,0,0,0,0,0,0,0,0,0,0,,,,,
FA08,37,2,15,09/04/2026 22:58:00,86.67%,0,0,0,0,1,0,1,0,0,0,0,0,0,0,0,0,0,0,0,0,0,0,0,0,0,0,0,0,0,0,0,0,0,0,,,,,
FA08,52,2,15,09/04/2026 22:48:00,86.67%,0,0,0,0,0,0,2,0,0,0,0,0,0,0,0,0,0,0,0,0,0,0,0,0,0,0,0,0,0,0,0,0,0,0,,,,,
FA08,40,2,15,09/04/2026 22:40:00,86.67%,0,0,0,0,1,0,0,0,0,0,0,0,0,0,0,0,0,0,0,0,0,0,0,0,0,0,1,0,0,0,0,0,0,0,,,,,
FA08,39,2,15,09/04/2026 22:29:00,86.67%,0,0,0,0,0,0,2,0,0,0,0,0,0,0,0,0,0,0,0,0,0,0,0,0,0,0,0,0,0,0,0,0,0,0,,,,,
FA08,37,4,15,09/04/2026 22:18:00,73.33%,0,0,0,0,2,0,2,0,0,0,0,0,0,0,0,0,0,0,0,0,0,0,0,0,0,0,0,0,0,0,0,0,0,0,,,,,
FA08,40,1,15,09/04/2026 22:07:00,93.33%,0,0,0,0,0,0,1,0,0,0,0,0,0,0,0,0,0,0,0,0,0,0,0,0,0,0,0,0,0,0,0,0,0,0,,,,,
P10,134,40,40,09/04/2026 22:01:00,0,2000,880,45,50,40,0,0,0,0,0,0,0,0,0,0,0,0,0,0,0,0,0,0,0,0,0,0,0,0,0,0,0,0,0,,,,,
FA08,39,2,15,09/04/2026 21:57:00,86.67%,0,0,0,0,0,0,2,0,0,0,0,0,0,0,0,0,0,0,0,0,0,0,0,0,0,0,0,0,0,0,0,0,0,0,,,,,
FA08,51,3,15,09/04/2026 21:47:00,80.00%,0,0,0,0,0,3,0,0,0,0,0,0,0,0,0,0,0,0,0,0,0,0,0,0,0,0,0,0,0,0,0,0,0,0,,,,,
P10,136,12,40,09/04/2026 21:42:00,70.00%,200,80,45,50,0,0,7,0,0,0,0,0,0,0,0,0,0,5,0,0,0,0,0,0,0,0,0,0,0,0,0,0,0,0,,,,,
FA08,37,3,15,09/04/2026 21:34:00,80.00%,0,0,0,0,1,0,1,0,0,0,0,0,0,0,0,0,0,0,0,0,0,0,0,0,0,0,1,0,0,0,0,0,0,0,,,,,
FA08,52,3,15,09/04/2026 21:31:00,80.00%,0,0,0,0,1,0,0,0,0,0,0,0,0,0,0,0,0,0,0,0,0,0,0,2,0,0,0,0,0,0,0,0,0,0,,,,,
FA08,40,0,15,09/04/2026 21:26:00,100.00%,0,0,0,0,0,0,0,0,0,0,0,0,0,0,0,0,0,0,0,0,0,0,0,0,0,0,0,0,0,0,0,0,0,0,,,,,
DC-I,65,2,16,09/04/2026 21:25:00,87.50%,0,0,0,0,2,0,0,0,0,0,0,0,0,0,0,0,0,0,0,0,0,0,0,0,0,0,0,0,0,0,0,0,0,0,,,,,
P10,135,10,40,09/04/2026 21:15:00,75.00%,2000,80,45,50,0,0,7,0,0,0,0,0,0,0,0,0,0,1,2,0,0,0,0,0,0,0,0,0,0,0,0,0,0,0,,,,,
FA08,39,2,15,09/04/2026 21:11:00,86.67%,0,0,0,0,0,0,1,0,0,0,0,0,0,0,0,0,0,0,0,0,0,0,0,0,0,0,0,0,1,0,0,0,0,0,,,,,
P10,133,11,40,09/04/2026 21:09:00,72.50%,2000,880,45,50,0,0,6,0,0,0,0,0,0,0,0,0,0,2,3,0,0,0,0,0,0,0,0,0,0,0,0,0,0,0,,,,,
FA08,51,3,15,09/04/2026 21:08:00,80.00%,0,0,0,0,0,1,2,0,0,0,0,0,0,0,0,0,0,0,0,0,0,0,0,0,0,0,0,0,0,0,0,0,0,0,,,,,
P10,131,8,40,09/04/2026 21:04:00,80.00%,2000,880,45,50,0,0,2,0,0,0,0,0,0,0,0,0,0,4,2,0,0,0,0,0,0,0,0,0,0,0,0,0,0,0,,,,,
P10,134,6,40,09/04/2026 20:58:00,85.00%,2000,880,45,50,0,0,4,0,0,0,0,0,0,0,0,0,0,2,0,0,0,0,0,0,0,0,0,0,0,0,0,0,0,0,,,,,
FA08,52,2,15,09/04/2026 20:56:00,86.67%,0,0,0,0,0,0,1,0,0,0,0,0,0,0,0,0,0,0,0,0,0,0,0,0,0,0,0,0,1,0,0,0,0,0,,,,,
P10,131,5,40,09/04/2026 20:54:00,87.50%,2000,880,45,50,0,0,2,0,0,0,0,0,0,0,0,0,0,0,3,0,0,0,0,0,0,0,0,0,0,0,0,0,0,0,,,,,
FA08,37,2,15,09/04/2026 20:52:00,86.67%,0,0,0,0,1,0,1,0,0,0,0,0,0,0,0,0,0,0,0,0,0,0,0,0,0,0,0,0,0,0,0,0,0,0,,,,,
P10,134,7,40,09/04/2026 20:50:00,82.50%,2000,880,45,50,0,0,5,0,0,0,0,0,0,0,0,0,0,0,2,0,0,0,0,0,0,0,0,0,0,0,0,0,0,0,,,,,
P10,136,6,40,09/04/2026 20:47:00,85.00%,200,80,45,50,0,0,1,0,0,0,0,0,0,0,0,0,0,3,2,0,0,0,0,0,0,0,0,0,0,0,0,0,0,0,,,,,
P10,135,4,40,09/04/2026 20:42:00,90.00%,2000,80,45,50,0,0,2,0,0,0,0,0,0,0,0,0,0,1,1,0,0,0,0,0,0,0,0,0,0,0,0,0,0,0,,,,,
P10,134,5,40,09/04/2026 20:38:00,87.50%,2000,880,45,50,0,0,2,0,0,0,0,0,0,0,0,0,0,0,0,0,0,0,0,3,0,0,0,0,0,0,0,0,0,0,,,,,
DC-I,68,2,16,09/04/2026 20:37:00,87.50%,0,0,0,0,0,0,1,0,0,0,0,0,0,0,0,0,0,0,1,0,0,0,0,0,0,0,0,0,0,0,0,0,0,0,,,,,
DC-I,65,0,16,09/04/2026 20:31:00,100.00%,0,0,0,0,0,0,0,0,0,0,0,0,0,0,0,0,0,0,0,0,0,0,0,0,0,0,0,0,0,0,0,0,0,0,,,,,
P10,136,8,40,09/04/2026 20:23:00,80.00%,200,80,45,50,0,0,8,0,0,0,0,0,0,0,0,0,0,0,0,0,0,0,0,0,0,0,0,0,0,0,0,0,0,0,,,,,
FA08,40,4,15,09/04/2026 20:19:00,73.33%,0,0,0,0,0,0,4,0,0,0,0,0,0,0,0,0,0,0,0,0,0,0,0,0,0,0,0,0,0,0,0,0,0,0,,,,,
FA08,51,2,15,09/04/2026 20:11:00,86.67%,0,0,0,0,0,2,0,0,0,0,0,0,0,0,0,0,0,0,0,0,0,0,0,0,0,0,0,0,0,0,0,0,0,0,,,,,
P10,133,7,40,09/04/2026 19:57:00,82.50%,2000,880,45,50,0,0,7,0,0,0,0,0,0,0,0,0,0,0,0,0,0,0,0,0,0,0,0,0,0,0,0,0,0,0,,,,,
DC-I,69,0,16,09/04/2026 19:52:00,100.00%,0,0,0,0,0,0,0,0,0,0,0,0,0,0,0,0,0,0,0,0,0,0,0,0,0,0,0,0,0,0,0,0,0,0,,,,,
P10,135,12,40,09/04/2026 19:49:00,70.00%,2000,80,45,50,0,0,12,0,0,0,0,0,0,0,0,0,0,0,0,0,0,0,0,0,0,0,0,0,0,0,0,0,0,0,,,,,
FA08,37,3,15,09/04/2026 19:48:00,80.00%,0,0,0,0,1,0,2,0,0,0,0,0,0,0,0,0,0,0,0,0,0,0,0,0,0,0,0,0,0,0,0,0,0,0,,,,,
FA08,40,2,15,09/04/2026 19:46:00,86.67%,0,0,0,0,0,0,2,0,0,0,0,0,0,0,0,0,0,0,0,0,0,0,0,0,0,0,0,0,0,0,0,0,0,0,,,,,
FA08,52,0,15,09/04/2026 19:46:00,100.00%,0,0,0,0,0,0,0,0,0,0,0,0,0,0,0,0,0,0,0,0,0,0,0,0,0,0,0,0,0,0,0,0,0,0,,,,,
P10,133,10,40,09/04/2026 19:45:00,75.00%,2000,880,45,50,0,0,8,0,0,0,0,0,0,0,0,0,0,0,2,0,0,0,0,0,0,0,0,0,0,0,0,0,0,0,,,,,
FA08,39,1,15,09/04/2026 19:40:00,93.33%,0,0,0,0,0,0,1,0,0,0,0,0,0,0,0,0,0,0,0,0,0,0,0,0,0,0,0,0,0,0,0,0,0,0,,,,,
P10,136,5,40,09/04/2026 19:39:00,87.50%,200,80,45,50,0,0,5,0,0,0,0,0,0,0,0,0,0,0,0,0,0,0,0,0,0,0,0,0,0,0,0,0,0,0,,,,,
P10,133,9,40,09/04/2026 19:34:00,77.50%,2000,880,45,50,0,0,9,0,0,0,0,0,0,0,0,0,0,0,0,0,0,0,0,0,0,0,0,0,0,0,0,0,0,0,,,,,
P10,135,13,40,09/04/2026 19:31:00,67.50%,2000,80,45,50,0,0,8,0,0,0,0,0,0,0,0,0,0,0,5,0,0,0,0,0,0,0,0,0,0,0,0,0,0,0,,,,,
P10,131,5,40,09/04/2026 19:27:00,87.50%,2000,880,45,50,3,0,1,0,0,0,0,0,0,0,0,0,0,0,1,0,0,0,0,0,0,0,0,0,0,0,0,0,0,0,,,,,
DC-I,65,0,16,09/04/2026 19:27:00,100.00%,0,0,0,0,0,0,0,0,0,0,0,0,0,0,0,0,0,0,0,0,0,0,0,0,0,0,0,0,0,0,0,0,0,0,,,,,
P10,131,15,40,09/04/2026 19:21:00,62.50%,2000,880,45,50,0,0,3,0,0,0,0,0,0,0,0,0,0,0,12,0,0,0,0,0,0,0,0,0,0,0,0,0,0,0,,,,,
P10,131,14,40,09/04/2026 19:17:00,65.00%,2000,880,45,50,0,0,4,0,0,0,0,0,0,0,0,0,0,0,10,0,0,0,0,0,0,0,0,0,0,0,0,0,0,0,,,,,
P10,134,10,40,09/04/2026 19:13:00,75.00%,2000,880,45,50,0,0,6,0,0,0,0,0,0,0,0,0,0,0,4,0,0,0,0,0,0,0,0,0,0,0,0,0,0,0,,,,,
FA08,40,4,15,09/04/2026 18:07:00,73.33%,0,0,0,0,0,0,4,0,0,0,0,0,0,0,0,0,0,0,0,0,0,0,0,0,0,0,0,0,0,0,0,0,0,0,,,,,
P10,136,10,40,09/04/2026 18:06:00,75.00%,200,80,45,50,0,0,6,0,0,0,0,0,0,0,0,0,0,0,4,0,0,0,0,0,0,0,0,0,0,0,0,0,0,0,,,,,
FA08,37,4,15,09/04/2026 17:56:00,73.33%,0,0,0,0,1,0,3,0,0,0,0,0,0,0,0,0,0,0,0,0,0,0,0,0,0,0,0,0,0,0,0,0,0,0,,,,,
DC-I,69,0,16,09/04/2026 17:48:00,100.00%,0,0,0,0,0,0,0,0,0,0,0,0,0,0,0,0,0,0,0,0,0,0,0,0,0,0,0,0,0,0,0,0,0,0,,,,,
P10,135,17,40,09/04/2026 17:46:00,57.50%,2000,80,45,50,0,0,12,0,0,0,0,0,0,0,0,0,0,0,5,0,0,0,0,0,0,0,0,0,0,0,0,0,0,0,,,,,
FA08,39,2,15,09/04/2026 17:43:00,86.67%,0,0,0,0,0,0,2,0,0,0,0,0,0,0,0,0,0,0,0,0,0,0,0,0,0,0,0,0,0,0,0,0,0,0,,,,,
P10,133,9,40,09/04/2026 17:28:00,77.50%,2000,880,45,50,0,0,5,0,0,0,0,0,0,0,0,0,0,0,4,0,0,0,0,0,0,0,0,0,0,0,0,0,0,0,,,,,
P10,134,9,40,09/04/2026 17:24:00,77.50%,2000,880,45,50,6,0,3,0,0,0,0,0,0,0,0,0,0,0,0,0,0,0,0,0,0,0,0,0,0,0,0,0,0,0,,,,,
FA08,52,2,15,09/04/2026 17:22:00,86.67%,0,0,0,0,0,0,1,0,0,0,0,0,0,0,0,0,0,0,0,0,0,0,0,0,0,0,1,0,0,0,0,0,0,0,,,,,
FA08,40,2,15,09/04/2026 17:11:00,86.67%,0,0,0,0,0,0,2,0,0,0,0,0,0,0,0,0,0,0,0,0,0,0,0,0,0,0,0,0,0,0,0,0,0,0,,,,,
DC-I,65,5,16,09/04/2026 16:59:00,68.75%,0,0,0,0,2,0,3,0,0,0,0,0,0,0,0,0,0,0,0,0,0,0,0,0,0,0,0,0,0,0,0,0,0,0,,,,,
FA08,39,2,15,09/04/2026 16:57:00,86.67%,0,0,0,0,0,0,2,0,0,0,0,0,0,0,0,0,0,0,0,0,0,0,0,0,0,0,0,0,0,0,0,0,0,0,,,,,
P10,136,10,40,09/04/2026 16:42:00,75.00%,200,80,45,50,10,0,0,0,0,0,0,0,0,0,0,0,0,0,0,0,0,0,0,0,0,0,0,0,0,0,0,0,0,0,,,,,
FA08,51,6,15,09/04/2026 16:41:00,60.00%,0,0,0,0,0,3,3,0,0,0,0,0,0,0,0,0,0,0,0,0,0,0,0,0,0,0,0,0,0,0,0,0,0,0,,,,,
FA08,40,2,15,09/04/2026 16:31:00,86.67%,0,0,0,0,0,0,2,0,0,0,0,0,0,0,0,0,0,0,0,0,0,0,0,0,0,0,0,0,0,0,0,0,0,0,,,,,
FA08,39,2,15,09/04/2026 16:21:00,86.67%,0,0,0,0,0,1,1,0,0,0,0,0,0,0,0,0,0,0,0,0,0,0,0,0,0,0,0,0,0,0,0,0,0,0,,,,,
P10,134,6,40,09/04/2026 16:15:00,85.00%,2000,880,45,50,6,0,0,0,0,0,0,0,0,0,0,0,0,0,0,0,0,0,0,0,0,0,0,0,0,0,0,0,0,0,,,,,
P10,135,15,40,09/04/2026 16:03:00,62.50%,2000,80,45,50,15,0,0,0,0,0,0,0,0,0,0,0,0,0,0,0,0,0,0,0,0,0,0,0,0,0,0,0,0,0,,,,,
P10,136,20,40,09/04/2026 16:03:00,50.00%,200,80,45,50,20,0,0,0,0,0,0,0,0,0,0,0,0,0,0,0,0,0,0,0,0,0,0,0,0,0,0,0,0,0,,,,,
P10,131,12,40,09/04/2026 15:39:00,70.00%,2000,880,45,50,12,0,0,0,0,0,0,0,0,0,0,0,0,0,0,0,0,0,0,0,0,0,0,0,0,0,0,0,0,0,,,,,
P10,136,4,40,09/04/2026 14:44:00,90.00%,200,80,45,50,0,0,4,0,0,0,0,0,0,0,0,0,0,0,0,0,0,0,0,0,0,0,0,0,0,0,0,0,0,0,,,,,
DC-I,69,10,16,09/04/2026 14:42:00,37.50%,0,0,0,0,6,0,4,0,0,0,0,0,0,0,0,0,0,0,0,0,0,0,0,0,0,0,0,0,0,0,0,0,0,0,,,,,
DC-I,68,10,16,09/04/2026 14:31:00,37.50%,0,0,0,0,9,0,1,0,0,0,0,0,0,0,0,0,0,0,0,0,0,0,0,0,0,0,0,0,0,0,0,0,0,0,,,,,
DC-I,65,5,16,09/04/2026 14:28:00,68.75%,0,0,0,0,4,0,1,0,0,0,0,0,0,0,0,0,0,0,0,0,0,0,0,0,0,0,0,0,0,0,0,0,0,0,,,,,
DC-I,65,4,16,09/04/2026 14:22:00,75.00%,0,0,0,0,4,0,0,0,0,0,0,0,0,0,0,0,0,0,0,0,0,0,0,0,0,0,0,0,0,0,0,0,0,0,,,,,
DC-I,69,3,16,09/04/2026 14:13:00,81.25%,0,0,0,0,3,0,0,0,0,0,0,0,0,0,0,0,0,0,0,0,0,0,0,0,0,0,0,0,0,0,0,0,0,0,,,,,
ROUTER,71,14,20,09/04/2026 14:10:00,30.00%,0,0,0,0,12,0,0,0,0,2,0,0,0,0,0,0,0,0,0,0,0,0,0,0,0,0,0,0,0,0,0,0,0,0,,,,,
DC-I,66,1,16,09/04/2026 14:05:00,93.75%,0,0,0,0,1,0,0,0,0,0,0,0,0,0,0,0,0,0,0,0,0,0,0,0,0,0,0,0,0,0,0,0,0,0,,,,,
DC-I,68,6,16,09/04/2026 14:03:00,62.50%,0,0,0,0,6,0,0,0,0,0,0,0,0,0,0,0,0,0,0,0,0,0,0,0,0,0,0,0,0,0,0,0,0,0,,,,,
DC-I,65,6,16,09/04/2026 13:59:00,62.50%,0,0,0,0,4,0,1,0,0,0,0,0,0,0,1,0,0,0,0,0,0,0,0,0,0,0,0,0,0,0,0,0,0,0,,,,,
DC-I,69,8,16,09/04/2026 13:44:00,50.00%,0,0,0,0,8,0,0,0,0,0,0,0,0,0,0,0,0,0,0,0,0,0,0,0,0,0,0,0,0,0,0,0,0,0,,,,,
ROUTER,73,5,20,09/04/2026 13:43:00,75.00%,0,0,0,0,4,0,0,0,0,1,0,0,0,0,0,0,0,0,0,0,0,0,0,0,0,0,0,0,0,0,0,0,0,0,,,,,
DC-I,66,1,16,09/04/2026 13:39:00,93.75%,0,0,0,0,1,0,0,0,0,0,0,0,0,0,0,0,0,0,0,0,0,0,0,0,0,0,0,0,0,0,0,0,0,0,,,,,
ROUTER,72,20,20,09/04/2026 13:35:00,0,0,0,0,0,20,0,0,0,0,0,0,0,0,0,0,0,0,0,0,0,0,0,0,0,0,0,0,0,0,0,0,0,0,0,,,,,
P10,134,35,40,09/04/2026 13:33:00,12.50%,2000,880,45,50,35,0,0,0,0,0,0,0,0,0,0,0,0,0,0,0,0,0,0,0,0,0,0,0,0,0,0,0,0,0,,,,,
P10,136,37,40,09/04/2026 13:33:00,7.50%,200,80,45,50,37,0,0,0,0,0,0,0,0,0,0,0,0,0,0,0,0,0,0,0,0,0,0,0,0,0,0,0,0,0,,,,,
P10,134,13,40,09/04/2026 13:33:00,67.50%,2000,880,45,50,13,0,0,0,0,0,0,0,0,0,0,0,0,0,0,0,0,0,0,0,0,0,0,0,0,0,0,0,0,0,,,,,
P10,132,30,40,09/04/2026 13:33:00,25.00%,2000,880,45,50,30,0,0,0,0,0,0,0,0,0,0,0,0,0,0,0,0,0,0,0,0,0,0,0,0,0,0,0,0,0,,,,,
DC-I,68,4,16,09/04/2026 13:31:00,75.00%,0,0,0,0,4,0,0,0,0,0,0,0,0,0,0,0,0,0,0,0,0,0,0,0,0,0,0,0,0,0,0,0,0,0,,,,,
ROUTER,71,20,20,09/04/2026 13:14:00,0,0,0,0,0,20,0,0,0,0,0,0,0,0,0,0,0,0,0,0,0,0,0,0,0,0,0,0,0,0,0,0,0,0,0,,,,,
PR20,82,15,24,09/04/2026 13:06:00,37.50%,1400,1520,50,100,11,0,0,0,0,0,0,0,0,0,0,0,0,0,0,0,0,0,0,0,0,0,0,0,0,0,0,0,0,4,,,,,
P10,132,21,40,09/04/2026 13:05:00,47.50%,2000,880,45,50,18,0,3,0,0,0,0,0,0,0,0,0,0,0,0,0,0,0,0,0,0,0,0,0,0,0,0,0,0,0,,,,,
P10,134,8,40,09/04/2026 13:03:00,80.00%,2000,880,45,50,0,0,4,0,0,0,0,0,0,0,0,0,0,0,4,0,0,0,0,0,0,0,0,0,0,0,0,0,0,0,,,,,
ROUTER,74,7,20,09/04/2026 13:00:00,65.00%,0,0,0,0,5,0,0,0,0,1,0,0,0,0,0,0,0,0,0,0,0,0,0,0,0,0,0,0,0,0,1,0,0,0,,,,,
DC-I,66,1,16,09/04/2026 12:52:00,93.75%,0,0,0,0,0,0,1,0,0,0,0,0,0,0,0,0,0,0,0,0,0,0,0,0,0,0,0,0,0,0,0,0,0,0,,,,,
PR20,83,12,24,09/04/2026 12:45:00,50.00%,1400,1520,50,100,9,0,1,0,0,0,0,0,0,0,0,0,0,0,0,0,0,0,0,0,0,0,0,0,0,0,0,0,0,2,,,,,
P10,133,18,40,09/04/2026 12:36:00,55.00%,2000,880,45,50,14,0,2,0,0,0,0,0,0,0,0,0,0,0,2,0,0,0,0,0,0,0,0,0,0,0,0,0,0,0,,,,,
P10,131,19,40,09/04/2026 12:25:00,52.50%,2000,880,45,50,19,0,0,0,0,0,0,0,0,0,0,0,0,0,0,0,0,0,0,0,0,0,0,0,0,0,0,0,0,0,,,,,
PR20,82,0,24,09/04/2026 12:04:00,100.00%,1400,1520,50,100,0,0,0,0,0,0,0,0,0,0,0,0,0,0,0,0,0,0,0,0,0,0,0,0,0,0,0,0,0,0,,,,,
PR20,83,2,24,09/04/2026 11:54:00,100.00%,1400,1520,50,100,0,0,0,0,0,2,0,0,0,0,0,0,0,0,0,0,0,0,0,0,0,0,0,0,0,0,0,0,0,0,,,,,
PR20,80,2,24,09/04/2026 11:40:00,100.00%,1400,1520,50,100,0,0,0,0,0,0,0,0,0,0,0,0,0,0,0,0,0,0,0,0,0,0,2,0,0,0,0,0,0,0,,,,,
PR20,82,5,24,09/04/2026 11:14:00,79.17%,1400,1520,50,100,5,0,0,0,0,0,0,0,0,0,0,0,0,0,0,0,0,0,0,0,0,0,0,0,0,0,0,0,0,0,,,,,
PR20,83,11,24,09/04/2026 11:13:00,100.00%,1400,1520,50,100,8,0,2,0,0,0,0,0,0,0,0,0,0,0,1,0,0,0,0,0,0,0,0,0,0,0,0,0,0,0,,,,,
PR20,80,2,24,09/04/2026 11:04:00,91.67%,1400,1520,50,100,2,0,0,0,0,0,0,0,0,0,0,0,0,0,0,0,0,0,0,0,0,0,0,0,0,0,0,0,0,0,,,,,
P10,132,24,40,09/04/2026 10:41:00,40.00%,2000,880,45,50,22,0,2,0,0,0,0,0,0,0,0,0,0,0,0,0,0,0,0,0,0,0,0,0,0,0,0,0,0,0,,,,,
ROUTER,73,5,20,09/04/2026 10:04:00,100.00%,0,0,0,0,3,0,0,0,0,0,0,0,0,0,0,0,0,2,0,0,0,0,0,0,0,0,0,0,0,0,0,0,0,0,,,,,
DC-I,68,7,16,09/04/2026 10:03:00,56.25%,0,0,0,0,6,0,1,0,0,0,0,0,0,0,0,0,0,0,0,0,0,0,0,0,0,0,0,0,0,0,0,0,0,0,,,,,
0,687,7,0,09/04/2026 10:03:00,0,0,0,0,0,6,0,1,0,0,0,0,0,0,0,0,0,0,0,0,0,0,0,0,0,0,0,0,0,0,0,0,0,0,0,,,,,
P10,132,26,40,09/04/2026 10:02:00,35.00%,2000,880,45,50,21,0,2,0,0,0,0,0,0,0,0,0,0,0,3,0,0,0,0,0,0,0,0,0,0,0,0,0,0,0,,,,,
Lion Mite,3,0,20,09/04/2026 10:01:00,100.00%,0,0,0,0,0,0,0,0,0,0,0,0,0,0,0,0,0,0,0,0,0,0,0,0,0,0,0,0,0,0,0,0,0,0,,,,,
ROUTER,71,2,20,09/04/2026 09:51:00,100.00%,0,0,0,0,0,0,0,0,0,2,0,0,0,0,0,0,0,0,0,0,0,0,0,0,0,0,0,0,0,0,0,0,0,0,,,,,
ROUTER,72,17,20,09/04/2026 09:50:00,15.00%,0,0,0,0,17,0,0,0,0,0,0,0,0,0,0,0,0,0,0,0,0,0,0,0,0,0,0,0,0,0,0,0,0,0,,,,,
DC-I,69,5,16,09/04/2026 09:38:00,68.75%,0,0,0,0,2,0,3,0,0,0,0,0,0,0,0,0,0,0,0,0,0,0,0,0,0,0,0,0,0,0,0,0,0,0,,,,,
DC-I,68,10,16,09/04/2026 09:31:00,37.50%,0,0,0,0,9,0,1,0,0,0,0,0,0,0,0,0,0,0,0,0,0,0,0,0,0,0,0,0,0,0,0,0,0,0,,,,,
DC-I,66,3,16,09/04/2026 09:28:00,81.25%,0,0,0,0,0,0,3,0,0,0,0,0,0,0,0,0,0,0,0,0,0,0,0,0,0,0,0,0,0,0,0,0,0,0,,,,,
ROUTER,73,6,20,09/04/2026 09:25:00,70.00%,0,0,0,0,4,0,0,0,0,0,0,0,0,0,0,0,0,2,0,0,0,0,0,0,0,0,0,0,0,0,0,0,0,0,,,,,
DC-I,69,4,16,09/04/2026 09:07:00,75.00%,0,0,0,0,4,0,0,0,0,0,0,0,0,0,0,0,0,0,0,0,0,0,0,0,0,0,0,0,0,0,0,0,0,0,,,,,
DC-I,65,1,16,09/04/2026 09:01:00,93.75%,0,0,0,0,0,0,1,0,0,0,0,0,0,0,0,0,0,0,0,0,0,0,0,0,0,0,0,0,0,0,0,0,0,0,,,,,
P10,136,20,40,09/04/2026 08:48:00,50.00%,200,80,45,50,9,0,6,0,0,0,0,0,0,0,0,0,0,0,5,0,0,0,0,0,0,0,0,0,0,0,0,0,0,0,,,,,
DC-I,66,0,16,09/04/2026 08:46:00,100.00%,0,0,0,0,0,0,0,0,0,0,0,0,0,0,0,0,0,0,0,0,0,0,0,0,0,0,0,0,0,0,0,0,0,0,,,,,
ROUTER,71,8,20,09/04/2026 08:44:00,60.00%,0,0,0,0,8,0,0,0,0,0,0,0,0,0,0,0,0,0,0,0,0,0,0,0,0,0,0,0,0,0,0,0,0,0,,,,,
DC-I,69,5,16,09/04/2026 08:34:00,68.75%,0,0,0,0,2,0,2,0,0,0,0,0,0,0,1,0,0,0,0,0,0,0,0,0,0,0,0,0,0,0,0,0,0,0,,,,,
ROUTER,74,6,20,09/04/2026 08:20:00,70.00%,0,0,0,0,5,0,0,0,0,0,0,0,0,0,0,0,0,0,0,0,0,1,0,0,0,0,0,0,0,0,0,0,0,0,,,,,
DC-I,68,8,16,09/04/2026 08:13:00,50.00%,0,0,0,0,6,0,1,0,0,0,0,0,0,0,1,0,0,0,0,0,0,0,0,0,0,0,0,0,0,0,0,0,0,0,,,,,
DC-I,66,2,16,09/04/2026 08:09:00,87.50%,0,0,0,0,0,0,1,0,0,0,0,0,0,0,1,0,0,0,0,0,0,0,0,0,0,0,0,0,0,0,0,0,0,0,,,,,
ROUTER,72,19,20,09/04/2026 08:01:00,5.00%,0,0,0,0,19,0,0,0,0,0,0,0,0,0,0,0,0,0,0,0,0,0,0,0,0,0,0,0,0,0,0,0,0,0,,,,,
ROUTER,73,5,20,09/04/2026 07:55:00,75.00%,0,0,0,0,4,0,0,0,0,0,0,0,0,0,0,0,0,1,0,0,0,0,0,0,0,0,0,0,0,0,0,0,0,0,,,,,
ROUTER,71,7,20,09/04/2026 07:46:00,65.00%,0,0,0,0,6,0,1,0,0,0,0,0,0,0,0,0,0,0,0,0,0,0,0,0,0,0,0,0,0,0,0,0,0,0,,,,,
P10,135,18,40,09/04/2026 07:38:00,55.00%,2000,80,45,50,14,0,4,0,0,0,0,0,0,0,0,0,0,0,0,0,0,0,0,0,0,0,0,0,0,0,0,0,0,0,,,,,
ROUTER,73,6,20,09/04/2026 07:36:00,100.00%,0,0,0,0,5,0,0,0,0,1,0,0,0,0,0,0,0,0,0,0,0,0,0,0,0,0,0,0,0,0,0,0,0,0,,,,,
DC-I,65,0,16,09/04/2026 07:36:00,100.00%,0,0,0,0,0,0,0,0,0,0,0,0,0,0,0,0,0,0,0,0,0,0,0,0,0,0,0,0,0,0,0,0,0,0,,,,,
DC-I,69,5,16,09/04/2026 07:35:00,68.75%,0,0,0,0,3,0,1,0,0,0,0,0,0,0,1,0,0,0,0,0,0,0,0,0,0,0,0,0,0,0,0,0,0,0,,,,,
P10,135,18,40,09/04/2026 07:30:00,55.00%,2000,80,45,50,15,0,3,0,0,0,0,0,0,0,0,0,0,0,0,0,0,0,0,0,0,0,0,0,0,0,0,0,0,0,,,,,
ROUTER,72,16,20,09/04/2026 07:19:00,100.00%,0,0,0,0,16,0,0,0,0,0,0,0,0,0,0,0,0,0,0,0,0,0,0,0,0,0,0,0,0,0,0,0,0,0,,,,,
P10,134,21,40,09/04/2026 06:59:00,47.50%,2000,880,45,50,20,0,1,0,0,0,0,0,0,0,0,0,0,0,0,0,0,0,0,0,0,0,0,0,0,0,0,0,0,0,,,,,
DC-I,68,8,16,09/04/2026 06:57:00,50.00%,0,0,0,0,7,0,1,0,0,0,0,0,0,0,0,0,0,0,0,0,0,0,0,0,0,0,0,0,0,0,0,0,0,0,,,,,
P10,132,24,40,09/04/2026 06:39:00,40.00%,2000,880,45,50,22,0,2,0,0,0,0,0,0,0,0,0,0,0,0,0,0,0,0,0,0,0,0,0,0,0,0,0,0,0,,,,,
DC-I,66,2,16,09/04/2026 06:35:00,87.50%,0,0,0,0,1,0,1,0,0,0,0,0,0,0,0,0,0,0,0,0,0,0,0,0,0,0,0,0,0,0,0,0,0,0,,,,,
P10,131,17,40,09/04/2026 06:25:00,57.50%,2000,880,45,50,13,0,2,0,0,0,0,0,0,0,0,0,0,0,2,0,0,0,0,0,0,0,0,0,0,0,0,0,0,0,,,,,
PR20,83,6,24,08/04/2026 23:05:00,75.00%,1400,1520,50,100,3,0,0,0,0,0,0,0,0,0,0,0,0,0,0,0,0,0,0,0,0,0,0,0,0,0,0,0,0,3,,,,,
P10,134,10,40,08/04/2026 22:57:00,75.00%,2000,880,45,50,10,0,0,0,0,0,0,0,0,0,0,0,0,0,0,0,0,0,0,0,0,0,0,0,0,0,0,0,0,0,,,,,
DC-I,69,3,16,08/04/2026 22:56:00,81.25%,0,0,0,0,1,0,2,0,0,0,0,0,0,0,0,0,0,0,0,0,0,0,0,0,0,0,0,0,0,0,0,0,0,0,,,,,
DC-I,65,2,16,08/04/2026 22:33:00,87.50%,0,0,0,0,0,0,2,0,0,0,0,0,0,0,0,0,0,0,0,0,0,0,0,0,0,0,0,0,0,0,0,0,0,0,,,,,
PR20,82,5,24,08/04/2026 22:27:00,79.17%,1400,1520,50,100,2,0,0,0,0,0,0,0,0,0,0,0,0,0,0,0,0,0,0,0,0,0,0,0,0,0,0,0,0,3,,,,,
P10,133,10,40,08/04/2026 22:20:00,75.00%,2000,880,45,50,8,0,2,0,0,0,0,0,0,0,0,0,0,0,0,0,0,0,0,0,0,0,0,0,0,0,0,0,0,0,,,,,
DC-I,68,8,16,08/04/2026 22:16:00,50.00%,0,0,0,0,7,0,1,0,0,0,0,0,0,0,0,0,0,0,0,0,0,0,0,0,0,0,0,0,0,0,0,0,0,0,,,,,
DC-I,66,0,16,08/04/2026 22:13:00,100.00%,0,0,0,0,0,0,0,0,0,0,0,0,0,0,0,0,0,0,0,0,0,0,0,0,0,0,0,0,0,0,0,0,0,0,,,,,
PR20,80,3,24,08/04/2026 22:09:00,87.50%,1400,1520,50,100,2,0,0,0,0,0,0,0,0,1,0,0,0,0,0,0,0,0,0,0,0,0,0,0,0,0,0,0,0,0,,,,,
DC-I,69,4,16,08/04/2026 22:02:00,75.00%,0,0,0,0,3,0,1,0,0,0,0,0,0,0,0,0,0,0,0,0,0,0,0,0,0,0,0,0,0,0,0,0,0,0,,,,,
DC-I,65,2,16,08/04/2026 21:53:00,87.50%,0,0,0,0,0,0,2,0,0,0,0,0,0,0,0,0,0,0,0,0,0,0,0,0,0,0,0,0,0,0,0,0,0,0,,,,,
PR20,83,18,24,08/04/2026 21:44:00,25.00%,1400,1520,50,100,2,0,0,0,0,0,0,0,0,0,0,0,0,0,0,0,0,0,0,0,0,0,0,0,0,0,0,0,0,16,,,,,
P10,134,4,40,08/04/2026 21:38:00,90.00%,2000,880,45,50,4,0,0,0,0,0,0,0,0,0,0,0,0,0,0,0,0,0,0,0,0,0,0,0,0,0,0,0,0,0,,,,,
DC-I,66,0,16,08/04/2026 21:34:00,100.00%,0,0,0,0,0,0,0,0,0,0,0,0,0,0,0,0,0,0,0,0,0,0,0,0,0,0,0,0,0,0,0,0,0,0,,,,,
PR20,82,4,24,08/04/2026 21:30:00,83.33%,1400,1520,50,100,2,0,0,0,0,0,0,0,0,0,0,0,0,0,0,0,0,0,0,0,0,0,0,0,0,0,0,0,0,2,,,,,
DC-I,69,4,16,08/04/2026 21:23:00,75.00%,0,0,0,0,3,0,1,0,0,0,0,0,0,0,0,0,0,0,0,0,0,0,0,0,0,0,0,0,0,0,0,0,0,0,,,,,
DC-I,68,11,16,08/04/2026 21:21:00,31.25%,0,0,0,0,11,0,0,0,0,0,0,0,0,0,0,0,0,0,0,0,0,0,0,0,0,0,0,0,0,0,0,0,0,0,,,,,
DC-I,65,6,16,08/04/2026 21:19:00,62.50%,0,0,0,0,5,0,1,0,0,0,0,0,0,0,0,0,0,0,0,0,0,0,0,0,0,0,0,0,0,0,0,0,0,0,,,,,
FA08,52,6,15,08/04/2026 21:17:00,60.00%,0,0,0,0,2,0,1,0,0,0,0,0,0,0,1,0,0,0,0,0,0,0,0,0,0,0,0,0,2,0,0,0,0,0,,,,,
PR20,80,6,24,08/04/2026 21:13:00,75.00%,1400,1520,50,100,2,0,0,0,0,0,0,0,0,0,0,0,0,0,1,0,0,0,0,0,0,0,0,0,0,0,0,0,0,3,,,,,
FA08,37,5,15,08/04/2026 21:08:00,66.67%,0,0,0,0,2,0,2,0,0,0,0,0,0,0,0,0,0,0,1,0,0,0,0,0,0,0,0,0,0,0,0,0,0,0,,,,,
FA08,51,2,15,08/04/2026 21:04:00,86.67%,0,0,0,0,1,0,1,0,0,0,0,0,0,0,0,0,0,0,0,0,0,0,0,0,0,0,0,0,0,0,0,0,0,0,,,,,
DC-I,66,1,16,08/04/2026 20:58:00,93.75%,0,0,0,0,1,0,0,0,0,0,0,0,0,0,0,0,0,0,0,0,0,0,0,0,0,0,0,0,0,0,0,0,0,0,,,,,
FA08,40,4,15,08/04/2026 20:55:00,73.33%,0,0,0,0,1,0,3,0,0,0,0,0,0,0,0,0,0,0,0,0,0,0,0,0,0,0,0,0,0,0,0,0,0,0,,,,,
PR20,83,18,24,08/04/2026 20:46:00,25.00%,1400,1520,50,100,1,0,0,0,0,0,0,0,0,0,0,0,0,0,0,0,0,0,0,0,0,0,0,0,0,0,0,0,0,17,,,,,
DC-I,69,11,16,08/04/2026 20:28:00,31.25%,0,0,0,0,11,0,0,0,0,0,0,0,0,0,0,0,0,0,0,0,0,0,0,0,0,0,0,0,0,0,0,0,0,0,,,,,
DC-I,69,8,16,08/04/2026 20:26:00,50.00%,0,0,0,0,6,0,2,0,0,0,0,0,0,0,0,0,0,0,0,0,0,0,0,0,0,0,0,0,0,0,0,0,0,0,,,,,
FA08,37,5,15,08/04/2026 20:23:00,66.67%,0,0,0,0,3,0,2,0,0,0,0,0,0,0,0,0,0,0,0,0,0,0,0,0,0,0,0,0,0,0,0,0,0,0,,,,,
PR20,82,3,24,08/04/2026 20:09:00,87.50%,1400,1520,50,100,0,0,0,0,0,0,0,0,0,0,0,0,0,0,0,0,0,0,0,0,0,0,0,0,0,0,0,0,0,3,,,,,
FA08,52,5,15,08/04/2026 20:04:00,66.67%,0,0,0,0,4,0,1,0,0,0,0,0,0,0,0,0,0,0,0,0,0,0,0,0,0,0,0,0,0,0,0,0,0,0,,,,,
FA08,51,8,15,08/04/2026 19:59:00,46.67%,0,0,0,0,1,0,3,0,0,0,0,0,0,0,0,0,0,0,0,0,0,0,0,0,0,0,1,0,3,0,0,0,0,0,,,,,
DC-I,65,9,16,08/04/2026 19:52:00,43.75%,0,0,0,0,9,0,0,0,0,0,0,0,0,0,0,0,0,0,0,0,0,0,0,0,0,0,0,0,0,0,0,0,0,0,,,,,
FA08,40,4,15,08/04/2026 19:48:00,73.33%,0,0,0,0,0,0,4,0,0,0,0,0,0,0,0,0,0,0,0,0,0,0,0,0,0,0,0,0,0,0,0,0,0,0,,,,,
FA08,37,26,15,08/04/2026 19:45:00,-73.33%,0,0,0,0,3,0,23,0,0,0,0,0,0,0,0,0,0,0,0,0,0,0,0,0,0,0,0,0,0,0,0,0,0,0,,,,,
PR20,83,21,24,08/04/2026 19:42:00,12.50%,1400,1520,50,100,0,0,0,0,0,0,0,0,0,0,0,0,0,0,0,0,0,0,0,0,0,0,0,0,0,0,0,0,0,21,,,,,
FA08,39,1,15,08/04/2026 19:29:00,93.33%,0,0,0,0,0,0,1,0,0,0,0,0,0,0,0,0,0,0,0,0,0,0,0,0,0,0,0,0,0,0,0,0,0,0,,,,,
FA08,51,4,15,08/04/2026 19:21:00,73.33%,0,0,0,0,1,0,3,0,0,0,0,0,0,0,0,0,0,0,0,0,0,0,0,0,0,0,0,0,0,0,0,0,0,0,,,,,
DC-I,69,7,16,08/04/2026 19:19:00,56.25%,0,0,0,0,7,0,0,0,0,0,0,0,0,0,0,0,0,0,0,0,0,0,0,0,0,0,0,0,0,0,0,0,0,0,,,,,
PR20,82,3,24,08/04/2026 19:17:00,87.50%,1400,1520,50,100,1,0,0,0,0,0,0,0,0,0,0,0,0,0,0,0,0,0,0,0,0,0,0,0,0,0,0,0,0,2,,,,,
FA08,52,4,15,08/04/2026 19:12:00,73.33%,0,0,0,0,4,0,0,0,0,0,0,0,0,0,0,0,0,0,0,0,0,0,0,0,0,0,0,0,0,0,0,0,0,0,,,,,
FA08,37,4,15,08/04/2026 19:07:00,73.33%,0,0,0,0,4,0,0,0,0,0,0,0,0,0,0,0,0,0,0,0,0,0,0,0,0,0,0,0,0,0,0,0,0,0,,,,,
FA08,40,5,15,08/04/2026 19:03:00,66.67%,0,0,0,0,0,0,4,0,0,0,0,0,0,0,0,0,0,0,0,0,0,0,0,0,0,0,1,0,0,0,0,0,0,0,,,,,
FA08,39,3,15,08/04/2026 18:04:00,80.00%,0,0,0,0,1,0,2,0,0,0,0,0,0,0,0,0,0,0,0,0,0,0,0,0,0,0,0,0,0,0,0,0,0,0,,,,,
FA08,51,3,15,08/04/2026 18:01:00,80.00%,0,0,0,0,1,0,0,0,0,0,0,0,0,0,1,0,0,0,0,0,0,0,0,0,0,0,0,0,1,0,0,0,0,0,,,,,
PR20,80,0,24,08/04/2026 17:57:00,100.00%,1400,1520,50,100,0,0,0,0,0,0,0,0,0,0,0,0,0,0,0,0,0,0,0,0,0,0,0,0,0,0,0,0,0,0,,,,,
FA08,52,5,15,08/04/2026 17:55:00,66.67%,0,0,0,0,2,0,3,0,0,0,0,0,0,0,0,0,0,0,0,0,0,0,0,0,0,0,0,0,0,0,0,0,0,0,,,,,
FA08,37,4,15,08/04/2026 17:47:00,73.33%,0,0,0,0,0,0,4,0,0,0,0,0,0,0,0,0,0,0,0,0,0,0,0,0,0,0,0,0,0,0,0,0,0,0,,,,,
FA08,40,3,15,08/04/2026 17:27:00,80.00%,0,0,0,0,0,0,3,0,0,0,0,0,0,0,0,0,0,0,0,0,0,0,0,0,0,0,0,0,0,0,0,0,0,0,,,,,
FA08,39,1,15,08/04/2026 17:23:00,100.00%,0,0,0,0,0,0,1,0,0,0,0,0,0,0,0,0,0,0,0,0,0,0,0,0,0,0,0,0,0,0,0,0,0,0,,,,,
FA08,51,11,15,08/04/2026 17:14:00,26.67%,0,0,0,0,5,0,2,0,0,0,0,0,0,0,0,0,0,4,0,0,0,0,0,0,0,0,0,0,0,0,0,0,0,0,,,,,
FA08,51,3,15,08/04/2026 17:06:00,80.00%,0,0,0,0,1,0,1,0,0,0,0,0,0,0,0,0,0,0,0,0,0,0,0,0,0,0,0,0,1,0,0,0,0,0,,,,,
FA08,39,10,15,08/04/2026 17:05:00,33.33%,0,0,0,0,10,0,0,0,0,0,0,0,0,0,0,0,0,0,0,0,0,0,0,0,0,0,0,0,0,0,0,0,0,0,,,,,
FA08,52,4,15,08/04/2026 16:59:00,73.33%,0,0,0,0,2,0,0,0,0,0,0,0,0,0,0,0,0,0,0,0,0,0,0,0,0,0,0,0,2,0,0,0,0,0,,,,,
FA08,37,6,15,08/04/2026 16:58:00,60.00%,0,0,0,0,6,0,0,0,0,0,0,0,0,0,0,0,0,0,0,0,0,0,0,0,0,0,0,0,0,0,0,0,0,0,,,,,
FA08,37,5,15,08/04/2026 16:55:00,66.67%,0,0,0,0,2,0,3,0,0,0,0,0,0,0,0,0,0,0,0,0,0,0,0,0,0,0,0,0,0,0,0,0,0,0,,,,,
FA08,39,3,15,08/04/2026 16:51:00,80.00%,0,0,0,0,0,0,2,0,0,0,0,0,0,0,1,0,0,0,0,0,0,0,0,0,0,0,0,0,0,0,0,0,0,0,,,,,
DC-I,66,0,16,08/04/2026 16:48:00,100.00%,0,0,0,0,0,0,0,0,0,0,0,0,0,0,0,0,0,0,0,0,0,0,0,0,0,0,0,0,0,0,0,0,0,0,,,,,
FA08,37,5,15,08/04/2026 16:46:00,66.67%,0,0,0,0,0,0,2,0,0,0,0,0,0,0,1,0,1,0,0,0,0,0,0,0,0,0,0,0,1,0,0,0,0,0,,,,,
FA08,36,13,15,08/04/2026 16:39:00,13.33%,0,0,0,0,0,0,0,0,0,0,0,0,0,0,4,0,0,0,0,0,0,0,0,0,0,0,0,0,9,0,0,0,0,0,,,,,
FA08,39,3,15,08/04/2026 16:37:00,80.00%,0,0,0,0,0,0,3,0,0,0,0,0,0,0,0,0,0,0,0,0,0,0,0,0,0,0,0,0,0,0,0,0,0,0,,,,,
FA08,51,6,15,08/04/2026 16:31:00,60.00%,0,0,0,0,3,0,1,0,0,0,0,0,0,0,2,0,0,0,0,0,0,0,0,0,0,0,0,0,0,0,0,0,0,0,,,,,
FA08,52,8,15,08/04/2026 16:27:00,46.67%,0,0,0,0,0,0,0,0,0,0,0,0,0,0,6,0,0,0,0,0,0,0,0,0,0,0,0,0,2,0,0,0,0,0,,,,,
FA08,40,7,15,08/04/2026 16:17:00,53.33%,0,0,0,0,0,0,2,0,0,0,0,0,0,0,5,0,0,0,0,0,0,0,0,0,0,0,0,0,0,0,0,0,0,0,,,,,
FA08,51,3,15,08/04/2026 16:16:00,80.00%,0,0,0,0,1,0,1,0,0,0,0,0,0,0,0,0,0,0,0,0,0,0,0,0,0,0,1,0,0,0,0,0,0,0,,,,,
FA08,37,10,15,08/04/2026 16:07:00,33.33%,0,0,0,0,10,0,0,0,0,0,0,0,0,0,0,0,0,0,0,0,0,0,0,0,0,0,0,0,0,0,0,0,0,0,,,,,
DC-I,69,6,16,08/04/2026 15:56:00,62.50%,0,0,0,0,6,0,0,0,0,0,0,0,0,0,0,0,0,0,0,0,0,0,0,0,0,0,0,0,0,0,0,0,0,0,,,,,
FA08,39,7,15,08/04/2026 15:51:00,53.33%,0,0,0,0,5,0,1,0,0,0,0,0,0,0,1,0,0,0,0,0,0,0,0,0,0,0,0,0,0,0,0,0,0,0,,,,,
FA08,37,6,15,08/04/2026 15:29:00,60.00%,0,0,0,0,6,0,0,0,0,0,0,0,0,0,0,0,0,0,0,0,0,0,0,0,0,0,0,0,0,0,0,0,0,0,,,,,
ROUTER,74,2,20,08/04/2026 14:43:00,100.00%,0,0,0,0,0,0,0,0,0,0,0,0,0,0,0,0,0,0,0,0,0,0,0,0,0,2,0,0,0,0,0,0,0,0,,,,,
ROUTER,74,7,20,08/04/2026 14:31:00,100.00%,0,0,0,0,6,0,0,0,0,0,0,0,0,1,0,0,0,0,0,0,0,0,0,0,0,0,0,0,0,0,0,0,0,0,,,,,
ROUTER,71,3,20,08/04/2026 14:21:00,100.00%,0,0,0,0,2,0,1,0,0,0,0,0,0,0,0,0,0,0,0,0,0,0,0,0,0,0,0,0,0,0,0,0,0,0,,,,,
ROUTER,71,6,20,08/04/2026 14:17:00,70.00%,0,0,0,0,0,0,0,0,0,6,0,0,0,0,0,0,0,0,0,0,0,0,0,0,0,0,0,0,0,0,0,0,0,0,,,,,
ROUTER,73,5,20,08/04/2026 14:12:00,100.00%,0,0,0,0,4,0,1,0,0,0,0,0,0,0,0,0,0,0,0,0,0,0,0,0,0,0,0,0,0,0,0,0,0,0,,,,,
ROUTER,74,15,20,08/04/2026 14:09:00,25.00%,0,0,0,0,15,0,0,0,0,0,0,0,0,0,0,0,0,0,0,0,0,0,0,0,0,0,0,0,0,0,0,0,0,0,,,,,
ROUTER,72,5,20,08/04/2026 14:03:00,100.00%,0,0,0,0,5,0,0,0,0,0,0,0,0,0,0,0,0,0,0,0,0,0,0,0,0,0,0,0,0,0,0,0,0,0,,,,,
FA08,37,11,15,08/04/2026 14:02:00,26.67%,0,0,0,0,4,0,5,0,0,0,0,0,0,0,0,0,0,0,2,0,0,0,0,0,0,0,0,0,0,0,0,0,0,0,,,,,
FA08,39,5,15,08/04/2026 13:56:00,66.67%,0,0,0,0,0,0,5,0,0,0,0,0,0,0,0,0,0,0,0,0,0,0,0,0,0,0,0,0,0,0,0,0,0,0,,,,,
PR20,83,20,24,08/04/2026 13:53:00,16.67%,1400,1520,50,100,1,0,0,0,0,0,0,0,0,0,0,0,0,0,0,0,0,0,0,0,0,0,0,0,0,0,0,0,0,19,,,,,
FA08,40,4,15,08/04/2026 13:26:00,73.33%,0,0,0,0,2,0,2,0,0,0,0,0,0,0,0,0,0,0,0,0,0,0,0,0,0,0,0,0,0,0,0,0,0,0,,,,,
PR20,82,9,24,08/04/2026 13:25:00,62.50%,1400,1520,50,100,4,0,0,0,0,1,0,0,0,0,0,0,0,0,0,0,0,0,0,0,0,0,0,0,0,0,0,0,0,4,,,,,
ROUTER,71,7,20,08/04/2026 13:18:00,65.00%,0,0,0,0,3,0,0,0,0,4,0,0,0,0,0,0,0,0,0,0,0,0,0,0,0,0,0,0,0,0,0,0,0,0,,,,,
FA08,40,5,15,08/04/2026 13:14:00,66.67%,0,0,0,0,3,0,2,0,0,0,0,0,0,0,0,0,0,0,0,0,0,0,0,0,0,0,0,0,0,0,0,0,0,0,,,,,
ROUTER,72,20,20,08/04/2026 13:09:00,0,0,0,0,0,18,0,0,0,0,2,0,0,0,0,0,0,0,0,0,0,0,0,0,0,0,0,0,0,0,0,0,0,0,0,,,,,
PR20,80,3,24,08/04/2026 12:59:00,87.50%,1400,1520,50,100,3,0,0,0,0,0,0,0,0,0,0,0,0,0,0,0,0,0,0,0,0,0,0,0,0,0,0,0,0,0,,,,,
FA08,51,3,15,08/04/2026 12:48:00,80.00%,0,0,0,0,0,0,2,0,0,0,0,0,0,0,0,0,0,0,0,0,0,0,0,0,0,0,0,0,1,0,0,0,0,0,,,,,
FA08,39,0,15,08/04/2026 12:29:00,100.00%,0,0,0,0,0,0,0,0,0,0,0,0,0,0,0,0,0,0,0,0,0,0,0,0,0,0,0,0,0,0,0,0,0,0,,,,,
PR20,82,2,24,08/04/2026 12:24:00,91.67%,1400,1520,50,100,1,0,0,0,0,0,0,0,0,0,0,0,0,0,0,0,0,0,0,0,0,0,0,0,0,0,0,0,0,1,,,,,
FA08,36,4,15,08/04/2026 12:22:00,73.33%,0,0,0,0,0,0,0,0,0,0,0,0,0,0,2,0,0,0,0,0,0,0,0,0,0,0,0,0,2,0,0,0,0,0,,,,,
FA08,52,6,15,08/04/2026 11:24:00,60.00%,0,0,0,0,6,0,0,0,0,0,0,0,0,0,0,0,0,0,0,0,0,0,0,0,0,0,0,0,0,0,0,0,0,0,,,,,
PR20,83,20,24,08/04/2026 11:22:00,16.67%,1400,1520,50,100,1,0,0,0,0,0,0,0,0,0,0,0,0,0,0,0,0,0,0,0,0,0,0,0,0,0,0,0,0,19,,,,,
FA08,37,5,15,08/04/2026 11:21:00,66.67%,0,0,0,0,3,0,2,0,0,0,0,0,0,0,0,0,0,0,0,0,0,0,0,0,0,0,0,0,0,0,0,0,0,0,,,,,
PR20,80,2,24,08/04/2026 11:14:00,91.67%,1400,1520,50,100,1,0,0,0,0,0,0,0,0,0,0,0,0,0,0,0,0,0,0,0,0,0,0,0,0,0,0,0,0,1,,,,,
FA08,39,4,15,08/04/2026 11:03:00,73.33%,0,0,0,0,2,0,2,0,0,0,0,0,0,0,0,0,0,0,0,0,0,0,0,0,0,0,0,0,0,0,0,0,0,0,,,,,
FA08,36,1,15,08/04/2026 10:56:00,93.33%,0,0,0,0,0,0,0,0,0,0,0,0,0,0,1,0,0,0,0,0,0,0,0,0,0,0,0,0,0,0,0,0,0,0,,,,,
PR20,82,7,24,08/04/2026 10:54:00,70.83%,1400,1520,50,100,4,0,0,0,0,0,0,0,0,0,0,0,0,0,0,0,0,0,0,0,0,0,0,0,0,0,0,0,0,3,,,,,
FA08,51,4,15,08/04/2026 10:47:00,73.33%,0,0,0,0,1,0,2,0,0,0,0,0,0,0,1,0,0,0,0,0,0,0,0,0,0,0,0,0,0,0,0,0,0,0,,,,,
FA08,37,9,15,08/04/2026 10:45:00,40.00%,0,0,0,0,3,0,6,0,0,0,0,0,0,0,0,0,0,0,0,0,0,0,0,0,0,0,0,0,0,0,0,0,0,0,,,,,
ROUTER,73,5,20,08/04/2026 10:35:00,100.00%,0,0,0,0,4,0,0,0,0,0,0,0,1,0,0,0,0,0,0,0,0,0,0,0,0,0,0,0,0,0,0,0,0,0,,,,,
ROUTER,74,14,20,08/04/2026 10:35:00,30.00%,0,0,0,0,14,0,0,0,0,0,0,0,0,0,0,0,0,0,0,0,0,0,0,0,0,0,0,0,0,0,0,0,0,0,,,,,
ROUTER,74,6,20,08/04/2026 10:24:00,100.00%,0,0,0,0,5,0,0,0,0,0,0,0,0,0,0,0,0,1,0,0,0,0,0,0,0,0,0,0,0,0,0,0,0,0,,,,,
PR20,83,24,24,08/04/2026 10:21:00,0,1400,1520,50,100,0,0,1,0,0,0,0,0,0,0,0,0,0,0,0,0,0,0,0,0,0,0,0,0,0,0,0,0,0,23,,,,,
PR20,82,6,24,08/04/2026 10:13:00,75.00%,1400,1520,50,100,3,0,0,0,0,0,0,0,0,0,0,0,0,0,0,0,0,0,0,0,0,0,0,0,0,0,0,0,0,3,,,,,
FA08,39,6,15,08/04/2026 10:07:00,60.00%,0,0,0,0,5,0,1,0,0,0,0,0,0,0,0,0,0,0,0,0,0,0,0,0,0,0,0,0,0,0,0,0,0,0,,,,,
ROUTER,73,3,20,08/04/2026 10:06:00,100.00%,0,0,0,0,2,0,0,0,0,0,0,0,0,1,0,0,0,0,0,0,0,0,0,0,0,0,0,0,0,0,0,0,0,0,,,,,
FA08,52,6,15,08/04/2026 09:58:00,60.00%,0,0,0,0,5,0,0,0,0,0,0,0,0,0,1,0,0,0,0,0,0,0,0,0,0,0,0,0,0,0,0,0,0,0,,,,,
FA08,39,7,15,08/04/2026 09:50:00,53.33%,0,0,0,0,7,0,0,0,0,0,0,0,0,0,0,0,0,0,0,0,0,0,0,0,0,0,0,0,0,0,0,0,0,0,,,,,
ROUTER,74,20,20,08/04/2026 09:48:00,100.00%,0,0,0,0,20,0,0,0,0,0,0,0,0,0,0,0,0,0,0,0,0,0,0,0,0,0,0,0,0,0,0,0,0,0,,,,,
PR20,80,4,24,08/04/2026 09:37:00,83.33%,1400,1520,50,100,3,0,0,0,0,0,0,0,0,0,0,0,0,0,0,0,0,0,0,0,0,0,0,0,0,0,0,0,0,1,,,,,
ROUTER,72,8,20,08/04/2026 09:35:00,100.00%,0,0,0,0,2,0,0,0,0,6,0,0,0,0,0,0,0,0,0,0,0,0,0,0,0,0,0,0,0,0,0,0,0,0,,,,,
FA08,37,7,15,08/04/2026 09:30:00,53.33%,0,0,0,0,4,0,3,0,0,0,0,0,0,0,0,0,0,0,0,0,0,0,0,0,0,0,0,0,0,0,0,0,0,0,,,,,
PR20,82,10,24,08/04/2026 09:23:00,58.33%,1400,1520,50,100,5,0,0,0,0,0,0,0,0,0,0,0,0,0,0,0,0,0,0,0,0,0,0,0,0,0,0,0,0,5,,,,,
FA08,37,4,15,08/04/2026 09:19:00,73.33%,0,0,0,0,2,0,0,0,0,0,0,0,0,0,0,0,0,0,1,0,0,0,0,0,0,0,1,0,0,0,0,0,0,0,,,,,
FA08,37,2,15,08/04/2026 09:14:00,86.67%,0,0,0,0,2,0,0,0,0,0,0,0,0,0,0,0,0,0,0,0,0,0,0,0,0,0,0,0,0,0,0,0,0,0,,,,,
FA08,39,5,15,08/04/2026 08:57:00,66.67%,0,0,0,0,2,0,0,0,0,0,0,0,1,0,0,0,0,0,2,0,0,0,0,0,0,0,0,0,0,0,0,0,0,0,,,,,
ROUTER,73,4,20,08/04/2026 08:53:00,100.00%,0,0,0,0,2,0,0,0,0,2,0,0,0,0,0,0,0,0,0,0,0,0,0,0,0,0,0,0,0,0,0,0,0,0,,,,,
FA08,40,3,15,08/04/2026 08:47:00,80.00%,0,0,0,0,2,0,1,0,0,0,0,0,0,0,0,0,0,0,0,0,0,0,0,0,0,0,0,0,0,0,0,0,0,0,,,,,
FA08,39,3,15,08/04/2026 08:36:00,80.00%,0,0,0,0,2,0,1,0,0,0,0,0,0,0,0,0,0,0,0,0,0,0,0,0,0,0,0,0,0,0,0,0,0,0,,,,,
FA08,40,4,15,08/04/2026 08:30:00,73.33%,0,0,0,0,4,0,0,0,0,0,0,0,0,0,0,0,0,0,0,0,0,0,0,0,0,0,0,0,0,0,0,0,0,0,,,,,
PR20,82,2,24,08/04/2026 08:21:00,91.67%,1400,1520,50,100,2,0,0,0,0,0,0,0,0,0,0,0,0,0,0,0,0,0,0,0,0,0,0,0,0,0,0,0,0,0,,,,,
ROUTER,72,15,20,08/04/2026 08:10:00,100.00%,0,0,0,0,5,0,0,0,0,10,0,0,0,0,0,0,0,0,0,0,0,0,0,0,0,0,0,0,0,0,0,0,0,0,,,,,
PR20,83,7,24,08/04/2026 08:03:00,70.83%,1400,1520,50,100,3,0,0,0,0,0,0,0,0,1,0,0,0,0,0,0,0,0,0,0,0,0,0,0,0,0,0,0,0,3,,,,,
PR20,80,6,24,08/04/2026 07:45:00,75.00%,1400,1520,50,100,0,0,1,0,0,0,0,0,0,0,0,0,0,1,0,0,0,0,0,0,0,0,0,0,0,0,0,0,0,4,,,,,
ROUTER,72,20,20,08/04/2026 07:41:00,0,0,0,0,0,20,0,0,0,0,0,0,0,0,0,0,0,0,0,0,0,0,0,0,0,0,0,0,0,0,0,0,0,0,0,,,,,
PR20,82,4,24,08/04/2026 07:23:00,83.33%,1400,1520,50,100,1,0,0,0,0,0,0,0,0,0,0,0,0,0,0,0,0,0,0,0,0,0,0,0,0,0,0,0,0,3,,,,,
PR20,80,18,24,08/04/2026 06:58:00,25.00%,1400,1520,50,100,1,0,0,0,0,0,0,0,0,0,0,0,0,0,0,0,0,0,0,0,0,0,0,0,0,0,0,0,0,17,,,,,
PR20,83,19,24,08/04/2026 06:45:00,20.83%,1400,1520,50,100,0,0,0,0,0,1,0,0,0,0,0,0,0,0,0,0,0,0,0,0,0,0,0,0,0,0,0,0,0,18,,,,,
FA08,51,2,15,07/04/2026 23:16:00,86.67%,0,0,0,0,2,0,0,0,0,0,0,0,0,0,0,0,0,0,0,0,0,0,0,0,0,0,0,0,0,0,0,0,0,0,,,,,
FA08,40,3,15,07/04/2026 23:06:00,80.00%,0,0,0,0,3,0,0,0,0,0,0,0,0,0,0,0,0,0,0,0,0,0,0,0,0,0,0,0,0,0,0,0,0,0,,,,,
FA08,52,4,15,07/04/2026 22:58:00,73.33%,0,0,0,0,4,0,0,0,0,0,0,0,0,0,0,0,0,0,0,0,0,0,0,0,0,0,0,0,0,0,0,0,0,0,,,,,
PR20,80,22,24,07/04/2026 22:55:00,8.33%,1400,1520,50,100,4,0,0,0,0,0,0,0,0,0,0,0,0,0,0,0,0,0,0,0,0,0,0,0,0,0,0,0,0,18,,,,,
FA08,37,4,15,07/04/2026 22:49:00,73.33%,0,0,0,0,4,0,0,0,0,0,0,0,0,0,0,0,0,0,0,0,0,0,0,0,0,0,0,0,0,0,0,0,0,0,,,,,
FA08,40,3,15,07/04/2026 22:39:00,80.00%,0,0,0,0,3,0,0,0,0,0,0,0,0,0,0,0,0,0,0,0,0,0,0,0,0,0,0,0,0,0,0,0,0,0,,,,,
PR20,83,20,24,07/04/2026 22:36:00,16.67%,1400,1520,50,100,2,0,0,0,0,0,0,0,0,0,0,0,0,0,0,0,0,0,0,0,0,0,0,0,0,0,0,0,0,18,,,,,
FA08,39,3,15,07/04/2026 22:31:00,80.00%,0,0,0,0,3,0,0,0,0,0,0,0,0,0,0,0,0,0,0,0,0,0,0,0,0,0,0,0,0,0,0,0,0,0,,,,,
FA08,37,4,15,07/04/2026 22:22:00,73.33%,0,0,0,0,4,0,0,0,0,0,0,0,0,0,0,0,0,0,0,0,0,0,0,0,0,0,0,0,0,0,0,0,0,0,,,,,
FA08,51,1,15,07/04/2026 22:18:00,93.33%,0,0,0,0,1,0,0,0,0,0,0,0,0,0,0,0,0,0,0,0,0,0,0,0,0,0,0,0,0,0,0,0,0,0,,,,,
PR20,80,13,24,07/04/2026 22:14:00,45.83%,1400,1520,50,100,1,0,0,0,0,0,0,0,0,0,0,0,0,0,0,0,0,0,0,0,0,0,0,0,0,0,0,0,0,12,,,,,
FA08,40,3,15,07/04/2026 22:08:00,80.00%,0,0,0,0,3,0,0,0,0,0,0,0,0,0,0,0,0,0,0,0,0,0,0,0,0,0,0,0,0,0,0,0,0,0,,,,,
FA08,39,2,15,07/04/2026 22:02:00,86.67%,0,0,0,0,2,0,0,0,0,0,0,0,0,0,0,0,0,0,0,0,0,0,0,0,0,0,0,0,0,0,0,0,0,0,,,,,
PR20,82,20,24,07/04/2026 21:58:00,16.67%,1400,1520,50,100,6,0,0,0,0,0,0,0,0,0,0,0,0,0,0,0,0,0,0,0,0,0,0,0,0,0,0,0,0,14,,,,,
FA08,37,4,15,07/04/2026 21:50:00,73.33%,0,0,0,0,4,0,0,0,0,0,0,0,0,0,0,0,0,0,0,0,0,0,0,0,0,0,0,0,0,0,0,0,0,0,,,,,
PR20,83,20,24,07/04/2026 21:46:00,16.67%,1400,1520,50,100,0,0,0,0,0,0,0,0,0,0,0,0,0,0,0,0,0,0,0,0,0,0,0,0,0,0,0,0,0,20,,,,,
FA08,40,2,15,07/04/2026 21:40:00,86.67%,0,0,0,0,2,0,0,0,0,0,0,0,0,0,0,0,0,0,0,0,0,0,0,0,0,0,0,0,0,0,0,0,0,0,,,,,
FA08,52,4,15,07/04/2026 21:29:00,73.33%,0,0,0,0,2,0,0,0,0,0,0,0,0,0,0,0,0,0,2,0,0,0,0,0,0,0,0,0,0,0,0,0,0,0,,,,,
FA08,39,3,15,07/04/2026 21:22:00,80.00%,0,0,0,0,3,0,0,0,0,0,0,0,0,0,0,0,0,0,0,0,0,0,0,0,0,0,0,0,0,0,0,0,0,0,,,,,
PR20,80,19,24,07/04/2026 21:17:00,20.83%,1400,1520,50,100,2,0,0,0,0,0,0,0,0,0,0,0,0,0,0,0,0,0,0,0,0,0,0,0,0,0,0,0,0,17,,,,,
FA08,37,3,15,07/04/2026 21:12:00,80.00%,0,0,0,0,3,0,0,0,0,0,0,0,0,0,0,0,0,0,0,0,0,0,0,0,0,0,0,0,0,0,0,0,0,0,,,,,
FA08,40,4,15,07/04/2026 21:04:00,73.33%,0,0,0,0,3,0,1,0,0,0,0,0,0,0,0,0,0,0,0,0,0,0,0,0,0,0,0,0,0,0,0,0,0,0,,,,,
PR20,82,8,24,07/04/2026 20:54:00,66.67%,1400,1520,50,100,0,0,0,0,0,0,0,0,0,0,0,0,0,0,0,0,0,0,0,0,0,0,0,0,0,0,0,0,0,8,,,,,
FA08,39,3,15,07/04/2026 20:46:00,80.00%,0,0,0,0,2,0,1,0,0,0,0,0,0,0,0,0,0,0,0,0,0,0,0,0,0,0,0,0,0,0,0,0,0,0,,,,,
FA08,37,3,15,07/04/2026 20:43:00,80.00%,0,0,0,0,3,0,0,0,0,0,0,0,0,0,0,0,0,0,0,0,0,0,0,0,0,0,0,0,0,0,0,0,0,0,,,,,
FA08,40,3,15,07/04/2026 20:29:00,80.00%,0,0,0,0,2,0,0,0,0,0,0,0,0,0,0,0,0,0,0,0,0,0,0,0,0,0,1,0,0,0,0,0,0,0,,,,,
PR20,80,21,24,07/04/2026 20:25:00,12.50%,1400,1520,50,100,0,0,0,0,0,0,0,0,0,0,0,0,0,0,0,0,0,0,0,0,0,0,0,0,0,0,0,0,0,21,,,,,
FA08,39,4,15,07/04/2026 20:08:00,73.33%,0,0,0,0,4,0,0,0,0,0,0,0,0,0,0,0,0,0,0,0,0,0,0,0,0,0,0,0,0,0,0,0,0,0,,,,,
PR20,82,12,24,07/04/2026 20:02:00,50.00%,1400,1520,50,100,0,0,0,0,0,0,0,0,0,0,0,0,0,0,0,0,0,0,0,0,0,0,0,0,0,0,0,0,0,12,,,,,
FA08,37,2,15,07/04/2026 19:55:00,86.67%,0,0,0,0,2,0,0,0,0,0,0,0,0,0,0,0,0,0,0,0,0,0,0,0,0,0,0,0,0,0,0,0,0,0,,,,,
FA08,40,3,15,07/04/2026 19:44:00,80.00%,0,0,0,0,3,0,0,0,0,0,0,0,0,0,0,0,0,0,0,0,0,0,0,0,0,0,0,0,0,0,0,0,0,0,,,,,
PR20,80,21,24,07/04/2026 19:37:00,12.50%,1400,1520,50,100,1,0,0,0,0,0,0,0,0,0,0,0,0,0,0,0,0,0,0,0,0,0,0,0,0,0,0,0,0,20,,,,,
FA08,51,2,15,07/04/2026 19:28:00,86.67%,0,0,0,0,2,0,0,0,0,0,0,0,0,0,0,0,0,0,0,0,0,0,0,0,0,0,0,0,0,0,0,0,0,0,,,,,
FA08,52,4,15,07/04/2026 19:23:00,73.33%,0,0,0,0,4,0,0,0,0,0,0,0,0,0,0,0,0,0,0,0,0,0,0,0,0,0,0,0,0,0,0,0,0,0,,,,,
PR20,82,15,24,07/04/2026 19:14:00,37.50%,1400,1520,50,100,14,0,1,0,0,0,0,0,0,0,0,0,0,0,0,0,0,0,0,0,0,0,0,0,0,0,0,0,0,0,,,,,
FA08,37,4,15,07/04/2026 19:06:00,73.33%,0,0,0,0,3,0,1,0,0,0,0,0,0,0,0,0,0,0,0,0,0,0,0,0,0,0,0,0,0,0,0,0,0,0,,,,,
FA08,40,1,15,07/04/2026 19:02:00,93.33%,0,0,0,0,1,0,0,0,0,0,0,0,0,0,0,0,0,0,0,0,0,0,0,0,0,0,0,0,0,0,0,0,0,0,,,,,
Lion Mite,5,3,20,07/04/2026 18:02:00,85.00%,0,0,0,0,3,0,0,0,0,0,0,0,0,0,0,0,0,0,0,0,0,0,0,0,0,0,0,0,0,0,0,0,0,0,,,,,
FA08,39,3,15,07/04/2026 17:49:00,80.00%,0,0,0,0,3,0,0,0,0,0,0,0,0,0,0,0,0,0,0,0,0,0,0,0,0,0,0,0,0,0,0,0,0,0,,,,,
Lion Mite,3,2,20,07/04/2026 17:43:00,90.00%,0,0,0,0,2,0,0,0,0,0,0,0,0,0,0,0,0,0,0,0,0,0,0,0,0,0,0,0,0,0,0,0,0,0,,,,,
Lion Mite,10,2,20,07/04/2026 17:33:00,90.00%,0,0,0,0,2,0,0,0,0,0,0,0,0,0,0,0,0,0,0,0,0,0,0,0,0,0,0,0,0,0,0,0,0,0,,,,,
FA08,40,3,15,07/04/2026 17:30:00,80.00%,0,0,0,0,3,0,0,0,0,0,0,0,0,0,0,0,0,0,0,0,0,0,0,0,0,0,0,0,0,0,0,0,0,0,,,,,
FA08,37,3,15,07/04/2026 17:26:00,80.00%,0,0,0,0,3,0,0,0,0,0,0,0,0,0,0,0,0,0,0,0,0,0,0,0,0,0,0,0,0,0,0,0,0,0,,,,,
Lion Mite,5,2,20,07/04/2026 17:23:00,90.00%,0,0,0,0,1,0,0,0,0,0,0,0,0,0,0,0,0,0,0,0,0,0,0,0,0,0,1,0,0,0,0,0,0,0,,,,,
Lion Mite,8,1,20,07/04/2026 17:20:00,95.00%,0,0,0,0,1,0,0,0,0,0,0,0,0,0,0,0,0,0,0,0,0,0,0,0,0,0,0,0,0,0,0,0,0,0,,,,,
FA08,39,4,15,07/04/2026 17:17:00,73.33%,0,0,0,0,4,0,0,0,0,0,0,0,0,0,0,0,0,0,0,0,0,0,0,0,0,0,0,0,0,0,0,0,0,0,,,,,
FA08,51,4,15,07/04/2026 17:02:00,73.33%,0,0,0,0,2,0,0,0,0,0,0,0,0,0,0,0,0,0,0,0,0,0,0,2,0,0,0,0,0,0,0,0,0,0,,,,,
FA08,52,4,15,07/04/2026 16:57:00,73.33%,0,0,0,0,3,0,0,0,0,0,0,0,0,0,0,0,0,0,0,0,0,0,0,1,0,0,0,0,0,0,0,0,0,0,,,,,
Lion Mite,10,1,20,07/04/2026 16:53:00,95.00%,0,0,0,0,1,0,0,0,0,0,0,0,0,0,0,0,0,0,0,0,0,0,0,0,0,0,0,0,0,0,0,0,0,0,,,,,
Lion Mite,3,3,20,07/04/2026 16:50:00,85.00%,0,0,0,0,3,0,0,0,0,0,0,0,0,0,0,0,0,0,0,0,0,0,0,0,0,0,0,0,0,0,0,0,0,0,,,,,
FA08,37,5,15,07/04/2026 16:47:00,66.67%,0,0,0,0,5,0,0,0,0,0,0,0,0,0,0,0,0,0,0,0,0,0,0,0,0,0,0,0,0,0,0,0,0,0,,,,,
Lion Mite,8,3,20,07/04/2026 16:42:00,85.00%,0,0,0,0,2,0,0,0,0,0,0,0,0,0,0,0,0,0,0,0,0,0,0,0,0,0,1,0,0,0,0,0,0,0,,,,,
FA08,39,1,15,07/04/2026 16:38:00,93.33%,0,0,0,0,1,0,0,0,0,0,0,0,0,0,0,0,0,0,0,0,0,0,0,0,0,0,0,0,0,0,0,0,0,0,,,,,
Lion Mite,5,2,20,07/04/2026 16:35:00,90.00%,0,0,0,0,1,0,0,0,0,0,0,0,0,0,0,0,0,0,0,0,0,0,0,0,0,0,1,0,0,0,0,0,0,0,,,,,
FA08,51,1,15,07/04/2026 16:29:00,93.33%,0,0,0,0,1,0,0,0,0,0,0,0,0,0,0,0,0,0,0,0,0,0,0,0,0,0,0,0,0,0,0,0,0,0,,,,,
Lion Mite,10,0,20,07/04/2026 16:23:00,100.00%,0,0,0,0,0,0,0,0,0,0,0,0,0,0,0,0,0,0,0,0,0,0,0,0,0,0,0,0,0,0,0,0,0,0,,,,,
FA08,52,3,15,07/04/2026 16:18:00,80.00%,0,0,0,0,3,0,0,0,0,0,0,0,0,0,0,0,0,0,0,0,0,0,0,0,0,0,0,0,0,0,0,0,0,0,,,,,
Lion Mite,3,2,20,07/04/2026 16:10:00,90.00%,0,0,0,0,2,0,0,0,0,0,0,0,0,0,0,0,0,0,0,0,0,0,0,0,0,0,0,0,0,0,0,0,0,0,,,,,
FA08,40,4,15,07/04/2026 15:53:00,73.33%,0,0,0,0,3,0,0,0,0,0,0,0,0,0,0,0,0,0,0,0,0,0,0,1,0,0,0,0,0,0,0,0,0,0,,,,,
FA08,37,4,15,07/04/2026 15:45:00,73.33%,0,0,0,0,4,0,0,0,0,0,0,0,0,0,0,0,0,0,0,0,0,0,0,0,0,0,0,0,0,0,0,0,0,0,,,,,
PR20,83,21,24,07/04/2026 15:42:00,12.50%,1400,1520,50,100,0,0,0,0,0,0,0,0,0,0,0,0,0,0,0,0,0,0,0,0,0,0,0,0,0,0,0,0,0,21,,,,,
FA08,39,3,15,07/04/2026 15:34:00,80.00%,0,0,0,0,3,0,0,0,0,0,0,0,0,0,0,0,0,0,0,0,0,0,0,0,0,0,0,0,0,0,0,0,0,0,,,,,
FA08,36,7,15,07/04/2026 15:32:00,53.33%,0,0,0,0,0,0,1,0,0,0,0,0,0,0,0,0,0,0,0,0,0,0,0,0,0,0,0,0,6,0,0,0,0,0,,,,,
FA08,51,1,15,07/04/2026 15:29:00,93.33%,0,0,0,0,1,0,0,0,0,0,0,0,0,0,0,0,0,0,0,0,0,0,0,0,0,0,0,0,0,0,0,0,0,0,,,,,
FA08,39,5,15,07/04/2026 15:29:00,66.67%,0,0,0,0,3,0,2,0,0,0,0,0,0,0,0,0,0,0,0,0,0,0,0,0,0,0,0,0,0,0,0,0,0,0,,,,,
FA08,36,15,15,07/04/2026 15:00:00,0,0,0,0,0,15,0,0,0,0,0,0,0,0,0,0,0,0,0,0,0,0,0,0,0,0,0,0,0,0,0,0,0,0,0,,,,,
FA08,37,3,15,07/04/2026 14:51:00,80.00%,0,0,0,0,2,0,0,0,0,0,0,0,0,0,0,0,0,0,0,0,0,0,0,0,0,0,1,0,0,0,0,0,0,0,,,,,
PR20,80,18,24,07/04/2026 14:47:00,25.00%,1400,1520,50,100,0,0,0,0,0,0,0,0,0,0,0,0,0,0,0,0,0,0,0,0,0,0,0,0,0,0,0,0,0,18,,,,,
FA08,40,11,15,07/04/2026 14:40:00,26.67%,0,0,0,0,10,0,1,0,0,0,0,0,0,0,0,0,0,0,0,0,0,0,0,0,0,0,0,0,0,0,0,0,0,0,,,,,
FA08,52,16,15,07/04/2026 14:38:00,-6.67%,0,0,0,0,5,0,0,0,0,0,0,0,0,0,11,0,0,0,0,0,0,0,0,0,0,0,0,0,0,0,0,0,0,0,,,,,
FA08,37,5,15,07/04/2026 14:35:00,66.67%,0,0,0,0,2,0,0,0,0,0,0,0,0,0,0,0,0,0,0,0,0,0,0,0,0,0,0,0,3,0,0,0,0,0,,,,,
FA08,37,4,15,07/04/2026 14:30:00,73.33%,0,0,0,0,3,0,1,0,0,0,0,0,0,0,0,0,0,0,0,0,0,0,0,0,0,0,0,0,0,0,0,0,0,0,,,,,
ROUTER,71,10,20,07/04/2026 14:28:00,50.00%,0,0,0,0,6,0,0,0,0,4,0,0,0,0,0,0,0,0,0,0,0,0,0,0,0,0,0,0,0,0,0,0,0,0,,,,,
ROUTER,74,21,20,07/04/2026 14:24:00,-5.00%,0,0,0,0,16,0,0,0,0,5,0,0,0,0,0,0,0,0,0,0,0,0,0,0,0,0,0,0,0,0,0,0,0,0,,,,,
FA08,37,5,15,07/04/2026 14:19:00,66.67%,0,0,0,0,5,0,0,0,0,0,0,0,0,0,0,0,0,0,0,0,0,0,0,0,0,0,0,0,0,0,0,0,0,0,,,,,
PR20,82,20,24,07/04/2026 14:16:00,16.67%,1400,1520,50,100,2,0,0,0,0,0,0,0,0,0,0,0,0,0,0,0,0,0,0,0,0,0,0,0,0,0,0,0,0,18,,,,,
ROUTER,72,17,20,07/04/2026 14:00:00,15.00%,0,0,0,0,17,0,0,0,0,0,0,0,0,0,0,0,0,0,0,0,0,0,0,0,0,0,0,0,0,0,0,0,0,0,,,,,
ROUTER,71,0,20,07/04/2026 13:59:00,100.00%,0,0,0,0,0,0,0,0,0,0,0,0,0,0,0,0,0,0,0,0,0,0,0,0,0,0,0,0,0,0,0,0,0,0,,,,,
FA08,37,3,15,07/04/2026 13:56:00,80.00%,0,0,0,0,0,0,3,0,0,0,0,0,0,0,0,0,0,0,0,0,0,0,0,0,0,0,0,0,0,0,0,0,0,0,,,,,
ROUTER,73,6,20,07/04/2026 13:52:00,100.00%,0,0,0,0,0,0,0,0,0,0,0,0,0,0,0,0,0,0,0,0,0,0,0,0,0,6,0,0,0,0,0,0,0,0,,,,,
FA08,40,10,15,07/04/2026 13:48:00,33.33%,0,0,0,0,10,0,0,0,0,0,0,0,0,0,0,0,0,0,0,0,0,0,0,0,0,0,0,0,0,0,0,0,0,0,,,,,
ROUTER,72,6,20,07/04/2026 13:45:00,100.00%,0,0,0,0,0,0,0,0,0,0,0,0,0,0,0,0,0,0,0,0,0,0,0,0,0,6,0,0,0,0,0,0,0,0,,,,,
FA08,52,5,15,07/04/2026 13:39:00,66.67%,0,0,0,0,0,0,0,0,0,0,0,0,0,0,0,0,0,5,0,0,0,0,0,0,0,0,0,0,0,0,0,0,0,0,,,,,
ROUTER,73,3,20,07/04/2026 13:36:00,85.00%,0,0,0,0,3,0,0,0,0,0,0,0,0,0,0,0,0,0,0,0,0,0,0,0,0,0,0,0,0,0,0,0,0,0,,,,,
ROUTER,74,5,20,07/04/2026 13:35:00,100.00%,0,0,0,0,0,0,0,0,0,1,0,0,0,0,0,0,0,0,0,0,0,0,0,0,0,4,0,0,0,0,0,0,0,0,,,,,
PR20,80,16,24,07/04/2026 13:29:00,33.33%,1400,1520,50,100,0,0,0,0,0,0,0,0,0,0,0,0,0,0,0,0,0,0,0,0,0,0,0,0,0,0,0,0,0,16,,,,,
FA08,40,2,15,07/04/2026 13:26:00,86.67%,0,0,0,0,0,0,2,0,0,0,0,0,0,0,0,0,0,0,0,0,0,0,0,0,0,0,0,0,0,0,0,0,0,0,,,,,
ROUTER,72,9,20,07/04/2026 13:22:00,55.00%,0,0,0,0,8,0,0,0,0,1,0,0,0,0,0,0,0,0,0,0,0,0,0,0,0,0,0,0,0,0,0,0,0,0,,,,,
ROUTER,73,5,20,07/04/2026 13:17:00,100.00%,0,0,0,0,0,0,5,0,0,0,0,0,0,0,0,0,0,0,0,0,0,0,0,0,0,0,0,0,0,0,0,0,0,0,,,,,
FA08,52,12,15,07/04/2026 13:16:00,20.00%,0,0,0,0,6,0,0,0,0,0,0,0,0,0,6,0,0,0,0,0,0,0,0,0,0,0,0,0,0,0,0,0,0,0,,,,,
FA08,39,5,15,07/04/2026 13:13:00,66.67%,0,0,0,0,5,0,0,0,0,0,0,0,0,0,0,0,0,0,0,0,0,0,0,0,0,0,0,0,0,0,0,0,0,0,,,,,
FA08,37,7,15,07/04/2026 13:11:00,53.33%,0,0,0,0,7,0,0,0,0,0,0,0,0,0,0,0,0,0,0,0,0,0,0,0,0,0,0,0,0,0,0,0,0,0,,,,,
FA08,39,3,15,07/04/2026 13:07:00,80.00%,0,0,0,0,0,0,0,0,0,0,0,0,0,0,0,0,0,0,0,0,0,0,0,0,0,0,0,0,3,0,0,0,0,0,,,,,
PR20,82,16,24,07/04/2026 12:47:00,33.33%,1400,1520,50,100,0,0,0,0,0,0,0,0,0,0,0,0,0,0,0,0,0,0,0,0,0,0,0,0,0,0,0,0,0,16,,,,,
FA08,52,6,15,07/04/2026 12:41:00,60.00%,0,0,0,0,6,0,0,0,0,0,0,0,0,0,0,0,0,0,0,0,0,0,0,0,0,0,0,0,0,0,0,0,0,0,,,,,
FA08,37,14,15,07/04/2026 12:26:00,6.67%,0,0,0,0,14,0,0,0,0,0,0,0,0,0,0,0,0,0,0,0,0,0,0,0,0,0,0,0,0,0,0,0,0,0,,,,,
PR20,80,3,24,07/04/2026 12:22:00,87.50%,1400,1520,50,100,1,0,0,0,0,0,0,0,0,0,0,0,0,0,0,0,0,0,0,0,0,0,0,0,0,0,0,0,0,2,,,,,
FA08,40,0,15,07/04/2026 12:07:00,100.00%,0,0,0,0,0,0,0,0,0,0,0,0,0,0,0,0,0,0,0,0,0,0,0,0,0,0,0,0,0,0,0,0,0,0,,,,,
ROUTER,71,2,20,07/04/2026 11:48:00,100.00%,0,0,0,0,0,0,2,0,0,0,0,0,0,0,0,0,0,0,0,0,0,0,0,0,0,0,0,0,0,0,0,0,0,0,,,,,
ROUTER,74,10,20,07/04/2026 11:27:00,100.00%,0,0,0,0,10,0,0,0,0,0,0,0,0,0,0,0,0,0,0,0,0,0,0,0,0,0,0,0,0,0,0,0,0,0,,,,,
ROUTER,73,11,20,07/04/2026 11:21:00,45.00%,0,0,0,0,8,3,0,0,0,0,0,0,0,0,0,0,0,0,0,0,0,0,0,0,0,0,0,0,0,0,0,0,0,0,,,,,
FA08,37,5,15,07/04/2026 11:18:00,66.67%,0,0,0,0,0,0,5,0,0,0,0,0,0,0,0,0,0,0,0,0,0,0,0,0,0,0,0,0,0,0,0,0,0,0,,,,,
PR20,83,7,24,07/04/2026 11:14:00,70.83%,1400,1520,50,100,4,0,0,0,0,0,0,0,0,0,0,0,0,0,0,0,0,0,0,0,0,0,0,0,0,0,0,0,0,3,,,,,
FA08,37,4,15,07/04/2026 11:00:00,73.33%,0,0,0,0,0,0,4,0,0,0,0,0,0,0,0,0,0,0,0,0,0,0,0,0,0,0,0,0,0,0,0,0,0,0,,,,,
FA08,39,4,15,07/04/2026 10:39:00,73.33%,0,0,0,0,0,0,2,0,0,0,0,0,0,0,0,0,0,0,0,0,0,0,0,0,0,0,0,0,2,0,0,0,0,0,,,,,
PR20,80,4,24,07/04/2026 10:32:00,83.33%,1400,1520,50,100,0,0,0,0,0,0,0,0,0,0,0,0,0,0,0,0,0,0,0,0,0,0,0,0,0,0,0,0,0,4,,,,,
FA08,39,15,15,07/04/2026 10:32:00,0,0,0,0,0,15,0,0,0,0,0,0,0,0,0,0,0,0,0,0,0,0,0,0,0,0,0,0,0,0,0,0,0,0,0,,,,,
PR20,82,4,24,07/04/2026 10:24:00,83.33%,1400,1520,50,100,2,0,2,0,0,0,0,0,0,0,0,0,0,0,0,0,0,0,0,0,0,0,0,0,0,0,0,0,0,0,,,,,
ROUTER,71,3,20,07/04/2026 10:13:00,100.00%,0,0,0,0,1,0,2,0,0,0,0,0,0,0,0,0,0,0,0,0,0,0,0,0,0,0,0,0,0,0,0,0,0,0,,,,,
ROUTER,73,7,20,07/04/2026 10:11:00,65.00%,0,0,0,0,0,0,7,0,0,0,0,0,0,0,0,0,0,0,0,0,0,0,0,0,0,0,0,0,0,0,0,0,0,0,,,,,
PR20,83,9,24,07/04/2026 10:06:00,62.50%,1400,1520,50,100,6,0,1,0,0,0,0,0,0,0,0,0,0,0,0,0,0,0,0,0,0,0,0,0,0,0,0,0,0,2,,,,,
PR20,80,2,24,07/04/2026 09:54:00,91.67%,1400,1520,50,100,2,0,0,0,0,0,0,0,0,0,0,0,0,0,0,0,0,0,0,0,0,0,0,0,0,0,0,0,0,0,,,,,
ROUTER,74,12,20,07/04/2026 09:46:00,40.00%,0,0,0,0,10,0,0,0,0,2,0,0,0,0,0,0,0,0,0,0,0,0,0,0,0,0,0,0,0,0,0,0,0,0,,,,,
ROUTER,72,1,20,07/04/2026 09:31:00,100.00%,0,0,0,0,0,0,0,0,0,0,0,0,0,0,0,0,0,0,0,0,0,0,0,0,0,0,1,0,0,0,0,0,0,0,,,,,
ROUTER,72,1,20,07/04/2026 09:21:00,100.00%,0,0,0,0,1,0,0,0,0,0,0,0,0,0,0,0,0,0,0,0,0,0,0,0,0,0,0,0,0,0,0,0,0,0,,,,,
PR20,80,3,24,07/04/2026 08:53:00,87.50%,1400,1520,50,100,1,0,0,0,0,0,0,0,0,0,0,0,0,0,0,0,0,0,0,0,0,0,0,0,0,0,0,0,0,2,,,,,
ROUTER,73,20,20,07/04/2026 08:44:00,0,0,0,0,0,8,0,0,0,0,9,0,0,0,0,0,0,0,0,0,0,0,0,0,0,0,0,0,0,3,0,0,0,0,0,,,,,
PR20,82,4,24,07/04/2026 08:36:00,83.33%,1400,1520,50,100,4,0,0,0,0,0,0,0,0,0,0,0,0,0,0,0,0,0,0,0,0,0,0,0,0,0,0,0,0,0,,,,,
ROUTER,74,9,20,07/04/2026 08:25:00,55.00%,0,0,0,0,8,0,0,0,0,1,0,0,0,0,0,0,0,0,0,0,0,0,0,0,0,0,0,0,0,0,0,0,0,0,,,,,
PR20,83,4,24,07/04/2026 08:11:00,83.33%,1400,1520,50,100,1,0,0,0,0,0,0,0,0,0,0,0,0,0,0,0,0,0,0,0,0,0,0,0,0,0,0,0,0,3,,,,,
FA08,39,6,15,07/04/2026 08:08:00,60.00%,0,0,0,0,0,0,4,0,0,0,0,0,0,0,0,0,0,0,0,0,0,0,0,0,0,0,0,0,2,0,0,0,0,0,,,,,
PR20,80,3,24,07/04/2026 08:03:00,87.50%,1400,1520,50,100,3,0,0,0,0,0,0,0,0,0,0,0,0,0,0,0,0,0,0,0,0,0,0,0,0,0,0,0,0,0,,,,,
ROUTER,71,4,20,07/04/2026 07:51:00,80.00%,0,0,0,0,0,0,4,0,0,0,0,0,0,0,0,0,0,0,0,0,0,0,0,0,0,0,0,0,0,0,0,0,0,0,,,,,
PR20,83,20,24,07/04/2026 07:40:00,16.67%,1400,1520,50,100,20,0,0,0,0,0,0,0,0,0,0,0,0,0,0,0,0,0,0,0,0,0,0,0,0,0,0,0,0,0,,,,,
FA08,40,0,15,07/04/2026 07:29:00,100.00%,0,0,0,0,0,0,0,0,0,0,0,0,0,0,0,0,0,0,0,0,0,0,0,0,0,0,0,0,0,0,0,0,0,0,,,,,
Lion Mite,4,0,20,07/04/2026 07:28:00,100.00%,0,0,0,0,0,0,0,0,0,0,0,0,0,0,0,0,0,0,0,0,0,0,0,0,0,0,0,0,0,0,0,0,0,0,,,,,
FA08,37,7,15,07/04/2026 07:26:00,53.33%,0,0,0,0,0,0,7,0,0,0,0,0,0,0,0,0,0,0,0,0,0,0,0,0,0,0,0,0,0,0,0,0,0,0,,,,,
PR20,82,2,24,07/04/2026 07:24:00,91.67%,1400,1520,50,100,0,0,1,0,0,0,0,0,0,0,0,0,0,0,1,0,0,0,0,0,0,0,0,0,0,0,0,0,0,0,,,,,
ROUTER,73,20,20,07/04/2026 07:17:00,0,0,0,0,0,16,0,4,0,0,0,0,0,0,0,0,0,0,0,0,0,0,0,0,0,0,0,0,0,0,0,0,0,0,0,,,,,
ROUTER,74,10,20,07/04/2026 07:15:00,50.00%,0,0,0,0,9,0,0,0,0,1,0,0,0,0,0,0,0,0,0,0,0,0,0,0,0,0,0,0,0,0,0,0,0,0,,,,,
PR20,80,1,24,07/04/2026 07:09:00,95.83%,1400,1520,50,100,1,0,0,0,0,0,0,0,0,0,0,0,0,0,0,0,0,0,0,0,0,0,0,0,0,0,0,0,0,0,,,,,
FA08,39,2,15,07/04/2026 07:03:00,86.67%,0,0,0,0,0,0,2,0,0,0,0,0,0,0,0,0,0,0,0,0,0,0,0,0,0,0,0,0,0,0,0,0,0,0,,,,,
Lion Mite,10,1,20,07/04/2026 06:59:00,95.00%,0,0,0,0,0,0,0,0,0,0,0,0,0,0,0,0,0,0,0,0,0,0,0,0,0,0,1,0,0,0,0,0,0,0,,,,,
Lion Mite,3,5,20,07/04/2026 06:55:00,75.00%,0,0,0,0,5,0,0,0,0,0,0,0,0,0,0,0,0,0,0,0,0,0,0,0,0,0,0,0,0,0,0,0,0,0,,,,,
ROUTER,71,5,20,07/04/2026 06:29:00,100.00%,0,0,0,0,0,2,3,0,0,0,0,0,0,0,0,0,0,0,0,0,0,0,0,0,0,0,0,0,0,0,0,0,0,0,,,,,
FA08,40,0,15,06/04/2026 23:20:00,100.00%,0,0,0,0,0,0,0,0,0,0,0,0,0,0,0,0,0,0,0,0,0,0,0,0,0,0,0,0,0,0,0,0,0,0,,,,,
FA08,39,0,15,06/04/2026 23:08:00,100.00%,0,0,0,0,0,0,0,0,0,0,0,0,0,0,0,0,0,0,0,0,0,0,0,0,0,0,0,0,0,0,0,0,0,0,,,,,
Lion Mite,5,0,20,06/04/2026 23:04:00,100.00%,0,0,0,0,0,0,0,0,0,0,0,0,0,0,0,0,0,0,0,0,0,0,0,0,0,0,0,0,0,0,0,0,0,0,,,,,
FA08,37,2,15,06/04/2026 22:58:00,86.67%,0,0,0,0,0,0,2,0,0,0,0,0,0,0,0,0,0,0,0,0,0,0,0,0,0,0,0,0,0,0,0,0,0,0,,,,,
Lion Mite,10,1,20,06/04/2026 22:56:00,95.00%,0,0,0,0,1,0,0,0,0,0,0,0,0,0,0,0,0,0,0,0,0,0,0,0,0,0,0,0,0,0,0,0,0,0,,,,,
FA08,37,2,15,06/04/2026 22:47:00,86.67%,0,0,0,0,0,0,2,0,0,0,0,0,0,0,0,0,0,0,0,0,0,0,0,0,0,0,0,0,0,0,0,0,0,0,,,,,
Lion Mite,3,3,20,06/04/2026 22:46:00,85.00%,0,0,0,0,3,0,0,0,0,0,0,0,0,0,0,0,0,0,0,0,0,0,0,0,0,0,0,0,0,0,0,0,0,0,,,,,
FA08,37,0,15,06/04/2026 22:29:00,100.00%,0,0,0,0,0,0,0,0,0,0,0,0,0,0,0,0,0,0,0,0,0,0,0,0,0,0,0,0,0,0,0,0,0,0,,,,,
Lion Mite,10,1,20,06/04/2026 22:24:00,95.00%,0,0,0,0,1,0,0,0,0,0,0,0,0,0,0,0,0,0,0,0,0,0,0,0,0,0,0,0,0,0,0,0,0,0,,,,,
FA08,39,0,15,06/04/2026 22:10:00,100.00%,0,0,0,0,0,0,0,0,0,0,0,0,0,0,0,0,0,0,0,0,0,0,0,0,0,0,0,0,0,0,0,0,0,0,,,,,
Lion Mite,3,3,20,06/04/2026 22:07:00,85.00%,0,0,0,0,3,0,0,0,0,0,0,0,0,0,0,0,0,0,0,0,0,0,0,0,0,0,0,0,0,0,0,0,0,0,,,,,
FA08,37,2,15,06/04/2026 22:01:00,86.67%,0,0,0,0,0,0,2,0,0,0,0,0,0,0,0,0,0,0,0,0,0,0,0,0,0,0,0,0,0,0,0,0,0,0,,,,,
FA08,40,0,15,06/04/2026 21:50:00,100.00%,0,0,0,0,0,0,0,0,0,0,0,0,0,0,0,0,0,0,0,0,0,0,0,0,0,0,0,0,0,0,0,0,0,0,,,,,
Lion Mite,10,2,20,06/04/2026 21:42:00,90.00%,0,0,0,0,2,0,0,0,0,0,0,0,0,0,0,0,0,0,0,0,0,0,0,0,0,0,0,0,0,0,0,0,0,0,,,,,
FA08,39,0,15,06/04/2026 21:39:00,100.00%,0,0,0,0,0,0,0,0,0,0,0,0,0,0,0,0,0,0,0,0,0,0,0,0,0,0,0,0,0,0,0,0,0,0,,,,,
Lion Mite,3,3,20,06/04/2026 21:33:00,85.00%,0,0,0,0,3,0,0,0,0,0,0,0,0,0,0,0,0,0,0,0,0,0,0,0,0,0,0,0,0,0,0,0,0,0,,,,,
FA08,37,3,15,06/04/2026 21:27:00,80.00%,0,0,0,0,1,0,2,0,0,0,0,0,0,0,0,0,0,0,0,0,0,0,0,0,0,0,0,0,0,0,0,0,0,0,,,,,
Lion Mite,5,1,20,06/04/2026 21:24:00,95.00%,0,0,0,0,1,0,0,0,0,0,0,0,0,0,0,0,0,0,0,0,0,0,0,0,0,0,0,0,0,0,0,0,0,0,,,,,
FA08,40,0,15,06/04/2026 21:20:00,100.00%,0,0,0,0,0,0,0,0,0,0,0,0,0,0,0,0,0,0,0,0,0,0,0,0,0,0,0,0,0,0,0,0,0,0,,,,,
FA08,39,0,15,06/04/2026 21:11:00,100.00%,0,0,0,0,0,0,0,0,0,0,0,0,0,0,0,0,0,0,0,0,0,0,0,0,0,0,0,0,0,0,0,0,0,0,,,,,
FA08,37,1,15,06/04/2026 20:56:00,93.33%,0,0,0,0,0,0,1,0,0,0,0,0,0,0,0,0,0,0,0,0,0,0,0,0,0,0,0,0,0,0,0,0,0,0,,,,,
Lion Mite,3,1,20,06/04/2026 20:52:00,95.00%,0,0,0,0,1,0,0,0,0,0,0,0,0,0,0,0,0,0,0,0,0,0,0,0,0,0,0,0,0,0,0,0,0,0,,,,,
Lion Mite,8,1,20,06/04/2026 20:47:00,95.00%,0,0,0,0,0,0,0,0,0,0,0,0,0,0,0,0,0,0,0,0,1,0,0,0,0,0,0,0,0,0,0,0,0,0,,,,,
FA08,40,0,15,06/04/2026 20:43:00,100.00%,0,0,0,0,0,0,0,0,0,0,0,0,0,0,0,0,0,0,0,0,0,0,0,0,0,0,0,0,0,0,0,0,0,0,,,,,
FA08,39,0,15,06/04/2026 20:35:00,100.00%,0,0,0,0,0,0,0,0,0,0,0,0,0,0,0,0,0,0,0,0,0,0,0,0,0,0,0,0,0,0,0,0,0,0,,,,,
Lion Mite,10,1,20,06/04/2026 20:32:00,95.00%,0,0,0,0,1,0,0,0,0,0,0,0,0,0,0,0,0,0,0,0,0,0,0,0,0,0,0,0,0,0,0,0,0,0,,,,,
FA08,37,4,15,06/04/2026 20:27:00,73.33%,0,0,0,0,0,0,4,0,0,0,0,0,0,0,0,0,0,0,0,0,0,0,0,0,0,0,0,0,0,0,0,0,0,0,,,,,
Lion Mite,3,4,20,06/04/2026 20:21:00,80.00%,0,0,0,0,3,0,0,0,0,0,0,0,0,0,0,0,0,0,0,0,0,0,0,0,0,0,0,1,0,0,0,0,0,0,,,,,
FA08,37,3,15,06/04/2026 20:13:00,80.00%,0,0,0,0,0,0,2,0,0,0,0,0,0,0,0,0,0,0,1,0,0,0,0,0,0,0,0,0,0,0,0,0,0,0,,,,,
Lion Mite,5,1,20,06/04/2026 20:06:00,95.00%,0,0,0,0,1,0,0,0,0,0,0,0,0,0,0,0,0,0,0,0,0,0,0,0,0,0,0,0,0,0,0,0,0,0,,,,,
FA08,39,1,15,06/04/2026 20:01:00,93.33%,0,0,0,0,0,0,1,0,0,0,0,0,0,0,0,0,0,0,0,0,0,0,0,0,0,0,0,0,0,0,0,0,0,0,,,,,
FA08,37,5,15,06/04/2026 19:52:00,66.67%,0,0,0,0,1,0,4,0,0,0,0,0,0,0,0,0,0,0,0,0,0,0,0,0,0,0,0,0,0,0,0,0,0,0,,,,,
Lion Mite,10,2,20,06/04/2026 19:48:00,90.00%,0,0,0,0,2,0,0,0,0,0,0,0,0,0,0,0,0,0,0,0,0,0,0,0,0,0,0,0,0,0,0,0,0,0,,,,,
FA08,40,0,15,06/04/2026 19:39:00,100.00%,0,0,0,0,0,0,0,0,0,0,0,0,0,0,0,0,0,0,0,0,0,0,0,0,0,0,0,0,0,0,0,0,0,0,,,,,
Lion Mite,8,1,20,06/04/2026 19:37:00,95.00%,0,0,0,0,1,0,0,0,0,0,0,0,0,0,0,0,0,0,0,0,0,0,0,0,0,0,0,0,0,0,0,0,0,0,,,,,
FA08,39,3,15,06/04/2026 19:31:00,80.00%,0,0,0,0,1,0,1,0,0,0,0,0,0,0,1,0,0,0,0,0,0,0,0,0,0,0,0,0,0,0,0,0,0,0,,,,,
FA08,40,0,15,06/04/2026 19:07:00,100.00%,0,0,0,0,0,0,0,0,0,0,0,0,0,0,0,0,0,0,0,0,0,0,0,0,0,0,0,0,0,0,0,0,0,0,,,,,
FA08,39,1,15,06/04/2026 19:02:00,93.33%,0,0,0,0,1,0,0,0,0,0,0,0,0,0,0,0,0,0,0,0,0,0,0,0,0,0,0,0,0,0,0,0,0,0,,,,,
Lion Mite,5,1,20,06/04/2026 18:59:00,95.00%,0,0,0,0,1,0,0,0,0,0,0,0,0,0,0,0,0,0,0,0,0,0,0,0,0,0,0,0,0,0,0,0,0,0,,,,,
Lion Mite,10,1,20,06/04/2026 18:59:00,95.00%,0,0,0,0,1,0,0,0,0,0,0,0,0,0,0,0,0,0,0,0,0,0,0,0,0,0,0,0,0,0,0,0,0,0,,,,,
Lion Mite,8,1,20,06/04/2026 18:04:00,95.00%,0,0,0,0,1,0,0,0,0,0,0,0,0,0,0,0,0,0,0,0,0,0,0,0,0,0,0,0,0,0,0,0,0,0,,,,,
FA08,40,1,15,06/04/2026 17:59:00,93.33%,0,0,0,0,0,0,1,0,0,0,0,0,0,0,0,0,0,0,0,0,0,0,0,0,0,0,0,0,0,0,0,0,0,0,,,,,
FA08,39,0,15,06/04/2026 17:46:00,100.00%,0,0,0,0,0,0,0,0,0,0,0,0,0,0,0,0,0,0,0,0,0,0,0,0,0,0,0,0,0,0,0,0,0,0,,,,,
Lion Mite,3,3,20,06/04/2026 17:43:00,85.00%,0,0,0,0,3,0,0,0,0,0,0,0,0,0,0,0,0,0,0,0,0,0,0,0,0,0,0,0,0,0,0,0,0,0,,,,,
Lion Mite,10,1,20,06/04/2026 17:25:00,95.00%,0,0,0,0,1,0,0,0,0,0,0,0,0,0,0,0,0,0,0,0,0,0,0,0,0,0,0,0,0,0,0,0,0,0,,,,,
Lion Mite,5,3,20,06/04/2026 17:16:00,85.00%,0,0,0,0,3,0,0,0,0,0,0,0,0,0,0,0,0,0,0,0,0,0,0,0,0,0,0,0,0,0,0,0,0,0,,,,,
Lion Mite,8,1,20,06/04/2026 17:04:00,95.00%,0,0,0,0,1,0,0,0,0,0,0,0,0,0,0,0,0,0,0,0,0,0,0,0,0,0,0,0,0,0,0,0,0,0,,,,,
FA08,39,0,15,06/04/2026 16:47:00,100.00%,0,0,0,0,0,0,0,0,0,0,0,0,0,0,0,0,0,0,0,0,0,0,0,0,0,0,0,0,0,0,0,0,0,0,,,,,
FA08,52,11,15,06/04/2026 16:36:00,26.67%,0,0,0,0,0,0,1,0,0,0,0,0,0,0,9,0,0,0,0,0,0,0,0,0,0,0,0,0,1,0,0,0,0,0,,,,,
FA08,40,0,15,06/04/2026 16:34:00,100.00%,0,0,0,0,0,0,0,0,0,0,0,0,0,0,0,0,0,0,0,0,0,0,0,0,0,0,0,0,0,0,0,0,0,0,,,,,
FA08,39,2,15,06/04/2026 16:25:00,86.67%,0,0,0,0,0,0,0,0,0,0,0,0,0,0,1,0,0,1,0,0,0,0,0,0,0,0,0,0,0,0,0,0,0,0,,,,,
FA08,40,4,15,06/04/2026 16:19:00,73.33%,0,0,0,0,0,0,0,0,0,0,0,0,0,0,2,0,0,0,0,0,0,0,0,0,0,0,0,0,2,0,0,0,0,0,,,,,
FA08,39,0,15,06/04/2026 16:17:00,100.00%,0,0,0,0,0,0,0,0,0,0,0,0,0,0,0,0,0,0,0,0,0,0,0,0,0,0,0,0,0,0,0,0,0,0,,,,,
FA08,40,2,15,06/04/2026 16:09:00,86.67%,0,0,0,0,0,0,0,0,0,0,0,0,0,0,2,0,0,0,0,0,0,0,0,0,0,0,0,0,0,0,0,0,0,0,,,,,
FA08,39,7,15,06/04/2026 16:08:00,53.33%,0,0,0,0,0,0,0,0,0,0,0,0,0,0,6,0,0,0,0,0,0,0,0,0,0,0,0,0,1,0,0,0,0,0,,,,,
FA08,40,0,15,06/04/2026 15:56:00,100.00%,0,0,0,0,0,0,0,0,0,0,0,0,0,0,0,0,0,0,0,0,0,0,0,0,0,0,0,0,0,0,0,0,0,0,,,,,
FA08,39,2,15,06/04/2026 15:52:00,86.67%,0,0,0,0,0,0,0,0,0,0,0,0,0,0,1,0,0,0,0,0,0,0,0,0,0,0,0,0,1,0,0,0,0,0,,,,,
PR20,83,8,24,06/04/2026 15:28:00,66.67%,1400,1520,50,100,0,0,0,0,0,0,0,0,0,0,0,0,0,0,2,0,0,0,0,0,0,0,0,0,0,0,0,0,0,6,,,,,
FA08,40,7,15,06/04/2026 15:27:00,53.33%,0,0,0,0,0,0,0,0,0,0,0,0,0,0,6,0,0,0,0,0,0,0,0,0,0,0,0,0,1,0,0,0,0,0,,,,,
PR20,80,8,24,06/04/2026 14:23:00,66.67%,1400,1520,50,100,3,0,0,0,0,0,0,0,0,0,0,0,1,0,0,0,0,0,0,0,0,0,0,0,0,0,0,0,0,4,,,,,
PR20,83,11,24,06/04/2026 14:08:00,54.17%,1400,1520,50,100,2,3,0,0,0,0,0,0,0,0,0,0,0,0,0,0,0,0,0,0,0,0,2,0,0,0,0,0,0,4,,,,,
FA08,40,3,15,06/04/2026 13:55:00,80.00%,0,0,0,0,0,0,0,0,0,0,0,0,0,0,3,0,0,0,0,0,0,0,0,0,0,0,0,0,0,0,0,0,0,0,,,,,
PR20,82,6,24,06/04/2026 13:53:00,75.00%,1400,1520,50,100,5,0,0,0,0,0,0,0,0,0,0,0,0,0,0,0,0,0,0,0,0,0,1,0,0,0,0,0,0,0,,,,,
PR20,80,6,24,06/04/2026 13:46:00,75.00%,1400,1520,50,100,2,1,0,0,0,0,0,0,0,0,0,0,0,1,0,0,0,1,0,0,0,0,1,0,0,0,0,0,0,0,,,,,
ROUTER,72,7,20,06/04/2026 13:38:00,65.00%,0,0,0,0,1,0,0,0,0,6,0,0,0,0,0,0,0,0,0,0,0,0,0,0,0,0,0,0,0,0,0,0,0,0,,,,,
FA08,39,1,15,06/04/2026 13:30:00,93.33%,0,0,0,0,0,0,0,0,0,0,0,0,0,0,1,0,0,0,0,0,0,0,0,0,0,0,0,0,0,0,0,0,0,0,,,,,
FA08,52,10,15,06/04/2026 13:28:00,33.33%,0,0,0,0,0,0,4,0,0,0,0,0,0,0,5,0,0,0,0,0,0,0,0,0,0,0,0,0,1,0,0,0,0,0,,,,,
PR20,83,7,24,06/04/2026 13:17:00,70.83%,1400,1520,50,100,0,7,0,0,0,0,0,0,0,0,0,0,0,0,0,0,0,0,0,0,0,0,0,0,0,0,0,0,0,0,,,,,
ROUTER,74,10,20,06/04/2026 13:13:00,50.00%,0,0,0,0,8,0,0,0,0,2,0,0,0,0,0,0,0,0,0,0,0,0,0,0,0,0,0,0,0,0,0,0,0,0,,,,,
PR20,83,2,24,06/04/2026 12:11:00,91.67%,1400,1520,50,100,1,0,1,0,0,0,0,0,0,0,0,0,0,0,0,0,0,0,0,0,0,0,0,0,0,0,0,0,0,0,,,,,
PR20,80,3,24,06/04/2026 12:04:00,87.50%,1400,1520,50,100,1,0,0,0,0,0,0,0,0,0,0,0,0,1,0,0,0,1,0,0,0,0,0,0,0,0,0,0,0,0,,,,,
ROUTER,73,11,20,06/04/2026 11:31:00,45.00%,0,0,0,0,0,6,3,0,0,2,0,0,0,0,0,0,0,0,0,0,0,0,0,0,0,0,0,0,0,0,0,0,0,0,,,,,
ROUTER,72,3,20,06/04/2026 11:06:00,100.00%,0,0,0,0,1,2,0,0,0,0,0,0,0,0,0,0,0,0,0,0,0,0,0,0,0,0,0,0,0,0,0,0,0,0,,,,,
FA08,37,19,15,06/04/2026 11:05:00,-26.67%,0,0,0,0,0,6,13,0,0,0,0,0,0,0,0,0,0,0,0,0,0,0,0,0,0,0,0,0,0,0,0,0,0,0,,,,,
FA08,39,11,15,06/04/2026 11:02:00,26.67%,0,0,0,0,0,1,10,0,0,0,0,0,0,0,0,0,0,0,0,0,0,0,0,0,0,0,0,0,0,0,0,0,0,0,,,,,
PR20,80,25,24,06/04/2026 10:57:00,-4.17%,1400,1520,50,100,0,7,9,0,0,0,0,0,0,0,8,0,0,1,0,0,0,0,0,0,0,0,0,0,0,0,0,0,0,0,,,,,
FA08,40,14,15,06/04/2026 10:41:00,6.67%,0,0,0,0,0,7,7,0,0,0,0,0,0,0,0,0,0,0,0,0,0,0,0,0,0,0,0,0,0,0,0,0,0,0,,,,,
PR20,82,2,24,06/04/2026 10:37:00,91.67%,1400,1520,50,100,1,1,0,0,0,0,0,0,0,0,0,0,0,0,0,0,0,0,0,0,0,0,0,0,0,0,0,0,0,0,,,,,
FA08,37,13,15,06/04/2026 10:31:00,13.33%,0,0,0,0,0,0,13,0,0,0,0,0,0,0,0,0,0,0,0,0,0,0,0,0,0,0,0,0,0,0,0,0,0,0,,,,,
ROUTER,71,13,20,06/04/2026 10:30:00,35.00%,0,0,0,0,8,5,0,0,0,0,0,0,0,0,0,0,0,0,0,0,0,0,0,0,0,0,0,0,0,0,0,0,0,0,,,,,
ROUTER,72,4,20,06/04/2026 10:28:00,100.00%,0,0,0,0,2,0,2,0,0,0,0,0,0,0,0,0,0,0,0,0,0,0,0,0,0,0,0,0,0,0,0,0,0,0,,,,,
PR20,83,1,24,06/04/2026 10:25:00,95.83%,1400,1520,50,100,1,0,0,0,0,0,0,0,0,0,0,0,0,0,0,0,0,0,0,0,0,0,0,0,0,0,0,0,0,0,,,,,
ROUTER,73,13,20,06/04/2026 10:00:00,35.00%,0,0,0,0,0,0,7,0,0,3,0,0,0,3,0,0,0,0,0,0,0,0,0,0,0,0,0,0,0,0,0,0,0,0,,,,,
ROUTER,73,7,20,06/04/2026 09:58:00,100.00%,0,0,0,0,0,2,2,0,0,0,0,0,1,1,0,0,0,1,0,0,0,0,0,0,0,0,0,0,0,0,0,0,0,0,,,,,
FA08,52,12,15,06/04/2026 09:47:00,20.00%,0,0,0,0,0,0,7,0,0,0,0,0,0,0,3,0,0,0,0,0,0,0,0,0,0,0,0,0,2,0,0,0,0,0,,,,,
P10,135,14,40,06/04/2026 09:39:00,65.00%,2000,80,45,50,9,0,0,0,0,0,0,0,0,0,0,0,0,0,5,0,0,0,0,0,0,0,0,0,0,0,0,0,0,0,,,,,
P10,134,9,40,06/04/2026 09:34:00,77.50%,2000,880,45,50,0,0,4,0,0,0,0,0,0,0,0,0,0,0,5,0,0,0,0,0,0,0,0,0,0,0,0,0,0,0,,,,,
ROUTER,73,7,20,06/04/2026 09:30:00,100.00%,0,0,0,0,0,5,1,0,0,1,0,0,0,0,0,0,0,0,0,0,0,0,0,0,0,0,0,0,0,0,0,0,0,0,,,,,
P10,133,9,40,06/04/2026 09:29:00,77.50%,2000,880,45,50,1,0,2,0,0,0,0,0,0,0,0,0,0,0,6,0,0,0,0,0,0,0,0,0,0,0,0,0,0,0,,,,,
PR20,80,4,24,06/04/2026 09:26:00,83.33%,1400,1520,50,100,2,0,0,0,0,1,0,0,0,0,0,0,0,0,0,0,0,0,0,0,0,0,1,0,0,0,0,0,0,0,,,,,
P10,131,13,40,06/04/2026 09:25:00,67.50%,2000,880,45,50,0,0,9,0,0,0,0,0,0,0,0,0,0,0,4,0,0,0,0,0,0,0,0,0,0,0,0,0,0,0,,,,,
P10,132,6,40,06/04/2026 09:23:00,85.00%,2000,880,45,50,0,0,2,0,0,0,0,0,0,0,0,0,0,0,4,0,0,0,0,0,0,0,0,0,0,0,0,0,0,0,,,,,
FA08,39,14,15,06/04/2026 09:19:00,6.67%,0,0,0,0,0,0,14,0,0,0,0,0,0,0,0,0,0,0,0,0,0,0,0,0,0,0,0,0,0,0,0,0,0,0,,,,,
FA08,40,2,15,06/04/2026 09:18:00,86.67%,0,0,0,0,0,0,2,0,0,0,0,0,0,0,0,0,0,0,0,0,0,0,0,0,0,0,0,0,0,0,0,0,0,0,,,,,
FA08,37,10,15,06/04/2026 09:17:00,33.33%,0,0,0,0,0,0,10,0,0,0,0,0,0,0,0,0,0,0,0,0,0,0,0,0,0,0,0,0,0,0,0,0,0,0,,,,,
PR20,82,5,24,06/04/2026 09:16:00,79.17%,1400,1520,50,100,3,0,0,0,0,2,0,0,0,0,0,0,0,0,0,0,0,0,0,0,0,0,0,0,0,0,0,0,0,0,,,,,
P10,135,20,40,06/04/2026 09:06:00,50.00%,2000,80,45,50,14,0,0,0,0,0,0,0,0,0,0,0,0,0,6,0,0,0,0,0,0,0,0,0,0,0,0,0,0,0,,,,,
P10,133,14,40,06/04/2026 09:05:00,65.00%,2000,880,45,50,8,0,6,0,0,0,0,0,0,0,0,0,0,0,0,0,0,0,0,0,0,0,0,0,0,0,0,0,0,0,,,,,
ROUTER,72,7,20,06/04/2026 08:59:00,100.00%,0,0,0,0,5,0,2,0,0,0,0,0,0,0,0,0,0,0,0,0,0,0,0,0,0,0,0,0,0,0,0,0,0,0,,,,,
ROUTER,74,10,20,06/04/2026 08:38:00,50.00%,0,0,0,0,10,0,0,0,0,0,0,0,0,0,0,0,0,0,0,0,0,0,0,0,0,0,0,0,0,0,0,0,0,0,,,,,
PR20,83,5,24,06/04/2026 08:35:00,79.17%,1400,1520,50,100,3,0,2,0,0,0,0,0,0,0,0,0,0,0,0,0,0,0,0,0,0,0,0,0,0,0,0,0,0,0,,,,,
ROUTER,74,7,20,06/04/2026 08:24:00,100.00%,0,0,0,0,6,0,0,0,0,1,0,0,0,0,0,0,0,0,0,0,0,0,0,0,0,0,0,0,0,0,0,0,0,0,,,,,
ROUTER,74,10,20,06/04/2026 08:12:00,50.00%,0,0,0,0,6,0,0,0,0,4,0,0,0,0,0,0,0,0,0,0,0,0,0,0,0,0,0,0,0,0,0,0,0,0,,,,,
ROUTER,73,14,20,06/04/2026 08:11:00,30.00%,0,0,0,0,8,6,0,0,0,0,0,0,0,0,0,0,0,0,0,0,0,0,0,0,0,0,0,0,0,0,0,0,0,0,,,,,
PR20,80,1,24,06/04/2026 08:06:00,95.83%,1400,1520,50,100,1,0,0,0,0,0,0,0,0,0,0,0,0,0,0,0,0,0,0,0,0,0,0,0,0,0,0,0,0,0,,,,,
ROUTER,72,3,20,06/04/2026 07:51:00,100.00%,0,0,0,0,0,0,0,0,0,0,0,0,3,0,0,0,0,0,0,0,0,0,0,0,0,0,0,0,0,0,0,0,0,0,,,,,
PR20,82,3,24,06/04/2026 07:48:00,87.50%,1400,1520,50,100,3,0,0,0,0,0,0,0,0,0,0,0,0,0,0,0,0,0,0,0,0,0,0,0,0,0,0,0,0,0,,,,,
ROUTER,72,17,20,06/04/2026 07:20:00,100.00%,0,0,0,0,0,0,0,0,0,17,0,0,0,0,0,0,0,0,0,0,0,0,0,0,0,0,0,0,0,0,0,0,0,0,,,,,
PR20,83,2,24,06/04/2026 07:15:00,91.67%,1400,1520,50,100,1,0,1,0,0,0,0,0,0,0,0,0,0,0,0,0,0,0,0,0,0,0,0,0,0,0,0,0,0,0,,,,,
PR20,80,2,24,06/04/2026 07:00:00,91.67%,1400,1520,50,100,2,0,0,0,0,0,0,0,0,0,0,0,0,0,0,0,0,0,0,0,0,0,0,0,0,0,0,0,0,0,,,,,
P10,133,14,40,06/04/2026 06:50:00,65.00%,2000,880,45,50,9,0,5,0,0,0,0,0,0,0,0,0,0,0,0,0,0,0,0,0,0,0,0,0,0,0,0,0,0,0,,,,,
P10,131,4,40,06/04/2026 06:46:00,90.00%,2000,880,45,50,0,1,3,0,0,0,0,0,0,0,0,0,0,0,0,0,0,0,0,0,0,0,0,0,0,0,0,0,0,0,,,,,
P10,136,7,40,06/04/2026 06:29:00,82.50%,200,80,45,50,0,0,4,0,0,0,0,0,0,0,0,0,0,0,3,0,0,0,0,0,0,0,0,0,0,0,0,0,0,0,,,,,
P10,131,7,40,06/04/2026 06:25:00,82.50%,2000,880,45,50,5,0,2,0,0,0,0,0,0,0,0,0,0,0,0,0,0,0,0,0,0,0,0,0,0,0,0,0,0,0,,,,,
P10,132,5,40,06/04/2026 06:16:00,87.50%,2000,880,45,50,0,0,2,0,0,0,0,0,0,0,0,0,0,0,3,0,0,0,0,0,0,0,0,0,0,0,0,0,0,0,,,,,
PR20,82,4,24,01/04/2026 23:02:00,87.50%,1400,1520,50,100,0,3,0,0,0,1,0,0,0,0,0,0,0,0,0,0,0,0,0,0,0,0,0,0,0,0,0,0,0,0,,,,,
P10,131,6,40,01/04/2026 22:50:00,85.00%,2000,880,45,50,0,0,3,0,0,0,0,0,0,0,0,0,0,0,3,0,0,0,0,0,0,0,0,0,0,0,0,0,0,0,,,,,
FA08,39,6,15,01/04/2026 22:47:00,60.00%,0,0,0,0,0,0,5,0,0,0,0,0,0,0,0,0,0,0,0,0,0,0,0,0,0,0,0,0,1,0,0,0,0,0,,,,,
P10,132,5,40,01/04/2026 22:47:00,87.50%,2000,880,45,50,0,0,5,0,0,0,0,0,0,0,0,0,0,0,0,0,0,0,0,0,0,0,0,0,0,0,0,0,0,0,,,,,
FA08,40,7,15,01/04/2026 22:39:00,53.33%,0,0,0,0,0,1,6,0,0,0,0,0,0,0,0,0,0,0,0,0,0,0,0,0,0,0,0,0,0,0,0,0,0,0,,,,,
P10,136,23,40,01/04/2026 22:26:00,42.50%,200,80,45,50,20,0,3,0,0,0,0,0,0,0,0,0,0,0,0,0,0,0,0,0,0,0,0,0,0,0,0,0,0,0,,,,,
FA08,39,6,15,01/04/2026 22:16:00,60.00%,0,0,0,0,0,0,6,0,0,0,0,0,0,0,0,0,0,0,0,0,0,0,0,0,0,0,0,0,0,0,0,0,0,0,,,,,
P10,132,19,40,01/04/2026 22:14:00,52.50%,2000,880,45,50,10,0,6,0,0,0,0,0,0,0,0,0,0,0,3,0,0,0,0,0,0,0,0,0,0,0,0,0,0,0,,,,,
P10,131,5,40,01/04/2026 22:08:00,87.50%,2000,880,45,50,3,0,2,0,0,0,0,0,0,0,0,0,0,0,0,0,0,0,0,0,0,0,0,0,0,0,0,0,0,0,,,,,
FA08,40,6,15,01/04/2026 22:07:00,60.00%,0,0,0,0,0,0,6,0,0,0,0,0,0,0,0,0,0,0,0,0,0,0,0,0,0,0,0,0,0,0,0,0,0,0,,,,,
P10,131,3,40,01/04/2026 22:06:00,92.50%,2000,880,45,50,0,0,3,0,0,0,0,0,0,0,0,0,0,0,0,0,0,0,0,0,0,0,0,0,0,0,0,0,0,0,,,,,
P10,134,3,40,01/04/2026 22:04:00,92.50%,2000,880,45,50,0,0,3,0,0,0,0,0,0,0,0,0,0,0,0,0,0,0,0,0,0,0,0,0,0,0,0,0,0,0,,,,,
P10,136,10,40,01/04/2026 22:00:00,75.00%,200,80,45,50,0,0,10,0,0,0,0,0,0,0,0,0,0,0,0,0,0,0,0,0,0,0,0,0,0,0,0,0,0,0,,,,,
PR20,80,1,24,01/04/2026 21:54:00,95.83%,1400,1520,50,100,0,0,0,0,0,0,0,0,0,0,0,0,0,0,0,0,0,0,0,0,0,0,0,0,0,0,0,0,0,1,,,,,
P10,135,5,40,01/04/2026 21:54:00,87.50%,2000,80,45,50,0,0,0,0,0,0,0,0,0,0,0,0,0,0,5,0,0,0,0,0,0,0,0,0,0,0,0,0,0,0,,,,,
FA08,39,6,15,01/04/2026 21:43:00,60.00%,0,0,0,0,0,0,6,0,0,0,0,0,0,0,0,0,0,0,0,0,0,0,0,0,0,0,0,0,0,0,0,0,0,0,,,,,
P10,131,3,40,01/04/2026 21:39:00,92.50%,2000,880,45,50,0,0,3,0,0,0,0,0,0,0,0,0,0,0,0,0,0,0,0,0,0,0,0,0,0,0,0,0,0,0,,,,,
VERSA MAIN,13,3,25,01/04/2026 21:39:00,88.00%,0,0,0,0,0,0,3,0,0,0,0,0,0,0,0,0,0,0,0,0,0,0,0,0,0,0,0,0,0,0,0,0,0,0,,,,,
FA08,40,7,15,01/04/2026 21:35:00,53.33%,0,0,0,0,0,1,5,0,0,0,0,0,0,0,0,0,0,0,0,0,0,0,0,0,0,0,0,0,1,0,0,0,0,0,,,,,
P10,131,10,40,01/04/2026 21:33:00,75.00%,2000,880,45,50,0,0,10,0,0,0,0,0,0,0,0,0,0,0,0,0,0,0,0,0,0,0,0,0,0,0,0,0,0,0,,,,,
P10,135,4,40,01/04/2026 21:32:00,90.00%,2000,80,45,50,0,0,1,0,0,0,0,0,0,0,0,0,0,0,3,0,0,0,0,0,0,0,0,0,0,0,0,0,0,0,,,,,
P10,134,3,40,01/04/2026 21:27:00,92.50%,2000,880,45,50,0,0,0,0,0,0,0,0,0,0,0,0,0,0,3,0,0,0,0,0,0,0,0,0,0,0,0,0,0,0,,,,,
P10,133,4,40,01/04/2026 21:16:00,90.00%,2000,880,45,50,0,0,0,0,0,0,0,0,0,0,0,0,0,0,4,0,0,0,0,0,0,0,0,0,0,0,0,0,0,0,,,,,
P10,132,4,40,01/04/2026 21:12:00,90.00%,2000,880,45,50,0,0,1,0,0,0,0,0,0,0,0,0,0,0,3,0,0,0,0,0,0,0,0,0,0,0,0,0,0,0,,,,,
P10,136,5,40,01/04/2026 21:09:00,87.50%,200,80,45,50,0,2,0,0,0,0,0,0,0,0,0,0,0,0,3,0,0,0,0,0,0,0,0,0,0,0,0,0,0,0,,,,,
FA08,39,9,15,01/04/2026 21:06:00,40.00%,0,0,0,0,0,0,9,0,0,0,0,0,0,0,0,0,0,0,0,0,0,0,0,0,0,0,0,0,0,0,0,0,0,0,,,,,
P10,136,3,40,01/04/2026 21:05:00,92.50%,200,80,45,50,0,0,3,0,0,0,0,0,0,0,0,0,0,0,0,0,0,0,0,0,0,0,0,0,0,0,0,0,0,0,,,,,
FA08,40,2,15,01/04/2026 21:04:00,86.67%,0,0,0,0,0,0,2,0,0,0,0,0,0,0,0,0,0,0,0,0,0,0,0,0,0,0,0,0,0,0,0,0,0,0,,,,,
FA08,40,5,15,01/04/2026 21:02:00,66.67%,0,0,0,0,0,2,3,0,0,0,0,0,0,0,0,0,0,0,0,0,0,0,0,0,0,0,0,0,0,0,0,0,0,0,,,,,
P10,135,1,40,01/04/2026 20:55:00,97.50%,2000,80,45,50,0,0,1,0,0,0,0,0,0,0,0,0,0,0,0,0,0,0,0,0,0,0,0,0,0,0,0,0,0,0,,,,,
P10,131,3,40,01/04/2026 20:53:00,92.50%,2000,880,45,50,0,0,1,0,0,0,0,0,0,0,0,0,0,0,2,0,0,0,0,0,0,0,0,0,0,0,0,0,0,0,,,,,
FA08,39,4,15,01/04/2026 20:51:00,73.33%,0,0,0,0,0,0,4,0,0,0,0,0,0,0,0,0,0,0,0,0,0,0,0,0,0,0,0,0,0,0,0,0,0,0,,,,,
P10,135,4,40,01/04/2026 20:50:00,90.00%,2000,80,45,50,0,0,4,0,0,0,0,0,0,0,0,0,0,0,0,0,0,0,0,0,0,0,0,0,0,0,0,0,0,0,,,,,
PR20,80,1,24,01/04/2026 20:48:00,95.83%,1400,1520,50,100,1,0,0,0,0,0,0,0,0,0,0,0,0,0,0,0,0,0,0,0,0,0,0,0,0,0,0,0,0,0,,,,,
P10,136,3,40,01/04/2026 20:46:00,92.50%,200,80,45,50,0,0,3,0,0,0,0,0,0,0,0,0,0,0,0,0,0,0,0,0,0,0,0,0,0,0,0,0,0,0,,,,,
P10,133,3,40,01/04/2026 20:43:00,92.50%,2000,880,45,50,0,0,3,0,0,0,0,0,0,0,0,0,0,0,0,0,0,0,0,0,0,0,0,0,0,0,0,0,0,0,,,,,
FA08,37,4,15,01/04/2026 20:42:00,73.33%,0,0,0,0,0,0,4,0,0,0,0,0,0,0,0,0,0,0,0,0,0,0,0,0,0,0,0,0,0,0,0,0,0,0,,,,,
P10,134,3,40,01/04/2026 20:39:00,92.50%,2000,880,45,50,0,0,1,0,0,0,0,0,0,0,0,0,0,0,2,0,0,0,0,0,0,0,0,0,0,0,0,0,0,0,,,,,
P10,131,5,40,01/04/2026 20:36:00,87.50%,2000,880,45,50,0,0,5,0,0,0,0,0,0,0,0,0,0,0,0,0,0,0,0,0,0,0,0,0,0,0,0,0,0,0,,,,,
FA08,39,4,15,01/04/2026 20:35:00,73.33%,0,0,0,0,0,0,4,0,0,0,0,0,0,0,0,0,0,0,0,0,0,0,0,0,0,0,0,0,0,0,0,0,0,0,,,,,
P10,135,3,40,01/04/2026 20:29:00,92.50%,2000,80,45,50,0,0,0,0,0,0,0,0,0,0,0,0,0,0,3,0,0,0,0,0,0,0,0,0,0,0,0,0,0,0,,,,,
P10,132,3,40,01/04/2026 20:27:00,92.50%,2000,880,45,50,0,0,0,0,0,0,0,0,0,0,0,0,0,0,3,0,0,0,0,0,0,0,0,0,0,0,0,0,0,0,,,,,
FA08,39,7,15,01/04/2026 20:26:00,53.33%,0,0,0,0,0,0,6,0,0,0,0,0,0,0,1,0,0,0,0,0,0,0,0,0,0,0,0,0,0,0,0,0,0,0,,,,,
P10,132,3,40,01/04/2026 20:23:00,92.50%,2000,880,45,50,0,0,1,0,0,0,0,0,0,0,0,0,0,0,2,0,0,0,0,0,0,0,0,0,0,0,0,0,0,0,,,,,
FA08,40,9,15,01/04/2026 20:23:00,40.00%,0,0,0,0,0,2,7,0,0,0,0,0,0,0,0,0,0,0,0,0,0,0,0,0,0,0,0,0,0,0,0,0,0,0,,,,,
P10,134,2,40,01/04/2026 20:20:00,95.00%,2000,880,45,50,0,0,2,0,0,0,0,0,0,0,0,0,0,0,0,0,0,0,0,0,0,0,0,0,0,0,0,0,0,0,,,,,
P10,134,9,40,01/04/2026 20:18:00,77.50%,2000,880,45,50,0,0,6,0,0,0,0,0,0,0,3,0,0,0,0,0,0,0,0,0,0,0,0,0,0,0,0,0,0,0,,,,,
P10,131,5,40,01/04/2026 20:16:00,87.50%,2000,880,45,50,0,0,2,0,0,0,0,0,0,0,0,0,0,0,3,0,0,0,0,0,0,0,0,0,0,0,0,0,0,0,,,,,
P10,132,1,40,01/04/2026 20:13:00,97.50%,2000,880,45,50,0,0,1,0,0,0,0,0,0,0,0,0,0,0,0,0,0,0,0,0,0,0,0,0,0,0,0,0,0,0,,,,,
P10,132,1,40,01/04/2026 20:12:00,97.50%,2000,880,45,50,0,0,0,0,0,0,0,0,0,0,1,0,0,0,0,0,0,0,0,0,0,0,0,0,0,0,0,0,0,0,,,,,
P10,133,3,40,01/04/2026 20:07:00,92.50%,2000,880,45,50,0,0,3,0,0,0,0,0,0,0,0,0,0,0,0,0,0,0,0,0,0,0,0,0,0,0,0,0,0,0,,,,,
P10,135,1,40,01/04/2026 20:06:00,97.50%,2000,80,45,50,0,0,1,0,0,0,0,0,0,0,0,0,0,0,0,0,0,0,0,0,0,0,0,0,0,0,0,0,0,0,,,,,
P10,135,1,40,01/04/2026 20:04:00,97.50%,2000,80,45,50,0,0,1,0,0,0,0,0,0,0,0,0,0,0,0,0,0,0,0,0,0,0,0,0,0,0,0,0,0,0,,,,,
P10,136,3,40,01/04/2026 20:03:00,92.50%,200,80,45,50,0,0,1,0,0,0,0,0,0,0,0,0,0,0,2,0,0,0,0,0,0,0,0,0,0,0,0,0,0,0,,,,,
P10,136,2,40,01/04/2026 20:01:00,95.00%,200,80,45,50,0,0,2,0,0,0,0,0,0,0,0,0,0,0,0,0,0,0,0,0,0,0,0,0,0,0,0,0,0,0,,,,,
P10,133,6,40,01/04/2026 19:59:00,85.00%,2000,880,45,50,0,0,6,0,0,0,0,0,0,0,0,0,0,0,0,0,0,0,0,0,0,0,0,0,0,0,0,0,0,0,,,,,
FA08,37,0,15,01/04/2026 19:58:00,100.00%,0,0,0,0,0,0,0,0,0,0,0,0,0,0,0,0,0,0,0,0,0,0,0,0,0,0,0,0,0,0,0,0,0,0,,,,,
P10,134,3,40,01/04/2026 19:52:00,92.50%,2000,880,45,50,0,0,3,0,0,0,0,0,0,0,0,0,0,0,0,0,0,0,0,0,0,0,0,0,0,0,0,0,0,0,,,,,
FA08,40,0,15,01/04/2026 19:47:00,100.00%,0,0,0,0,0,0,0,0,0,0,0,0,0,0,0,0,0,0,0,0,0,0,0,0,0,0,0,0,0,0,0,0,0,0,,,,,
P10,131,5,40,01/04/2026 19:47:00,87.50%,2000,880,45,50,0,0,5,0,0,0,0,0,0,0,0,0,0,0,0,0,0,0,0,0,0,0,0,0,0,0,0,0,0,0,,,,,
P10,132,3,40,01/04/2026 19:43:00,92.50%,2000,880,45,50,0,0,3,0,0,0,0,0,0,0,0,0,0,0,0,0,0,0,0,0,0,0,0,0,0,0,0,0,0,0,,,,,
FA08,39,4,15,01/04/2026 19:42:00,73.33%,0,0,0,0,0,0,4,0,0,0,0,0,0,0,0,0,0,0,0,0,0,0,0,0,0,0,0,0,0,0,0,0,0,0,,,,,
P10,133,5,40,01/04/2026 19:38:00,87.50%,2000,880,45,50,0,0,5,0,0,0,0,0,0,0,0,0,0,0,0,0,0,0,0,0,0,0,0,0,0,0,0,0,0,0,,,,,
FA08,40,5,15,01/04/2026 19:34:00,66.67%,0,0,0,0,0,2,3,0,0,0,0,0,0,0,0,0,0,0,0,0,0,0,0,0,0,0,0,0,0,0,0,0,0,0,,,,,
P10,136,2,40,01/04/2026 19:33:00,95.00%,200,80,45,50,0,0,2,0,0,0,0,0,0,0,0,0,0,0,0,0,0,0,0,0,0,0,0,0,0,0,0,0,0,0,,,,,
P10,131,7,40,01/04/2026 19:30:00,82.50%,2000,880,45,50,0,0,5,0,0,0,0,0,0,0,0,0,0,0,2,0,0,0,0,0,0,0,0,0,0,0,0,0,0,0,,,,,
FA08,37,8,15,01/04/2026 19:27:00,46.67%,0,0,0,0,0,0,8,0,0,0,0,0,0,0,0,0,0,0,0,0,0,0,0,0,0,0,0,0,0,0,0,0,0,0,,,,,
P10,135,3,40,01/04/2026 19:24:00,92.50%,2000,80,45,50,0,0,1,0,0,0,0,0,0,0,0,0,0,0,2,0,0,0,0,0,0,0,0,0,0,0,0,0,0,0,,,,,
P10,134,7,40,01/04/2026 19:21:00,82.50%,2000,880,45,50,0,0,5,0,0,0,0,0,0,0,0,0,0,0,2,0,0,0,0,0,0,0,0,0,0,0,0,0,0,0,,,,,
FA08,39,7,15,01/04/2026 19:17:00,53.33%,0,0,0,0,0,0,7,0,0,0,0,0,0,0,0,0,0,0,0,0,0,0,0,0,0,0,0,0,0,0,0,0,0,0,,,,,
P10,135,3,40,01/04/2026 19:13:00,92.50%,2000,80,45,50,0,0,3,0,0,0,0,0,0,0,0,0,0,0,0,0,0,0,0,0,0,0,0,0,0,0,0,0,0,0,,,,,
P10,132,2,40,01/04/2026 19:09:00,95.00%,2000,880,45,50,0,0,2,0,0,0,0,0,0,0,0,0,0,0,0,0,0,0,0,0,0,0,0,0,0,0,0,0,0,0,,,,,
P10,136,5,40,01/04/2026 18:18:00,87.50%,200,80,45,50,0,0,5,0,0,0,0,0,0,0,0,0,0,0,0,0,0,0,0,0,0,0,0,0,0,0,0,0,0,0,,,,,
P10,134,8,40,01/04/2026 18:18:00,80.00%,2000,880,45,50,0,0,8,0,0,0,0,0,0,0,0,0,0,0,0,0,0,0,0,0,0,0,0,0,0,0,0,0,0,0,,,,,
P10,133,7,40,01/04/2026 18:15:00,82.50%,2000,880,45,50,0,0,7,0,0,0,0,0,0,0,0,0,0,0,0,0,0,0,0,0,0,0,0,0,0,0,0,0,0,0,,,,,
P10,131,3,40,01/04/2026 18:15:00,92.50%,2000,880,45,50,0,0,3,0,0,0,0,0,0,0,0,0,0,0,0,0,0,0,0,0,0,0,0,0,0,0,0,0,0,0,,,,,
0,135,4,0,01/04/2026 18:11:00,0,0,0,0,0,0,0,4,0,0,0,0,0,0,0,0,0,0,0,0,0,0,0,0,0,0,0,0,0,0,0,0,0,0,0,,,,,
P10,136,5,40,01/04/2026 18:07:00,87.50%,200,80,45,50,0,0,5,0,0,0,0,0,0,0,0,0,0,0,0,0,0,0,0,0,0,0,0,0,0,0,0,0,0,0,,,,,
ROUTER,74,6,20,01/04/2026 17:54:00,70.00%,0,0,0,0,3,0,3,0,0,0,0,0,0,0,0,0,0,0,0,0,0,0,0,0,0,0,0,0,0,0,0,0,0,0,,,,,
FA08,40,2,15,01/04/2026 17:47:00,86.67%,0,0,0,0,0,0,2,0,0,0,0,0,0,0,0,0,0,0,0,0,0,0,0,0,0,0,0,0,0,0,0,0,0,0,,,,,
FA08,39,9,15,01/04/2026 17:43:00,40.00%,0,0,0,0,0,0,9,0,0,0,0,0,0,0,0,0,0,0,0,0,0,0,0,0,0,0,0,0,0,0,0,0,0,0,,,,,
ROUTER,73,10,20,01/04/2026 17:41:00,50.00%,0,0,0,0,0,0,10,0,0,0,0,0,0,0,0,0,0,0,0,0,0,0,0,0,0,0,0,0,0,0,0,0,0,0,,,,,
FA08,40,4,15,01/04/2026 17:35:00,73.33%,0,0,0,0,0,2,2,0,0,0,0,0,0,0,0,0,0,0,0,0,0,0,0,0,0,0,0,0,0,0,0,0,0,0,,,,,
FA08,39,6,15,01/04/2026 17:35:00,60.00%,0,0,0,0,0,0,6,0,0,0,0,0,0,0,0,0,0,0,0,0,0,0,0,0,0,0,0,0,0,0,0,0,0,0,,,,,
P10,135,2,40,01/04/2026 17:21:00,95.00%,2000,80,45,50,0,0,2,0,0,0,0,0,0,0,0,0,0,0,0,0,0,0,0,0,0,0,0,0,0,0,0,0,0,0,,,,,
P10,133,7,40,01/04/2026 17:19:00,82.50%,2000,880,45,50,0,0,3,0,0,0,0,0,0,0,0,0,0,0,4,0,0,0,0,0,0,0,0,0,0,0,0,0,0,0,,,,,
P10,131,5,40,01/04/2026 17:16:00,87.50%,2000,880,45,50,0,0,5,0,0,0,0,0,0,0,0,0,0,0,0,0,0,0,0,0,0,0,0,0,0,0,0,0,0,0,,,,,
FA08,39,9,15,01/04/2026 17:06:00,40.00%,0,0,0,0,0,0,9,0,0,0,0,0,0,0,0,0,0,0,0,0,0,0,0,0,0,0,0,0,0,0,0,0,0,0,,,,,
P10,134,3,40,01/04/2026 16:55:00,92.50%,2000,880,45,50,0,0,3,0,0,0,0,0,0,0,0,0,0,0,0,0,0,0,0,0,0,0,0,0,0,0,0,0,0,0,,,,,
FA08,40,4,15,01/04/2026 16:55:00,73.33%,0,0,0,0,0,2,2,0,0,0,0,0,0,0,0,0,0,0,0,0,0,0,0,0,0,0,0,0,0,0,0,0,0,0,,,,,
P10,134,10,40,01/04/2026 16:39:00,75.00%,2000,880,45,50,0,0,5,0,0,0,0,0,0,0,0,0,0,0,5,0,0,0,0,0,0,0,0,0,0,0,0,0,0,0,,,,,
FA08,37,13,15,01/04/2026 16:36:00,13.33%,0,0,0,0,0,0,13,0,0,0,0,0,0,0,0,0,0,0,0,0,0,0,0,0,0,0,0,0,0,0,0,0,0,0,,,,,
P10,135,3,40,01/04/2026 16:35:00,92.50%,2000,80,45,50,0,0,3,0,0,0,0,0,0,0,0,0,0,0,0,0,0,0,0,0,0,0,0,0,0,0,0,0,0,0,,,,,
P10,136,20,40,01/04/2026 16:29:00,50.00%,200,80,45,50,20,0,0,0,0,0,0,0,0,0,0,0,0,0,0,0,0,0,0,0,0,0,0,0,0,0,0,0,0,0,,,,,
FA08,40,4,15,01/04/2026 16:15:00,73.33%,0,0,0,0,0,0,4,0,0,0,0,0,0,0,0,0,0,0,0,0,0,0,0,0,0,0,0,0,0,0,0,0,0,0,,,,,
P10,134,7,40,01/04/2026 16:08:00,82.50%,2000,880,45,50,0,0,4,0,0,0,0,0,0,0,0,0,0,0,3,0,0,0,0,0,0,0,0,0,0,0,0,0,0,0,,,,,
P10,136,2,40,01/04/2026 15:55:00,95.00%,200,80,45,50,0,0,2,0,0,0,0,0,0,0,0,0,0,0,0,0,0,0,0,0,0,0,0,0,0,0,0,0,0,0,,,,,
P10,132,8,40,01/04/2026 15:52:00,80.00%,2000,880,45,50,0,0,5,0,0,0,0,0,0,0,0,0,0,0,3,0,0,0,0,0,0,0,0,0,0,0,0,0,0,0,,,,,
FA08,39,8,15,01/04/2026 15:50:00,46.67%,0,0,0,0,0,0,8,0,0,0,0,0,0,0,0,0,0,0,0,0,0,0,0,0,0,0,0,0,0,0,0,0,0,0,,,,,
P10,135,5,40,01/04/2026 15:48:00,87.50%,2000,80,45,50,0,0,1,0,0,0,0,0,0,0,0,0,0,0,4,0,0,0,0,0,0,0,0,0,0,0,0,0,0,0,,,,,
FA08,37,13,15,01/04/2026 15:41:00,13.33%,0,0,0,0,0,0,13,0,0,0,0,0,0,0,0,0,0,0,0,0,0,0,0,0,0,0,0,0,0,0,0,0,0,0,,,,,
P10,135,1,40,01/04/2026 15:40:00,97.50%,2000,80,45,50,0,0,1,0,0,0,0,0,0,0,0,0,0,0,0,0,0,0,0,0,0,0,0,0,0,0,0,0,0,0,,,,,
P10,131,5,40,01/04/2026 15:36:00,87.50%,2000,880,45,50,0,0,5,0,0,0,0,0,0,0,0,0,0,0,0,0,0,0,0,0,0,0,0,0,0,0,0,0,0,0,,,,,
FA08,40,5,15,01/04/2026 15:36:00,66.67%,0,0,0,0,0,0,5,0,0,0,0,0,0,0,0,0,0,0,0,0,0,0,0,0,0,0,0,0,0,0,0,0,0,0,,,,,
P10,133,4,40,01/04/2026 15:33:00,90.00%,2000,880,45,50,0,0,4,0,0,0,0,0,0,0,0,0,0,0,0,0,0,0,0,0,0,0,0,0,0,0,0,0,0,0,,,,,
PR20,82,2,24,01/04/2026 15:05:00,91.67%,1400,1520,50,100,2,0,0,0,0,0,0,0,0,0,0,0,0,0,0,0,0,0,0,0,0,0,0,0,0,0,0,0,0,0,,,,,
PR20,83,5,24,01/04/2026 14:45:00,79.17%,1400,1520,50,100,2,0,1,0,0,0,0,0,0,0,0,0,0,0,0,0,0,0,0,0,0,0,2,0,0,0,0,0,0,0,,,,,
ROUTER,73,7,20,01/04/2026 14:38:00,65.00%,0,0,0,0,0,5,2,0,0,0,0,0,0,0,0,0,0,0,0,0,0,0,0,0,0,0,0,0,0,0,0,0,0,0,,,,,
P10,136,4,40,01/04/2026 14:35:00,90.00%,200,80,45,50,0,0,4,0,0,0,0,0,0,0,0,0,0,0,0,0,0,0,0,0,0,0,0,0,0,0,0,0,0,0,,,,,
PR20,80,4,24,01/04/2026 14:31:00,83.33%,1400,1520,50,100,4,0,0,0,0,0,0,0,0,0,0,0,0,0,0,0,0,0,0,0,0,0,0,0,0,0,0,0,0,0,,,,,
P10,136,3,40,01/04/2026 14:23:00,92.50%,200,80,45,50,0,0,3,0,0,0,0,0,0,0,0,0,0,0,0,0,0,0,0,0,0,0,0,0,0,0,0,0,0,0,,,,,
P10,133,5,40,01/04/2026 14:21:00,87.50%,2000,880,45,50,0,0,3,0,0,0,1,0,0,0,1,0,0,0,0,0,0,0,0,0,0,0,0,0,0,0,0,0,0,0,,,,,
LOCUS,47,20,25,01/04/2026 14:20:00,100.00%,0,0,0,0,0,0,0,0,19,0,0,0,0,0,0,0,0,0,0,0,1,0,0,0,0,0,0,0,0,0,0,0,0,0,,,,,
P10,132,9,40,01/04/2026 14:10:00,77.50%,2000,880,45,50,0,0,9,0,0,0,0,0,0,0,0,0,0,0,0,0,0,0,0,0,0,0,0,0,0,0,0,0,0,0,,,,,
P10,135,2,40,01/04/2026 14:07:00,95.00%,2000,80,45,50,0,0,2,0,0,0,0,0,0,0,0,0,0,0,0,0,0,0,0,0,0,0,0,0,0,0,0,0,0,0,,,,,
ROUTER,74,10,20,01/04/2026 13:48:00,50.00%,0,0,0,0,10,0,0,0,0,0,0,0,0,0,0,0,0,0,0,0,0,0,0,0,0,0,0,0,0,0,0,0,0,0,,,,,
PR20,83,3,24,01/04/2026 13:43:00,87.50%,1400,1520,50,100,1,0,0,0,0,0,0,0,0,0,0,0,0,0,0,0,0,1,0,0,0,0,1,0,0,0,0,0,0,0,,,,,
PR20,83,2,24,01/04/2026 13:38:00,91.67%,1400,1520,50,100,1,0,0,0,0,0,0,0,0,0,0,0,0,0,0,0,0,1,0,0,0,0,0,0,0,0,0,0,0,0,,,,,
ROUTER,71,5,20,01/04/2026 13:25:00,100.00%,0,0,0,0,0,5,0,0,0,0,0,0,0,0,0,0,0,0,0,0,0,0,0,0,0,0,0,0,0,0,0,0,0,0,,,,,
PR20,82,2,24,01/04/2026 13:15:00,91.67%,1400,1520,50,100,2,0,0,0,0,0,0,0,0,0,0,0,0,0,0,0,0,0,0,0,0,0,0,0,0,0,0,0,0,0,,,,,
ROUTER,73,3,20,01/04/2026 13:06:00,85.00%,0,0,0,0,0,0,3,0,0,0,0,0,0,0,0,0,0,0,0,0,0,0,0,0,0,0,0,0,0,0,0,0,0,0,,,,,
P10,135,2,40,01/04/2026 13:04:00,95.00%,2000,80,45,50,0,0,2,0,0,0,0,0,0,0,0,0,0,0,0,0,0,0,0,0,0,0,0,0,0,0,0,0,0,0,,,,,
P10,131,4,40,01/04/2026 13:00:00,90.00%,2000,880,45,50,0,0,4,0,0,0,0,0,0,0,0,0,0,0,0,0,0,0,0,0,0,0,0,0,0,0,0,0,0,0,,,,,
P10,132,3,40,01/04/2026 12:53:00,92.50%,2000,880,45,50,0,0,3,0,0,0,0,0,0,0,0,0,0,0,0,0,0,0,0,0,0,0,0,0,0,0,0,0,0,0,,,,,
P10,135,7,40,01/04/2026 12:49:00,82.50%,2000,80,45,50,0,0,7,0,0,0,0,0,0,0,0,0,0,0,0,0,0,0,0,0,0,0,0,0,0,0,0,0,0,0,,,,,
P10,132,5,40,01/04/2026 12:39:00,87.50%,2000,880,45,50,0,0,5,0,0,0,0,0,0,0,0,0,0,0,0,0,0,0,0,0,0,0,0,0,0,0,0,0,0,0,,,,,
P10,134,6,40,01/04/2026 12:32:00,85.00%,2000,880,45,50,3,0,3,0,0,0,0,0,0,0,0,0,0,0,0,0,0,0,0,0,0,0,0,0,0,0,0,0,0,0,,,,,
P10,136,3,40,01/04/2026 12:14:00,92.50%,200,80,45,50,0,0,3,0,0,0,0,0,0,0,0,0,0,0,0,0,0,0,0,0,0,0,0,0,0,0,0,0,0,0,,,,,
P10,133,6,40,01/04/2026 12:11:00,85.00%,2000,880,45,50,0,0,6,0,0,0,0,0,0,0,0,0,0,0,0,0,0,0,0,0,0,0,0,0,0,0,0,0,0,0,,,,,
P10,131,5,40,01/04/2026 12:04:00,87.50%,2000,880,45,50,0,0,5,0,0,0,0,0,0,0,0,0,0,0,0,0,0,0,0,0,0,0,0,0,0,0,0,0,0,0,,,,,
P10,133,3,40,01/04/2026 12:00:00,92.50%,2000,880,45,50,1,0,2,0,0,0,0,0,0,0,0,0,0,0,0,0,0,0,0,0,0,0,0,0,0,0,0,0,0,0,,,,,
P10,134,4,40,01/04/2026 11:18:00,90.00%,2000,880,45,50,0,0,4,0,0,0,0,0,0,0,0,0,0,0,0,0,0,0,0,0,0,0,0,0,0,0,0,0,0,0,,,,,
P10,134,5,40,01/04/2026 11:11:00,87.50%,2000,880,45,50,0,0,4,0,0,0,0,0,1,0,0,0,0,0,0,0,0,0,0,0,0,0,0,0,0,0,0,0,0,0,,,,,
ROUTER,71,9,20,01/04/2026 11:09:00,100.00%,0,0,0,0,6,3,0,0,0,0,0,0,0,0,0,0,0,0,0,0,0,0,0,0,0,0,0,0,0,0,0,0,0,0,,,,,
PR20,83,22,24,01/04/2026 11:07:00,8.33%,1400,1520,50,100,5,0,17,0,0,0,0,0,0,0,0,0,0,0,0,0,0,0,0,0,0,0,0,0,0,0,0,0,0,0,,,,,
P10,133,5,40,01/04/2026 11:06:00,87.50%,2000,880,45,50,1,0,4,0,0,0,0,0,0,0,0,0,0,0,0,0,0,0,0,0,0,0,0,0,0,0,0,0,0,0,,,,,
P10,134,3,40,01/04/2026 11:04:00,92.50%,2000,880,45,50,0,0,3,0,0,0,0,0,0,0,0,0,0,0,0,0,0,0,0,0,0,0,0,0,0,0,0,0,0,0,,,,,
ROUTER,73,11,20,01/04/2026 10:59:00,45.00%,0,0,0,0,11,0,0,0,0,0,0,0,0,0,0,0,0,0,0,0,0,0,0,0,0,0,0,0,0,0,0,0,0,0,,,,,
P10,136,5,40,01/04/2026 10:58:00,87.50%,200,80,45,50,0,0,5,0,0,0,0,0,0,0,0,0,0,0,0,0,0,0,0,0,0,0,0,0,0,0,0,0,0,0,,,,,
P10,13,2,40,01/04/2026 10:49:00,95.00%,2000,80,45,50,0,0,2,0,0,0,0,0,0,0,0,0,0,0,0,0,0,0,0,0,0,0,0,0,0,0,0,0,0,0,,,,,
ROUTER,72,2,20,01/04/2026 10:47:00,100.00%,0,0,0,0,0,2,0,0,0,0,0,0,0,0,0,0,0,0,0,0,0,0,0,0,0,0,0,0,0,0,0,0,0,0,,,,,
P10,134,3,40,01/04/2026 10:46:00,92.50%,2000,880,45,50,0,0,3,0,0,0,0,0,0,0,0,0,0,0,0,0,0,0,0,0,0,0,0,0,0,0,0,0,0,0,,,,,
P10,136,2,40,01/04/2026 10:43:00,95.00%,200,80,45,50,0,0,2,0,0,0,0,0,0,0,0,0,0,0,0,0,0,0,0,0,0,0,0,0,0,0,0,0,0,0,,,,,
PR20,80,3,24,01/04/2026 10:38:00,87.50%,1400,1520,50,100,3,0,0,0,0,0,0,0,0,0,0,0,0,0,0,0,0,0,0,0,0,0,0,0,0,0,0,0,0,0,,,,,
P10,136,6,40,01/04/2026 10:36:00,85.00%,200,80,45,50,1,0,5,0,0,0,0,0,0,0,0,0,0,0,0,0,0,0,0,0,0,0,0,0,0,0,0,0,0,0,,,,,
ROUTER,73,8,20,01/04/2026 10:31:00,60.00%,0,0,0,0,4,4,0,0,0,0,0,0,0,0,0,0,0,0,0,0,0,0,0,0,0,0,0,0,0,0,0,0,0,0,,,,,
P10,133,3,40,01/04/2026 10:31:00,92.50%,2000,880,45,50,0,0,3,0,0,0,0,0,0,0,0,0,0,0,0,0,0,0,0,0,0,0,0,0,0,0,0,0,0,0,,,,,
P10,132,8,40,01/04/2026 10:28:00,80.00%,2000,880,45,50,0,0,8,0,0,0,0,0,0,0,0,0,0,0,0,0,0,0,0,0,0,0,0,0,0,0,0,0,0,0,,,,,
P10,131,30,40,01/04/2026 10:26:00,25.00%,2000,880,45,50,30,0,0,0,0,0,0,0,0,0,0,0,0,0,0,0,0,0,0,0,0,0,0,0,0,0,0,0,0,0,,,,,
ROUTER,74,3,20,01/04/2026 10:25:00,100.00%,0,0,0,0,3,0,0,0,0,0,0,0,0,0,0,0,0,0,0,0,0,0,0,0,0,0,0,0,0,0,0,0,0,0,,,,,
P10,134,1,40,01/04/2026 10:22:00,97.50%,2000,880,45,50,0,0,1,0,0,0,0,0,0,0,0,0,0,0,0,0,0,0,0,0,0,0,0,0,0,0,0,0,0,0,,,,,
PR20,82,6,24,01/04/2026 10:19:00,75.00%,1400,1520,50,100,2,1,3,0,0,0,0,0,0,0,0,0,0,0,0,0,0,0,0,0,0,0,0,0,0,0,0,0,0,0,,,,,
PR20,83,4,24,01/04/2026 10:08:00,83.33%,1400,1520,50,100,4,0,0,0,0,0,0,0,0,0,0,0,0,0,0,0,0,0,0,0,0,0,0,0,0,0,0,0,0,0,,,,,
P10,136,1,40,01/04/2026 10:02:00,97.50%,200,80,45,50,0,0,1,0,0,0,0,0,0,0,0,0,0,0,0,0,0,0,0,0,0,0,0,0,0,0,0,0,0,0,,,,,
P10,135,1,40,01/04/2026 09:59:00,97.50%,2000,80,45,50,0,0,1,0,0,0,0,0,0,0,0,0,0,0,0,0,0,0,0,0,0,0,0,0,0,0,0,0,0,0,,,,,
P10,131,2,40,01/04/2026 09:56:00,95.00%,2000,880,45,50,0,0,2,0,0,0,0,0,0,0,0,0,0,0,0,0,0,0,0,0,0,0,0,0,0,0,0,0,0,0,,,,,
ROUTER,72,3,20,01/04/2026 09:55:00,100.00%,0,0,0,0,1,2,0,0,0,0,0,0,0,0,0,0,0,0,0,0,0,0,0,0,0,0,0,0,0,0,0,0,0,0,,,,,
P10,133,7,40,01/04/2026 09:54:00,82.50%,2000,880,45,50,0,0,7,0,0,0,0,0,0,0,0,0,0,0,0,0,0,0,0,0,0,0,0,0,0,0,0,0,0,0,,,,,
P10,134,7,40,01/04/2026 09:52:00,82.50%,2000,880,45,50,4,0,3,0,0,0,0,0,0,0,0,0,0,0,0,0,0,0,0,0,0,0,0,0,0,0,0,0,0,0,,,,,
PR20,80,3,24,01/04/2026 09:17:00,87.50%,1400,1520,50,100,2,0,1,0,0,0,0,0,0,0,0,0,0,0,0,0,0,0,0,0,0,0,0,0,0,0,0,0,0,0,,,,,
PR20,82,2,24,01/04/2026 09:01:00,91.67%,1400,1520,50,100,2,0,0,0,0,0,0,0,0,0,0,0,0,0,0,0,0,0,0,0,0,0,0,0,0,0,0,0,0,0,,,,,
ROUTER,71,17,20,01/04/2026 08:38:00,15.00%,0,0,0,0,0,0,0,0,17,0,0,0,0,0,0,0,0,0,0,0,0,0,0,0,0,0,0,0,0,0,0,0,0,0,,,,,
PR20,83,9,24,01/04/2026 08:37:00,62.50%,1400,1520,50,100,3,0,1,0,0,1,0,0,0,0,0,0,0,0,0,0,0,0,0,0,0,0,0,0,0,0,0,0,0,4,,,,,
P10,133,19,40,01/04/2026 08:29:00,52.50%,2000,880,45,50,19,0,0,0,0,0,0,0,0,0,0,0,0,0,0,0,0,0,0,0,0,0,0,0,0,0,0,0,0,0,,,,,
P10,133,8,40,01/04/2026 08:27:00,80.00%,2000,880,45,50,6,0,2,0,0,0,0,0,0,0,0,0,0,0,0,0,0,0,0,0,0,0,0,0,0,0,0,0,0,0,,,,,
PR20,82,8,24,01/04/2026 08:25:00,66.67%,1400,1520,50,100,2,0,5,0,0,1,0,0,0,0,0,0,0,0,0,0,0,0,0,0,0,0,0,0,0,0,0,0,0,0,,,,,
P10,136,3,40,01/04/2026 08:18:00,92.50%,200,80,45,50,0,0,3,0,0,0,0,0,0,0,0,0,0,0,0,0,0,0,0,0,0,0,0,0,0,0,0,0,0,0,,,,,
P10,133,13,40,01/04/2026 08:01:00,67.50%,2000,880,45,50,0,0,13,0,0,0,0,0,0,0,0,0,0,0,0,0,0,0,0,0,0,0,0,0,0,0,0,0,0,0,,,,,
PR20,82,4,24,01/04/2026 07:58:00,83.33%,1400,1520,50,100,2,0,2,0,0,0,0,0,0,0,0,0,0,0,0,0,0,0,0,0,0,0,0,0,0,0,0,0,0,0,,,,,
P10,135,9,40,01/04/2026 07:57:00,77.50%,2000,80,45,50,0,0,9,0,0,0,0,0,0,0,0,0,0,0,0,0,0,0,0,0,0,0,0,0,0,0,0,0,0,0,,,,,
P10,132,10,40,01/04/2026 07:44:00,75.00%,2000,880,45,50,2,0,8,0,0,0,0,0,0,0,0,0,0,0,0,0,0,0,0,0,0,0,0,0,0,0,0,0,0,0,,,,,
PR20,83,7,24,01/04/2026 07:38:00,70.83%,1400,1520,50,100,1,3,0,0,0,0,0,0,0,0,0,0,0,0,0,0,0,0,0,0,0,0,0,0,0,0,0,0,0,3,,,,,
P10,135,9,40,01/04/2026 07:32:00,77.50%,2000,80,45,50,5,0,4,0,0,0,0,0,0,0,0,0,0,0,0,0,0,0,0,0,0,0,0,0,0,0,0,0,0,0,,,,,
P10,133,8,40,01/04/2026 07:21:00,80.00%,2000,880,45,50,4,0,4,0,0,0,0,0,0,0,0,0,0,0,0,0,0,0,0,0,0,0,0,0,0,0,0,0,0,0,,,,,
PR20,80,3,24,01/04/2026 07:20:00,87.50%,1400,1520,50,100,1,0,0,0,0,0,0,0,0,0,0,0,0,0,0,0,0,1,0,0,0,0,0,0,0,0,0,0,0,1,,,,,
P10,134,5,40,01/04/2026 07:05:00,87.50%,2000,880,45,50,3,0,2,0,0,0,0,0,0,0,0,0,0,0,0,0,0,0,0,0,0,0,0,0,0,0,0,0,0,0,,,,,
P10,131,7,40,01/04/2026 06:54:00,82.50%,2000,880,45,50,4,0,3,0,0,0,0,0,0,0,0,0,0,0,0,0,0,0,0,0,0,0,0,0,0,0,0,0,0,0,,,,,
P10,134,4,40,31/03/2026 23:09:00,90.00%,2000,880,45,50,0,0,3,0,0,0,0,0,0,0,1,0,0,0,0,0,0,0,0,0,0,0,0,0,0,0,0,0,0,0,,,,,
FA08,39,5,15,31/03/2026 22:47:00,66.67%,0,0,0,0,0,0,5,0,0,0,0,0,0,0,0,0,0,0,0,0,0,0,0,0,0,0,0,0,0,0,0,0,0,0,,,,,
P10,132,10,40,31/03/2026 22:44:00,75.00%,2000,880,45,50,4,0,6,0,0,0,0,0,0,0,0,0,0,0,0,0,0,0,0,0,0,0,0,0,0,0,0,0,0,0,,,,,
P10,134,13,40,31/03/2026 22:38:00,67.50%,2000,880,45,50,4,0,9,0,0,0,0,0,0,0,0,0,0,0,0,0,0,0,0,0,0,0,0,0,0,0,0,0,0,0,,,,,
P10,132,10,40,31/03/2026 22:29:00,75.00%,2000,880,45,50,7,0,3,0,0,0,0,0,0,0,0,0,0,0,0,0,0,0,0,0,0,0,0,0,0,0,0,0,0,0,,,,,
P10,131,8,40,31/03/2026 22:11:00,80.00%,2000,880,45,50,7,0,1,0,0,0,0,0,0,0,0,0,0,0,0,0,0,0,0,0,0,0,0,0,0,0,0,0,0,0,,,,,
P10,132,31,40,31/03/2026 21:39:00,22.50%,2000,880,45,50,28,0,3,0,0,0,0,0,0,0,0,0,0,0,0,0,0,0,0,0,0,0,0,0,0,0,0,0,0,0,,,,,
0,102,32,0,31/03/2026 21:38:00,0,0,0,0,0,29,0,3,0,0,0,0,0,0,0,0,0,0,0,0,0,0,0,0,0,0,0,0,0,0,0,0,0,0,0,,,,,
P10,131,17,40,31/03/2026 21:21:00,57.50%,2000,880,45,50,12,0,5,0,0,0,0,0,0,0,0,0,0,0,0,0,0,0,0,0,0,0,0,0,0,0,0,0,0,0,,,,,
P10,136,5,40,31/03/2026 21:17:00,87.50%,200,80,45,50,1,0,4,0,0,0,0,0,0,0,0,0,0,0,0,0,0,0,0,0,0,0,0,0,0,0,0,0,0,0,,,,,
FA08,37,11,15,31/03/2026 21:05:00,26.67%,0,0,0,0,0,1,8,0,0,0,0,0,0,0,0,0,0,0,0,0,0,0,0,0,0,0,2,0,0,0,0,0,0,0,,,,,
P10,132,16,40,31/03/2026 20:44:00,60.00%,2000,880,45,50,11,0,5,0,0,0,0,0,0,0,0,0,0,0,0,0,0,0,0,0,0,0,0,0,0,0,0,0,0,0,,,,,
FA08,39,12,15,31/03/2026 20:39:00,20.00%,0,0,0,0,0,6,6,0,0,0,0,0,0,0,0,0,0,0,0,0,0,0,0,0,0,0,0,0,0,0,0,0,0,0,,,,,
P10,134,19,40,31/03/2026 20:30:00,52.50%,2000,880,45,50,11,0,8,0,0,0,0,0,0,0,0,0,0,0,0,0,0,0,0,0,0,0,0,0,0,0,0,0,0,0,,,,,
FA08,40,7,15,31/03/2026 20:29:00,53.33%,0,0,0,0,0,0,7,0,0,0,0,0,0,0,0,0,0,0,0,0,0,0,0,0,0,0,0,0,0,0,0,0,0,0,,,,,
P10,135,16,40,31/03/2026 20:18:00,60.00%,2000,80,45,50,8,0,8,0,0,0,0,0,0,0,0,0,0,0,0,0,0,0,0,0,0,0,0,0,0,0,0,0,0,0,,,,,
FA08,37,7,15,31/03/2026 20:11:00,53.33%,0,0,0,0,0,0,7,0,0,0,0,0,0,0,0,0,0,0,0,0,0,0,0,0,0,0,0,0,0,0,0,0,0,0,,,,,
P10,135,16,40,31/03/2026 19:57:00,60.00%,2000,80,45,50,14,0,2,0,0,0,0,0,0,0,0,0,0,0,0,0,0,0,0,0,0,0,0,0,0,0,0,0,0,0,,,,,
P10,132,14,40,31/03/2026 19:46:00,65.00%,2000,880,45,50,11,0,3,0,0,0,0,0,0,0,0,0,0,0,0,0,0,0,0,0,0,0,0,0,0,0,0,0,0,0,,,,,
FA08,40,10,15,31/03/2026 19:39:00,33.33%,0,0,0,0,0,6,4,0,0,0,0,0,0,0,0,0,0,0,0,0,0,0,0,0,0,0,0,0,0,0,0,0,0,0,,,,,
FA08,37,9,15,31/03/2026 19:27:00,40.00%,0,0,0,0,0,3,6,0,0,0,0,0,0,0,0,0,0,0,0,0,0,0,0,0,0,0,0,0,0,0,0,0,0,0,,,,,
FA08,39,5,15,31/03/2026 19:24:00,66.67%,0,0,0,0,5,0,0,0,0,0,0,0,0,0,0,0,0,0,0,0,0,0,0,0,0,0,0,0,0,0,0,0,0,0,,,,,
P10,135,11,40,31/03/2026 19:24:00,72.50%,2000,80,45,50,9,0,2,0,0,0,0,0,0,0,0,0,0,0,0,0,0,0,0,0,0,0,0,0,0,0,0,0,0,0,,,,,
P10,132,16,40,31/03/2026 19:16:00,60.00%,2000,880,45,50,11,0,5,0,0,0,0,0,0,0,0,0,0,0,0,0,0,0,0,0,0,0,0,0,0,0,0,0,0,0,,,,,
P10,134,10,40,31/03/2026 18:08:00,75.00%,2000,880,45,50,5,0,5,0,0,0,0,0,0,0,0,0,0,0,0,0,0,0,0,0,0,0,0,0,0,0,0,0,0,0,,,,,
P10,133,10,40,31/03/2026 18:01:00,75.00%,2000,880,45,50,7,0,3,0,0,0,0,0,0,0,0,0,0,0,0,0,0,0,0,0,0,0,0,0,0,0,0,0,0,0,,,,,
FA08,40,5,15,31/03/2026 17:55:00,66.67%,0,0,0,0,0,0,5,0,0,0,0,0,0,0,0,0,0,0,0,0,0,0,0,0,0,0,0,0,0,0,0,0,0,0,,,,,
P10,131,8,40,31/03/2026 17:53:00,80.00%,2000,880,45,50,8,0,0,0,0,0,0,0,0,0,0,0,0,0,0,0,0,0,0,0,0,0,0,0,0,0,0,0,0,0,,,,,
FA08,37,6,15,31/03/2026 17:45:00,60.00%,0,0,0,0,0,0,6,0,0,0,0,0,0,0,0,0,0,0,0,0,0,0,0,0,0,0,0,0,0,0,0,0,0,0,,,,,
ROUTER,70,11,20,31/03/2026 17:44:00,45.00%,0,0,0,0,11,0,0,0,0,0,0,0,0,0,0,0,0,0,0,0,0,0,0,0,0,0,0,0,0,0,0,0,0,0,,,,,
ROUTER,72,3,20,31/03/2026 17:36:00,85.00%,0,0,0,0,3,0,0,0,0,0,0,0,0,0,0,0,0,0,0,0,0,0,0,0,0,0,0,0,0,0,0,0,0,0,,,,,
ROUTER,74,19,20,31/03/2026 17:26:00,5.00%,0,0,0,0,19,0,0,0,0,0,0,0,0,0,0,0,0,0,0,0,0,0,0,0,0,0,0,0,0,0,0,0,0,0,,,,,
ROUTER,74,19,20,31/03/2026 17:25:00,5.00%,0,0,0,0,0,19,0,0,0,0,0,0,0,0,0,0,0,0,0,0,0,0,0,0,0,0,0,0,0,0,0,0,0,0,,,,,
FA08,40,4,15,31/03/2026 17:23:00,73.33%,0,0,0,0,0,0,4,0,0,0,0,0,0,0,0,0,0,0,0,0,0,0,0,0,0,0,0,0,0,0,0,0,0,0,,,,,
FA08,52,6,15,31/03/2026 17:11:00,60.00%,0,0,0,0,0,0,6,0,0,0,0,0,0,0,0,0,0,0,0,0,0,0,0,0,0,0,0,0,0,0,0,0,0,0,,,,,
ROUTER,72,2,20,31/03/2026 17:02:00,90.00%,0,0,0,0,0,0,2,0,0,0,0,0,0,0,0,0,0,0,0,0,0,0,0,0,0,0,0,0,0,0,0,0,0,0,,,,,
FA08,37,5,15,31/03/2026 17:01:00,66.67%,0,0,0,0,0,0,5,0,0,0,0,0,0,0,0,0,0,0,0,0,0,0,0,0,0,0,0,0,0,0,0,0,0,0,,,,,
FA08,39,6,15,31/03/2026 16:55:00,60.00%,0,0,0,0,0,0,6,0,0,0,0,0,0,0,0,0,0,0,0,0,0,0,0,0,0,0,0,0,0,0,0,0,0,0,,,,,
FA08,40,4,15,31/03/2026 16:47:00,73.33%,0,0,0,0,0,0,4,0,0,0,0,0,0,0,0,0,0,0,0,0,0,0,0,0,0,0,0,0,0,0,0,0,0,0,,,,,
FA08,37,6,15,31/03/2026 16:31:00,60.00%,0,0,0,0,0,0,6,0,0,0,0,0,0,0,0,0,0,0,0,0,0,0,0,0,0,0,0,0,0,0,0,0,0,0,,,,,
FA08,52,6,15,31/03/2026 16:22:00,60.00%,0,0,0,0,0,0,4,0,0,0,0,0,0,0,0,0,0,0,0,0,0,0,0,0,0,0,0,0,2,0,0,0,0,0,,,,,
ROUTER,74,3,20,31/03/2026 16:15:00,85.00%,0,0,0,0,2,0,1,0,0,0,0,0,0,0,0,0,0,0,0,0,0,0,0,0,0,0,0,0,0,0,0,0,0,0,,,,,
FA08,40,8,15,31/03/2026 16:08:00,46.67%,0,0,0,0,0,1,7,0,0,0,0,0,0,0,0,0,0,0,0,0,0,0,0,0,0,0,0,0,0,0,0,0,0,0,,,,,
ROUTER,73,8,20,31/03/2026 16:03:00,60.00%,0,0,0,0,2,2,4,0,0,0,0,0,0,0,0,0,0,0,0,0,0,0,0,0,0,0,0,0,0,0,0,0,0,0,,,,,
FA08,39,6,15,31/03/2026 15:57:00,60.00%,0,0,0,0,0,0,6,0,0,0,0,0,0,0,0,0,0,0,0,0,0,0,0,0,0,0,0,0,0,0,0,0,0,0,,,,,
FA08,37,6,15,31/03/2026 15:54:00,60.00%,0,0,0,0,0,0,6,0,0,0,0,0,0,0,0,0,0,0,0,0,0,0,0,0,0,0,0,0,0,0,0,0,0,0,,,,,
PR20,82,4,24,31/03/2026 15:46:00,83.33%,1400,1520,50,100,4,0,0,0,0,0,0,0,0,0,0,0,0,0,0,0,0,0,0,0,0,0,0,0,0,0,0,0,0,0,,,,,
PR20,80,4,24,31/03/2026 14:53:00,83.33%,1400,1520,50,100,2,0,2,0,0,0,0,0,0,0,0,0,0,0,0,0,0,0,0,0,0,0,0,0,0,0,0,0,0,0,,,,,
ROUTER,72,14,20,31/03/2026 14:50:00,30.00%,0,0,0,0,12,0,0,0,0,0,0,0,0,0,0,0,0,0,0,0,0,2,0,0,0,0,0,0,0,0,0,0,0,0,,,,,
PR20,83,6,24,31/03/2026 14:43:00,75.00%,1400,1520,50,100,4,0,0,0,0,0,0,0,0,0,0,0,0,0,0,0,0,0,0,0,0,0,2,0,0,0,0,0,0,0,,,,,
ROUTER,72,1,20,31/03/2026 14:30:00,95.00%,0,0,0,0,1,0,0,0,0,0,0,0,0,0,0,0,0,0,0,0,0,0,0,0,0,0,0,0,0,0,0,0,0,0,,,,,
ROUTER,71,16,20,31/03/2026 14:28:00,20.00%,0,0,0,0,9,0,7,0,0,0,0,0,0,0,0,0,0,0,0,0,0,0,0,0,0,0,0,0,0,0,0,0,0,0,,,,,
PR20,82,4,24,31/03/2026 14:15:00,83.33%,1400,1520,50,100,4,0,0,0,0,0,0,0,0,0,0,0,0,0,0,0,0,0,0,0,0,0,0,0,0,0,0,0,0,0,,,,,
PR20,80,5,24,31/03/2026 14:07:00,79.17%,1400,1520,50,100,4,0,1,0,0,0,0,0,0,0,0,0,0,0,0,0,0,0,0,0,0,0,0,0,0,0,0,0,0,0,,,,,
FA08,40,5,15,31/03/2026 14:05:00,66.67%,0,0,0,0,0,0,5,0,0,0,0,0,0,0,0,0,0,0,0,0,0,0,0,0,0,0,0,0,0,0,0,0,0,0,,,,,
ROUTER,72,2,20,31/03/2026 13:54:00,100.00%,0,0,0,0,0,0,1,0,0,0,0,0,0,0,0,0,0,0,1,0,0,0,0,0,0,0,0,0,0,0,0,0,0,0,,,,,
PR20,83,3,24,31/03/2026 13:35:00,87.50%,1400,1520,50,100,2,0,1,0,0,0,0,0,0,0,0,0,0,0,0,0,0,0,0,0,0,0,0,0,0,0,0,0,0,0,,,,,
ROUTER,72,2,20,31/03/2026 13:34:00,90.00%,0,0,0,0,2,0,0,0,0,0,0,0,0,0,0,0,0,0,0,0,0,0,0,0,0,0,0,0,0,0,0,0,0,0,,,,,
PR20,80,4,24,31/03/2026 13:22:00,83.33%,1400,1520,50,100,3,0,0,0,0,0,0,0,0,0,0,0,0,0,0,0,0,0,0,0,0,0,1,0,0,0,0,0,0,0,,,,,
FA08,39,6,15,31/03/2026 13:10:00,60.00%,0,0,0,0,6,0,0,0,0,0,0,0,0,0,0,0,0,0,0,0,0,0,0,0,0,0,0,0,0,0,0,0,0,0,,,,,
PR20,82,12,24,31/03/2026 11:09:00,50.00%,1400,1520,50,100,3,0,0,0,0,0,0,0,0,0,0,0,0,0,0,0,0,0,0,0,0,0,0,0,0,0,0,0,0,9,,,,,
PR20,83,10,24,31/03/2026 10:32:00,58.33%,1400,1520,50,100,0,0,0,0,0,0,0,0,0,0,0,0,0,0,0,0,0,0,0,0,0,0,0,0,0,0,0,0,0,10,,,,,
FA08,40,11,15,31/03/2026 10:30:00,26.67%,0,0,0,0,11,0,0,0,0,0,0,0,0,0,0,0,0,0,0,0,0,0,0,0,0,0,0,0,0,0,0,0,0,0,,,,,
ROUTER,74,20,20,31/03/2026 10:21:00,0,0,0,0,0,20,0,0,0,0,0,0,0,0,0,0,0,0,0,0,0,0,0,0,0,0,0,0,0,0,0,0,0,0,0,,,,,
ROUTER,71,5,20,31/03/2026 10:14:00,75.00%,0,0,0,0,5,0,0,0,0,0,0,0,0,0,0,0,0,0,0,0,0,0,0,0,0,0,0,0,0,0,0,0,0,0,,,,,
ROUTER,72,20,20,31/03/2026 10:13:00,0,0,0,0,0,20,0,0,0,0,0,0,0,0,0,0,0,0,0,0,0,0,0,0,0,0,0,0,0,0,0,0,0,0,0,,,,,
PR20,80,11,24,31/03/2026 10:09:00,54.17%,1400,1520,50,100,0,0,0,0,0,0,0,0,0,0,0,0,0,0,0,0,0,0,0,0,0,0,0,0,0,0,0,0,0,11,,,,,
PR20,82,6,24,31/03/2026 09:59:00,75.00%,1400,1520,50,100,1,0,1,0,0,0,0,0,0,0,0,0,0,0,0,0,0,0,0,0,0,0,0,0,0,0,0,0,0,4,,,,,
ROUTER,73,20,20,31/03/2026 09:45:00,0,0,0,0,0,20,0,0,0,0,0,0,0,0,0,0,0,0,0,0,0,0,0,0,0,0,0,0,0,0,0,0,0,0,0,,,,,
ROUTER,74,20,20,31/03/2026 09:43:00,0,0,0,0,0,20,0,0,0,0,0,0,0,0,0,0,0,0,0,0,0,0,0,0,0,0,0,0,0,0,0,0,0,0,0,,,,,
ROUTER,73,20,20,31/03/2026 09:43:00,0,0,0,0,0,20,0,0,0,0,0,0,0,0,0,0,0,0,0,0,0,0,0,0,0,0,0,0,0,0,0,0,0,0,0,,,,,
PR20,80,12,24,31/03/2026 09:16:00,50.00%,1400,1520,50,100,6,0,3,0,0,0,0,0,0,0,0,0,0,0,0,0,0,0,0,0,0,0,0,0,0,0,0,0,0,3,,,,,
PR20,83,13,24,31/03/2026 08:55:00,45.83%,1400,1520,50,100,0,0,0,0,0,0,0,0,0,0,0,0,0,0,0,0,0,0,0,0,0,0,0,0,0,0,0,0,0,13,,,,,
PR20,82,4,24,31/03/2026 08:48:00,83.33%,1400,1520,50,100,1,0,1,0,0,0,0,0,0,0,0,0,0,0,0,0,0,0,0,0,0,0,0,0,0,0,0,0,0,2,,,,,
PR20,80,14,24,31/03/2026 08:13:00,41.67%,1400,1520,50,100,1,0,3,0,0,0,0,0,0,0,0,0,0,0,0,0,0,0,0,0,0,0,0,0,0,0,0,0,0,10,,,,,
ROUTER,72,2,20,31/03/2026 08:08:00,100.00%,0,0,0,0,0,2,0,0,0,0,0,0,0,0,0,0,0,0,0,0,0,0,0,0,0,0,0,0,0,0,0,0,0,0,,,,,
PR20,83,1,24,31/03/2026 07:56:00,95.83%,1400,1520,50,100,0,0,1,0,0,0,0,0,0,0,0,0,0,0,0,0,0,0,0,0,0,0,0,0,0,0,0,0,0,0,,,,,
PR20,83,10,24,31/03/2026 07:49:00,58.33%,1400,1520,50,100,0,0,1,0,0,0,0,0,0,0,0,0,0,0,0,0,0,0,0,0,0,0,0,0,0,0,0,0,0,9,,,,,
ROUTER,72,1,20,31/03/2026 07:42:00,100.00%,0,0,0,0,0,0,1,0,0,0,0,0,0,0,0,0,0,0,0,0,0,0,0,0,0,0,0,0,0,0,0,0,0,0,,,,,
PR20,82,7,24,31/03/2026 07:38:00,70.83%,1400,1520,50,100,1,0,1,0,0,0,0,0,0,0,0,0,0,0,0,0,0,0,0,0,0,0,0,0,0,0,0,0,0,5,,,,,
PR20,80,11,24,31/03/2026 07:19:00,54.17%,1400,1520,50,100,1,0,3,0,0,0,0,0,0,0,0,0,0,0,0,0,0,0,0,0,0,0,0,0,0,0,0,0,0,7,,,,,
FA08,37,5,15,30/03/2026 23:05:00,66.67%,0,0,0,0,0,0,5,0,0,0,0,0,0,0,0,0,0,0,0,0,0,0,0,0,0,0,0,0,0,0,0,0,0,0,,,,,
P10,136,3,40,30/03/2026 23:02:00,92.50%,200,80,45,50,0,0,3,0,0,0,0,0,0,0,0,0,0,0,0,0,0,0,0,0,0,0,0,0,0,0,0,0,0,0,,,,,
P10,134,3,40,30/03/2026 23:00:00,92.50%,2000,880,45,50,0,0,3,0,0,0,0,0,0,0,0,0,0,0,0,0,0,0,0,0,0,0,0,0,0,0,0,0,0,0,,,,,
P10,135,3,40,30/03/2026 22:57:00,92.50%,2000,80,45,50,0,0,3,0,0,0,0,0,0,0,0,0,0,0,0,0,0,0,0,0,0,0,0,0,0,0,0,0,0,0,,,,,
FA08,39,4,15,30/03/2026 22:56:00,73.33%,0,0,0,0,0,0,4,0,0,0,0,0,0,0,0,0,0,0,0,0,0,0,0,0,0,0,0,0,0,0,0,0,0,0,,,,,
FA08,40,5,15,30/03/2026 22:45:00,66.67%,0,0,0,0,0,0,5,0,0,0,0,0,0,0,0,0,0,0,0,0,0,0,0,0,0,0,0,0,0,0,0,0,0,0,,,,,
FA08,37,10,15,30/03/2026 22:26:00,33.33%,0,0,0,0,4,0,6,0,0,0,0,0,0,0,0,0,0,0,0,0,0,0,0,0,0,0,0,0,0,0,0,0,0,0,,,,,
ROUTER,74,4,20,30/03/2026 22:16:00,80.00%,0,0,0,0,2,1,1,0,0,0,0,0,0,0,0,0,0,0,0,0,0,0,0,0,0,0,0,0,0,0,0,0,0,0,,,,,
FA08,39,6,15,30/03/2026 22:16:00,60.00%,0,0,0,0,1,0,5,0,0,0,0,0,0,0,0,0,0,0,0,0,0,0,0,0,0,0,0,0,0,0,0,0,0,0,,,,,
FA08,52,6,15,30/03/2026 22:12:00,60.00%,0,0,0,0,3,0,3,0,0,0,0,0,0,0,0,0,0,0,0,0,0,0,0,0,0,0,0,0,0,0,0,0,0,0,,,,,
ROUTER,72,3,20,30/03/2026 22:03:00,85.00%,0,0,0,0,2,1,0,0,0,0,0,0,0,0,0,0,0,0,0,0,0,0,0,0,0,0,0,0,0,0,0,0,0,0,,,,,
FA08,40,6,15,30/03/2026 21:56:00,60.00%,0,0,0,0,0,0,6,0,0,0,0,0,0,0,0,0,0,0,0,0,0,0,0,0,0,0,0,0,0,0,0,0,0,0,,,,,
ROUTER,73,8,20,30/03/2026 21:52:00,60.00%,0,0,0,0,6,0,0,0,0,0,0,0,0,0,0,0,0,0,0,0,0,0,0,0,0,0,2,0,0,0,0,0,0,0,,,,,
FA08,37,7,15,30/03/2026 21:44:00,53.33%,0,0,0,0,2,0,4,0,0,0,0,0,0,0,0,0,0,0,0,0,0,0,0,0,0,0,1,0,0,0,0,0,0,0,,,,,
ROUTER,73,2,20,30/03/2026 21:40:00,90.00%,0,0,0,0,2,0,0,0,0,0,0,0,0,0,0,0,0,0,0,0,0,0,0,0,0,0,0,0,0,0,0,0,0,0,,,,,
FA08,39,6,15,30/03/2026 21:39:00,60.00%,0,0,0,0,1,0,5,0,0,0,0,0,0,0,0,0,0,0,0,0,0,0,0,0,0,0,0,0,0,0,0,0,0,0,,,,,
FA08,40,5,15,30/03/2026 21:27:00,66.67%,0,0,0,0,0,0,5,0,0,0,0,0,0,0,0,0,0,0,0,0,0,0,0,0,0,0,0,0,0,0,0,0,0,0,,,,,
FA08,37,6,15,30/03/2026 21:14:00,60.00%,0,0,0,0,2,0,4,0,0,0,0,0,0,0,0,0,0,0,0,0,0,0,0,0,0,0,0,0,0,0,0,0,0,0,,,,,
FA08,39,8,15,30/03/2026 21:07:00,46.67%,0,0,0,0,1,0,6,0,0,0,0,0,0,0,0,0,0,0,0,0,0,0,0,0,0,0,1,0,0,0,0,0,0,0,,,,,
FA08,40,5,15,30/03/2026 20:57:00,66.67%,0,0,0,0,0,0,5,0,0,0,0,0,0,0,0,0,0,0,0,0,0,0,0,0,0,0,0,0,0,0,0,0,0,0,,,,,
FA08,52,6,15,30/03/2026 20:52:00,60.00%,0,0,0,0,3,0,2,0,0,0,0,0,0,0,0,0,0,0,0,0,0,0,0,0,0,0,1,0,0,0,0,0,0,0,,,,,
FA08,37,8,15,30/03/2026 20:36:00,46.67%,0,0,0,0,2,0,6,0,0,0,0,0,0,0,0,0,0,0,0,0,0,0,0,0,0,0,0,0,0,0,0,0,0,0,,,,,
FA08,39,9,15,30/03/2026 20:27:00,40.00%,0,0,0,0,1,0,6,0,0,0,0,0,0,0,0,0,0,0,0,0,0,0,0,0,0,0,2,0,0,0,0,0,0,0,,,,,
FA08,40,6,15,30/03/2026 20:20:00,60.00%,0,0,0,0,2,0,4,0,0,0,0,0,0,0,0,0,0,0,0,0,0,0,0,0,0,0,0,0,0,0,0,0,0,0,,,,,
FA08,37,6,15,30/03/2026 20:09:00,60.00%,0,0,0,0,2,0,4,0,0,0,0,0,0,0,0,0,0,0,0,0,0,0,0,0,0,0,0,0,0,0,0,0,0,0,,,,,
FA08,39,4,15,30/03/2026 19:57:00,73.33%,0,0,0,0,2,0,2,0,0,0,0,0,0,0,0,0,0,0,0,0,0,0,0,0,0,0,0,0,0,0,0,0,0,0,,,,,
FA08,40,10,15,30/03/2026 19:47:00,33.33%,0,0,0,0,3,0,5,0,0,0,0,0,0,0,0,0,0,0,0,0,0,0,0,0,0,0,2,0,0,0,0,0,0,0,,,,,
FA08,37,6,15,30/03/2026 19:39:00,60.00%,0,0,0,0,3,0,3,0,0,0,0,0,0,0,0,0,0,0,0,0,0,0,0,0,0,0,0,0,0,0,0,0,0,0,,,,,
FA08,39,9,15,30/03/2026 19:30:00,40.00%,0,0,0,0,4,0,3,0,0,0,0,0,0,0,0,0,0,0,0,0,0,0,0,0,0,0,2,0,0,0,0,0,0,0,,,,,
FA08,52,10,15,30/03/2026 19:16:00,33.33%,0,0,0,0,8,0,1,0,0,0,0,0,0,0,0,0,0,0,0,0,0,0,0,0,0,0,1,0,0,0,0,0,0,0,,,,,
FA08,40,7,15,30/03/2026 19:09:00,53.33%,0,0,0,0,2,0,5,0,0,0,0,0,0,0,0,0,0,0,0,0,0,0,0,0,0,0,0,0,0,0,0,0,0,0,,,,,
FA08,37,11,15,30/03/2026 19:06:00,26.67%,0,0,0,0,5,0,4,0,0,0,0,0,0,0,0,0,0,0,0,0,0,0,0,0,0,0,2,0,0,0,0,0,0,0,,,,,
FA08,39,6,15,30/03/2026 19:03:00,60.00%,0,0,0,0,2,0,2,0,0,0,0,0,0,0,0,0,0,0,0,0,0,0,0,0,0,0,2,0,0,0,0,0,0,0,,,,,
FA08,52,12,15,30/03/2026 17:58:00,20.00%,0,0,0,0,8,0,0,0,0,0,0,0,0,0,1,0,0,0,0,0,0,0,0,1,0,0,2,0,0,0,0,0,0,0,,,,,
FA08,40,6,15,30/03/2026 17:48:00,60.00%,0,0,0,0,2,0,4,0,0,0,0,0,0,0,0,0,0,0,0,0,0,0,0,0,0,0,0,0,0,0,0,0,0,0,,,,,
FA08,37,8,15,30/03/2026 17:41:00,46.67%,0,0,0,0,3,0,5,0,0,0,0,0,0,0,0,0,0,0,0,0,0,0,0,0,0,0,0,0,0,0,0,0,0,0,,,,,
FA08,39,5,15,30/03/2026 17:32:00,66.67%,0,0,0,0,3,0,2,0,0,0,0,0,0,0,0,0,0,0,0,0,0,0,0,0,0,0,0,0,0,0,0,0,0,0,,,,,
FA08,52,8,15,30/03/2026 17:22:00,46.67%,0,0,0,0,7,1,0,0,0,0,0,0,0,0,0,0,0,0,0,0,0,0,0,0,0,0,0,0,0,0,0,0,0,0,,,,,
FA08,40,7,15,30/03/2026 17:18:00,53.33%,0,0,0,0,2,1,4,0,0,0,0,0,0,0,0,0,0,0,0,0,0,0,0,0,0,0,0,0,0,0,0,0,0,0,,,,,
FA08,37,8,15,30/03/2026 17:07:00,46.67%,0,0,0,0,3,0,5,0,0,0,0,0,0,0,0,0,0,0,0,0,0,0,0,0,0,0,0,0,0,0,0,0,0,0,,,,,
FA08,39,5,15,30/03/2026 16:59:00,66.67%,0,0,0,0,2,0,3,0,0,0,0,0,0,0,0,0,0,0,0,0,0,0,0,0,0,0,0,0,0,0,0,0,0,0,,,,,
FA08,40,7,15,30/03/2026 16:51:00,53.33%,0,0,0,0,2,0,5,0,0,0,0,0,0,0,0,0,0,0,0,0,0,0,0,0,0,0,0,0,0,0,0,0,0,0,,,,,
FA08,37,7,15,30/03/2026 16:19:00,53.33%,0,0,0,0,6,0,0,0,0,0,0,0,0,0,0,0,0,0,0,0,0,0,0,0,0,0,1,0,0,0,0,0,0,0,,,,,
FA08,39,6,15,30/03/2026 16:03:00,60.00%,0,0,0,0,2,1,3,0,0,0,0,0,0,0,0,0,0,0,0,0,0,0,0,0,0,0,0,0,0,0,0,0,0,0,,,,,
FA08,52,11,15,30/03/2026 15:58:00,26.67%,0,0,0,0,11,0,0,0,0,0,0,0,0,0,0,0,0,0,0,0,0,0,0,0,0,0,0,0,0,0,0,0,0,0,,,,,
P10,136,4,40,30/03/2026 15:57:00,90.00%,200,80,45,50,1,0,3,0,0,0,0,0,0,0,0,0,0,0,0,0,0,0,0,0,0,0,0,0,0,0,0,0,0,0,,,,,
FA08,40,4,15,30/03/2026 15:53:00,73.33%,0,0,0,0,0,2,2,0,0,0,0,0,0,0,0,0,0,0,0,0,0,0,0,0,0,0,0,0,0,0,0,0,0,0,,,,,
FA08,52,10,15,30/03/2026 15:51:00,33.33%,0,0,0,0,8,0,2,0,0,0,0,0,0,0,0,0,0,0,0,0,0,0,0,0,0,0,0,0,0,0,0,0,0,0,,,,,
FA08,37,7,15,30/03/2026 15:37:00,53.33%,0,0,0,0,2,0,4,0,0,0,0,0,0,0,0,0,0,0,0,0,0,0,0,0,0,0,1,0,0,0,0,0,0,0,,,,,
FA08,39,6,15,30/03/2026 15:34:00,60.00%,0,0,0,0,1,2,2,0,0,0,0,0,0,0,0,0,0,0,0,0,0,0,0,0,0,0,1,0,0,0,0,0,0,0,,,,,
FA08,39,11,15,30/03/2026 14:40:00,26.67%,0,0,0,0,0,5,6,0,0,0,0,0,0,0,0,0,0,0,0,0,0,0,0,0,0,0,0,0,0,0,0,0,0,0,,,,,
FA08,37,16,15,30/03/2026 14:30:00,-6.67%,0,0,0,0,0,11,5,0,0,0,0,0,0,0,0,0,0,0,0,0,0,0,0,0,0,0,0,0,0,0,0,0,0,0,,,,,
FA08,40,11,15,30/03/2026 14:23:00,26.67%,0,0,0,0,0,0,11,0,0,0,0,0,0,0,0,0,0,0,0,0,0,0,0,0,0,0,0,0,0,0,0,0,0,0,,,,,
Lion Mite,4,11,20,30/03/2026 14:21:00,45.00%,0,0,0,0,0,0,11,0,0,0,0,0,0,0,0,0,0,0,0,0,0,0,0,0,0,0,0,0,0,0,0,0,0,0,,,,,
FA08,39,10,15,30/03/2026 14:16:00,33.33%,0,0,0,0,0,5,5,0,0,0,0,0,0,0,0,0,0,0,0,0,0,0,0,0,0,0,0,0,0,0,0,0,0,0,,,,,
FA08,39,1,15,30/03/2026 14:07:00,93.33%,0,0,0,0,0,0,1,0,0,0,0,0,0,0,0,0,0,0,0,0,0,0,0,0,0,0,0,0,0,0,0,0,0,0,,,,,
ROUTER,73,8,20,30/03/2026 14:06:00,60.00%,0,0,0,0,0,0,8,0,0,0,0,0,0,0,0,0,0,0,0,0,0,0,0,0,0,0,0,0,0,0,0,0,0,0,,,,,
ROUTER,72,8,20,30/03/2026 14:02:00,60.00%,0,0,0,0,0,4,2,0,0,0,0,0,0,0,1,0,0,0,0,0,0,0,0,0,0,0,0,0,1,0,0,0,0,0,,,,,
FA08,39,4,15,30/03/2026 13:56:00,73.33%,0,0,0,0,0,2,1,0,1,0,0,0,0,0,0,0,0,0,0,0,0,0,0,0,0,0,0,0,0,0,0,0,0,0,,,,,
ROUTER,72,0,20,30/03/2026 13:48:00,100.00%,0,0,0,0,0,0,0,0,0,0,0,0,0,0,0,0,0,0,0,0,0,0,0,0,0,0,0,0,0,0,0,0,0,0,,,,,
FA08,40,7,15,30/03/2026 13:48:00,53.33%,0,0,0,0,0,4,3,0,0,0,0,0,0,0,0,0,0,0,0,0,0,0,0,0,0,0,0,0,0,0,0,0,0,0,,,,,
FA08,37,5,15,30/03/2026 13:42:00,66.67%,0,0,0,0,0,0,5,0,0,0,0,0,0,0,0,0,0,0,0,0,0,0,0,0,0,0,0,0,0,0,0,0,0,0,,,,,
FA08,37,12,15,30/03/2026 13:36:00,20.00%,0,0,0,0,0,7,5,0,0,0,0,0,0,0,0,0,0,0,0,0,0,0,0,0,0,0,0,0,0,0,0,0,0,0,,,,,
ROUTER,74,0,20,30/03/2026 13:35:00,100.00%,0,0,0,0,0,0,0,0,0,0,0,0,0,0,0,0,0,0,0,0,0,0,0,0,0,0,0,0,0,0,0,0,0,0,,,,,
ROUTER,72,1,20,30/03/2026 13:22:00,100.00%,0,0,0,0,1,0,0,0,0,0,0,0,0,0,0,0,0,0,0,0,0,0,0,0,0,0,0,0,0,0,0,0,0,0,,,,,
ROUTER,73,6,20,30/03/2026 13:04:00,100.00%,0,0,0,0,0,4,2,0,0,0,0,0,0,0,0,0,0,0,0,0,0,0,0,0,0,0,0,0,0,0,0,0,0,0,,,,,
FA08,37,8,15,30/03/2026 12:31:00,46.67%,0,0,0,0,0,0,8,0,0,0,0,0,0,0,0,0,0,0,0,0,0,0,0,0,0,0,0,0,0,0,0,0,0,0,,,,,
FA08,39,9,15,30/03/2026 12:25:00,40.00%,0,0,0,0,0,0,9,0,0,0,0,0,0,0,0,0,0,0,0,0,0,0,0,0,0,0,0,0,0,0,0,0,0,0,,,,,
ROUTER,72,1,20,30/03/2026 11:57:00,95.00%,0,0,0,0,1,0,0,0,0,0,0,0,0,0,0,0,0,0,0,0,0,0,0,0,0,0,0,0,0,0,0,0,0,0,,,,,
ROUTER,72,8,20,30/03/2026 11:37:00,60.00%,0,0,0,0,5,2,0,0,0,0,0,0,0,0,0,0,0,0,0,0,0,0,0,0,0,0,1,0,0,0,0,0,0,0,,,,,
FA08,40,21,15,30/03/2026 11:20:00,-40.00%,0,0,0,0,0,12,9,0,0,0,0,0,0,0,0,0,0,0,0,0,0,0,0,0,0,0,0,0,0,0,0,0,0,0,,,,,
FA08,52,4,15,30/03/2026 11:10:00,73.33%,0,0,0,0,0,0,4,0,0,0,0,0,0,0,0,0,0,0,0,0,0,0,0,0,0,0,0,0,0,0,0,0,0,0,,,,,
ROUTER,72,1,20,30/03/2026 10:56:00,95.00%,0,0,0,0,1,0,0,0,0,0,0,0,0,0,0,0,0,0,0,0,0,0,0,0,0,0,0,0,0,0,0,0,0,0,,,,,
ROUTER,73,9,20,30/03/2026 10:53:00,55.00%,0,0,0,0,1,4,4,0,0,0,0,0,0,0,0,0,0,0,0,0,0,0,0,0,0,0,0,0,0,0,0,0,0,0,,,,,
P10,135,2,40,30/03/2026 10:49:00,95.00%,2000,80,45,50,0,0,2,0,0,0,0,0,0,0,0,0,0,0,0,0,0,0,0,0,0,0,0,0,0,0,0,0,0,0,,,,,
P10,132,6,40,30/03/2026 10:41:00,85.00%,2000,880,45,50,0,0,6,0,0,0,0,0,0,0,0,0,0,0,0,0,0,0,0,0,0,0,0,0,0,0,0,0,0,0,,,,,
ROUTER,71,7,20,30/03/2026 10:38:00,65.00%,0,0,0,0,4,0,2,0,0,0,0,0,0,0,0,0,0,0,0,0,0,0,0,0,0,0,1,0,0,0,0,0,0,0,,,,,
P10,132,6,40,30/03/2026 10:27:00,85.00%,2000,880,45,50,0,0,6,0,0,0,0,0,0,0,0,0,0,0,0,0,0,0,0,0,0,0,0,0,0,0,0,0,0,0,,,,,
P10,136,5,40,30/03/2026 10:24:00,87.50%,200,80,45,50,0,0,0,0,0,5,0,0,0,0,0,0,0,0,0,0,0,0,0,0,0,0,0,0,0,0,0,0,0,0,,,,,
P10,131,4,40,30/03/2026 10:13:00,90.00%,2000,880,45,50,0,0,1,0,0,0,0,0,0,0,3,0,0,0,0,0,0,0,0,0,0,0,0,0,0,0,0,0,0,0,,,,,
P10,132,5,40,30/03/2026 10:07:00,87.50%,2000,880,45,50,0,0,3,0,0,0,0,0,0,0,0,0,0,0,2,0,0,0,0,0,0,0,0,0,0,0,0,0,0,0,,,,,
P10,131,5,40,30/03/2026 10:02:00,87.50%,2000,880,45,50,0,0,2,0,0,0,0,0,0,0,3,0,0,0,0,0,0,0,0,0,0,0,0,0,0,0,0,0,0,0,,,,,
P10,135,4,40,30/03/2026 09:54:00,90.00%,2000,80,45,50,0,0,3,0,0,0,0,0,0,0,0,0,0,0,1,0,0,0,0,0,0,0,0,0,0,0,0,0,0,0,,,,,
P10,134,4,40,30/03/2026 09:47:00,90.00%,2000,880,45,50,0,0,2,0,0,0,0,0,1,0,1,0,0,0,0,0,0,0,0,0,0,0,0,0,0,0,0,0,0,0,,,,,
P10,134,4,40,30/03/2026 09:42:00,90.00%,2000,880,45,50,1,0,3,0,0,0,0,0,0,0,0,0,0,0,0,0,0,0,0,0,0,0,0,0,0,0,0,0,0,0,,,,,
P10,133,4,40,30/03/2026 09:37:00,90.00%,2000,880,45,50,0,0,4,0,0,0,0,0,0,0,0,0,0,0,0,0,0,0,0,0,0,0,0,0,0,0,0,0,0,0,,,,,
ROUTER,71,9,20,30/03/2026 09:35:00,55.00%,0,0,0,0,0,7,2,0,0,0,0,0,0,0,0,0,0,0,0,0,0,0,0,0,0,0,0,0,0,0,0,0,0,0,,,,,
DC-I,68,6,16,30/03/2026 09:26:00,62.50%,0,0,0,0,0,0,6,0,0,0,0,0,0,0,0,0,0,0,0,0,0,0,0,0,0,0,0,0,0,0,0,0,0,0,,,,,
DC-I,69,13,16,30/03/2026 09:21:00,18.75%,0,0,0,0,0,0,12,0,0,0,0,0,0,0,0,0,0,1,0,0,0,0,0,0,0,0,0,0,0,0,0,0,0,0,,,,,
P10,131,7,40,30/03/2026 09:20:00,82.50%,2000,880,45,50,1,0,3,0,0,0,0,0,0,0,3,0,0,0,0,0,0,0,0,0,0,0,0,0,0,0,0,0,0,0,,,,,
DC-I,65,17,16,30/03/2026 09:17:00,-6.25%,0,0,0,0,2,0,15,0,0,0,0,0,0,0,0,0,0,0,0,0,0,0,0,0,0,0,0,0,0,0,0,0,0,0,,,,,
P10,132,5,40,30/03/2026 09:15:00,87.50%,2000,880,45,50,2,0,3,0,0,0,0,0,0,0,0,0,0,0,0,0,0,0,0,0,0,0,0,0,0,0,0,0,0,0,,,,,
ROUTER,74,1,20,30/03/2026 09:12:00,95.00%,0,0,0,0,0,0,1,0,0,0,0,0,0,0,0,0,0,0,0,0,0,0,0,0,0,0,0,0,0,0,0,0,0,0,,,,,
P10,133,1,40,30/03/2026 09:12:00,97.50%,2000,880,45,50,0,0,1,0,0,0,0,0,0,0,0,0,0,0,0,0,0,0,0,0,0,0,0,0,0,0,0,0,0,0,,,,,
P10,134,3,40,30/03/2026 09:09:00,92.50%,2000,880,45,50,0,0,3,0,0,0,0,0,0,0,0,0,0,0,0,0,0,0,0,0,0,0,0,0,0,0,0,0,0,0,,,,,
P10,133,0,40,30/03/2026 09:04:00,100.00%,2000,880,45,50,0,0,0,0,0,0,0,0,0,0,0,0,0,0,0,0,0,0,0,0,0,0,0,0,0,0,0,0,0,0,,,,,
P10,133,5,40,30/03/2026 08:57:00,87.50%,2000,880,45,50,0,0,3,0,0,0,0,0,0,0,2,0,0,0,0,0,0,0,0,0,0,0,0,0,0,0,0,0,0,0,,,,,
P10,134,10,40,30/03/2026 08:56:00,75.00%,2000,880,45,50,0,0,10,0,0,0,0,0,0,0,0,0,0,0,0,0,0,0,0,0,0,0,0,0,0,0,0,0,0,0,,,,,
P10,135,0,40,30/03/2026 08:56:00,100.00%,2000,80,45,50,0,0,0,0,0,0,0,0,0,0,0,0,0,0,0,0,0,0,0,0,0,0,0,0,0,0,0,0,0,0,,,,,
P10,131,5,40,30/03/2026 08:34:00,87.50%,2000,880,45,50,0,0,2,0,0,0,0,0,0,0,3,0,0,0,0,0,0,0,0,0,0,0,0,0,0,0,0,0,0,0,,,,,
ROUTER,72,5,20,30/03/2026 08:23:00,75.00%,0,0,0,0,0,5,0,0,0,0,0,0,0,0,0,0,0,0,0,0,0,0,0,0,0,0,0,0,0,0,0,0,0,0,,,,,
P10,133,8,40,30/03/2026 08:20:00,80.00%,2000,880,45,50,2,0,6,0,0,0,0,0,0,0,0,0,0,0,0,0,0,0,0,0,0,0,0,0,0,0,0,0,0,0,,,,,
FA08,39,0,15,30/03/2026 08:10:00,100.00%,0,0,0,0,0,0,0,0,0,0,0,0,0,0,0,0,0,0,0,0,0,0,0,0,0,0,0,0,0,0,0,0,0,0,,,,,
ROUTER,73,14,20,30/03/2026 08:08:00,30.00%,0,0,0,0,0,12,1,0,0,0,0,0,0,0,0,0,0,0,0,0,0,0,0,0,0,0,0,0,0,0,1,0,0,0,,,,,
FA08,37,4,15,30/03/2026 08:07:00,73.33%,0,0,0,0,0,0,4,0,0,0,0,0,0,0,0,0,0,0,0,0,0,0,0,0,0,0,0,0,0,0,0,0,0,0,,,,,
FA08,39,1,15,30/03/2026 08:02:00,93.33%,0,0,0,0,0,0,0,0,0,0,0,0,0,0,1,0,0,0,0,0,0,0,0,0,0,0,0,0,0,0,0,0,0,0,,,,,
ROUTER,72,5,20,30/03/2026 07:59:00,75.00%,0,0,0,0,0,5,0,0,0,0,0,0,0,0,0,0,0,0,0,0,0,0,0,0,0,0,0,0,0,0,0,0,0,0,,,,,
P10,136,40,40,30/03/2026 07:57:00,0,200,80,45,50,40,0,0,0,0,0,0,0,0,0,0,0,0,0,0,0,0,0,0,0,0,0,0,0,0,0,0,0,0,0,,,,,
P10,134,20,40,30/03/2026 07:56:00,50.00%,2000,880,45,50,20,0,0,0,0,0,0,0,0,0,0,0,0,0,0,0,0,0,0,0,0,0,0,0,0,0,0,0,0,0,,,,,
FA08,40,7,15,30/03/2026 07:54:00,53.33%,0,0,0,0,0,4,3,0,0,0,0,0,0,0,0,0,0,0,0,0,0,0,0,0,0,0,0,0,0,0,0,0,0,0,,,,,
DC-I,69,23,16,30/03/2026 07:27:00,-43.75%,0,0,0,0,0,0,23,0,0,0,0,0,0,0,0,0,0,0,0,0,0,0,0,0,0,0,0,0,0,0,0,0,0,0,,,,,
DC-I,68,6,16,30/03/2026 07:24:00,62.50%,0,0,0,0,0,0,4,0,0,0,0,0,0,1,1,0,0,0,0,0,0,0,0,0,0,0,0,0,0,0,0,0,0,0,,,,,
DC-I,65,14,16,30/03/2026 07:21:00,12.50%,0,0,0,0,4,3,7,0,0,0,0,0,0,0,0,0,0,0,0,0,0,0,0,0,0,0,0,0,0,0,0,0,0,0,,,,,
ROUTER,73,9,20,30/03/2026 07:15:00,55.00%,0,0,0,0,3,0,4,0,0,0,0,0,0,0,0,0,0,0,0,0,0,0,0,0,0,0,2,0,0,0,0,0,0,0,,,,,
PR20,80,8,24,30/03/2026 07:12:00,66.67%,1400,1520,50,100,0,8,0,0,0,0,0,0,0,0,0,0,0,0,0,0,0,0,0,0,0,0,0,0,0,0,0,0,0,0,,,,,
ROUTER,74,5,20,30/03/2026 06:56:00,75.00%,0,0,0,0,4,1,0,0,0,0,0,0,0,0,0,0,0,0,0,0,0,0,0,0,0,0,0,0,0,0,0,0,0,0,,,,,
P10,131,1,40,27/03/2026 22:54:00,97.50%,2000,880,45,50,0,0,1,0,0,0,0,0,0,0,0,0,0,0,0,0,0,0,0,0,0,0,0,0,0,0,0,0,0,0,,,,,
PR20,82,15,24,27/03/2026 22:54:00,37.50%,1400,1520,50,100,2,0,0,0,0,0,0,0,0,0,0,0,0,0,13,0,0,0,0,0,0,0,0,0,0,0,0,0,0,0,,,,,
P10,136,2,40,27/03/2026 22:51:00,95.00%,200,80,45,50,0,0,2,0,0,0,0,0,0,0,0,0,0,0,0,0,0,0,0,0,0,0,0,0,0,0,0,0,0,0,,,,,
P10,135,3,40,27/03/2026 22:47:00,92.50%,2000,80,45,50,0,0,2,0,0,0,0,0,0,0,1,0,0,0,0,0,0,0,0,0,0,0,0,0,0,0,0,0,0,0,,,,,
PR20,83,8,24,27/03/2026 22:43:00,66.67%,1400,1520,50,100,0,0,0,0,0,0,0,0,0,0,0,0,0,0,8,0,0,0,0,0,0,0,0,0,0,0,0,0,0,0,,,,,
P10,134,2,40,27/03/2026 22:42:00,95.00%,2000,880,45,50,0,0,2,0,0,0,0,0,0,0,0,0,0,0,0,0,0,0,0,0,0,0,0,0,0,0,0,0,0,0,,,,,
P10,132,2,40,27/03/2026 22:38:00,95.00%,2000,880,45,50,0,0,2,0,0,0,0,0,0,0,0,0,0,0,0,0,0,0,0,0,0,0,0,0,0,0,0,0,0,0,,,,,
P10,134,4,40,27/03/2026 22:33:00,90.00%,2000,880,45,50,0,0,4,0,0,0,0,0,0,0,0,0,0,0,0,0,0,0,0,0,0,0,0,0,0,0,0,0,0,0,,,,,
P10,131,2,40,27/03/2026 22:24:00,95.00%,2000,880,45,50,0,0,2,0,0,0,0,0,0,0,0,0,0,0,0,0,0,0,0,0,0,0,0,0,0,0,0,0,0,0,,,,,
P10,136,3,40,27/03/2026 22:20:00,92.50%,200,80,45,50,0,0,3,0,0,0,0,0,0,0,0,0,0,0,0,0,0,0,0,0,0,0,0,0,0,0,0,0,0,0,,,,,
ROUTER,71,8,20,27/03/2026 22:19:00,60.00%,0,0,0,0,0,6,2,0,0,0,0,0,0,0,0,0,0,0,0,0,0,0,0,0,0,0,0,0,0,0,0,0,0,0,,,,,
FA08,40,5,15,27/03/2026 22:15:00,66.67%,0,0,0,0,0,0,5,0,0,0,0,0,0,0,0,0,0,0,0,0,0,0,0,0,0,0,0,0,0,0,0,0,0,0,,,,,
PR20,81,12,24,27/03/2026 22:12:00,50.00%,1400,1520,50,100,0,0,0,0,0,0,0,0,0,0,0,0,0,0,12,0,0,0,0,0,0,0,0,0,0,0,0,0,0,0,,,,,
FA08,37,0,15,27/03/2026 22:12:00,100.00%,0,0,0,0,0,0,0,0,0,0,0,0,0,0,0,0,0,0,0,0,0,0,0,0,0,0,0,0,0,0,0,0,0,0,,,,,
FA08,37,2,15,27/03/2026 22:08:00,86.67%,0,0,0,0,0,0,0,0,0,0,0,0,0,0,0,0,0,0,0,0,0,0,0,0,0,0,2,0,0,0,0,0,0,0,,,,,
PR20,80,1,24,27/03/2026 21:55:00,95.83%,1400,1520,50,100,0,0,0,0,0,0,0,0,0,0,0,0,0,0,1,0,0,0,0,0,0,0,0,0,0,0,0,0,0,0,,,,,
FA08,39,7,15,27/03/2026 21:51:00,53.33%,0,0,0,0,0,0,7,0,0,0,0,0,0,0,0,0,0,0,0,0,0,0,0,0,0,0,0,0,0,0,0,0,0,0,,,,,
FA08,39,3,15,27/03/2026 21:46:00,80.00%,0,0,0,0,0,0,3,0,0,0,0,0,0,0,0,0,0,0,0,0,0,0,0,0,0,0,0,0,0,0,0,0,0,0,,,,,
FA08,40,2,15,27/03/2026 21:41:00,86.67%,0,0,0,0,0,0,2,0,0,0,0,0,0,0,0,0,0,0,0,0,0,0,0,0,0,0,0,0,0,0,0,0,0,0,,,,,
FA08,40,8,15,27/03/2026 21:35:00,46.67%,0,0,0,0,0,2,6,0,0,0,0,0,0,0,0,0,0,0,0,0,0,0,0,0,0,0,0,0,0,0,0,0,0,0,,,,,
FA08,37,3,15,27/03/2026 21:25:00,80.00%,0,0,0,0,0,0,2,0,0,0,0,0,0,0,0,0,0,0,0,0,0,0,0,0,0,0,1,0,0,0,0,0,0,0,,,,,
FA08,40,3,15,27/03/2026 21:19:00,80.00%,0,0,0,0,0,0,3,0,0,0,0,0,0,0,0,0,0,0,0,0,0,0,0,0,0,0,0,0,0,0,0,0,0,0,,,,,
PR20,81,12,24,27/03/2026 21:15:00,50.00%,1400,1520,50,100,1,0,0,0,0,0,0,0,0,0,0,0,0,0,11,0,0,0,0,0,0,0,0,0,0,0,0,0,0,0,,,,,
FA08,37,5,15,27/03/2026 21:13:00,66.67%,0,0,0,0,0,0,5,0,0,0,0,0,0,0,0,0,0,0,0,0,0,0,0,0,0,0,0,0,0,0,0,0,0,0,,,,,
FA08,37,4,15,27/03/2026 21:05:00,73.33%,0,0,0,0,0,0,4,0,0,0,0,0,0,0,0,0,0,0,0,0,0,0,0,0,0,0,0,0,0,0,0,0,0,0,,,,,
P10,131,0,40,27/03/2026 20:58:00,100.00%,2000,880,45,50,0,0,0,0,0,0,0,0,0,0,0,0,0,0,0,0,0,0,0,0,0,0,0,0,0,0,0,0,0,0,,,,,
P10,133,3,40,27/03/2026 20:56:00,92.50%,2000,880,45,50,0,0,3,0,0,0,0,0,0,0,0,0,0,0,0,0,0,0,0,0,0,0,0,0,0,0,0,0,0,0,,,,,
P10,134,5,40,27/03/2026 20:53:00,87.50%,2000,880,45,50,2,0,3,0,0,0,0,0,0,0,0,0,0,0,0,0,0,0,0,0,0,0,0,0,0,0,0,0,0,0,,,,,
0,1341,5,0,27/03/2026 20:52:00,0,0,0,0,0,2,0,3,0,0,0,0,0,0,0,0,0,0,0,0,0,0,0,0,0,0,0,0,0,0,0,0,0,0,0,,,,,
PR20,80,1,24,27/03/2026 20:52:00,95.83%,1400,1520,50,100,0,0,0,0,0,0,0,0,0,0,0,0,0,0,1,0,0,0,0,0,0,0,0,0,0,0,0,0,0,0,,,,,
FA08,37,10,15,27/03/2026 20:47:00,100.00%,0,0,0,0,10,0,0,0,0,0,0,0,0,0,0,0,0,0,0,0,0,0,0,0,0,0,0,0,0,0,0,0,0,0,,,,,
P10,136,4,40,27/03/2026 20:47:00,90.00%,200,80,45,50,0,0,4,0,0,0,0,0,0,0,0,0,0,0,0,0,0,0,0,0,0,0,0,0,0,0,0,0,0,0,,,,,
0,1313,3,0,27/03/2026 20:42:00,0,0,0,0,0,1,0,2,0,0,0,0,0,0,0,0,0,0,0,0,0,0,0,0,0,0,0,0,0,0,0,0,0,0,0,,,,,
PR20,83,4,24,27/03/2026 20:41:00,83.33%,1400,1520,50,100,2,0,2,0,0,0,0,0,0,0,0,0,0,0,0,0,0,0,0,0,0,0,0,0,0,0,0,0,0,0,,,,,
P10,135,4,40,27/03/2026 20:39:00,90.00%,2000,80,45,50,0,0,4,0,0,0,0,0,0,0,0,0,0,0,0,0,0,0,0,0,0,0,0,0,0,0,0,0,0,0,,,,,
P10,134,3,40,27/03/2026 20:34:00,92.50%,2000,880,45,50,0,0,3,0,0,0,0,0,0,0,0,0,0,0,0,0,0,0,0,0,0,0,0,0,0,0,0,0,0,0,,,,,
P10,134,0,40,27/03/2026 20:23:00,100.00%,2000,880,45,50,0,0,0,0,0,0,0,0,0,0,0,0,0,0,0,0,0,0,0,0,0,0,0,0,0,0,0,0,0,0,,,,,
P10,134,4,40,27/03/2026 20:20:00,90.00%,2000,880,45,50,0,0,4,0,0,0,0,0,0,0,0,0,0,0,0,0,0,0,0,0,0,0,0,0,0,0,0,0,0,0,,,,,
P10,132,5,40,27/03/2026 20:17:00,87.50%,2000,880,45,50,2,0,3,0,0,0,0,0,0,0,0,0,0,0,0,0,0,0,0,0,0,0,0,0,0,0,0,0,0,0,,,,,
P10,135,3,40,27/03/2026 20:11:00,92.50%,2000,80,45,50,0,0,3,0,0,0,0,0,0,0,0,0,0,0,0,0,0,0,0,0,0,0,0,0,0,0,0,0,0,0,,,,,
P10,1313,2,40,27/03/2026 20:08:00,95.00%,2000,880,45,50,0,0,2,0,0,0,0,0,0,0,0,0,0,0,0,0,0,0,0,0,0,0,0,0,0,0,0,0,0,0,,,,,
P10,132,7,40,27/03/2026 20:04:00,82.50%,2000,880,45,50,4,0,3,0,0,0,0,0,0,0,0,0,0,0,0,0,0,0,0,0,0,0,0,0,0,0,0,0,0,0,,,,,
PR20,80,3,24,27/03/2026 20:01:00,87.50%,1400,1520,50,100,0,0,2,0,0,0,0,0,0,0,0,0,0,0,0,0,0,0,0,0,0,0,1,0,0,0,0,0,0,0,,,,,
P10,136,1,40,27/03/2026 19:48:00,97.50%,200,80,45,50,0,0,1,0,0,0,0,0,0,0,0,0,0,0,0,0,0,0,0,0,0,0,0,0,0,0,0,0,0,0,,,,,
P10,132,2,40,27/03/2026 19:41:00,95.00%,2000,880,45,50,0,0,2,0,0,0,0,0,0,0,0,0,0,0,0,0,0,0,0,0,0,0,0,0,0,0,0,0,0,0,,,,,
PR20,82,0,24,27/03/2026 19:40:00,100.00%,1400,1520,50,100,0,0,0,0,0,0,0,0,0,0,0,0,0,0,0,0,0,0,0,0,0,0,0,0,0,0,0,0,0,0,,,,,
P10,133,3,40,27/03/2026 19:33:00,92.50%,2000,880,45,50,0,0,3,0,0,0,0,0,0,0,0,0,0,0,0,0,0,0,0,0,0,0,0,0,0,0,0,0,0,0,,,,,
P10,136,2,40,27/03/2026 19:33:00,95.00%,200,80,45,50,0,0,2,0,0,0,0,0,0,0,0,0,0,0,0,0,0,0,0,0,0,0,0,0,0,0,0,0,0,0,,,,,
P10,135,1,40,27/03/2026 19:25:00,97.50%,2000,80,45,50,0,0,1,0,0,0,0,0,0,0,0,0,0,0,0,0,0,0,0,0,0,0,0,0,0,0,0,0,0,0,,,,,
P10,132,1,40,27/03/2026 19:20:00,97.50%,2000,880,45,50,0,0,1,0,0,0,0,0,0,0,0,0,0,0,0,0,0,0,0,0,0,0,0,0,0,0,0,0,0,0,,,,,
PR20,83,2,24,27/03/2026 19:20:00,91.67%,1400,1520,50,100,1,0,0,0,0,0,0,0,0,0,0,0,0,0,0,0,0,0,0,0,0,0,1,0,0,0,0,0,0,0,,,,,
P10,135,2,40,27/03/2026 19:17:00,95.00%,2000,80,45,50,0,0,2,0,0,0,0,0,0,0,0,0,0,0,0,0,0,0,0,0,0,0,0,0,0,0,0,0,0,0,,,,,
P10,133,0,40,27/03/2026 19:13:00,100.00%,2000,880,45,50,0,0,0,0,0,0,0,0,0,0,0,0,0,0,0,0,0,0,0,0,0,0,0,0,0,0,0,0,0,0,,,,,
P10,135,5,40,27/03/2026 19:08:00,87.50%,2000,80,45,50,1,0,4,0,0,0,0,0,0,0,0,0,0,0,0,0,0,0,0,0,0,0,0,0,0,0,0,0,0,0,,,,,
P10,134,2,40,27/03/2026 19:04:00,95.00%,2000,880,45,50,0,0,2,0,0,0,0,0,0,0,0,0,0,0,0,0,0,0,0,0,0,0,0,0,0,0,0,0,0,0,,,,,
P10,131,0,40,27/03/2026 18:17:00,100.00%,2000,880,45,50,0,0,0,0,0,0,0,0,0,0,0,0,0,0,0,0,0,0,0,0,0,0,0,0,0,0,0,0,0,0,,,,,
P10,132,5,40,27/03/2026 18:13:00,87.50%,2000,880,45,50,3,0,2,0,0,0,0,0,0,0,0,0,0,0,0,0,0,0,0,0,0,0,0,0,0,0,0,0,0,0,,,,,
PR20,80,1,24,27/03/2026 18:13:00,95.83%,1400,1520,50,100,0,0,1,0,0,0,0,0,0,0,0,0,0,0,0,0,0,0,0,0,0,0,0,0,0,0,0,0,0,0,,,,,
ROUTER,71,10,20,27/03/2026 18:08:00,50.00%,0,0,0,0,0,10,0,0,0,0,0,0,0,0,0,0,0,0,0,0,0,0,0,0,0,0,0,0,0,0,0,0,0,0,,,,,
P10,136,3,40,27/03/2026 18:01:00,92.50%,200,80,45,50,0,0,3,0,0,0,0,0,0,0,0,0,0,0,0,0,0,0,0,0,0,0,0,0,0,0,0,0,0,0,,,,,
P10,134,3,40,27/03/2026 17:54:00,92.50%,2000,880,45,50,0,0,3,0,0,0,0,0,0,0,0,0,0,0,0,0,0,0,0,0,0,0,0,0,0,0,0,0,0,0,,,,,
PR20,83,4,24,27/03/2026 17:51:00,83.33%,1400,1520,50,100,0,0,3,0,0,0,0,0,0,0,0,0,0,0,0,0,0,0,0,0,0,0,1,0,0,0,0,0,0,0,,,,,
P10,131,0,40,27/03/2026 17:48:00,100.00%,2000,880,45,50,0,0,0,0,0,0,0,0,0,0,0,0,0,0,0,0,0,0,0,0,0,0,0,0,0,0,0,0,0,0,,,,,
P10,131,3,40,27/03/2026 17:44:00,92.50%,2000,880,45,50,0,0,3,0,0,0,0,0,0,0,0,0,0,0,0,0,0,0,0,0,0,0,0,0,0,0,0,0,0,0,,,,,
P10,132,2,40,27/03/2026 17:39:00,95.00%,2000,880,45,50,0,0,2,0,0,0,0,0,0,0,0,0,0,0,0,0,0,0,0,0,0,0,0,0,0,0,0,0,0,0,,,,,
P10,133,3,40,27/03/2026 17:34:00,92.50%,2000,880,45,50,0,2,1,0,0,0,0,0,0,0,0,0,0,0,0,0,0,0,0,0,0,0,0,0,0,0,0,0,0,0,,,,,
PR20,83,0,24,27/03/2026 17:32:00,100.00%,1400,1520,50,100,0,0,0,0,0,0,0,0,0,0,0,0,0,0,0,0,0,0,0,0,0,0,0,0,0,0,0,0,0,0,,,,,
P10,133,3,40,27/03/2026 17:29:00,92.50%,2000,880,45,50,0,0,3,0,0,0,0,0,0,0,0,0,0,0,0,0,0,0,0,0,0,0,0,0,0,0,0,0,0,0,,,,,
PR20,82,2,24,27/03/2026 17:25:00,91.67%,1400,1520,50,100,2,0,0,0,0,0,0,0,0,0,0,0,0,0,0,0,0,0,0,0,0,0,0,0,0,0,0,0,0,0,,,,,
PR20,81,8,24,27/03/2026 17:07:00,66.67%,1400,1520,50,100,4,2,2,0,0,0,0,0,0,0,0,0,0,0,0,0,0,0,0,0,0,0,0,0,0,0,0,0,0,0,,,,,
FA08,40,5,15,27/03/2026 16:44:00,66.67%,0,0,0,0,0,0,5,0,0,0,0,0,0,0,0,0,0,0,0,0,0,0,0,0,0,0,0,0,0,0,0,0,0,0,,,,,
FA08,40,5,15,27/03/2026 16:43:00,66.67%,0,0,0,0,0,0,5,0,0,0,0,0,0,0,0,0,0,0,0,0,0,0,0,0,0,0,0,0,0,0,0,0,0,0,,,,,
PR20,80,0,24,27/03/2026 16:41:00,100.00%,1400,1520,50,100,0,0,0,0,0,0,0,0,0,0,0,0,0,0,0,0,0,0,0,0,0,0,0,0,0,0,0,0,0,0,,,,,
PR20,83,3,24,27/03/2026 16:19:00,87.50%,1400,1520,50,100,1,1,1,0,0,0,0,0,0,0,0,0,0,0,0,0,0,0,0,0,0,0,0,0,0,0,0,0,0,0,,,,,
DC-I,68,0,16,27/03/2026 16:12:00,100.00%,0,0,0,0,0,0,0,0,0,0,0,0,0,0,0,0,0,0,0,0,0,0,0,0,0,0,0,0,0,0,0,0,0,0,,,,,
DC-I,68,1,16,27/03/2026 16:12:00,93.75%,0,0,0,0,0,0,0,0,0,0,0,0,0,0,0,0,0,0,0,0,0,0,0,0,0,0,1,0,0,0,0,0,0,0,,,,,
PR20,83,1,24,27/03/2026 16:08:00,95.83%,1400,1520,50,100,1,0,0,0,0,0,0,0,0,0,0,0,0,0,0,0,0,0,0,0,0,0,0,0,0,0,0,0,0,0,,,,,
PR20,80,5,24,27/03/2026 15:52:00,79.17%,1400,1520,50,100,1,0,2,0,0,0,0,0,0,0,0,0,0,0,0,0,0,0,0,0,0,0,0,0,0,0,2,0,0,0,,,,,
FA08,39,2,15,27/03/2026 15:28:00,86.67%,0,0,0,0,0,0,2,0,0,0,0,0,0,0,0,0,0,0,0,0,0,0,0,0,0,0,0,0,0,0,0,0,0,0,,,,,
FA08,40,2,15,27/03/2026 15:22:00,86.67%,0,0,0,0,0,0,2,0,0,0,0,0,0,0,0,0,0,0,0,0,0,0,0,0,0,0,0,0,0,0,0,0,0,0,,,,,
FA08,40,3,15,27/03/2026 15:15:00,80.00%,0,0,0,0,0,0,3,0,0,0,0,0,0,0,0,0,0,0,0,0,0,0,0,0,0,0,0,0,0,0,0,0,0,0,,,,,
P10,134,4,40,27/03/2026 14:49:00,90.00%,2000,880,45,50,0,0,2,0,0,0,0,0,0,0,2,0,0,0,0,0,0,0,0,0,0,0,0,0,0,0,0,0,0,0,,,,,
P10,136,8,40,27/03/2026 14:45:00,80.00%,200,80,45,50,3,0,2,0,0,0,0,0,0,0,3,0,0,0,0,0,0,0,0,0,0,0,0,0,0,0,0,0,0,0,,,,,
P10,131,1,40,27/03/2026 14:33:00,97.50%,2000,880,45,50,0,0,1,0,0,0,0,0,0,0,0,0,0,0,0,0,0,0,0,0,0,0,0,0,0,0,0,0,0,0,,,,,
P10,133,2,40,27/03/2026 14:31:00,95.00%,2000,880,45,50,0,0,2,0,0,0,0,0,0,0,0,0,0,0,0,0,0,0,0,0,0,0,0,0,0,0,0,0,0,0,,,,,
P10,133,3,40,27/03/2026 14:27:00,92.50%,2000,880,45,50,0,0,3,0,0,0,0,0,0,0,0,0,0,0,0,0,0,0,0,0,0,0,0,0,0,0,0,0,0,0,,,,,
P10,132,5,40,27/03/2026 14:22:00,87.50%,2000,880,45,50,0,0,5,0,0,0,0,0,0,0,0,0,0,0,0,0,0,0,0,0,0,0,0,0,0,0,0,0,0,0,,,,,
P10,134,12,40,27/03/2026 14:22:00,70.00%,2000,880,45,50,0,0,2,0,0,0,0,0,0,0,0,0,0,0,10,0,0,0,0,0,0,0,0,0,0,0,0,0,0,0,,,,,
FSA135,31,4,9,27/03/2026 14:13:00,55.56%,0,0,0,0,0,0,3,0,0,0,0,0,0,0,1,0,0,0,0,0,0,0,0,0,0,0,0,0,0,0,0,0,0,0,,,,,
P10,132,9,40,27/03/2026 14:11:00,77.50%,2000,880,45,50,0,0,6,0,0,0,0,0,0,0,3,0,0,0,0,0,0,0,0,0,0,0,0,0,0,0,0,0,0,0,,,,,
P10,133,9,40,27/03/2026 13:59:00,77.50%,2000,880,45,50,0,0,6,0,0,0,0,0,0,0,3,0,0,0,0,0,0,0,0,0,0,0,0,0,0,0,0,0,0,0,,,,,
P10,131,2,40,27/03/2026 13:56:00,95.00%,2000,880,45,50,0,0,2,0,0,0,0,0,0,0,0,0,0,0,0,0,0,0,0,0,0,0,0,0,0,0,0,0,0,0,,,,,
P10,131,4,40,27/03/2026 13:53:00,90.00%,2000,880,45,50,0,0,3,0,0,0,0,0,0,0,1,0,0,0,0,0,0,0,0,0,0,0,0,0,0,0,0,0,0,0,,,,,
PR20,81,5,24,27/03/2026 13:43:00,79.17%,1400,1520,50,100,0,0,0,0,0,0,0,0,0,0,0,0,0,0,2,0,0,0,0,0,0,0,0,0,0,0,0,0,0,3,,,,,
FA08,37,6,15,27/03/2026 13:39:00,60.00%,0,0,0,0,0,0,6,0,0,0,0,0,0,0,0,0,0,0,0,0,0,0,0,0,0,0,0,0,0,0,0,0,0,0,,,,,
VERSA MAIN,13,7,25,27/03/2026 13:38:00,72.00%,0,0,0,0,0,0,2,0,0,0,0,0,0,0,5,0,0,0,0,0,0,0,0,0,0,0,0,0,0,0,0,0,0,0,,,,,
P10,132,6,40,27/03/2026 13:38:00,85.00%,2000,880,45,50,0,0,4,0,0,0,0,0,0,0,2,0,0,0,0,0,0,0,0,0,0,0,0,0,0,0,0,0,0,0,,,,,
P10,133,7,40,27/03/2026 13:18:00,82.50%,2000,880,45,50,0,0,5,0,0,0,0,0,0,0,2,0,0,0,0,0,0,0,0,0,0,0,0,0,0,0,0,0,0,0,,,,,
PR20,80,9,24,27/03/2026 13:13:00,62.50%,1400,1520,50,100,0,0,0,0,0,0,0,0,0,0,0,0,0,0,7,0,0,0,0,0,0,0,0,0,0,0,0,0,0,2,,,,,
FA08,40,5,15,27/03/2026 13:06:00,66.67%,0,0,0,0,1,0,4,0,0,0,0,0,0,0,0,0,0,0,0,0,0,0,0,0,0,0,0,0,0,0,0,0,0,0,,,,,
FA08,37,6,15,27/03/2026 12:58:00,60.00%,0,0,0,0,0,0,6,0,0,0,0,0,0,0,0,0,0,0,0,0,0,0,0,0,0,0,0,0,0,0,0,0,0,0,,,,,
PR20,83,8,24,27/03/2026 12:53:00,66.67%,1400,1520,50,100,0,0,0,0,0,0,0,0,0,0,0,0,0,0,8,0,0,0,0,0,0,0,0,0,0,0,0,0,0,0,,,,,
FA08,52,3,15,27/03/2026 12:40:00,80.00%,0,0,0,0,1,0,1,0,0,0,0,0,0,0,0,0,0,0,0,0,0,0,0,0,0,0,1,0,0,0,0,0,0,0,,,,,
P10,132,27,40,27/03/2026 12:39:00,32.50%,2000,880,45,50,0,0,1,0,0,0,0,0,0,0,26,0,0,0,0,0,0,0,0,0,0,0,0,0,0,0,0,0,0,0,,,,,
0,152,27,0,27/03/2026 12:39:00,0,0,0,0,0,0,0,1,0,0,0,0,0,0,0,26,0,0,0,0,0,0,0,0,0,0,0,0,0,0,0,0,0,0,0,,,,,
PR20,81,4,24,27/03/2026 12:35:00,83.33%,1400,1520,50,100,0,0,0,0,0,0,0,0,0,0,0,0,0,0,1,0,0,0,0,0,0,0,0,0,0,0,0,0,0,3,,,,,
P10,136,18,40,27/03/2026 12:31:00,55.00%,200,80,45,50,0,0,3,0,0,0,0,0,0,0,15,0,0,0,0,0,0,0,0,0,0,0,0,0,0,0,0,0,0,0,,,,,
FA08,39,8,15,27/03/2026 12:28:00,46.67%,0,0,0,0,0,0,7,0,0,0,0,0,0,0,0,0,0,0,0,0,1,0,0,0,0,0,0,0,0,0,0,0,0,0,,,,,
FA08,40,5,15,27/03/2026 12:19:00,66.67%,0,0,0,0,0,0,5,0,0,0,0,0,0,0,0,0,0,0,0,0,0,0,0,0,0,0,0,0,0,0,0,0,0,0,,,,,
PR20,80,7,24,27/03/2026 12:15:00,70.83%,1400,1520,50,100,4,0,0,0,0,0,0,0,0,0,0,0,0,0,0,0,0,0,0,3,0,0,0,0,0,0,0,0,0,0,,,,,
FA08,37,8,15,27/03/2026 12:09:00,46.67%,0,0,0,0,1,0,6,0,0,0,0,0,0,0,0,0,0,0,0,0,1,0,0,0,0,0,0,0,0,0,0,0,0,0,,,,,
FA08,52,5,15,27/03/2026 12:04:00,66.67%,0,0,0,0,1,0,0,0,0,0,0,0,0,0,0,0,0,0,0,0,0,0,0,0,0,0,1,0,3,0,0,0,0,0,,,,,
PR20,83,6,24,27/03/2026 12:00:00,75.00%,1400,1520,50,100,0,0,0,0,0,0,0,0,0,0,0,0,0,0,6,0,0,0,0,0,0,0,0,0,0,0,0,0,0,0,,,,,
FA08,39,4,15,27/03/2026 11:07:00,73.33%,0,0,0,0,0,0,3,0,0,0,0,0,0,0,0,0,0,0,1,0,0,0,0,0,0,0,0,0,0,0,0,0,0,0,,,,,
P10,134,5,40,27/03/2026 11:03:00,87.50%,2000,880,45,50,0,0,3,0,0,0,0,0,0,0,0,0,0,0,2,0,0,0,0,0,0,0,0,0,0,0,0,0,0,0,,,,,
P10,132,3,40,27/03/2026 11:03:00,92.50%,2000,880,45,50,0,0,2,0,0,0,0,0,0,0,1,0,0,0,0,0,0,0,0,0,0,0,0,0,0,0,0,0,0,0,,,,,
P10,132,5,40,27/03/2026 11:03:00,87.50%,2000,880,45,50,0,0,2,0,0,0,0,0,0,0,2,0,0,0,1,0,0,0,0,0,0,0,0,0,0,0,0,0,0,0,,,,,
P10,133,5,40,27/03/2026 11:03:00,87.50%,2000,880,45,50,0,0,1,0,0,0,0,0,0,0,2,0,0,0,2,0,0,0,0,0,0,0,0,0,0,0,0,0,0,0,,,,,
P10,134,5,40,27/03/2026 11:02:00,87.50%,2000,880,45,50,0,0,3,0,0,0,0,0,0,0,0,0,0,0,2,0,0,0,0,0,0,0,0,0,0,0,0,0,0,0,,,,,
P10,135,6,40,27/03/2026 11:02:00,85.00%,2000,80,45,50,0,0,3,0,0,0,0,0,0,0,0,0,0,0,3,0,0,0,0,0,0,0,0,0,0,0,0,0,0,0,,,,,
P10,132,4,40,27/03/2026 11:02:00,90.00%,2000,880,45,50,1,0,3,0,0,0,0,0,0,0,0,0,0,0,0,0,0,0,0,0,0,0,0,0,0,0,0,0,0,0,,,,,
0,1752,3,0,27/03/2026 11:02:00,0,0,0,0,0,0,0,3,0,0,0,0,0,0,0,0,0,0,0,0,0,0,0,0,0,0,0,0,0,0,0,0,0,0,0,,,,,
PR20,81,3,24,27/03/2026 10:57:00,87.50%,1400,1520,50,100,0,0,0,0,0,0,0,0,0,0,0,0,0,0,2,0,0,0,0,0,0,0,0,0,0,0,0,0,0,1,,,,,
FA08,40,5,15,27/03/2026 10:45:00,66.67%,0,0,0,0,0,0,5,0,0,0,0,0,0,0,0,0,0,0,0,0,0,0,0,0,0,0,0,0,0,0,0,0,0,0,,,,,
FA08,37,7,15,27/03/2026 10:40:00,53.33%,0,0,0,0,0,0,7,0,0,0,0,0,0,0,0,0,0,0,0,0,0,0,0,0,0,0,0,0,0,0,0,0,0,0,,,,,
P10,132,3,40,27/03/2026 10:38:00,92.50%,2000,880,45,50,0,0,3,0,0,0,0,0,0,0,0,0,0,0,0,0,0,0,0,0,0,0,0,0,0,0,0,0,0,0,,,,,
P10,135,4,40,27/03/2026 10:38:00,90.00%,2000,80,45,50,0,0,4,0,0,0,0,0,0,0,0,0,0,0,0,0,0,0,0,0,0,0,0,0,0,0,0,0,0,0,,,,,
PR20,80,0,24,27/03/2026 10:37:00,100.00%,1400,1520,50,100,0,0,0,0,0,0,0,0,0,0,0,0,0,0,0,0,0,0,0,0,0,0,0,0,0,0,0,0,0,0,,,,,
P10,132,4,40,27/03/2026 10:30:00,90.00%,2000,880,45,50,0,0,4,0,0,0,0,0,0,0,0,0,0,0,0,0,0,0,0,0,0,0,0,0,0,0,0,0,0,0,,,,,
P10,135,4,40,27/03/2026 10:29:00,90.00%,2000,80,45,50,2,0,2,0,0,0,0,0,0,0,0,0,0,0,0,0,0,0,0,0,0,0,0,0,0,0,0,0,0,0,,,,,
FA08,52,2,15,27/03/2026 10:29:00,86.67%,0,0,0,0,1,0,1,0,0,0,0,0,0,0,0,0,0,0,0,0,0,0,0,0,0,0,0,0,0,0,0,0,0,0,,,,,
FA08,39,6,15,27/03/2026 10:23:00,60.00%,0,0,0,0,0,0,6,0,0,0,0,0,0,0,0,0,0,0,0,0,0,0,0,0,0,0,0,0,0,0,0,0,0,0,,,,,
P10,133,10,40,27/03/2026 10:21:00,75.00%,2000,880,45,50,0,0,4,0,0,0,0,0,0,0,6,0,0,0,0,0,0,0,0,0,0,0,0,0,0,0,0,0,0,0,,,,,
P10,134,14,40,27/03/2026 10:21:00,65.00%,2000,880,45,50,0,0,6,0,0,0,0,0,0,0,8,0,0,0,0,0,0,0,0,0,0,0,0,0,0,0,0,0,0,0,,,,,
P10,132,11,40,27/03/2026 10:21:00,72.50%,2000,880,45,50,0,0,3,0,0,0,0,0,0,0,8,0,0,0,0,0,0,0,0,0,0,0,0,0,0,0,0,0,0,0,,,,,
P10,133,13,40,27/03/2026 10:20:00,67.50%,2000,880,45,50,2,0,6,0,0,0,0,0,0,0,5,0,0,0,0,0,0,0,0,0,0,0,0,0,0,0,0,0,0,0,,,,,
P10,136,15,40,27/03/2026 10:19:00,62.50%,200,80,45,50,0,0,6,0,0,0,0,0,0,0,9,0,0,0,0,0,0,0,0,0,0,0,0,0,0,0,0,0,0,0,,,,,
P10,134,10,40,27/03/2026 10:19:00,75.00%,2000,880,45,50,0,0,5,0,0,0,0,0,0,0,5,0,0,0,0,0,0,0,0,0,0,0,0,0,0,0,0,0,0,0,,,,,
PR20,83,4,24,27/03/2026 10:17:00,83.33%,1400,1520,50,100,0,2,0,0,0,0,0,0,0,0,0,0,0,0,2,0,0,0,0,0,0,0,0,0,0,0,0,0,0,0,,,,,
FA08,40,4,15,27/03/2026 10:12:00,73.33%,0,0,0,0,0,0,4,0,0,0,0,0,0,0,0,0,0,0,0,0,0,0,0,0,0,0,0,0,0,0,0,0,0,0,,,,,
FA08,37,9,15,27/03/2026 10:01:00,40.00%,0,0,0,0,1,0,8,0,0,0,0,0,0,0,0,0,0,0,0,0,0,0,0,0,0,0,0,0,0,0,0,0,0,0,,,,,
PR20,81,2,24,27/03/2026 09:51:00,91.67%,1400,1520,50,100,0,0,0,0,0,0,0,0,0,0,0,0,0,0,2,0,0,0,0,0,0,0,0,0,0,0,0,0,0,0,,,,,
FA08,52,5,15,27/03/2026 09:41:00,66.67%,0,0,0,0,2,0,3,0,0,0,0,0,0,0,0,0,0,0,0,0,0,0,0,0,0,0,0,0,0,0,0,0,0,0,,,,,
P10,133,4,40,27/03/2026 09:39:00,90.00%,2000,880,45,50,2,0,2,0,0,0,0,0,0,0,0,0,0,0,0,0,0,0,0,0,0,0,0,0,0,0,0,0,0,0,,,,,
P10,135,5,40,27/03/2026 09:39:00,87.50%,2000,80,45,50,3,0,2,0,0,0,0,0,0,0,0,0,0,0,0,0,0,0,0,0,0,0,0,0,0,0,0,0,0,0,,,,,
P10,132,5,40,27/03/2026 09:39:00,87.50%,2000,880,45,50,3,0,2,0,0,0,0,0,0,0,0,0,0,0,0,0,0,0,0,0,0,0,0,0,0,0,0,0,0,0,,,,,
FA08,39,8,15,27/03/2026 09:37:00,46.67%,0,0,0,0,2,0,6,0,0,0,0,0,0,0,0,0,0,0,0,0,0,0,0,0,0,0,0,0,0,0,0,0,0,0,,,,,
PR20,80,0,24,27/03/2026 09:34:00,100.00%,1400,1520,50,100,0,0,0,0,0,0,0,0,0,0,0,0,0,0,0,0,0,0,0,0,0,0,0,0,0,0,0,0,0,0,,,,,
P10,135,3,40,27/03/2026 09:25:00,92.50%,2000,80,45,50,0,0,3,0,0,0,0,0,0,0,0,0,0,0,0,0,0,0,0,0,0,0,0,0,0,0,0,0,0,0,,,,,
P10,132,4,40,27/03/2026 09:21:00,90.00%,2000,880,45,50,0,0,2,0,0,0,0,0,0,0,2,0,0,0,0,0,0,0,0,0,0,0,0,0,0,0,0,0,0,0,,,,,
P10,133,5,40,27/03/2026 09:21:00,87.50%,2000,880,45,50,0,0,2,0,0,0,0,0,0,0,0,0,0,0,3,0,0,0,0,0,0,0,0,0,0,0,0,0,0,0,,,,,
FA08,40,7,15,27/03/2026 09:19:00,53.33%,0,0,0,0,0,0,7,0,0,0,0,0,0,0,0,0,0,0,0,0,0,0,0,0,0,0,0,0,0,0,0,0,0,0,,,,,
FA08,37,7,15,27/03/2026 09:14:00,53.33%,0,0,0,0,0,0,7,0,0,0,0,0,0,0,0,0,0,0,0,0,0,0,0,0,0,0,0,0,0,0,0,0,0,0,,,,,
P10,135,9,40,27/03/2026 09:13:00,77.50%,2000,80,45,50,6,0,3,0,0,0,0,0,0,0,0,0,0,0,0,0,0,0,0,0,0,0,0,0,0,0,0,0,0,0,,,,,
P10,136,13,40,27/03/2026 09:13:00,67.50%,200,80,45,50,10,0,3,0,0,0,0,0,0,0,0,0,0,0,0,0,0,0,0,0,0,0,0,0,0,0,0,0,0,0,,,,,
P10,132,17,40,27/03/2026 09:12:00,57.50%,2000,880,45,50,15,0,2,0,0,0,0,0,0,0,0,0,0,0,0,0,0,0,0,0,0,0,0,0,0,0,0,0,0,0,,,,,
FA08,51,9,15,27/03/2026 09:12:00,40.00%,0,0,0,0,0,0,8,0,0,0,0,0,0,0,0,0,0,0,0,0,0,0,0,0,0,0,0,0,1,0,0,0,0,0,,,,,
FA08,37,10,15,27/03/2026 09:11:00,33.33%,0,0,0,0,0,0,9,0,0,1,0,0,0,0,0,0,0,0,0,0,0,0,0,0,0,0,0,0,0,0,0,0,0,0,,,,,
FA08,40,10,15,27/03/2026 09:11:00,33.33%,0,0,0,0,0,1,7,0,0,0,0,0,0,0,0,0,0,0,0,0,0,0,0,0,0,0,0,0,2,0,0,0,0,0,,,,,
FA08,37,12,15,27/03/2026 09:10:00,20.00%,0,0,0,0,0,0,10,0,0,0,0,0,0,0,0,0,0,0,0,0,0,0,0,0,0,0,0,0,2,0,0,0,0,0,,,,,
FA08,39,12,15,27/03/2026 09:10:00,20.00%,0,0,0,0,0,3,9,0,0,0,0,0,0,0,0,0,0,0,0,0,0,0,0,0,0,0,0,0,0,0,0,0,0,0,,,,,
PR20,83,7,24,27/03/2026 09:09:00,70.83%,1400,1520,50,100,1,2,0,0,0,0,0,0,0,0,0,0,0,0,4,0,0,0,0,0,0,0,0,0,0,0,0,0,0,0,,,,,
FA08,39,6,15,27/03/2026 08:55:00,60.00%,0,0,0,0,0,0,6,0,0,0,0,0,0,0,0,0,0,0,0,0,0,0,0,0,0,0,0,0,0,0,0,0,0,0,,,,,
PR20,81,1,24,27/03/2026 08:51:00,95.83%,1400,1520,50,100,0,0,0,0,0,0,0,0,0,0,0,0,0,0,1,0,0,0,0,0,0,0,0,0,0,0,0,0,0,0,,,,,
FA08,52,2,15,27/03/2026 08:41:00,86.67%,0,0,0,0,0,0,1,0,0,0,0,0,0,0,0,0,0,0,0,0,0,0,0,0,0,0,0,0,1,0,0,0,0,0,,,,,
FA08,40,7,15,27/03/2026 08:38:00,53.33%,0,0,0,0,0,0,7,0,0,0,0,0,0,0,0,0,0,0,0,0,0,0,0,0,0,0,0,0,0,0,0,0,0,0,,,,,
FA08,37,2,15,27/03/2026 08:33:00,86.67%,0,0,0,0,0,0,2,0,0,0,0,0,0,0,0,0,0,0,0,0,0,0,0,0,0,0,0,0,0,0,0,0,0,0,,,,,
PR20,80,1,24,27/03/2026 08:30:00,95.83%,1400,1520,50,100,0,0,0,0,0,0,0,0,0,0,0,0,0,0,1,0,0,0,0,0,0,0,0,0,0,0,0,0,0,0,,,,,
PR20,83,7,24,27/03/2026 08:21:00,70.83%,1400,1520,50,100,1,0,0,0,0,0,0,0,0,0,0,0,0,0,6,0,0,0,0,0,0,0,0,0,0,0,0,0,0,0,,,,,
FA08,39,6,15,27/03/2026 08:15:00,60.00%,0,0,0,0,0,0,6,0,0,0,0,0,0,0,0,0,0,0,0,0,0,0,0,0,0,0,0,0,0,0,0,0,0,0,,,,,
FA08,39,13,15,27/03/2026 07:58:00,13.33%,0,0,0,0,10,0,3,0,0,0,0,0,0,0,0,0,0,0,0,0,0,0,0,0,0,0,0,0,0,0,0,0,0,0,,,,,
PR20,81,3,24,27/03/2026 07:49:00,87.50%,1400,1520,50,100,0,3,0,0,0,0,0,0,0,0,0,0,0,0,0,0,0,0,0,0,0,0,0,0,0,0,0,0,0,0,,,,,
FA08,40,8,15,27/03/2026 07:37:00,46.67%,0,0,0,0,0,0,8,0,0,0,0,0,0,0,0,0,0,0,0,0,0,0,0,0,0,0,0,0,0,0,0,0,0,0,,,,,
FA08,37,5,15,27/03/2026 07:34:00,66.67%,0,0,0,0,0,0,5,0,0,0,0,0,0,0,0,0,0,0,0,0,0,0,0,0,0,0,0,0,0,0,0,0,0,0,,,,,
FA08,40,11,15,27/03/2026 07:32:00,26.67%,0,0,0,0,0,0,8,0,0,0,0,0,0,0,3,0,0,0,0,0,0,0,0,0,0,0,0,0,0,0,0,0,0,0,,,,,
PR20,80,1,24,27/03/2026 07:24:00,95.83%,1400,1520,50,100,1,0,0,0,0,0,0,0,0,0,0,0,0,0,0,0,0,0,0,0,0,0,0,0,0,0,0,0,0,0,,,,,
FA08,39,9,15,27/03/2026 07:14:00,40.00%,0,0,0,0,0,0,9,0,0,0,0,0,0,0,0,0,0,0,0,0,0,0,0,0,0,0,0,0,0,0,0,0,0,0,,,,,
FA08,51,0,15,27/03/2026 07:08:00,100.00%,0,0,0,0,0,0,0,0,0,0,0,0,0,0,0,0,0,0,0,0,0,0,0,0,0,0,0,0,0,0,0,0,0,0,,,,,
P10,132,7,40,27/03/2026 07:06:00,82.50%,2000,880,45,50,5,0,2,0,0,0,0,0,0,0,0,0,0,0,0,0,0,0,0,0,0,0,0,0,0,0,0,0,0,0,,,,,
PR20,83,4,24,27/03/2026 07:04:00,83.33%,1400,1520,50,100,0,0,2,0,0,0,0,0,0,0,0,0,0,0,1,0,0,0,0,0,0,0,0,0,0,0,0,0,0,1,,,,,
P10,135,4,40,27/03/2026 06:59:00,90.00%,2000,80,45,50,0,0,1,0,0,0,0,0,0,0,0,0,0,0,3,0,0,0,0,0,0,0,0,0,0,0,0,0,0,0,,,,,
FA08,40,7,15,27/03/2026 06:56:00,53.33%,0,0,0,0,0,0,7,0,0,0,0,0,0,0,0,0,0,0,0,0,0,0,0,0,0,0,0,0,0,0,0,0,0,0,,,,,
P10,136,7,40,27/03/2026 06:54:00,82.50%,200,80,45,50,5,0,2,0,0,0,0,0,0,0,0,0,0,0,0,0,0,0,0,0,0,0,0,0,0,0,0,0,0,0,,,,,
P10,133,5,40,27/03/2026 06:47:00,87.50%,2000,880,45,50,3,0,2,0,0,0,0,0,0,0,0,0,0,0,0,0,0,0,0,0,0,0,0,0,0,0,0,0,0,0,,,,,
FA08,37,5,15,27/03/2026 06:44:00,66.67%,0,0,0,0,5,0,0,0,0,0,0,0,0,0,0,0,0,0,0,0,0,0,0,0,0,0,0,0,0,0,0,0,0,0,,,,,
P10,132,3,40,27/03/2026 06:38:00,92.50%,2000,880,45,50,0,0,1,0,0,0,0,0,0,0,0,0,0,0,2,0,0,0,0,0,0,0,0,0,0,0,0,0,0,0,,,,,
P10,134,0,40,27/03/2026 06:30:00,100.00%,2000,880,45,50,0,0,0,0,0,0,0,0,0,0,0,0,0,0,0,0,0,0,0,0,0,0,0,0,0,0,0,0,0,0,,,,,
P10,131,4,40,27/03/2026 06:29:00,90.00%,2000,880,45,50,0,0,2,0,0,0,0,0,0,0,2,0,0,0,0,0,0,0,0,0,0,0,0,0,0,0,0,0,0,0,,,,,
FA08,39,7,15,27/03/2026 06:25:00,53.33%,0,0,0,0,1,0,6,0,0,0,0,0,0,0,0,0,0,0,0,0,0,0,0,0,0,0,0,0,0,0,0,0,0,0,,,,,
PR20,80,3,24,26/03/2026 23:14:00,87.50%,1400,1520,50,100,2,0,0,0,0,0,0,0,0,0,0,0,0,0,0,0,0,0,0,0,0,0,1,0,0,0,0,0,0,0,,,,,
DC-I,65,1,16,26/03/2026 23:02:00,93.75%,0,0,0,0,1,0,0,0,0,0,0,0,0,0,0,0,0,0,0,0,0,0,0,0,0,0,0,0,0,0,0,0,0,0,,,,,
DC-I,68,3,16,26/03/2026 22:43:00,81.25%,0,0,0,0,2,0,1,0,0,0,0,0,0,0,0,0,0,0,0,0,0,0,0,0,0,0,0,0,0,0,0,0,0,0,,,,,
DC-I,68,3,16,26/03/2026 22:43:00,81.25%,0,0,0,0,3,0,0,0,0,0,0,0,0,0,0,0,0,0,0,0,0,0,0,0,0,0,0,0,0,0,0,0,0,0,,,,,
DC-I,69,2,16,26/03/2026 22:43:00,87.50%,0,0,0,0,0,0,2,0,0,0,0,0,0,0,0,0,0,0,0,0,0,0,0,0,0,0,0,0,0,0,0,0,0,0,,,,,
FA08,40,3,15,26/03/2026 22:43:00,80.00%,0,0,0,0,0,0,3,0,0,0,0,0,0,0,0,0,0,0,0,0,0,0,0,0,0,0,0,0,0,0,0,0,0,0,,,,,
DC-I,68,2,16,26/03/2026 22:42:00,87.50%,0,0,0,0,0,0,2,0,0,0,0,0,0,0,0,0,0,0,0,0,0,0,0,0,0,0,0,0,0,0,0,0,0,0,,,,,
DC-I,69,0,16,26/03/2026 22:42:00,100.00%,0,0,0,0,0,0,0,0,0,0,0,0,0,0,0,0,0,0,0,0,0,0,0,0,0,0,0,0,0,0,0,0,0,0,,,,,
FA08,39,5,15,26/03/2026 22:37:00,66.67%,0,0,0,0,0,0,3,0,0,0,0,0,0,0,0,0,0,0,0,0,0,0,0,0,0,0,1,0,1,0,0,0,0,0,,,,,
P10,131,3,40,26/03/2026 22:32:00,92.50%,2000,880,45,50,0,0,3,0,0,0,0,0,0,0,0,0,0,0,0,0,0,0,0,0,0,0,0,0,0,0,0,0,0,0,,,,,
P10,132,4,40,26/03/2026 22:29:00,90.00%,2000,880,45,50,0,0,4,0,0,0,0,0,0,0,0,0,0,0,0,0,0,0,0,0,0,0,0,0,0,0,0,0,0,0,,,,,
P10,135,2,40,26/03/2026 22:22:00,95.00%,2000,80,45,50,0,0,2,0,0,0,0,0,0,0,0,0,0,0,0,0,0,0,0,0,0,0,0,0,0,0,0,0,0,0,,,,,
FA08,37,0,15,26/03/2026 22:15:00,100.00%,0,0,0,0,0,0,0,0,0,0,0,0,0,0,0,0,0,0,0,0,0,0,0,0,0,0,0,0,0,0,0,0,0,0,,,,,
FA08,40,2,15,26/03/2026 21:54:00,86.67%,0,0,0,0,0,0,2,0,0,0,0,0,0,0,0,0,0,0,0,0,0,0,0,0,0,0,0,0,0,0,0,0,0,0,,,,,
ROUTER,71,16,20,26/03/2026 21:43:00,20.00%,0,0,0,0,9,0,3,0,0,0,0,0,0,0,0,0,0,0,0,0,0,0,0,0,0,0,0,0,0,0,4,0,0,0,,,,,
P10,132,6,40,26/03/2026 21:34:00,85.00%,2000,880,45,50,2,0,4,0,0,0,0,0,0,0,0,0,0,0,0,0,0,0,0,0,0,0,0,0,0,0,0,0,0,0,,,,,
P10,134,2,40,26/03/2026 21:29:00,95.00%,2000,880,45,50,0,0,2,0,0,0,0,0,0,0,0,0,0,0,0,0,0,0,0,0,0,0,0,0,0,0,0,0,0,0,,,,,
P10,133,7,40,26/03/2026 21:23:00,82.50%,2000,880,45,50,4,0,3,0,0,0,0,0,0,0,0,0,0,0,0,0,0,0,0,0,0,0,0,0,0,0,0,0,0,0,,,,,
P10,134,2,40,26/03/2026 21:14:00,95.00%,2000,880,45,50,0,0,2,0,0,0,0,0,0,0,0,0,0,0,0,0,0,0,0,0,0,0,0,0,0,0,0,0,0,0,,,,,
FA08,40,4,15,26/03/2026 21:09:00,73.33%,0,0,0,0,0,0,2,0,0,0,0,0,0,0,0,0,0,0,0,0,0,0,0,0,1,0,1,0,0,0,0,0,0,0,,,,,
P10,135,0,40,26/03/2026 20:55:00,100.00%,2000,80,45,50,0,0,0,0,0,0,0,0,0,0,0,0,0,0,0,0,0,0,0,0,0,0,0,0,0,0,0,0,0,0,,,,,
P10,131,2,40,26/03/2026 20:49:00,95.00%,2000,880,45,50,0,0,2,0,0,0,0,0,0,0,0,0,0,0,0,0,0,0,0,0,0,0,0,0,0,0,0,0,0,0,,,,,
P10,133,5,40,26/03/2026 20:45:00,87.50%,2000,880,45,50,3,0,2,0,0,0,0,0,0,0,0,0,0,0,0,0,0,0,0,0,0,0,0,0,0,0,0,0,0,0,,,,,
FA08,39,5,15,26/03/2026 20:44:00,66.67%,0,0,0,0,0,1,4,0,0,0,0,0,0,0,0,0,0,0,0,0,0,0,0,0,0,0,0,0,0,0,0,0,0,0,,,,,
PR20,81,5,24,26/03/2026 20:40:00,79.17%,1400,1520,50,100,2,0,3,0,0,0,0,0,0,0,0,0,0,0,0,0,0,0,0,0,0,0,0,0,0,0,0,0,0,0,,,,,
P10,135,3,40,26/03/2026 20:40:00,92.50%,2000,80,45,50,0,0,3,0,0,0,0,0,0,0,0,0,0,0,0,0,0,0,0,0,0,0,0,0,0,0,0,0,0,0,,,,,
FA08,37,3,15,26/03/2026 20:34:00,80.00%,0,0,0,0,0,0,3,0,0,0,0,0,0,0,0,0,0,0,0,0,0,0,0,0,0,0,0,0,0,0,0,0,0,0,,,,,
PR20,81,9,24,26/03/2026 20:22:00,62.50%,1400,1520,50,100,2,0,1,0,0,0,0,0,0,0,0,0,0,0,6,0,0,0,0,0,0,0,0,0,0,0,0,0,0,0,,,,,
DC-I,69,4,16,26/03/2026 20:16:00,75.00%,0,0,0,0,1,0,3,0,0,0,0,0,0,0,0,0,0,0,0,0,0,0,0,0,0,0,0,0,0,0,0,0,0,0,,,,,
P10,135,5,40,26/03/2026 20:13:00,87.50%,2000,80,45,50,1,0,4,0,0,0,0,0,0,0,0,0,0,0,0,0,0,0,0,0,0,0,0,0,0,0,0,0,0,0,,,,,
0,89,3,0,26/03/2026 20:12:00,0,0,0,0,0,0,0,2,0,0,0,0,0,0,0,1,0,0,0,0,0,0,0,0,0,0,0,0,0,0,0,0,0,0,0,,,,,
DC-I,68,0,16,26/03/2026 20:09:00,100.00%,0,0,0,0,0,0,0,0,0,0,0,0,0,0,0,0,0,0,0,0,0,0,0,0,0,0,0,0,0,0,0,0,0,0,,,,,
P10,134,3,40,26/03/2026 20:08:00,92.50%,2000,880,45,50,0,0,3,0,0,0,0,0,0,0,0,0,0,0,0,0,0,0,0,0,0,0,0,0,0,0,0,0,0,0,,,,,
P10,131,3,40,26/03/2026 20:03:00,92.50%,2000,880,45,50,0,0,3,0,0,0,0,0,0,0,0,0,0,0,0,0,0,0,0,0,0,0,0,0,0,0,0,0,0,0,,,,,
P10,133,7,40,26/03/2026 19:59:00,82.50%,2000,880,45,50,5,0,2,0,0,0,0,0,0,0,0,0,0,0,0,0,0,0,0,0,0,0,0,0,0,0,0,0,0,0,,,,,
FA08,39,4,15,26/03/2026 19:50:00,73.33%,0,0,0,0,0,0,4,0,0,0,0,0,0,0,0,0,0,0,0,0,0,0,0,0,0,0,0,0,0,0,0,0,0,0,,,,,
PR20,80,3,24,26/03/2026 19:45:00,87.50%,1400,1520,50,100,2,0,0,0,0,0,0,0,0,0,0,0,0,0,0,0,0,1,0,0,0,0,0,0,0,0,0,0,0,0,,,,,
ROUTER,73,3,20,26/03/2026 19:38:00,85.00%,0,0,0,0,0,2,0,0,0,0,0,0,0,0,0,0,0,0,0,0,0,0,0,0,0,0,0,0,1,0,0,0,0,0,,,,,
FA08,51,5,15,26/03/2026 19:16:00,66.67%,0,0,0,0,0,4,0,0,0,0,0,0,0,0,0,0,0,0,0,0,0,0,0,0,0,0,0,0,1,0,0,0,0,0,,,,,
P10,134,2,40,26/03/2026 18:12:00,95.00%,2000,880,45,50,0,0,2,0,0,0,0,0,0,0,0,0,0,0,0,0,0,0,0,0,0,0,0,0,0,0,0,0,0,0,,,,,
DC-I,69,3,16,26/03/2026 18:09:00,81.25%,0,0,0,0,1,0,2,0,0,0,0,0,0,0,0,0,0,0,0,0,0,0,0,0,0,0,0,0,0,0,0,0,0,0,,,,,
P10,136,5,40,26/03/2026 18:08:00,87.50%,200,80,45,50,0,0,5,0,0,0,0,0,0,0,0,0,0,0,0,0,0,0,0,0,0,0,0,0,0,0,0,0,0,0,,,,,
PR20,81,6,24,26/03/2026 18:06:00,75.00%,1400,1520,50,100,0,0,3,0,0,0,0,0,0,0,0,0,0,0,2,0,0,0,0,0,0,0,1,0,0,0,0,0,0,0,,,,,
P10,131,2,40,26/03/2026 18:05:00,95.00%,2000,880,45,50,0,0,2,0,0,0,0,0,0,0,0,0,0,0,0,0,0,0,0,0,0,0,0,0,0,0,0,0,0,0,,,,,
P10,135,2,40,26/03/2026 18:01:00,95.00%,2000,80,45,50,0,0,2,0,0,0,0,0,0,0,0,0,0,0,0,0,0,0,0,0,0,0,0,0,0,0,0,0,0,0,,,,,
DC-I,68,1,16,26/03/2026 17:56:00,93.75%,0,0,0,0,0,0,0,0,0,0,0,0,0,0,0,0,0,0,0,0,0,0,0,0,0,0,1,0,0,0,0,0,0,0,,,,,
P10,133,3,40,26/03/2026 17:56:00,92.50%,2000,880,45,50,0,0,3,0,0,0,0,0,0,0,0,0,0,0,0,0,0,0,0,0,0,0,0,0,0,0,0,0,0,0,,,,,
ROUTER,72,43,20,26/03/2026 17:52:00,-115.00%,0,0,0,0,35,0,5,0,0,0,0,0,0,0,0,0,0,0,0,0,0,0,0,0,0,0,0,0,0,0,3,0,0,0,,,,,
PR20,83,5,24,26/03/2026 17:48:00,79.17%,1400,1520,50,100,0,0,4,0,0,0,0,0,0,0,0,0,0,0,0,0,0,0,0,0,0,0,1,0,0,0,0,0,0,0,,,,,
PR20,82,10,24,26/03/2026 17:16:00,58.33%,1400,1520,50,100,2,0,7,0,0,0,0,0,0,0,0,0,0,0,1,0,0,0,0,0,0,0,0,0,0,0,0,0,0,0,,,,,
0,58,14,0,26/03/2026 17:04:00,0,0,0,0,0,8,4,2,0,0,0,0,0,0,0,0,0,0,0,0,0,0,0,0,0,0,0,0,0,0,0,0,0,0,0,,,,,
DC-I,65,1,16,26/03/2026 16:59:00,93.75%,0,0,0,0,1,0,0,0,0,0,0,0,0,0,0,0,0,0,0,0,0,0,0,0,0,0,0,0,0,0,0,0,0,0,,,,,
FA08,40,2,15,26/03/2026 16:56:00,86.67%,0,0,0,0,2,0,0,0,0,0,0,0,0,0,0,0,0,0,0,0,0,0,0,0,0,0,0,0,0,0,0,0,0,0,,,,,
FA08,40,4,15,26/03/2026 16:43:00,73.33%,0,0,0,0,1,1,0,0,0,0,0,0,0,0,0,0,0,0,0,0,0,0,0,0,0,0,0,0,2,0,0,0,0,0,,,,,
P10,132,4,40,26/03/2026 16:41:00,90.00%,2000,880,45,50,0,0,4,0,0,0,0,0,0,0,0,0,0,0,0,0,0,0,0,0,0,0,0,0,0,0,0,0,0,0,,,,,
0,1340,2,0,26/03/2026 16:36:00,0,0,0,0,0,0,0,2,0,0,0,0,0,0,0,0,0,0,0,0,0,0,0,0,0,0,0,0,0,0,0,0,0,0,0,,,,,
P10,133,0,40,26/03/2026 16:30:00,100.00%,2000,880,45,50,0,0,0,0,0,0,0,0,0,0,0,0,0,0,0,0,0,0,0,0,0,0,0,0,0,0,0,0,0,0,,,,,
PR20,80,4,24,26/03/2026 16:29:00,83.33%,1400,1520,50,100,3,0,1,0,0,0,0,0,0,0,0,0,0,0,0,0,0,0,0,0,0,0,0,0,0,0,0,0,0,0,,,,,
FA08,51,3,15,26/03/2026 16:29:00,80.00%,0,0,0,0,3,0,0,0,0,0,0,0,0,0,0,0,0,0,0,0,0,0,0,0,0,0,0,0,0,0,0,0,0,0,,,,,
P10,135,2,40,26/03/2026 16:21:00,95.00%,2000,80,45,50,0,0,2,0,0,0,0,0,0,0,0,0,0,0,0,0,0,0,0,0,0,0,0,0,0,0,0,0,0,0,,,,,
PR20,83,6,24,26/03/2026 16:21:00,75.00%,1400,1520,50,100,2,0,3,0,0,0,0,0,0,0,0,0,0,0,1,0,0,0,0,0,0,0,0,0,0,0,0,0,0,0,,,,,
P10,136,3,40,26/03/2026 16:17:00,92.50%,200,80,45,50,0,0,3,0,0,0,0,0,0,0,0,0,0,0,0,0,0,0,0,0,0,0,0,0,0,0,0,0,0,0,,,,,
FA08,51,2,15,26/03/2026 16:16:00,86.67%,0,0,0,0,0,0,0,0,0,0,0,0,0,0,0,0,0,0,0,0,0,0,0,0,0,0,0,0,2,0,0,0,0,0,,,,,
P10,131,3,40,26/03/2026 16:12:00,92.50%,2000,880,45,50,0,0,3,0,0,0,0,0,0,0,0,0,0,0,0,0,0,0,0,0,0,0,0,0,0,0,0,0,0,0,,,,,
FA08,51,7,15,26/03/2026 16:04:00,53.33%,0,0,0,0,0,4,0,0,0,0,0,0,0,0,0,0,0,0,0,0,0,0,0,0,0,0,0,0,3,0,0,0,0,0,,,,,
PR20,83,5,24,26/03/2026 15:57:00,79.17%,1400,1520,50,100,1,0,2,0,0,0,0,0,0,0,0,0,0,0,0,0,0,0,0,0,0,0,0,0,0,0,0,0,0,2,,,,,
ROUTER,71,2,20,26/03/2026 15:48:00,90.00%,0,0,0,0,0,0,2,0,0,0,0,0,0,0,0,0,0,0,0,0,0,0,0,0,0,0,0,0,0,0,0,0,0,0,,,,,
ROUTER,71,3,20,26/03/2026 15:37:00,85.00%,0,0,0,0,0,0,3,0,0,0,0,0,0,0,0,0,0,0,0,0,0,0,0,0,0,0,0,0,0,0,0,0,0,0,,,,,
PR20,80,3,24,26/03/2026 15:37:00,87.50%,1400,1520,50,100,3,0,0,0,0,0,0,0,0,0,0,0,0,0,0,0,0,0,0,0,0,0,0,0,0,0,0,0,0,0,,,,,
DC-I,66,14,16,26/03/2026 15:30:00,12.50%,0,0,0,0,4,0,10,0,0,0,0,0,0,0,0,0,0,0,0,0,0,0,0,0,0,0,0,0,0,0,0,0,0,0,,,,,
FA08,40,4,15,26/03/2026 15:29:00,73.33%,0,0,0,0,3,0,1,0,0,0,0,0,0,0,0,0,0,0,0,0,0,0,0,0,0,0,0,0,0,0,0,0,0,0,,,,,
P10,131,2,40,26/03/2026 14:50:00,95.00%,2000,880,45,50,0,0,2,0,0,0,0,0,0,0,0,0,0,0,0,0,0,0,0,0,0,0,0,0,0,0,0,0,0,0,,,,,
P10,135,2,40,26/03/2026 14:47:00,95.00%,2000,80,45,50,0,0,2,0,0,0,0,0,0,0,0,0,0,0,0,0,0,0,0,0,0,0,0,0,0,0,0,0,0,0,,,,,
P10,132,6,40,26/03/2026 14:43:00,85.00%,2000,880,45,50,0,0,3,0,0,0,0,0,0,0,3,0,0,0,0,0,0,0,0,0,0,0,0,0,0,0,0,0,0,0,,,,,
P10,131,3,40,26/03/2026 14:29:00,92.50%,2000,880,45,50,0,0,3,0,0,0,0,0,0,0,0,0,0,0,0,0,0,0,0,0,0,0,0,0,0,0,0,0,0,0,,,,,
P10,131,1,40,26/03/2026 14:23:00,97.50%,2000,880,45,50,0,0,1,0,0,0,0,0,0,0,0,0,0,0,0,0,0,0,0,0,0,0,0,0,0,0,0,0,0,0,,,,,
P10,132,4,40,26/03/2026 14:08:00,90.00%,2000,880,45,50,1,0,3,0,0,0,0,0,0,0,0,0,0,0,0,0,0,0,0,0,0,0,0,0,0,0,0,0,0,0,,,,,
P10,132,5,40,26/03/2026 14:01:00,87.50%,2000,880,45,50,0,0,5,0,0,0,0,0,0,0,0,0,0,0,0,0,0,0,0,0,0,0,0,0,0,0,0,0,0,0,,,,,
PR20,83,0,24,26/03/2026 13:50:00,100.00%,1400,1520,50,100,0,0,0,0,0,0,0,0,0,0,0,0,0,0,0,0,0,0,0,0,0,0,0,0,0,0,0,0,0,0,,,,,
PR20,82,0,24,26/03/2026 13:50:00,100.00%,1400,1520,50,100,0,0,0,0,0,0,0,0,0,0,0,0,0,0,0,0,0,0,0,0,0,0,0,0,0,0,0,0,0,0,,,,,
P10,134,2,40,26/03/2026 13:49:00,95.00%,2000,880,45,50,0,0,2,0,0,0,0,0,0,0,0,0,0,0,0,0,0,0,0,0,0,0,0,0,0,0,0,0,0,0,,,,,
P10,136,1,40,26/03/2026 13:43:00,97.50%,200,80,45,50,0,0,0,0,0,0,0,0,0,0,1,0,0,0,0,0,0,0,0,0,0,0,0,0,0,0,0,0,0,0,,,,,
VERSA MAIN,13,1,25,26/03/2026 13:43:00,96.00%,0,0,0,0,0,0,0,0,0,0,0,0,0,0,1,0,0,0,0,0,0,0,0,0,0,0,0,0,0,0,0,0,0,0,,,,,
P10,133,6,40,26/03/2026 13:40:00,85.00%,2000,880,45,50,0,0,3,0,0,0,0,0,0,0,3,0,0,0,0,0,0,0,0,0,0,0,0,0,0,0,0,0,0,0,,,,,
P10,134,0,40,26/03/2026 13:36:00,100.00%,2000,880,45,50,0,0,0,0,0,0,0,0,0,0,0,0,0,0,0,0,0,0,0,0,0,0,0,0,0,0,0,0,0,0,,,,,
0,800,0,0,26/03/2026 13:35:00,0,0,0,0,0,0,0,0,0,0,0,0,0,0,0,0,0,0,0,0,0,0,0,0,0,0,0,0,0,0,0,0,0,0,0,,,,,
P10,134,7,40,26/03/2026 13:29:00,82.50%,2000,880,45,50,0,0,4,0,0,0,0,0,0,0,3,0,0,0,0,0,0,0,0,0,0,0,0,0,0,0,0,0,0,0,,,,,
P10,132,5,40,26/03/2026 13:23:00,87.50%,2000,880,45,50,0,0,0,0,0,0,0,0,0,0,5,0,0,0,0,0,0,0,0,0,0,0,0,0,0,0,0,0,0,0,,,,,
FA08,51,6,15,26/03/2026 13:19:00,60.00%,0,0,0,0,2,0,4,0,0,0,0,0,0,0,0,0,0,0,0,0,0,0,0,0,0,0,0,0,0,0,0,0,0,0,,,,,
P10,135,4,40,26/03/2026 13:10:00,90.00%,2000,80,45,50,0,0,0,0,0,0,0,0,0,0,4,0,0,0,0,0,0,0,0,0,0,0,0,0,0,0,0,0,0,0,,,,,
P10,131,0,40,26/03/2026 12:59:00,100.00%,2000,880,45,50,0,0,0,0,0,0,0,0,0,0,0,0,0,0,0,0,0,0,0,0,0,0,0,0,0,0,0,0,0,0,,,,,
P10,135,5,40,26/03/2026 12:56:00,87.50%,2000,80,45,50,0,0,3,0,0,0,0,0,0,0,2,0,0,0,0,0,0,0,0,0,0,0,0,0,0,0,0,0,0,0,,,,,
FA08,40,5,15,26/03/2026 12:49:00,66.67%,0,0,0,0,3,0,2,0,0,0,0,0,0,0,0,0,0,0,0,0,0,0,0,0,0,0,0,0,0,0,0,0,0,0,,,,,
PR20,81,12,24,26/03/2026 12:43:00,50.00%,1400,1520,50,100,0,0,0,0,0,0,0,0,0,0,0,0,0,0,0,0,0,0,0,0,0,0,0,0,0,0,0,0,0,12,,,,,
P10,131,2,40,26/03/2026 12:35:00,95.00%,2000,880,45,50,2,0,0,0,0,0,0,0,0,0,0,0,0,0,0,0,0,0,0,0,0,0,0,0,0,0,0,0,0,0,,,,,
P10,132,11,40,26/03/2026 12:32:00,72.50%,2000,880,45,50,7,0,4,0,0,0,0,0,0,0,0,0,0,0,0,0,0,0,0,0,0,0,0,0,0,0,0,0,0,0,,,,,
P10,133,8,40,26/03/2026 12:14:00,80.00%,2000,880,45,50,4,0,4,0,0,0,0,0,0,0,0,0,0,0,0,0,0,0,0,0,0,0,0,0,0,0,0,0,0,0,,,,,
P10,132,2,40,26/03/2026 12:04:00,95.00%,2000,880,45,50,0,0,2,0,0,0,0,0,0,0,0,0,0,0,0,0,0,0,0,0,0,0,0,0,0,0,0,0,0,0,,,,,
P10,132,3,40,26/03/2026 12:03:00,92.50%,2000,880,45,50,0,0,3,0,0,0,0,0,0,0,0,0,0,0,0,0,0,0,0,0,0,0,0,0,0,0,0,0,0,0,,,,,
PR20,81,11,24,26/03/2026 11:03:00,54.17%,1400,1520,50,100,0,0,0,0,0,0,0,0,0,0,0,0,0,0,0,0,0,0,0,0,0,0,0,0,0,0,0,0,0,11,,,,,
FA08,37,5,15,26/03/2026 10:58:00,66.67%,0,0,0,0,2,0,3,0,0,0,0,0,0,0,0,0,0,0,0,0,0,0,0,0,0,0,0,0,0,0,0,0,0,0,,,,,
FA08,39,3,15,26/03/2026 10:49:00,80.00%,0,0,0,0,1,0,2,0,0,0,0,0,0,0,0,0,0,0,0,0,0,0,0,0,0,0,0,0,0,0,0,0,0,0,,,,,
ROUTER,72,2,20,26/03/2026 10:26:00,90.00%,0,0,0,0,2,0,0,0,0,0,0,0,0,0,0,0,0,0,0,0,0,0,0,0,0,0,0,0,0,0,0,0,0,0,,,,,
FA08,40,6,15,26/03/2026 10:26:00,60.00%,0,0,0,0,2,0,4,0,0,0,0,0,0,0,0,0,0,0,0,0,0,0,0,0,0,0,0,0,0,0,0,0,0,0,,,,,
ROUTER,74,8,20,26/03/2026 10:19:00,60.00%,0,0,0,0,4,0,1,0,0,0,0,0,0,0,0,0,0,0,0,0,0,0,0,0,0,0,0,0,0,0,3,0,0,0,,,,,
FA08,51,6,15,26/03/2026 10:12:00,60.00%,0,0,0,0,1,0,5,0,0,0,0,0,0,0,0,0,0,0,0,0,0,0,0,0,0,0,0,0,0,0,0,0,0,0,,,,,
PR20,81,16,24,26/03/2026 10:06:00,33.33%,1400,1520,50,100,0,0,0,0,0,0,0,0,0,0,0,0,0,0,0,0,0,0,0,0,0,0,0,0,0,0,0,0,0,16,,,,,
ROUTER,70,10,20,26/03/2026 10:04:00,50.00%,0,0,0,0,5,0,0,0,0,1,0,0,1,0,0,0,0,0,0,0,0,0,0,0,0,0,0,0,0,0,3,0,0,0,,,,,
FA08,37,5,15,26/03/2026 10:00:00,66.67%,0,0,0,0,3,0,2,0,0,0,0,0,0,0,0,0,0,0,0,0,0,0,0,0,0,0,0,0,0,0,0,0,0,0,,,,,
FA08,40,4,15,26/03/2026 09:46:00,73.33%,0,0,0,0,2,0,1,0,0,0,0,0,0,0,0,0,0,0,0,0,0,0,0,0,0,0,1,0,0,0,0,0,0,0,,,,,
FA08,51,2,15,26/03/2026 09:42:00,86.67%,0,0,0,0,1,0,1,0,0,0,0,0,0,0,0,0,0,0,0,0,0,0,0,0,0,0,0,0,0,0,0,0,0,0,,,,,
ROUTER,73,3,20,26/03/2026 09:39:00,85.00%,0,0,0,0,2,0,1,0,0,0,0,0,0,0,0,0,0,0,0,0,0,0,0,0,0,0,0,0,0,0,0,0,0,0,,,,,
ROUTER,71,4,20,26/03/2026 09:31:00,80.00%,0,0,0,0,2,0,0,0,0,0,0,0,0,1,0,0,0,0,1,0,0,0,0,0,0,0,0,0,0,0,0,0,0,0,,,,,
ROUTER,74,7,20,26/03/2026 09:21:00,65.00%,0,0,0,0,4,0,0,0,0,0,0,0,0,0,0,0,0,0,0,0,0,0,0,0,0,0,0,0,0,0,3,0,0,0,,,,,
PR20,81,13,24,26/03/2026 09:20:00,45.83%,1400,1520,50,100,0,0,0,0,0,0,0,0,0,0,0,0,0,0,0,0,0,0,0,0,0,0,0,0,0,0,0,0,0,13,,,,,
FA08,40,4,15,26/03/2026 09:11:00,73.33%,0,0,0,0,1,0,3,0,0,0,0,0,0,0,0,0,0,0,0,0,0,0,0,0,0,0,0,0,0,0,0,0,0,0,,,,,
ROUTER,71,6,20,26/03/2026 09:05:00,70.00%,0,0,0,0,2,0,0,0,0,0,0,0,0,0,0,0,0,3,1,0,0,0,0,0,0,0,0,0,0,0,0,0,0,0,,,,,
FA08,51,6,15,26/03/2026 09:04:00,60.00%,0,0,0,0,1,0,5,0,0,0,0,0,0,0,0,0,0,0,0,0,0,0,0,0,0,0,0,0,0,0,0,0,0,0,,,,,
ROUTER,74,4,20,26/03/2026 08:54:00,80.00%,0,0,0,0,2,1,0,0,0,0,0,0,0,0,0,0,0,0,1,0,0,0,0,0,0,0,0,0,0,0,0,0,0,0,,,,,
PR20,83,1,24,26/03/2026 08:54:00,95.83%,1400,1520,50,100,1,0,0,0,0,0,0,0,0,0,0,0,0,0,0,0,0,0,0,0,0,0,0,0,0,0,0,0,0,0,,,,,
FA08,40,2,15,26/03/2026 08:41:00,86.67%,0,0,0,0,2,0,0,0,0,0,0,0,0,0,0,0,0,0,0,0,0,0,0,0,0,0,0,0,0,0,0,0,0,0,,,,,
ROUTER,72,6,20,26/03/2026 08:39:00,70.00%,0,0,0,0,2,0,0,0,0,0,0,0,0,1,0,0,0,0,0,0,0,0,0,0,0,0,0,0,0,0,3,0,0,0,,,,,
FA08,51,5,15,26/03/2026 08:32:00,66.67%,0,0,0,0,1,1,2,0,0,0,0,0,0,0,0,0,0,0,1,0,0,0,0,0,0,0,0,0,0,0,0,0,0,0,,,,,
FA08,39,4,15,26/03/2026 08:14:00,73.33%,0,0,0,0,0,0,3,0,0,0,0,0,0,0,0,0,0,0,0,0,0,0,0,0,0,0,0,0,1,0,0,0,0,0,,,,,
FA08,51,6,15,26/03/2026 08:04:00,60.00%,0,0,0,0,0,4,2,0,0,0,0,0,0,0,0,0,0,0,0,0,0,0,0,0,0,0,0,0,0,0,0,0,0,0,,,,,
FA08,51,4,15,26/03/2026 08:03:00,73.33%,0,0,0,0,0,2,2,0,0,0,0,0,0,0,0,0,0,0,0,0,0,0,0,0,0,0,0,0,0,0,0,0,0,0,,,,,
PR20,81,12,24,26/03/2026 07:56:00,50.00%,1400,1520,50,100,0,0,0,0,0,0,0,0,0,0,0,0,0,0,0,0,0,0,0,0,0,0,0,0,0,0,0,0,0,12,,,,,
FA08,40,4,15,26/03/2026 07:51:00,73.33%,0,0,0,0,1,0,3,0,0,0,0,0,0,0,0,0,0,0,0,0,0,0,0,0,0,0,0,0,0,0,0,0,0,0,,,,,
FA08,51,4,15,26/03/2026 07:44:00,73.33%,0,0,0,0,0,0,2,0,0,0,0,0,0,0,2,0,0,0,0,0,0,0,0,0,0,0,0,0,0,0,0,0,0,0,,,,,
FA08,39,3,15,26/03/2026 07:41:00,80.00%,0,0,0,0,1,0,1,0,0,0,0,0,0,0,0,0,0,0,0,0,0,0,0,0,0,0,1,0,0,0,0,0,0,0,,,,,
PR20,83,5,24,26/03/2026 07:37:00,79.17%,1400,1520,50,100,0,0,0,0,0,0,0,0,1,0,0,0,0,0,0,0,0,0,0,0,0,0,0,0,0,0,0,0,0,4,,,,,
FA08,51,6,15,26/03/2026 07:31:00,60.00%,0,0,0,0,1,2,2,0,0,0,0,0,0,0,0,0,0,0,0,0,0,0,0,1,0,0,0,0,0,0,0,0,0,0,,,,,
FA08,40,4,15,26/03/2026 07:28:00,73.33%,0,0,0,0,0,0,2,0,0,0,0,0,0,0,2,0,0,0,0,0,0,0,0,0,0,0,0,0,0,0,0,0,0,0,,,,,
FA08,40,6,15,26/03/2026 07:15:00,60.00%,0,0,0,0,1,0,5,0,0,0,0,0,0,0,0,0,0,0,0,0,0,0,0,0,0,0,0,0,0,0,0,0,0,0,,,,,
PR20,82,4,24,26/03/2026 07:10:00,83.33%,1400,1520,50,100,0,0,0,0,0,0,0,0,0,0,0,0,0,0,0,0,0,0,0,0,0,0,0,0,0,0,0,0,0,4,,,,,
FA08,51,8,15,26/03/2026 07:06:00,46.67%,0,0,0,0,0,5,3,0,0,0,0,0,0,0,0,0,0,0,0,0,0,0,0,0,0,0,0,0,0,0,0,0,0,0,,,,,
FA08,39,2,15,26/03/2026 07:05:00,86.67%,0,0,0,0,1,0,1,0,0,0,0,0,0,0,0,0,0,0,0,0,0,0,0,0,0,0,0,0,0,0,0,0,0,0,,,,,
FA08,51,7,15,26/03/2026 06:58:00,53.33%,0,0,0,0,1,2,4,0,0,0,0,0,0,0,0,0,0,0,0,0,0,0,0,0,0,0,0,0,0,0,0,0,0,0,,,,,
ROUTER,73,5,20,26/03/2026 06:50:00,75.00%,0,0,0,0,2,0,2,0,0,0,0,0,0,0,0,0,0,0,1,0,0,0,0,0,0,0,0,0,0,0,0,0,0,0,,,,,
ROUTER,71,2,20,26/03/2026 06:49:00,90.00%,0,0,0,0,0,2,0,0,0,0,0,0,0,0,0,0,0,0,0,0,0,0,0,0,0,0,0,0,0,0,0,0,0,0,,,,,
PR20,80,7,24,26/03/2026 06:46:00,70.83%,1400,1520,50,100,0,0,0,0,0,0,0,0,0,0,0,0,0,0,0,0,0,0,0,0,0,0,0,0,0,0,0,0,0,7,,,,,
PR20,81,12,24,26/03/2026 06:46:00,50.00%,1400,1520,50,100,0,0,0,0,0,0,0,0,0,0,0,0,0,0,0,0,0,0,0,0,0,0,0,0,0,0,0,0,0,12,,,,,
PR20,82,9,24,25/03/2026 23:02:00,62.50%,1400,1520,50,100,4,0,0,0,0,0,0,0,0,0,0,0,0,0,0,0,0,0,0,0,0,0,0,0,0,0,0,0,0,5,,,,,
FA08,39,1,15,25/03/2026 22:42:00,93.33%,0,0,0,0,0,0,0,0,0,0,0,0,0,0,0,0,0,0,0,0,0,0,0,0,1,0,0,0,0,0,0,0,0,0,,,,,
ROUTER,72,11,20,25/03/2026 22:39:00,45.00%,0,0,0,0,5,0,0,0,0,0,0,0,0,0,0,0,0,0,0,0,0,0,0,0,0,0,0,0,0,0,6,0,0,0,,,,,
DC-I,68,3,16,25/03/2026 22:30:00,81.25%,0,0,0,0,3,0,0,0,0,0,0,0,0,0,0,0,0,0,0,0,0,0,0,0,0,0,0,0,0,0,0,0,0,0,,,,,
DC-I,66,11,16,25/03/2026 22:26:00,31.25%,0,0,0,0,0,6,5,0,0,0,0,0,0,0,0,0,0,0,0,0,0,0,0,0,0,0,0,0,0,0,0,0,0,0,,,,,
ROUTER,73,10,20,25/03/2026 22:25:00,50.00%,0,0,0,0,4,0,1,0,0,0,0,0,0,0,0,0,0,0,0,0,0,0,0,0,0,0,0,0,0,0,5,0,0,0,,,,,
PR20,80,16,24,25/03/2026 22:21:00,33.33%,1400,1520,50,100,4,0,0,0,0,0,0,0,0,0,0,0,0,0,0,0,0,0,0,0,0,0,0,0,0,0,0,0,0,12,,,,,
PR20,81,14,24,25/03/2026 22:18:00,41.67%,1400,1520,50,100,4,0,0,0,0,0,0,0,0,0,0,0,0,0,0,0,0,0,0,0,0,0,0,0,0,0,0,0,0,10,,,,,
ROUTER,74,8,20,25/03/2026 22:12:00,60.00%,0,0,0,0,0,0,0,0,0,7,0,0,0,0,0,0,0,0,0,0,0,0,0,0,0,0,1,0,0,0,0,0,0,0,,,,,
FA08,40,4,15,25/03/2026 22:10:00,73.33%,0,0,0,0,0,0,0,0,0,0,0,0,0,0,0,0,0,0,0,0,0,0,0,0,0,0,0,0,4,0,0,0,0,0,,,,,
FA08,51,1,15,25/03/2026 22:03:00,93.33%,0,0,0,0,0,0,0,0,0,0,0,0,0,0,0,0,0,0,0,0,0,0,0,0,0,0,0,0,1,0,0,0,0,0,,,,,
DC-I,66,2,16,25/03/2026 21:46:00,87.50%,0,0,0,0,0,0,2,0,0,0,0,0,0,0,0,0,0,0,0,0,0,0,0,0,0,0,0,0,0,0,0,0,0,0,,,,,
DC-I,69,2,16,25/03/2026 21:33:00,87.50%,0,0,0,0,1,0,1,0,0,0,0,0,0,0,0,0,0,0,0,0,0,0,0,0,0,0,0,0,0,0,0,0,0,0,,,,,
DC-I,68,4,16,25/03/2026 21:31:00,75.00%,0,0,0,0,4,0,0,0,0,0,0,0,0,0,0,0,0,0,0,0,0,0,0,0,0,0,0,0,0,0,0,0,0,0,,,,,
PR20,80,10,24,25/03/2026 21:12:00,58.33%,1400,1520,50,100,3,0,0,0,0,0,0,0,0,0,0,0,0,0,0,0,0,0,0,0,0,0,0,0,0,0,0,0,0,7,,,,,
FA08,51,6,15,25/03/2026 21:10:00,60.00%,0,0,0,0,0,2,1,0,0,0,0,0,0,0,0,0,0,0,0,0,0,0,0,0,0,0,0,0,3,0,0,0,0,0,,,,,
FA08,39,2,15,25/03/2026 20:55:00,86.67%,0,0,0,0,0,0,2,0,0,0,0,0,0,0,0,0,0,0,0,0,0,0,0,0,0,0,0,0,0,0,0,0,0,0,,,,,
PR20,81,13,24,25/03/2026 20:50:00,45.83%,1400,1520,50,100,0,0,0,0,0,0,0,0,0,0,0,0,0,0,0,0,0,0,0,0,0,0,1,0,0,0,0,0,0,12,,,,,
ROUTER,73,7,20,25/03/2026 20:48:00,65.00%,0,0,0,0,5,0,2,0,0,0,0,0,0,0,0,0,0,0,0,0,0,0,0,0,0,0,0,0,0,0,0,0,0,0,,,,,
PR20,82,8,24,25/03/2026 20:47:00,66.67%,1400,1520,50,100,0,0,0,0,0,0,0,0,0,0,0,0,0,0,0,0,0,0,0,0,0,0,0,0,0,0,0,0,0,8,,,,,
FA08,40,4,15,25/03/2026 20:45:00,73.33%,0,0,0,0,1,0,3,0,0,0,0,0,0,0,0,0,0,0,0,0,0,0,0,0,0,0,0,0,0,0,0,0,0,0,,,,,
DC-I,66,3,16,25/03/2026 20:34:00,81.25%,0,0,0,0,0,0,3,0,0,0,0,0,0,0,0,0,0,0,0,0,0,0,0,0,0,0,0,0,0,0,0,0,0,0,,,,,
DC-I,65,7,16,25/03/2026 20:33:00,56.25%,0,0,0,0,3,0,0,0,0,0,0,0,0,0,0,0,0,4,0,0,0,0,0,0,0,0,0,0,0,0,0,0,0,0,,,,,
FA08,40,2,15,25/03/2026 20:31:00,86.67%,0,0,0,0,0,0,2,0,0,0,0,0,0,0,0,0,0,0,0,0,0,0,0,0,0,0,0,0,0,0,0,0,0,0,,,,,
PR20,83,8,24,25/03/2026 20:30:00,66.67%,1400,1520,50,100,0,0,0,0,0,0,0,0,0,0,0,0,0,0,0,0,0,0,0,0,0,0,0,0,0,0,0,0,0,8,,,,,
ROUTER,72,5,20,25/03/2026 20:29:00,75.00%,0,0,0,0,5,0,0,0,0,0,0,0,0,0,0,0,0,0,0,0,0,0,0,0,0,0,0,0,0,0,0,0,0,0,,,,,
DC-I,69,5,16,25/03/2026 20:27:00,68.75%,0,0,0,0,5,0,0,0,0,0,0,0,0,0,0,0,0,0,0,0,0,0,0,0,0,0,0,0,0,0,0,0,0,0,,,,,
DC-I,68,5,16,25/03/2026 20:27:00,68.75%,0,0,0,0,5,0,0,0,0,0,0,0,0,0,0,0,0,0,0,0,0,0,0,0,0,0,0,0,0,0,0,0,0,0,,,,,
DC-I,69,1,16,25/03/2026 20:22:00,93.75%,0,0,0,0,1,0,0,0,0,0,0,0,0,0,0,0,0,0,0,0,0,0,0,0,0,0,0,0,0,0,0,0,0,0,,,,,
FA08,39,3,15,25/03/2026 20:17:00,80.00%,0,0,0,0,0,0,2,0,0,0,0,0,0,0,0,0,0,0,0,0,0,0,0,0,0,0,0,0,1,0,0,0,0,0,,,,,
FA08,38,3,15,25/03/2026 20:04:00,80.00%,0,0,0,0,1,0,2,0,0,0,0,0,0,0,0,0,0,0,0,0,0,0,0,0,0,0,0,0,0,0,0,0,0,0,,,,,
DC-I,66,2,16,25/03/2026 19:57:00,87.50%,0,0,0,0,0,0,2,0,0,0,0,0,0,0,0,0,0,0,0,0,0,0,0,0,0,0,0,0,0,0,0,0,0,0,,,,,
DC-I,65,4,16,25/03/2026 19:55:00,75.00%,0,0,0,0,3,0,1,0,0,0,0,0,0,0,0,0,0,0,0,0,0,0,0,0,0,0,0,0,0,0,0,0,0,0,,,,,
ROUTER,70,1,20,25/03/2026 19:54:00,95.00%,0,0,0,0,0,0,0,0,0,0,0,0,0,0,0,0,0,0,0,0,0,0,0,0,0,0,0,0,0,0,1,0,0,0,,,,,
DC-I,68,5,16,25/03/2026 19:49:00,68.75%,0,0,0,0,4,0,1,0,0,0,0,0,0,0,0,0,0,0,0,0,0,0,0,0,0,0,0,0,0,0,0,0,0,0,,,,,
FA08,51,5,15,25/03/2026 19:20:00,66.67%,0,0,0,0,0,0,2,0,0,0,0,0,0,0,0,0,0,0,0,0,0,0,0,0,0,0,0,0,3,0,0,0,0,0,,,,,
PR20,83,13,24,25/03/2026 18:17:00,45.83%,1400,1520,50,100,1,0,0,0,0,0,0,0,0,0,0,0,0,0,0,0,0,0,0,0,0,0,0,0,0,0,0,0,0,12,,,,,
FA08,40,3,15,25/03/2026 18:13:00,80.00%,0,0,0,0,0,0,3,0,0,0,0,0,0,0,0,0,0,0,0,0,0,0,0,0,0,0,0,0,0,0,0,0,0,0,,,,,
DC-I,66,1,16,25/03/2026 18:04:00,93.75%,0,0,0,0,0,0,0,0,0,0,0,0,0,0,0,0,1,0,0,0,0,0,0,0,0,0,0,0,0,0,0,0,0,0,,,,,
FA08,39,3,15,25/03/2026 18:00:00,80.00%,0,0,0,0,0,0,3,0,0,0,0,0,0,0,0,0,0,0,0,0,0,0,0,0,0,0,0,0,0,0,0,0,0,0,,,,,
DC-I,68,5,16,25/03/2026 17:53:00,68.75%,0,0,0,0,5,0,0,0,0,0,0,0,0,0,0,0,0,0,0,0,0,0,0,0,0,0,0,0,0,0,0,0,0,0,,,,,
DC-I,65,3,16,25/03/2026 17:49:00,81.25%,0,0,0,0,3,0,0,0,0,0,0,0,0,0,0,0,0,0,0,0,0,0,0,0,0,0,0,0,0,0,0,0,0,0,,,,,
FA08,51,6,15,25/03/2026 17:48:00,60.00%,0,0,0,0,0,0,2,0,0,0,0,0,0,0,0,0,0,0,0,0,0,0,0,0,0,0,0,0,4,0,0,0,0,0,,,,,
DC-I,69,2,16,25/03/2026 17:42:00,87.50%,0,0,0,0,2,0,0,0,0,0,0,0,0,0,0,0,0,0,0,0,0,0,0,0,0,0,0,0,0,0,0,0,0,0,,,,,
FA08,40,2,15,25/03/2026 17:33:00,86.67%,0,0,0,0,0,0,0,0,0,0,0,0,0,0,0,0,0,0,0,0,0,0,0,0,0,0,0,0,2,0,0,0,0,0,,,,,
FA08,39,5,15,25/03/2026 17:12:00,66.67%,0,0,0,0,2,0,0,0,0,0,0,0,0,0,1,0,0,0,0,0,0,0,0,0,1,0,0,0,1,0,0,0,0,0,,,,,
PR20,83,5,24,25/03/2026 16:45:00,79.17%,1400,1520,50,100,5,0,0,0,0,0,0,0,0,0,0,0,0,0,0,0,0,0,0,0,0,0,0,0,0,0,0,0,0,0,,,,,
FA08,40,9,15,25/03/2026 16:42:00,40.00%,0,0,0,0,2,0,3,0,0,0,0,0,0,0,0,0,0,0,0,0,0,0,0,0,0,0,0,0,4,0,0,0,0,0,,,,,
PR20,82,8,24,25/03/2026 16:37:00,66.67%,1400,1520,50,100,8,0,0,0,0,0,0,0,0,0,0,0,0,0,0,0,0,0,0,0,0,0,0,0,0,0,0,0,0,0,,,,,
PR20,81,12,24,25/03/2026 16:28:00,50.00%,1400,1520,50,100,12,0,0,0,0,0,0,0,0,0,0,0,0,0,0,0,0,0,0,0,0,0,0,0,0,0,0,0,0,0,,,,,
FA08,51,6,15,25/03/2026 16:27:00,60.00%,0,0,0,0,2,0,3,0,0,0,0,0,0,0,0,0,0,0,0,0,0,0,0,0,0,0,0,0,1,0,0,0,0,0,,,,,
PR20,81,10,24,25/03/2026 16:19:00,58.33%,1400,1520,50,100,8,0,1,0,0,0,0,0,0,0,0,0,0,0,0,0,0,0,0,0,0,0,1,0,0,0,0,0,0,0,,,,,
FA08,40,3,15,25/03/2026 16:13:00,80.00%,0,0,0,0,3,0,0,0,0,0,0,0,0,0,0,0,0,0,0,0,0,0,0,0,0,0,0,0,0,0,0,0,0,0,,,,,
ROUTER,72,15,20,25/03/2026 16:09:00,25.00%,0,0,0,0,5,0,0,0,0,0,0,0,0,0,0,0,0,0,0,0,0,0,0,0,0,0,0,0,0,0,0,0,0,10,,,,,
FA08,39,3,15,25/03/2026 16:00:00,80.00%,0,0,0,0,1,0,2,0,0,0,0,0,0,0,0,0,0,0,0,0,0,0,0,0,0,0,0,0,0,0,0,0,0,0,,,,,
PR20,82,6,24,25/03/2026 15:49:00,75.00%,1400,1520,50,100,6,0,0,0,0,0,0,0,0,0,0,0,0,0,0,0,0,0,0,0,0,0,0,0,0,0,0,0,0,0,,,,,
ROUTER,70,4,20,25/03/2026 15:39:00,80.00%,0,0,0,0,0,0,0,0,0,0,0,0,0,0,0,0,0,0,0,0,0,0,0,0,0,0,0,0,0,0,4,0,0,0,,,,,
FA08,51,5,15,25/03/2026 14:48:00,66.67%,0,0,0,0,1,0,3,0,0,0,0,0,0,0,0,0,0,0,0,0,0,0,0,0,0,0,0,0,1,0,0,0,0,0,,,,,
PR20,80,14,24,25/03/2026 14:33:00,41.67%,1400,1520,50,100,0,0,0,0,0,0,0,0,0,0,0,0,0,0,0,0,0,0,0,0,0,0,1,0,0,0,0,0,0,13,,,,,
FA08,39,3,15,25/03/2026 14:27:00,80.00%,0,0,0,0,1,0,2,0,0,0,0,0,0,0,0,0,0,0,0,0,0,0,0,0,0,0,0,0,0,0,0,0,0,0,,,,,
FA08,51,6,15,25/03/2026 14:18:00,60.00%,0,0,0,0,1,0,5,0,0,0,0,0,0,0,0,0,0,0,0,0,0,0,0,0,0,0,0,0,0,0,0,0,0,0,,,,,
PR20,81,16,24,25/03/2026 14:15:00,33.33%,1400,1520,50,100,0,0,0,0,0,0,0,0,0,0,0,0,0,0,0,0,0,0,0,0,0,0,0,0,0,0,0,0,0,16,,,,,
FA08,40,2,15,25/03/2026 14:10:00,86.67%,0,0,0,0,1,0,1,0,0,0,0,0,0,0,0,0,0,0,0,0,0,0,0,0,0,0,0,0,0,0,0,0,0,0,,,,,
PR20,83,10,24,25/03/2026 14:06:00,58.33%,1400,1520,50,100,0,0,0,0,0,0,0,0,0,0,0,0,0,0,0,0,0,0,0,0,0,0,0,0,0,0,0,0,0,10,,,,,
FA08,39,3,15,25/03/2026 13:50:00,80.00%,0,0,0,0,2,0,1,0,0,0,0,0,0,0,0,0,0,0,0,0,0,0,0,0,0,0,0,0,0,0,0,0,0,0,,,,,
FA08,51,3,15,25/03/2026 13:38:00,80.00%,0,0,0,0,0,0,2,0,0,0,0,0,0,0,0,0,0,0,0,0,0,0,0,0,0,0,0,0,1,0,0,0,0,0,,,,,
PR20,80,14,24,25/03/2026 13:24:00,41.67%,1400,1520,50,100,0,0,0,0,0,0,0,0,0,0,0,0,0,0,0,0,0,0,0,0,0,0,0,0,0,0,0,0,0,14,,,,,
FA08,40,4,15,25/03/2026 13:20:00,73.33%,0,0,0,0,1,0,3,0,0,0,0,0,0,0,0,0,0,0,0,0,0,0,0,0,0,0,0,0,0,0,0,0,0,0,,,,,
PR20,83,10,24,25/03/2026 13:07:00,58.33%,1400,1520,50,100,0,0,0,0,0,0,0,0,0,0,0,0,0,0,0,0,0,0,0,0,0,0,0,0,0,0,2,0,0,8,,,,,
FA08,51,6,15,25/03/2026 13:02:00,60.00%,0,0,0,0,1,2,3,0,0,0,0,0,0,0,0,0,0,0,0,0,0,0,0,0,0,0,0,0,0,0,0,0,0,0,,,,,
FA08,39,4,15,25/03/2026 12:41:00,73.33%,0,0,0,0,0,0,4,0,0,0,0,0,0,0,0,0,0,0,0,0,0,0,0,0,0,0,0,0,0,0,0,0,0,0,,,,,
FA08,51,7,15,25/03/2026 12:32:00,53.33%,0,0,0,0,2,2,3,0,0,0,0,0,0,0,0,0,0,0,0,0,0,0,0,0,0,0,0,0,0,0,0,0,0,0,,,,,
FA08,40,4,15,25/03/2026 12:27:00,73.33%,0,0,0,0,3,0,1,0,0,0,0,0,0,0,0,0,0,0,0,0,0,0,0,0,0,0,0,0,0,0,0,0,0,0,,,,,
PR20,80,11,24,25/03/2026 12:21:00,54.17%,1400,1520,50,100,0,0,0,0,0,0,0,0,0,0,0,0,0,0,0,0,0,0,0,0,0,0,1,0,0,0,0,0,0,10,,,,,
0,87,11,0,25/03/2026 12:16:00,0,0,0,0,0,7,0,0,0,0,0,0,0,0,0,0,0,0,0,0,0,0,0,0,0,0,0,4,0,0,0,0,0,0,0,,,,,
FA08,39,4,15,25/03/2026 11:01:00,73.33%,0,0,0,0,1,0,2,0,0,0,0,0,0,0,0,0,0,0,0,0,0,0,0,0,0,0,1,0,0,0,0,0,0,0,,,,,
PR20,82,8,24,25/03/2026 10:54:00,66.67%,1400,1520,50,100,3,1,0,0,0,0,0,0,0,0,0,0,0,0,1,0,0,0,0,0,0,0,3,0,0,0,0,0,0,0,,,,,
FA08,51,6,15,25/03/2026 10:46:00,60.00%,0,0,0,0,1,0,4,0,0,0,0,0,0,0,0,0,0,0,0,0,0,0,0,0,0,0,0,0,1,0,0,0,0,0,,,,,
FA08,40,7,15,25/03/2026 10:35:00,53.33%,0,0,0,0,3,0,4,0,0,0,0,0,0,0,0,0,0,0,0,0,0,0,0,0,0,0,0,0,0,0,0,0,0,0,,,,,
PR20,80,10,24,25/03/2026 10:31:00,58.33%,1400,1520,50,100,0,0,0,0,0,0,0,0,0,0,0,0,0,0,0,0,0,0,0,0,0,0,0,0,0,0,0,0,0,10,,,,,
FA08,39,5,15,25/03/2026 10:27:00,66.67%,0,0,0,0,2,0,3,0,0,0,0,0,0,0,0,0,0,0,0,0,0,0,0,0,0,0,0,0,0,0,0,0,0,0,,,,,
PR20,81,16,24,25/03/2026 10:05:00,33.33%,1400,1520,50,100,0,0,0,0,0,0,0,0,0,0,0,0,0,0,0,0,0,0,0,0,0,0,0,0,0,0,0,0,0,16,,,,,
FA08,40,4,15,25/03/2026 10:00:00,73.33%,0,0,0,0,1,0,3,0,0,0,0,0,0,0,0,0,0,0,0,0,0,0,0,0,0,0,0,0,0,0,0,0,0,0,,,,,
FA08,39,6,15,25/03/2026 09:56:00,60.00%,0,0,0,0,1,0,3,0,0,0,0,0,0,0,0,0,0,0,0,0,0,0,0,0,0,0,2,0,0,0,0,0,0,0,,,,,
PR20,82,7,24,25/03/2026 09:51:00,70.83%,1400,1520,50,100,7,0,0,0,0,0,0,0,0,0,0,0,0,0,0,0,0,0,0,0,0,0,0,0,0,0,0,0,0,0,,,,,
FA08,51,5,15,25/03/2026 09:44:00,66.67%,0,0,0,0,1,1,3,0,0,0,0,0,0,0,0,0,0,0,0,0,0,0,0,0,0,0,0,0,0,0,0,0,0,0,,,,,
FA08,40,3,15,25/03/2026 09:29:00,80.00%,0,0,0,0,1,0,1,0,0,0,0,0,0,0,0,0,0,0,0,0,0,0,0,0,0,0,1,0,0,0,0,0,0,0,,,,,
PR20,80,9,24,25/03/2026 09:22:00,62.50%,1400,1520,50,100,9,0,0,0,0,0,0,0,0,0,0,0,0,0,0,0,0,0,0,0,0,0,0,0,0,0,0,0,0,0,,,,,
FA08,39,3,15,25/03/2026 09:17:00,80.00%,0,0,0,0,2,0,1,0,0,0,0,0,0,0,0,0,0,0,0,0,0,0,0,0,0,0,0,0,0,0,0,0,0,0,,,,,
FA08,51,4,15,25/03/2026 09:09:00,73.33%,0,0,0,0,1,0,2,0,0,0,0,0,0,0,0,0,0,0,0,0,0,0,0,0,0,0,0,0,1,0,0,0,0,0,,,,,
PR20,81,19,24,25/03/2026 09:03:00,20.83%,1400,1520,50,100,19,0,0,0,0,0,0,0,0,0,0,0,0,0,0,0,0,0,0,0,0,0,0,0,0,0,0,0,0,0,,,,,
FA08,40,2,15,25/03/2026 08:56:00,86.67%,0,0,0,0,1,0,0,0,0,0,0,0,0,0,0,0,0,0,0,0,0,0,0,0,0,0,1,0,0,0,0,0,0,0,,,,,
FA08,39,1,15,25/03/2026 08:46:00,93.33%,0,0,0,0,0,0,1,0,0,0,0,0,0,0,0,0,0,0,0,0,0,0,0,0,0,0,0,0,0,0,0,0,0,0,,,,,
PR20,82,7,24,25/03/2026 08:40:00,70.83%,1400,1520,50,100,6,0,1,0,0,0,0,0,0,0,0,0,0,0,0,0,0,0,0,0,0,0,0,0,0,0,0,0,0,0,,,,,
FA08,51,1,15,25/03/2026 08:25:00,93.33%,0,0,0,0,1,0,0,0,0,0,0,0,0,0,0,0,0,0,0,0,0,0,0,0,0,0,0,0,0,0,0,0,0,0,,,,,
FA08,40,4,15,25/03/2026 08:19:00,73.33%,0,0,0,0,2,0,1,0,0,0,0,0,0,0,0,0,0,0,0,0,0,0,0,0,0,0,1,0,0,0,0,0,0,0,,,,,
FA08,39,1,15,25/03/2026 08:11:00,93.33%,0,0,0,0,1,0,0,0,0,0,0,0,0,0,0,0,0,0,0,0,0,0,0,0,0,0,0,0,0,0,0,0,0,0,,,,,
PR20,81,2,24,25/03/2026 08:05:00,91.67%,1400,1520,50,100,1,0,0,0,0,0,0,0,0,0,0,0,0,0,1,0,0,0,0,0,0,0,0,0,0,0,0,0,0,0,,,,,
FA08,40,6,15,25/03/2026 07:46:00,60.00%,0,0,0,0,2,0,3,0,0,0,0,0,0,0,0,0,0,0,0,0,0,0,0,0,0,0,1,0,0,0,0,0,0,0,,,,,
PR20,82,6,24,25/03/2026 07:41:00,75.00%,1400,1520,50,100,4,0,0,0,0,0,0,0,0,0,0,0,0,0,1,0,0,0,0,0,0,0,1,0,0,0,0,0,0,0,,,,,
FA08,39,5,15,25/03/2026 07:35:00,66.67%,0,0,0,0,5,0,0,0,0,0,0,0,0,0,0,0,0,0,0,0,0,0,0,0,0,0,0,0,0,0,0,0,0,0,,,,,
FA08,51,5,15,25/03/2026 07:27:00,66.67%,0,0,0,0,1,1,3,0,0,0,0,0,0,0,0,0,0,0,0,0,0,0,0,0,0,0,0,0,0,0,0,0,0,0,,,,,
PR20,83,7,24,25/03/2026 07:17:00,70.83%,1400,1520,50,100,6,0,0,0,0,0,0,0,0,0,0,0,0,0,1,0,0,0,0,0,0,0,0,0,0,0,0,0,0,0,,,,,
FA08,40,5,15,25/03/2026 07:12:00,66.67%,0,0,0,0,2,0,2,0,0,0,0,0,0,0,0,0,0,0,0,0,0,0,0,0,0,0,1,0,0,0,0,0,0,0,,,,,
FA08,51,4,15,25/03/2026 07:08:00,73.33%,0,0,0,0,1,0,3,0,0,0,0,0,0,0,0,0,0,0,0,0,0,0,0,0,0,0,0,0,0,0,0,0,0,0,,,,,
FA08,39,4,15,25/03/2026 07:02:00,73.33%,0,0,0,0,1,0,2,0,0,0,0,0,0,0,0,0,0,0,0,0,0,0,0,0,0,0,1,0,0,0,0,0,0,0,,,,,
PR20,81,9,24,25/03/2026 06:57:00,62.50%,1400,1520,50,100,9,0,0,0,0,0,0,0,0,0,0,0,0,0,0,0,0,0,0,0,0,0,0,0,0,0,0,0,0,0,,,,,
FA08,51,3,15,25/03/2026 06:50:00,80.00%,0,0,0,0,1,0,2,0,0,0,0,0,0,0,0,0,0,0,0,0,0,0,0,0,0,0,0,0,0,0,0,0,0,0,,,,,
FA08,51,8,15,25/03/2026 06:49:00,46.67%,0,0,0,0,2,1,5,0,0,0,0,0,0,0,0,0,0,0,0,0,0,0,0,0,0,0,0,0,0,0,0,0,0,0,,,,,
FA08,40,2,15,25/03/2026 06:43:00,86.67%,0,0,0,0,2,0,0,0,0,0,0,0,0,0,0,0,0,0,0,0,0,0,0,0,0,0,0,0,0,0,0,0,0,0,,,,,
PR20,82,3,24,25/03/2026 06:39:00,87.50%,1400,1520,50,100,1,0,1,0,0,0,0,0,0,0,0,0,0,0,1,0,0,0,0,0,0,0,0,0,0,0,0,0,0,0,,,,,
FA08,39,3,15,25/03/2026 06:35:00,80.00%,0,0,0,0,0,0,2,0,0,0,0,0,0,0,0,0,0,0,0,0,0,0,0,0,0,0,0,0,1,0,0,0,0,0,,,,,
FA08,39,8,15,25/03/2026 06:33:00,46.67%,0,0,0,0,1,0,7,0,0,0,0,0,0,0,0,0,0,0,0,0,0,0,0,0,0,0,0,0,0,0,0,0,0,0,,,,,
PR20,83,4,24,25/03/2026 06:29:00,83.33%,1400,1520,50,100,4,0,0,0,0,0,0,0,0,0,0,0,0,0,0,0,0,0,0,0,0,0,0,0,0,0,0,0,0,0,,,,,
ROUTER,72,5,20,24/03/2026 23:06:00,75.00%,0,0,0,0,4,0,0,0,0,0,0,0,0,0,0,0,0,0,0,0,0,0,0,0,0,0,0,0,0,0,1,0,0,0,,,,,
FA08,39,4,15,24/03/2026 23:02:00,73.33%,0,0,0,0,2,0,2,0,0,0,0,0,0,0,0,0,0,0,0,0,0,0,0,0,0,0,0,0,0,0,0,0,0,0,,,,,
PR20,81,0,24,24/03/2026 22:55:00,100.00%,1400,1520,50,100,0,0,0,0,0,0,0,0,0,0,0,0,0,0,0,0,0,0,0,0,0,0,0,0,0,0,0,0,0,0,,,,,
PR20,82,0,24,24/03/2026 22:54:00,100.00%,1400,1520,50,100,0,0,0,0,0,0,0,0,0,0,0,0,0,0,0,0,0,0,0,0,0,0,0,0,0,0,0,0,0,0,,,,,
FA08,52,0,15,24/03/2026 22:54:00,100.00%,0,0,0,0,0,0,0,0,0,0,0,0,0,0,0,0,0,0,0,0,0,0,0,0,0,0,0,0,0,0,0,0,0,0,,,,,
PR20,83,6,24,24/03/2026 22:32:00,75.00%,1400,1520,50,100,6,0,0,0,0,0,0,0,0,0,0,0,0,0,0,0,0,0,0,0,0,0,0,0,0,0,0,0,0,0,,,,,
PR20,82,6,24,24/03/2026 22:25:00,75.00%,1400,1520,50,100,6,0,0,0,0,0,0,0,0,0,0,0,0,0,0,0,0,0,0,0,0,0,0,0,0,0,0,0,0,0,,,,,
ROUTER,71,0,20,24/03/2026 22:22:00,100.00%,0,0,0,0,0,0,0,0,0,0,0,0,0,0,0,0,0,0,0,0,0,0,0,0,0,0,0,0,0,0,0,0,0,0,,,,,
PR20,81,10,24,24/03/2026 22:18:00,58.33%,1400,1520,50,100,9,0,1,0,0,0,0,0,0,0,0,0,0,0,0,0,0,0,0,0,0,0,0,0,0,0,0,0,0,0,,,,,
FA08,51,5,15,24/03/2026 21:56:00,66.67%,0,0,0,0,3,0,2,0,0,0,0,0,0,0,0,0,0,0,0,0,0,0,0,0,0,0,0,0,0,0,0,0,0,0,,,,,
ROUTER,72,6,20,24/03/2026 21:43:00,70.00%,0,0,0,0,5,0,0,0,0,0,0,0,0,0,0,0,0,0,0,0,0,0,0,0,0,0,0,0,0,0,1,0,0,0,,,,,
PR20,82,6,24,24/03/2026 21:41:00,75.00%,1400,1520,50,100,5,0,0,0,0,0,0,0,0,0,0,0,0,0,0,0,0,0,0,0,0,0,1,0,0,0,0,0,0,0,,,,,
FA08,39,6,15,24/03/2026 21:32:00,60.00%,0,0,0,0,4,0,2,0,0,0,0,0,0,0,0,0,0,0,0,0,0,0,0,0,0,0,0,0,0,0,0,0,0,0,,,,,
ROUTER,70,1,20,24/03/2026 21:25:00,95.00%,0,0,0,0,0,0,0,0,0,0,0,0,0,0,0,0,0,0,0,0,0,0,0,0,0,0,0,0,0,0,1,0,0,0,,,,,
PR20,83,10,24,24/03/2026 21:20:00,58.33%,1400,1520,50,100,10,0,0,0,0,0,0,0,0,0,0,0,0,0,0,0,0,0,0,0,0,0,0,0,0,0,0,0,0,0,,,,,
FA08,52,4,15,24/03/2026 21:05:00,73.33%,0,0,0,0,4,0,0,0,0,0,0,0,0,0,0,0,0,0,0,0,0,0,0,0,0,0,0,0,0,0,0,0,0,0,,,,,
ROUTER,72,6,20,24/03/2026 20:53:00,70.00%,0,0,0,0,2,0,0,0,0,0,0,0,0,0,0,0,0,0,0,0,0,0,0,0,0,0,0,0,0,0,4,0,0,0,,,,,
PR20,81,15,24,24/03/2026 20:50:00,37.50%,1400,1520,50,100,15,0,0,0,0,0,0,0,0,0,0,0,0,0,0,0,0,0,0,0,0,0,0,0,0,0,0,0,0,0,,,,,
ROUTER,71,5,20,24/03/2026 20:44:00,75.00%,0,0,0,0,1,0,2,0,0,0,0,0,0,0,0,0,0,0,0,0,0,0,0,0,0,0,0,0,0,0,2,0,0,0,,,,,
PR20,82,15,24,24/03/2026 20:40:00,37.50%,1400,1520,50,100,13,0,2,0,0,0,0,0,0,0,0,0,0,0,0,0,0,0,0,0,0,0,0,0,0,0,0,0,0,0,,,,,
PR20,83,10,24,24/03/2026 16:21:00,58.33%,1400,1520,50,100,10,0,0,0,0,0,0,0,0,0,0,0,0,0,0,0,0,0,0,0,0,0,0,0,0,0,0,0,0,0,,,,,
DC-I,66,0,16,24/03/2026 16:06:00,100.00%,0,0,0,0,0,0,0,0,0,0,0,0,0,0,0,0,0,0,0,0,0,0,0,0,0,0,0,0,0,0,0,0,0,0,,,,,
ROUTER,70,3,20,24/03/2026 10:01:00,85.00%,0,0,0,0,3,0,0,0,0,0,0,0,0,0,0,0,0,0,0,0,0,0,0,0,0,0,0,0,0,0,0,0,0,0,,,,,
ROUTER,71,3,20,24/03/2026 10:00:00,85.00%,0,0,0,0,2,0,1,0,0,0,0,0,0,0,0,0,0,0,0,0,0,0,0,0,0,0,0,0,0,0,0,0,0,0,,,,,
ROUTER,73,4,20,24/03/2026 10:00:00,80.00%,0,0,0,0,2,0,2,0,0,0,0,0,0,0,0,0,0,0,0,0,0,0,0,0,0,0,0,0,0,0,0,0,0,0,,,,,
ROUTER,72,3,20,24/03/2026 10:00:00,85.00%,0,0,0,0,3,0,0,0,0,0,0,0,0,0,0,0,0,0,0,0,0,0,0,0,0,0,0,0,0,0,0,0,0,0,,,,,
PR20,81,14,24,24/03/2026 09:05:00,41.67%,1400,1520,50,100,12,0,1,0,0,0,0,0,0,0,0,0,0,0,1,0,0,0,0,0,0,0,0,0,0,0,0,0,0,0,,,,,
DC-I,66,3,16,24/03/2026 08:39:00,81.25%,0,0,0,0,0,0,3,0,0,0,0,0,0,0,0,0,0,0,0,0,0,0,0,0,0,0,0,0,0,0,0,0,0,0,,,,,
ROUTER,74,5,20,24/03/2026 08:35:00,75.00%,0,0,0,0,4,0,1,0,0,0,0,0,0,0,0,0,0,0,0,0,0,0,0,0,0,0,0,0,0,0,0,0,0,0,,,,,
ROUTER,72,7,20,24/03/2026 08:34:00,65.00%,0,0,0,0,5,0,2,0,0,0,0,0,0,0,0,0,0,0,0,0,0,0,0,0,0,0,0,0,0,0,0,0,0,0,,,,,
DC-I,68,6,16,24/03/2026 08:27:00,62.50%,0,0,0,0,5,0,1,0,0,0,0,0,0,0,0,0,0,0,0,0,0,0,0,0,0,0,0,0,0,0,0,0,0,0,,,,,
DC-I,65,4,16,24/03/2026 08:26:00,75.00%,0,0,0,0,4,0,0,0,0,0,0,0,0,0,0,0,0,0,0,0,0,0,0,0,0,0,0,0,0,0,0,0,0,0,,,,,
ROUTER,70,2,20,24/03/2026 08:23:00,90.00%,0,0,0,0,1,0,1,0,0,0,0,0,0,0,0,0,0,0,0,0,0,0,0,0,0,0,0,0,0,0,0,0,0,0,,,,,
ROUTER,72,0,20,24/03/2026 08:23:00,100.00%,0,0,0,0,0,0,0,0,0,0,0,0,0,0,0,0,0,0,0,0,0,0,0,0,0,0,0,0,0,0,0,0,0,0,,,,,
ROUTER,70,0,20,24/03/2026 08:23:00,100.00%,0,0,0,0,0,0,0,0,0,0,0,0,0,0,0,0,0,0,0,0,0,0,0,0,0,0,0,0,0,0,0,0,0,0,,,,,
ROUTER,74,4,20,24/03/2026 08:23:00,80.00%,0,0,0,0,3,0,1,0,0,0,0,0,0,0,0,0,0,0,0,0,0,0,0,0,0,0,0,0,0,0,0,0,0,0,,,,,
ROUTER,70,0,20,24/03/2026 08:22:00,100.00%,0,0,0,0,0,0,0,0,0,0,0,0,0,0,0,0,0,0,0,0,0,0,0,0,0,0,0,0,0,0,0,0,0,0,,,,,
ROUTER,72,3,20,24/03/2026 08:22:00,85.00%,0,0,0,0,2,0,1,0,0,0,0,0,0,0,0,0,0,0,0,0,0,0,0,0,0,0,0,0,0,0,0,0,0,0,,,,,
ROUTER,74,5,20,24/03/2026 08:21:00,75.00%,0,0,0,0,4,0,1,0,0,0,0,0,0,0,0,0,0,0,0,0,0,0,0,0,0,0,0,0,0,0,0,0,0,0,,,,,
PR20,82,7,24,24/03/2026 08:16:00,70.83%,1400,1520,50,100,7,0,0,0,0,0,0,0,0,0,0,0,0,0,0,0,0,0,0,0,0,0,0,0,0,0,0,0,0,0,,,,,
DC-I,66,3,16,24/03/2026 08:05:00,81.25%,0,0,0,0,0,0,3,0,0,0,0,0,0,0,0,0,0,0,0,0,0,0,0,0,0,0,0,0,0,0,0,0,0,0,,,,,
ROUTER,72,6,20,24/03/2026 07:56:00,70.00%,0,0,0,0,5,0,0,0,0,0,0,0,0,0,0,0,0,0,1,0,0,0,0,0,0,0,0,0,0,0,0,0,0,0,,,,,
PR20,81,5,24,24/03/2026 07:55:00,79.17%,1400,1520,50,100,5,0,0,0,0,0,0,0,0,0,0,0,0,0,0,0,0,0,0,0,0,0,0,0,0,0,0,0,0,0,,,,,
DC-I,69,1,16,24/03/2026 07:42:00,93.75%,0,0,0,0,1,0,0,0,0,0,0,0,0,0,0,0,0,0,0,0,0,0,0,0,0,0,0,0,0,0,0,0,0,0,,,,,
DC-I,68,3,16,24/03/2026 07:40:00,81.25%,0,0,0,0,3,0,0,0,0,0,0,0,0,0,0,0,0,0,0,0,0,0,0,0,0,0,0,0,0,0,0,0,0,0,,,,,
PR20,80,4,24,24/03/2026 07:38:00,83.33%,1400,1520,50,100,4,0,0,0,0,0,0,0,0,0,0,0,0,0,0,0,0,0,0,0,0,0,0,0,0,0,0,0,0,0,,,,,
ROUTER,70,6,20,24/03/2026 07:36:00,70.00%,0,0,0,0,3,0,0,0,0,0,0,0,0,0,0,0,0,0,0,0,0,0,0,0,0,3,0,0,0,0,0,0,0,0,,,,,
DC-I,65,6,16,24/03/2026 07:28:00,62.50%,0,0,0,0,5,0,0,0,0,0,0,0,0,1,0,0,0,0,0,0,0,0,0,0,0,0,0,0,0,0,0,0,0,0,,,,,
ROUTER,71,3,20,24/03/2026 07:26:00,85.00%,0,0,0,0,3,0,0,0,0,0,0,0,0,0,0,0,0,0,0,0,0,0,0,0,0,0,0,0,0,0,0,0,0,0,,,,,
ROUTER,71,6,20,24/03/2026 07:18:00,70.00%,0,0,0,0,0,0,4,0,0,0,0,0,0,0,0,0,0,0,2,0,0,0,0,0,0,0,0,0,0,0,0,0,0,0,,,,,
DC-I,66,1,16,24/03/2026 07:17:00,93.75%,0,0,0,0,0,0,1,0,0,0,0,0,0,0,0,0,0,0,0,0,0,0,0,0,0,0,0,0,0,0,0,0,0,0,,,,,
PR20,82,7,24,24/03/2026 07:13:00,70.83%,1400,1520,50,100,1,0,6,0,0,0,0,0,0,0,0,0,0,0,0,0,0,0,0,0,0,0,0,0,0,0,0,0,0,0,,,,,
DC-I,68,3,16,24/03/2026 06:48:00,81.25%,0,0,0,0,3,0,0,0,0,0,0,0,0,0,0,0,0,0,0,0,0,0,0,0,0,0,0,0,0,0,0,0,0,0,,,,,
PR20,81,7,24,24/03/2026 06:46:00,70.83%,1400,1520,50,100,7,0,0,0,0,0,0,0,0,0,0,0,0,0,0,0,0,0,0,0,0,0,0,0,0,0,0,0,0,0,,,,,
DC-I,66,7,16,24/03/2026 06:38:00,56.25%,0,0,0,0,0,3,4,0,0,0,0,0,0,0,0,0,0,0,0,0,0,0,0,0,0,0,0,0,0,0,0,0,0,0,,,,,
DC-I,66,0,16,23/03/2026 23:23:00,100.00%,0,0,0,0,0,0,0,0,0,0,0,0,0,0,0,0,0,0,0,0,0,0,0,0,0,0,0,0,0,0,0,0,0,0,,,,,
DC-I,69,3,16,23/03/2026 23:23:00,81.25%,0,0,0,0,0,0,3,0,0,0,0,0,0,0,0,0,0,0,0,0,0,0,0,0,0,0,0,0,0,0,0,0,0,0,,,,,
DC-I,67,7,16,23/03/2026 23:23:00,56.25%,0,0,0,0,4,0,0,0,0,0,0,0,0,0,3,0,0,0,0,0,0,0,0,0,0,0,0,0,0,0,0,0,0,0,,,,,
DC-I,68,12,16,23/03/2026 23:23:00,25.00%,0,0,0,0,10,0,0,0,0,0,0,0,0,0,2,0,0,0,0,0,0,0,0,0,0,0,0,0,0,0,0,0,0,0,,,,,
DC-I,69,0,16,23/03/2026 23:22:00,100.00%,0,0,0,0,0,0,0,0,0,0,0,0,0,0,0,0,0,0,0,0,0,0,0,0,0,0,0,0,0,0,0,0,0,0,,,,,
DC-I,66,14,16,23/03/2026 23:22:00,12.50%,0,0,0,0,0,1,11,0,0,0,0,0,0,0,0,0,0,0,0,0,0,0,0,0,0,0,2,0,0,0,0,0,0,0,,,,,
DC-I,65,8,16,23/03/2026 23:21:00,50.00%,0,0,0,0,0,0,4,0,0,0,0,0,0,0,3,0,0,0,0,0,0,0,0,0,0,0,1,0,0,0,0,0,0,0,,,,,
PR20,83,5,24,23/03/2026 23:18:00,79.17%,1400,1520,50,100,3,0,0,0,0,0,0,0,0,0,0,0,1,0,0,0,0,0,0,0,0,0,1,0,0,0,0,0,0,0,,,,,
DC-I,68,3,16,23/03/2026 23:11:00,81.25%,0,0,0,0,3,0,0,0,0,0,0,0,0,0,0,0,0,0,0,0,0,0,0,0,0,0,0,0,0,0,0,0,0,0,,,,,
DC-I,66,2,16,23/03/2026 23:10:00,87.50%,0,0,0,0,0,0,2,0,0,0,0,0,0,0,0,0,0,0,0,0,0,0,0,0,0,0,0,0,0,0,0,0,0,0,,,,,
DC-I,69,2,16,23/03/2026 22:42:00,87.50%,0,0,0,0,2,0,0,0,0,0,0,0,0,0,0,0,0,0,0,0,0,0,0,0,0,0,0,0,0,0,0,0,0,0,,,,,
PR20,82,10,24,23/03/2026 22:41:00,58.33%,1400,1520,50,100,10,0,0,0,0,0,0,0,0,0,0,0,0,0,0,0,0,0,0,0,0,0,0,0,0,0,0,0,0,0,,,,,
DC-I,68,3,16,23/03/2026 22:28:00,81.25%,0,0,0,0,3,0,0,0,0,0,0,0,0,0,0,0,0,0,0,0,0,0,0,0,0,0,0,0,0,0,0,0,0,0,,,,,
DC-I,66,7,16,23/03/2026 22:22:00,56.25%,0,0,0,0,0,7,0,0,0,0,0,0,0,0,0,0,0,0,0,0,0,0,0,0,0,0,0,0,0,0,0,0,0,0,,,,,
PR20,83,2,24,23/03/2026 22:14:00,91.67%,1400,1520,50,100,2,0,0,0,0,0,0,0,0,0,0,0,0,0,0,0,0,0,0,0,0,0,0,0,0,0,0,0,0,0,,,,,
DC-I,69,3,16,23/03/2026 22:06:00,81.25%,0,0,0,0,1,0,2,0,0,0,0,0,0,0,0,0,0,0,0,0,0,0,0,0,0,0,0,0,0,0,0,0,0,0,,,,,
DC-I,68,7,16,23/03/2026 22:01:00,56.25%,0,0,0,0,7,0,0,0,0,0,0,0,0,0,0,0,0,0,0,0,0,0,0,0,0,0,0,0,0,0,0,0,0,0,,,,,
PR20,80,6,24,23/03/2026 21:56:00,75.00%,1400,1520,50,100,6,0,0,0,0,0,0,0,0,0,0,0,0,0,0,0,0,0,0,0,0,0,0,0,0,0,0,0,0,0,,,,,
ROUTER,74,5,20,23/03/2026 21:55:00,75.00%,0,0,0,0,4,0,1,0,0,0,0,0,0,0,0,0,0,0,0,0,0,0,0,0,0,0,0,0,0,0,0,0,0,0,,,,,
DC-I,65,1,16,23/03/2026 21:42:00,93.75%,0,0,0,0,0,0,1,0,0,0,0,0,0,0,0,0,0,0,0,0,0,0,0,0,0,0,0,0,0,0,0,0,0,0,,,,,
PR20,82,5,24,23/03/2026 21:40:00,79.17%,1400,1520,50,100,2,0,2,0,0,0,0,0,0,0,0,0,0,0,0,0,0,0,0,0,0,0,1,0,0,0,0,0,0,0,,,,,
DC-I,66,5,16,23/03/2026 21:21:00,68.75%,0,0,0,0,0,3,2,0,0,0,0,0,0,0,0,0,0,0,0,0,0,0,0,0,0,0,0,0,0,0,0,0,0,0,,,,,
PR20,80,8,24,23/03/2026 21:19:00,66.67%,1400,1520,50,100,8,0,0,0,0,0,0,0,0,0,0,0,0,0,0,0,0,0,0,0,0,0,0,0,0,0,0,0,0,0,,,,,
PR20,83,5,24,23/03/2026 21:05:00,79.17%,1400,1520,50,100,5,0,0,0,0,0,0,0,0,0,0,0,0,0,0,0,0,0,0,0,0,0,0,0,0,0,0,0,0,0,,,,,
ROUTER,71,4,20,23/03/2026 20:50:00,80.00%,0,0,0,0,4,0,0,0,0,0,0,0,0,0,0,0,0,0,0,0,0,0,0,0,0,0,0,0,0,0,0,0,0,0,,,,,
PR20,82,5,24,23/03/2026 20:28:00,79.17%,1400,1520,50,100,4,0,1,0,0,0,0,0,0,0,0,0,0,0,0,0,0,0,0,0,0,0,0,0,0,0,0,0,0,0,,,,,
PR20,80,13,24,23/03/2026 20:04:00,45.83%,1400,1520,50,100,12,0,1,0,0,0,0,0,0,0,0,0,0,0,0,0,0,0,0,0,0,0,0,0,0,0,0,0,0,0,,,,,
Lion Mite,8,7,20,23/03/2026 20:00:00,65.00%,0,0,0,0,7,0,0,0,0,0,0,0,0,0,0,0,0,0,0,0,0,0,0,0,0,0,0,0,0,0,0,0,0,0,,,,,
PR20,83,5,24,23/03/2026 19:45:00,79.17%,1400,1520,50,100,5,0,0,0,0,0,0,0,0,0,0,0,0,0,0,0,0,0,0,0,0,0,0,0,0,0,0,0,0,0,,,,,
ROUTER,74,6,20,23/03/2026 19:17:00,70.00%,0,0,0,0,5,0,1,0,0,0,0,0,0,0,0,0,0,0,0,0,0,0,0,0,0,0,0,0,0,0,0,0,0,0,,,,,
PR20,80,12,24,23/03/2026 19:11:00,50.00%,1400,1520,50,100,12,0,0,0,0,0,0,0,0,0,0,0,0,0,0,0,0,0,0,0,0,0,0,0,0,0,0,0,0,0,,,,,
PR20,81,9,24,23/03/2026 19:05:00,62.50%,1400,1520,50,100,9,0,0,0,0,0,0,0,0,0,0,0,0,0,0,0,0,0,0,0,0,0,0,0,0,0,0,0,0,0,,,,,
ROUTER,73,4,20,23/03/2026 18:13:00,80.00%,0,0,0,0,2,0,2,0,0,0,0,0,0,0,0,0,0,0,0,0,0,0,0,0,0,0,0,0,0,0,0,0,0,0,,,,,
DC-I,67,3,16,23/03/2026 17:54:00,81.25%,0,0,0,0,3,0,0,0,0,0,0,0,0,0,0,0,0,0,0,0,0,0,0,0,0,0,0,0,0,0,0,0,0,0,,,,,
DC-I,68,2,16,23/03/2026 17:52:00,87.50%,0,0,0,0,2,0,0,0,0,0,0,0,0,0,0,0,0,0,0,0,0,0,0,0,0,0,0,0,0,0,0,0,0,0,,,,,
PR20,82,4,24,23/03/2026 17:51:00,83.33%,1400,1520,50,100,4,0,0,0,0,0,0,0,0,0,0,0,0,0,0,0,0,0,0,0,0,0,0,0,0,0,0,0,0,0,,,,,
DC-I,66,3,16,23/03/2026 17:50:00,81.25%,0,0,0,0,0,0,3,0,0,0,0,0,0,0,0,0,0,0,0,0,0,0,0,0,0,0,0,0,0,0,0,0,0,0,,,,,
PR20,82,9,24,23/03/2026 16:58:00,62.50%,1400,1520,50,100,9,0,0,0,0,0,0,0,0,0,0,0,0,0,0,0,0,0,0,0,0,0,0,0,0,0,0,0,0,0,,,,,
PR20,80,4,24,23/03/2026 16:49:00,83.33%,1400,1520,50,100,4,0,0,0,0,0,0,0,0,0,0,0,0,0,0,0,0,0,0,0,0,0,0,0,0,0,0,0,0,0,,,,,
PR20,82,7,24,23/03/2026 16:39:00,70.83%,1400,1520,50,100,4,0,2,0,0,1,0,0,0,0,0,0,0,0,0,0,0,0,0,0,0,0,0,0,0,0,0,0,0,0,,,,,
PR20,83,10,24,23/03/2026 16:34:00,58.33%,1400,1520,50,100,10,0,0,0,0,0,0,0,0,0,0,0,0,0,0,0,0,0,0,0,0,0,0,0,0,0,0,0,0,0,,,,,
P10,131,5,40,23/03/2026 14:52:00,87.50%,2000,880,45,50,5,0,0,0,0,0,0,0,0,0,0,0,0,0,0,0,0,0,0,0,0,0,0,0,0,0,0,0,0,0,,,,,
PR20,83,9,24,23/03/2026 14:51:00,62.50%,1400,1520,50,100,9,0,0,0,0,0,0,0,0,0,0,0,0,0,0,0,0,0,0,0,0,0,0,0,0,0,0,0,0,0,,,,,
P10,135,8,40,23/03/2026 14:45:00,80.00%,2000,80,45,50,3,0,5,0,0,0,0,0,0,0,0,0,0,0,0,0,0,0,0,0,0,0,0,0,0,0,0,0,0,0,,,,,
P10,136,7,40,23/03/2026 14:39:00,82.50%,200,80,45,50,0,0,4,0,0,0,0,0,0,0,1,0,0,0,2,0,0,0,0,0,0,0,0,0,0,0,0,0,0,0,,,,,
P10,132,7,40,23/03/2026 14:34:00,82.50%,2000,880,45,50,4,0,3,0,0,0,0,0,0,0,0,0,0,0,0,0,0,0,0,0,0,0,0,0,0,0,0,0,0,0,,,,,
P10,132,5,40,23/03/2026 14:32:00,87.50%,2000,880,45,50,0,0,5,0,0,0,0,0,0,0,0,0,0,0,0,0,0,0,0,0,0,0,0,0,0,0,0,0,0,0,,,,,
PR20,81,7,24,23/03/2026 14:31:00,70.83%,1400,1520,50,100,6,0,0,0,0,1,0,0,0,0,0,0,0,0,0,0,0,0,0,0,0,0,0,0,0,0,0,0,0,0,,,,,
PR20,82,8,24,23/03/2026 14:28:00,66.67%,1400,1520,50,100,7,0,1,0,0,0,0,0,0,0,0,0,0,0,0,0,0,0,0,0,0,0,0,0,0,0,0,0,0,0,,,,,
P10,134,12,40,23/03/2026 14:15:00,70.00%,2000,880,45,50,4,0,6,0,0,0,0,0,0,0,0,0,0,0,2,0,0,0,0,0,0,0,0,0,0,0,0,0,0,0,,,,,
P10,131,7,40,23/03/2026 14:07:00,82.50%,2000,880,45,50,6,0,0,0,0,0,0,0,0,0,0,0,0,0,1,0,0,0,0,0,0,0,0,0,0,0,0,0,0,0,,,,,
P10,135,12,40,23/03/2026 14:05:00,70.00%,2000,80,45,50,9,0,1,0,0,0,0,0,0,0,0,0,0,0,2,0,0,0,0,0,0,0,0,0,0,0,0,0,0,0,,,,,
P10,136,2,40,23/03/2026 14:03:00,95.00%,200,80,45,50,0,0,2,0,0,0,0,0,0,0,0,0,0,0,0,0,0,0,0,0,0,0,0,0,0,0,0,0,0,0,,,,,
PR20,80,14,24,23/03/2026 14:02:00,41.67%,1400,1520,50,100,14,0,0,0,0,0,0,0,0,0,0,0,0,0,0,0,0,0,0,0,0,0,0,0,0,0,0,0,0,0,,,,,
P10,133,5,40,23/03/2026 13:55:00,87.50%,2000,880,45,50,0,0,2,0,0,0,0,0,0,0,0,0,0,0,3,0,0,0,0,0,0,0,0,0,0,0,0,0,0,0,,,,,
P10,132,13,40,23/03/2026 13:49:00,67.50%,2000,880,45,50,9,0,2,0,0,0,0,0,0,0,0,0,0,0,2,0,0,0,0,0,0,0,0,0,0,0,0,0,0,0,,,,,
P10,134,7,40,23/03/2026 13:45:00,82.50%,2000,880,45,50,1,0,4,0,0,0,0,0,0,0,0,0,0,0,2,0,0,0,0,0,0,0,0,0,0,0,0,0,0,0,,,,,
P10,136,8,40,23/03/2026 13:34:00,80.00%,200,80,45,50,5,0,3,0,0,0,0,0,0,0,0,0,0,0,0,0,0,0,0,0,0,0,0,0,0,0,0,0,0,0,,,,,
P10,132,7,40,23/03/2026 13:21:00,82.50%,2000,880,45,50,3,0,0,0,0,0,0,0,0,0,0,0,0,0,4,0,0,0,0,0,0,0,0,0,0,0,0,0,0,0,,,,,
P10,135,8,40,23/03/2026 13:19:00,80.00%,2000,80,45,50,4,0,4,0,0,0,0,0,0,0,0,0,0,0,0,0,0,0,0,0,0,0,0,0,0,0,0,0,0,0,,,,,
PR20,81,9,24,23/03/2026 13:10:00,62.50%,1400,1520,50,100,8,0,1,0,0,0,0,0,0,0,0,0,0,0,0,0,0,0,0,0,0,0,0,0,0,0,0,0,0,0,,,,,
P10,131,11,40,23/03/2026 13:06:00,72.50%,2000,880,45,50,9,0,2,0,0,0,0,0,0,0,0,0,0,0,0,0,0,0,0,0,0,0,0,0,0,0,0,0,0,0,,,,,
PR20,82,7,24,23/03/2026 13:01:00,70.83%,1400,1520,50,100,4,0,2,0,0,0,0,0,0,0,0,0,0,0,1,0,0,0,0,0,0,0,0,0,0,0,0,0,0,0,,,,,
P10,136,3,40,23/03/2026 12:51:00,92.50%,200,80,45,50,0,0,3,0,0,0,0,0,0,0,0,0,0,0,0,0,0,0,0,0,0,0,0,0,0,0,0,0,0,0,,,,,
P10,134,4,40,23/03/2026 12:47:00,90.00%,2000,880,45,50,2,0,2,0,0,0,0,0,0,0,0,0,0,0,0,0,0,0,0,0,0,0,0,0,0,0,0,0,0,0,,,,,
P10,132,9,40,23/03/2026 12:37:00,77.50%,2000,880,45,50,6,0,3,0,0,0,0,0,0,0,0,0,0,0,0,0,0,0,0,0,0,0,0,0,0,0,0,0,0,0,,,,,
PR20,80,7,24,23/03/2026 12:36:00,70.83%,1400,1520,50,100,5,0,0,0,0,0,0,0,0,0,0,0,0,0,2,0,0,0,0,0,0,0,0,0,0,0,0,0,0,0,,,,,
PR20,80,10,24,23/03/2026 12:29:00,58.33%,1400,1520,50,100,10,0,0,0,0,0,0,0,0,0,0,0,0,0,0,0,0,0,0,0,0,0,0,0,0,0,0,0,0,0,,,,,
P10,135,9,40,23/03/2026 12:23:00,77.50%,2000,80,45,50,5,0,3,0,0,0,0,0,0,0,0,0,0,0,1,0,0,0,0,0,0,0,0,0,0,0,0,0,0,0,,,,,
P10,133,6,40,23/03/2026 12:21:00,85.00%,2000,880,45,50,0,0,2,0,0,0,0,0,0,0,0,0,0,0,4,0,0,0,0,0,0,0,0,0,0,0,0,0,0,0,,,,,
PR20,81,4,24,23/03/2026 12:20:00,83.33%,1400,1520,50,100,4,0,0,0,0,0,0,0,0,0,0,0,0,0,0,0,0,0,0,0,0,0,0,0,0,0,0,0,0,0,,,,,
P10,136,4,40,23/03/2026 12:14:00,90.00%,200,80,45,50,0,0,3,0,0,0,0,0,0,0,0,0,0,0,1,0,0,0,0,0,0,0,0,0,0,0,0,0,0,0,,,,,
P10,131,13,40,23/03/2026 12:13:00,67.50%,2000,880,45,50,12,0,1,0,0,0,0,0,0,0,0,0,0,0,0,0,0,0,0,0,0,0,0,0,0,0,0,0,0,0,,,,,
P10,134,4,40,23/03/2026 12:11:00,90.00%,2000,880,45,50,1,0,3,0,0,0,0,0,0,0,0,0,0,0,0,0,0,0,0,0,0,0,0,0,0,0,0,0,0,0,,,,,
P10,132,7,40,23/03/2026 12:09:00,82.50%,2000,880,45,50,2,0,5,0,0,0,0,0,0,0,0,0,0,0,0,0,0,0,0,0,0,0,0,0,0,0,0,0,0,0,,,,,
PR20,82,5,24,23/03/2026 12:08:00,79.17%,1400,1520,50,100,5,0,0,0,0,0,0,0,0,0,0,0,0,0,0,0,0,0,0,0,0,0,0,0,0,0,0,0,0,0,,,,,
P10,135,5,40,23/03/2026 11:59:00,87.50%,2000,80,45,50,1,0,4,0,0,0,0,0,0,0,0,0,0,0,0,0,0,0,0,0,0,0,0,0,0,0,0,0,0,0,,,,,
PR20,80,8,24,23/03/2026 11:50:00,66.67%,1400,1520,50,100,8,0,0,0,0,0,0,0,0,0,0,0,0,0,0,0,0,0,0,0,0,0,0,0,0,0,0,0,0,0,,,,,
PR20,81,6,24,23/03/2026 11:02:00,75.00%,1400,1520,50,100,6,0,0,0,0,0,0,0,0,0,0,0,0,0,0,0,0,0,0,0,0,0,0,0,0,0,0,0,0,0,,,,,
P10,133,3,40,23/03/2026 11:00:00,92.50%,2000,880,45,50,0,0,2,0,0,0,0,0,0,0,0,0,0,0,1,0,0,0,0,0,0,0,0,0,0,0,0,0,0,0,,,,,
P10,136,4,40,23/03/2026 10:57:00,90.00%,200,80,45,50,0,0,2,0,0,0,0,0,0,0,1,0,0,0,1,0,0,0,0,0,0,0,0,0,0,0,0,0,0,0,,,,,
PR20,80,12,24,23/03/2026 10:51:00,50.00%,1400,1520,50,100,12,0,0,0,0,0,0,0,0,0,0,0,0,0,0,0,0,0,0,0,0,0,0,0,0,0,0,0,0,0,,,,,
P10,135,9,40,23/03/2026 10:42:00,77.50%,2000,80,45,50,8,0,1,0,0,0,0,0,0,0,0,0,0,0,0,0,0,0,0,0,0,0,0,0,0,0,0,0,0,0,,,,,
P10,133,3,40,23/03/2026 10:38:00,92.50%,2000,880,45,50,0,0,3,0,0,0,0,0,0,0,0,0,0,0,0,0,0,0,0,0,0,0,0,0,0,0,0,0,0,0,,,,,
PR20,83,11,24,23/03/2026 10:29:00,54.17%,1400,1520,50,100,11,0,0,0,0,0,0,0,0,0,0,0,0,0,0,0,0,0,0,0,0,0,0,0,0,0,0,0,0,0,,,,,
P10,136,3,40,23/03/2026 10:24:00,92.50%,200,80,45,50,0,0,3,0,0,0,0,0,0,0,0,0,0,0,0,0,0,0,0,0,0,0,0,0,0,0,0,0,0,0,,,,,
PR20,81,16,24,23/03/2026 10:22:00,33.33%,1400,1520,50,100,16,0,0,0,0,0,0,0,0,0,0,0,0,0,0,0,0,0,0,0,0,0,0,0,0,0,0,0,0,0,,,,,
PR20,81,8,24,23/03/2026 10:15:00,66.67%,1400,1520,50,100,8,0,0,0,0,0,0,0,0,0,0,0,0,0,0,0,0,0,0,0,0,0,0,0,0,0,0,0,0,0,,,,,
P10,135,9,40,23/03/2026 10:07:00,77.50%,2000,80,45,50,4,0,4,0,0,0,0,0,0,0,1,0,0,0,0,0,0,0,0,0,0,0,0,0,0,0,0,0,0,0,,,,,
P10,134,3,40,23/03/2026 10:02:00,92.50%,2000,880,45,50,0,0,2,0,0,0,0,0,0,0,0,0,0,0,1,0,0,0,0,0,0,0,0,0,0,0,0,0,0,0,,,,,
P10,133,2,40,23/03/2026 09:53:00,95.00%,2000,880,45,50,0,0,2,0,0,0,0,0,0,0,0,0,0,0,0,0,0,0,0,0,0,0,0,0,0,0,0,0,0,0,,,,,
P10,136,2,40,23/03/2026 09:46:00,95.00%,200,80,45,50,0,0,2,0,0,0,0,0,0,0,0,0,0,0,0,0,0,0,0,0,0,0,0,0,0,0,0,0,0,0,,,,,
P10,133,6,40,23/03/2026 09:43:00,85.00%,2000,880,45,50,0,0,3,0,0,0,0,0,0,0,1,0,0,0,2,0,0,0,0,0,0,0,0,0,0,0,0,0,0,0,,,,,
FA08,51,3,15,23/03/2026 09:42:00,80.00%,0,0,0,0,0,0,3,0,0,0,0,0,0,0,0,0,0,0,0,0,0,0,0,0,0,0,0,0,0,0,0,0,0,0,,,,,
P10,132,5,40,23/03/2026 09:42:00,87.50%,2000,880,45,50,0,0,3,0,0,0,0,0,0,0,0,0,0,0,2,0,0,0,0,0,0,0,0,0,0,0,0,0,0,0,,,,,
FA08,40,1,15,23/03/2026 09:41:00,93.33%,0,0,0,0,0,0,0,0,0,0,0,0,0,0,0,0,0,0,1,0,0,0,0,0,0,0,0,0,0,0,0,0,0,0,,,,,
P10,135,7,40,23/03/2026 09:31:00,82.50%,2000,80,45,50,5,0,2,0,0,0,0,0,0,0,0,0,0,0,0,0,0,0,0,0,0,0,0,0,0,0,0,0,0,0,,,,,
P10,134,4,40,23/03/2026 09:27:00,90.00%,2000,880,45,50,1,0,2,0,0,0,0,0,0,0,0,0,0,0,1,0,0,0,0,0,0,0,0,0,0,0,0,0,0,0,,,,,
P10,133,2,40,23/03/2026 09:25:00,95.00%,2000,880,45,50,0,0,2,0,0,0,0,0,0,0,0,0,0,0,0,0,0,0,0,0,0,0,0,0,0,0,0,0,0,0,,,,,
FA08,39,6,15,23/03/2026 09:23:00,60.00%,0,0,0,0,3,0,3,0,0,0,0,0,0,0,0,0,0,0,0,0,0,0,0,0,0,0,0,0,0,0,0,0,0,0,,,,,
P10,132,7,40,23/03/2026 09:18:00,82.50%,2000,880,45,50,1,0,5,0,0,0,0,0,0,0,0,0,0,0,1,0,0,0,0,0,0,0,0,0,0,0,0,0,0,0,,,,,
PR20,81,9,24,23/03/2026 09:07:00,62.50%,1400,1520,50,100,9,0,0,0,0,0,0,0,0,0,0,0,0,0,0,0,0,0,0,0,0,0,0,0,0,0,0,0,0,0,,,,,
P10,136,2,40,23/03/2026 09:06:00,95.00%,200,80,45,50,0,0,1,0,0,0,0,0,0,0,0,0,0,0,1,0,0,0,0,0,0,0,0,0,0,0,0,0,0,0,,,,,
PR20,80,10,24,23/03/2026 08:52:00,58.33%,1400,1520,50,100,10,0,0,0,0,0,0,0,0,0,0,0,0,0,0,0,0,0,0,0,0,0,0,0,0,0,0,0,0,0,,,,,
FA08,40,3,15,23/03/2026 08:52:00,80.00%,0,0,0,0,2,0,1,0,0,0,0,0,0,0,0,0,0,0,0,0,0,0,0,0,0,0,0,0,0,0,0,0,0,0,,,,,
P10,135,9,40,23/03/2026 08:46:00,77.50%,2000,80,45,50,6,0,2,0,0,0,0,0,0,0,0,0,0,0,1,0,0,0,0,0,0,0,0,0,0,0,0,0,0,0,,,,,
P10,134,7,40,23/03/2026 08:44:00,82.50%,2000,880,45,50,0,0,5,0,0,0,0,0,0,0,0,0,0,0,2,0,0,0,0,0,0,0,0,0,0,0,0,0,0,0,,,,,
P10,136,4,40,23/03/2026 08:24:00,90.00%,200,80,45,50,0,0,2,0,0,0,0,0,0,0,1,0,0,0,1,0,0,0,0,0,0,0,0,0,0,0,0,0,0,0,,,,,
P10,135,8,40,23/03/2026 08:17:00,80.00%,2000,80,45,50,3,0,5,0,0,0,0,0,0,0,0,0,0,0,0,0,0,0,0,0,0,0,0,0,0,0,0,0,0,0,,,,,
P10,134,7,40,23/03/2026 08:07:00,82.50%,2000,880,45,50,2,0,4,0,0,0,0,0,0,0,0,0,0,0,1,0,0,0,0,0,0,0,0,0,0,0,0,0,0,0,,,,,
P10,133,4,40,23/03/2026 08:00:00,90.00%,2000,880,45,50,0,0,3,0,0,0,0,0,0,0,0,0,0,0,1,0,0,0,0,0,0,0,0,0,0,0,0,0,0,0,,,,,
FA08,52,3,15,23/03/2026 07:58:00,80.00%,0,0,0,0,1,0,0,0,0,0,0,0,0,0,0,0,0,0,0,0,0,0,0,2,0,0,0,0,0,0,0,0,0,0,,,,,
P10,132,6,40,23/03/2026 07:52:00,85.00%,2000,880,45,50,0,0,6,0,0,0,0,0,0,0,0,0,0,0,0,0,0,0,0,0,0,0,0,0,0,0,0,0,0,0,,,,,
P10,136,1,40,23/03/2026 07:48:00,97.50%,200,80,45,50,0,0,1,0,0,0,0,0,0,0,0,0,0,0,0,0,0,0,0,0,0,0,0,0,0,0,0,0,0,0,,,,,
FA08,39,4,15,23/03/2026 07:40:00,73.33%,0,0,0,0,0,0,4,0,0,0,0,0,0,0,0,0,0,0,0,0,0,0,0,0,0,0,0,0,0,0,0,0,0,0,,,,,
P10,134,5,40,23/03/2026 07:33:00,87.50%,2000,880,45,50,0,0,4,0,0,0,0,0,0,0,0,0,0,0,1,0,0,0,0,0,0,0,0,0,0,0,0,0,0,0,,,,,
PR20,80,5,24,23/03/2026 07:25:00,79.17%,1400,1520,50,100,5,0,0,0,0,0,0,0,0,0,0,0,0,0,0,0,0,0,0,0,0,0,0,0,0,0,0,0,0,0,,,,,
FA08,40,2,15,23/03/2026 07:23:00,86.67%,0,0,0,0,0,0,2,0,0,0,0,0,0,0,0,0,0,0,0,0,0,0,0,0,0,0,0,0,0,0,0,0,0,0,,,,,
PR20,81,7,24,23/03/2026 07:13:00,70.83%,1400,1520,50,100,6,0,1,0,0,0,0,0,0,0,0,0,0,0,0,0,0,0,0,0,0,0,0,0,0,0,0,0,0,0,,,,,
FA08,51,4,15,23/03/2026 07:11:00,73.33%,0,0,0,0,1,0,3,0,0,0,0,0,0,0,0,0,0,0,0,0,0,0,0,0,0,0,0,0,0,0,0,0,0,0,,,,,
PR20,82,9,24,23/03/2026 07:04:00,62.50%,1400,1520,50,100,8,0,0,0,0,0,0,0,0,0,0,0,0,0,1,0,0,0,0,0,0,0,0,0,0,0,0,0,0,0,,,,,
P10,134,6,40,23/03/2026 07:02:00,85.00%,2000,880,45,50,0,0,5,0,0,0,0,0,0,0,0,0,0,0,1,0,0,0,0,0,0,0,0,0,0,0,0,0,0,0,,,,,
P10,135,8,40,23/03/2026 06:58:00,80.00%,2000,80,45,50,6,0,1,0,0,0,0,0,0,0,0,0,0,0,1,0,0,0,0,0,0,0,0,0,0,0,0,0,0,0,,,,,
FA08,40,3,15,23/03/2026 06:54:00,80.00%,0,0,0,0,1,0,1,0,0,0,0,0,0,0,0,0,0,0,1,0,0,0,0,0,0,0,0,0,0,0,0,0,0,0,,,,,
P10,132,4,40,23/03/2026 06:48:00,90.00%,2000,880,45,50,0,0,4,0,0,0,0,0,0,0,0,0,0,0,0,0,0,0,0,0,0,0,0,0,0,0,0,0,0,0,,,,,
PR20,81,8,24,23/03/2026 06:47:00,66.67%,1400,1520,50,100,8,0,0,0,0,0,0,0,0,0,0,0,0,0,0,0,0,0,0,0,0,0,0,0,0,0,0,0,0,0,,,,,
PR20,82,9,24,23/03/2026 06:47:00,62.50%,1400,1520,50,100,9,0,0,0,0,0,0,0,0,0,0,0,0,0,0,0,0,0,0,0,0,0,0,0,0,0,0,0,0,0,,,,,
P10,133,2,40,23/03/2026 06:46:00,95.00%,2000,880,45,50,0,0,1,0,0,0,0,0,0,0,0,0,0,0,1,0,0,0,0,0,0,0,0,0,0,0,0,0,0,0,,,,,
PR20,80,8,24,23/03/2026 06:45:00,66.67%,1400,1520,50,100,8,0,0,0,0,0,0,0,0,0,0,0,0,0,0,0,0,0,0,0,0,0,0,0,0,0,0,0,0,0,,,,,
P10,136,10,40,23/03/2026 06:43:00,75.00%,200,80,45,50,4,0,6,0,0,0,0,0,0,0,0,0,0,0,0,0,0,0,0,0,0,0,0,0,0,0,0,0,0,0,,,,,
P10,134,5,40,21/03/2026 14:53:00,87.50%,2000,880,45,50,2,0,3,0,0,0,0,0,0,0,0,0,0,0,0,0,0,0,0,0,0,0,0,0,0,0,0,0,0,0,,,,,
P10,135,11,40,21/03/2026 14:50:00,72.50%,2000,80,45,50,6,0,5,0,0,0,0,0,0,0,0,0,0,0,0,0,0,0,0,0,0,0,0,0,0,0,0,0,0,0,,,,,
P10,132,6,40,21/03/2026 14:48:00,85.00%,2000,880,45,50,0,0,4,0,0,0,0,0,0,0,0,0,0,0,2,0,0,0,0,0,0,0,0,0,0,0,0,0,0,0,,,,,
P10,136,2,40,21/03/2026 14:43:00,95.00%,200,80,45,50,0,0,1,0,0,0,0,0,0,0,0,0,0,0,1,0,0,0,0,0,0,0,0,0,0,0,0,0,0,0,,,,,
P10,134,9,40,21/03/2026 14:33:00,77.50%,2000,880,45,50,4,0,4,0,0,0,0,0,0,0,0,0,0,0,1,0,0,0,0,0,0,0,0,0,0,0,0,0,0,0,,,,,
P10,135,10,40,21/03/2026 14:26:00,75.00%,2000,80,45,50,10,0,0,0,0,0,0,0,0,0,0,0,0,0,0,0,0,0,0,0,0,0,0,0,0,0,0,0,0,0,,,,,
P10,132,8,40,21/03/2026 14:19:00,80.00%,2000,880,45,50,1,0,5,0,0,0,0,0,0,0,0,0,0,0,2,0,0,0,0,0,0,0,0,0,0,0,0,0,0,0,,,,,
P10,133,10,40,21/03/2026 14:16:00,75.00%,2000,880,45,50,0,0,5,0,0,0,0,0,0,0,0,0,0,0,5,0,0,0,0,0,0,0,0,0,0,0,0,0,0,0,,,,,
P10,136,4,40,21/03/2026 14:12:00,90.00%,200,80,45,50,0,0,2,0,0,0,0,0,0,0,0,0,0,0,2,0,0,0,0,0,0,0,0,0,0,0,0,0,0,0,,,,,
FA08,52,3,15,21/03/2026 14:10:00,80.00%,0,0,0,0,2,0,0,0,0,0,0,0,0,0,0,0,0,0,1,0,0,0,0,0,0,0,0,0,0,0,0,0,0,0,,,,,
P10,134,10,40,21/03/2026 14:02:00,75.00%,2000,880,45,50,5,0,5,0,0,0,0,0,0,0,0,0,0,0,0,0,0,0,0,0,0,0,0,0,0,0,0,0,0,0,,,,,
P10,135,7,40,21/03/2026 14:00:00,82.50%,2000,80,45,50,4,0,2,0,0,0,0,0,0,0,0,0,0,0,1,0,0,0,0,0,0,0,0,0,0,0,0,0,0,0,,,,,
P10,133,2,40,21/03/2026 13:59:00,95.00%,2000,880,45,50,0,0,2,0,0,0,0,0,0,0,0,0,0,0,0,0,0,0,0,0,0,0,0,0,0,0,0,0,0,0,,,,,
PR20,81,5,24,21/03/2026 13:53:00,79.17%,1400,1520,50,100,5,0,0,0,0,0,0,0,0,0,0,0,0,0,0,0,0,0,0,0,0,0,0,0,0,0,0,0,0,0,,,,,
P10,133,4,40,21/03/2026 13:52:00,90.00%,2000,880,45,50,0,0,4,0,0,0,0,0,0,0,0,0,0,0,0,0,0,0,0,0,0,0,0,0,0,0,0,0,0,0,,,,,
P10,136,2,40,21/03/2026 13:49:00,95.00%,200,80,45,50,0,0,2,0,0,0,0,0,0,0,0,0,0,0,0,0,0,0,0,0,0,0,0,0,0,0,0,0,0,0,,,,,
FA08,51,5,15,21/03/2026 13:47:00,66.67%,0,0,0,0,1,0,4,0,0,0,0,0,0,0,0,0,0,0,0,0,0,0,0,0,0,0,0,0,0,0,0,0,0,0,,,,,
PR20,80,6,24,21/03/2026 13:43:00,75.00%,1400,1520,50,100,6,0,0,0,0,0,0,0,0,0,0,0,0,0,0,0,0,0,0,0,0,0,0,0,0,0,0,0,0,0,,,,,
P10,134,4,40,21/03/2026 13:40:00,90.00%,2000,880,45,50,1,0,1,0,0,0,0,0,0,0,0,0,0,0,0,0,0,0,0,0,0,0,2,0,0,0,0,0,0,0,,,,,
PR20,80,6,24,21/03/2026 13:27:00,75.00%,1400,1520,50,100,6,0,0,0,0,0,0,0,0,0,0,0,0,0,0,0,0,0,0,0,0,0,0,0,0,0,0,0,0,0,,,,,
P10,132,4,40,21/03/2026 13:26:00,90.00%,2000,880,45,50,0,0,4,0,0,0,0,0,0,0,0,0,0,0,0,0,0,0,0,0,0,0,0,0,0,0,0,0,0,0,,,,,
P10,133,22,40,21/03/2026 13:24:00,45.00%,2000,880,45,50,0,0,21,0,0,0,0,0,0,0,0,0,0,0,1,0,0,0,0,0,0,0,0,0,0,0,0,0,0,0,,,,,
P10,136,3,40,21/03/2026 13:22:00,92.50%,200,80,45,50,0,0,2,0,0,0,0,0,0,0,0,0,0,0,1,0,0,0,0,0,0,0,0,0,0,0,0,0,0,0,,,,,
FA08,39,3,15,21/03/2026 13:17:00,80.00%,0,0,0,0,2,0,1,0,0,0,0,0,0,0,0,0,0,0,0,0,0,0,0,0,0,0,0,0,0,0,0,0,0,0,,,,,
P10,135,6,40,21/03/2026 13:08:00,85.00%,2000,80,45,50,5,0,1,0,0,0,0,0,0,0,0,0,0,0,0,0,0,0,0,0,0,0,0,0,0,0,0,0,0,0,,,,,
FA08,40,3,15,21/03/2026 13:07:00,80.00%,0,0,0,0,1,0,2,0,0,0,0,0,0,0,0,0,0,0,0,0,0,0,0,0,0,0,0,0,0,0,0,0,0,0,,,,,
P10,134,5,40,21/03/2026 13:01:00,87.50%,2000,880,45,50,0,0,3,0,0,0,0,0,0,0,0,0,0,0,2,0,0,0,0,0,0,0,0,0,0,0,0,0,0,0,,,,,
PR20,83,5,24,21/03/2026 12:59:00,79.17%,1400,1520,50,100,5,0,0,0,0,0,0,0,0,0,0,0,0,0,0,0,0,0,0,0,0,0,0,0,0,0,0,0,0,0,,,,,
FA08,51,4,15,21/03/2026 12:56:00,73.33%,0,0,0,0,1,0,2,0,0,0,0,0,0,0,0,0,0,0,0,0,0,0,0,0,0,0,0,0,1,0,0,0,0,0,,,,,
P10,132,6,40,21/03/2026 12:49:00,85.00%,2000,880,45,50,0,0,3,0,0,0,0,0,0,0,0,0,0,0,3,0,0,0,0,0,0,0,0,0,0,0,0,0,0,0,,,,,
P10,133,5,40,21/03/2026 12:47:00,87.50%,2000,880,45,50,0,0,2,0,0,0,0,0,0,0,0,0,0,0,3,0,0,0,0,0,0,0,0,0,0,0,0,0,0,0,,,,,
FA08,51,4,15,21/03/2026 12:45:00,73.33%,0,0,0,0,3,0,1,0,0,0,0,0,0,0,0,0,0,0,0,0,0,0,0,0,0,0,0,0,0,0,0,0,0,0,,,,,
PR20,83,8,24,21/03/2026 12:41:00,66.67%,1400,1520,50,100,7,0,1,0,0,0,0,0,0,0,0,0,0,0,0,0,0,0,0,0,0,0,0,0,0,0,0,0,0,0,,,,,
P10,136,4,40,21/03/2026 12:37:00,90.00%,200,80,45,50,0,0,4,0,0,0,0,0,0,0,0,0,0,0,0,0,0,0,0,0,0,0,0,0,0,0,0,0,0,0,,,,,
P10,135,6,40,21/03/2026 12:24:00,85.00%,2000,80,45,50,6,0,0,0,0,0,0,0,0,0,0,0,0,0,0,0,0,0,0,0,0,0,0,0,0,0,0,0,0,0,,,,,
FSA135,34,5,9,21/03/2026 12:22:00,44.44%,0,0,0,0,3,0,2,0,0,0,0,0,0,0,0,0,0,0,0,0,0,0,0,0,0,0,0,0,0,0,0,0,0,0,,,,,
FA08,39,6,15,21/03/2026 12:20:00,60.00%,0,0,0,0,4,0,0,0,0,0,0,0,0,2,0,0,0,0,0,0,0,0,0,0,0,0,0,0,0,0,0,0,0,0,,,,,
FA08,40,2,15,21/03/2026 12:12:00,86.67%,0,0,0,0,0,0,2,0,0,0,0,0,0,0,0,0,0,0,0,0,0,0,0,0,0,0,0,0,0,0,0,0,0,0,,,,,
P10,132,3,40,21/03/2026 12:02:00,92.50%,2000,880,45,50,0,0,3,0,0,0,0,0,0,0,0,0,0,0,0,0,0,0,0,0,0,0,0,0,0,0,0,0,0,0,,,,,
P10,133,4,40,21/03/2026 12:01:00,90.00%,2000,880,45,50,0,0,4,0,0,0,0,0,0,0,0,0,0,0,0,0,0,0,0,0,0,0,0,0,0,0,0,0,0,0,,,,,
FA08,51,2,15,21/03/2026 12:00:00,86.67%,0,0,0,0,2,0,0,0,0,0,0,0,0,0,0,0,0,0,0,0,0,0,0,0,0,0,0,0,0,0,0,0,0,0,,,,,
P10,135,8,40,21/03/2026 11:01:00,80.00%,2000,80,45,50,8,0,0,0,0,0,0,0,0,0,0,0,0,0,0,0,0,0,0,0,0,0,0,0,0,0,0,0,0,0,,,,,
P10,134,7,40,21/03/2026 11:00:00,82.50%,2000,880,45,50,2,0,5,0,0,0,0,0,0,0,0,0,0,0,0,0,0,0,0,0,0,0,0,0,0,0,0,0,0,0,,,,,
FA08,52,7,15,21/03/2026 10:49:00,53.33%,0,0,0,0,3,0,2,0,0,0,0,0,0,0,0,0,0,0,2,0,0,0,0,0,0,0,0,0,0,0,0,0,0,0,,,,,
P10,136,4,40,21/03/2026 10:44:00,90.00%,200,80,45,50,0,0,2,0,0,0,0,0,0,0,0,0,0,0,2,0,0,0,0,0,0,0,0,0,0,0,0,0,0,0,,,,,
ROUTER,72,7,20,21/03/2026 10:33:00,65.00%,0,0,0,0,7,0,0,0,0,0,0,0,0,0,0,0,0,0,0,0,0,0,0,0,0,0,0,0,0,0,0,0,0,0,,,,,
P10,132,8,40,21/03/2026 10:21:00,80.00%,2000,880,45,50,0,0,8,0,0,0,0,0,0,0,0,0,0,0,0,0,0,0,0,0,0,0,0,0,0,0,0,0,0,0,,,,,
ROUTER,74,8,20,21/03/2026 10:20:00,60.00%,0,0,0,0,8,0,0,0,0,0,0,0,0,0,0,0,0,0,0,0,0,0,0,0,0,0,0,0,0,0,0,0,0,0,,,,,
P10,135,5,40,21/03/2026 10:15:00,87.50%,2000,80,45,50,5,0,0,0,0,0,0,0,0,0,0,0,0,0,0,0,0,0,0,0,0,0,0,0,0,0,0,0,0,0,,,,,
FA08,51,4,15,21/03/2026 10:11:00,73.33%,0,0,0,0,1,0,3,0,0,0,0,0,0,0,0,0,0,0,0,0,0,0,0,0,0,0,0,0,0,0,0,0,0,0,,,,,
P10,133,5,40,21/03/2026 10:05:00,87.50%,2000,880,45,50,0,0,5,0,0,0,0,0,0,0,0,0,0,0,0,0,0,0,0,0,0,0,0,0,0,0,0,0,0,0,,,,,
ROUTER,73,10,20,21/03/2026 10:04:00,50.00%,0,0,0,0,8,0,2,0,0,0,0,0,0,0,0,0,0,0,0,0,0,0,0,0,0,0,0,0,0,0,0,0,0,0,,,,,
P10,134,3,40,21/03/2026 10:03:00,92.50%,2000,880,45,50,1,0,2,0,0,0,0,0,0,0,0,0,0,0,0,0,0,0,0,0,0,0,0,0,0,0,0,0,0,0,,,,,
P10,133,3,40,21/03/2026 09:57:00,92.50%,2000,880,45,50,0,0,3,0,0,0,0,0,0,0,0,0,0,0,0,0,0,0,0,0,0,0,0,0,0,0,0,0,0,0,,,,,
P10,132,7,40,21/03/2026 09:56:00,82.50%,2000,880,45,50,0,0,7,0,0,0,0,0,0,0,0,0,0,0,0,0,0,0,0,0,0,0,0,0,0,0,0,0,0,0,,,,,
FA08,39,3,15,21/03/2026 09:55:00,80.00%,0,0,0,0,2,0,1,0,0,0,0,0,0,0,0,0,0,0,0,0,0,0,0,0,0,0,0,0,0,0,0,0,0,0,,,,,
ROUTER,74,9,20,21/03/2026 09:52:00,55.00%,0,0,0,0,8,0,0,0,0,0,0,0,0,0,0,0,0,0,0,0,0,1,0,0,0,0,0,0,0,0,0,0,0,0,,,,,
FA08,51,3,15,21/03/2026 09:51:00,80.00%,0,0,0,0,3,0,0,0,0,0,0,0,0,0,0,0,0,0,0,0,0,0,0,0,0,0,0,0,0,0,0,0,0,0,,,,,
P10,132,6,40,21/03/2026 09:49:00,85.00%,2000,880,45,50,0,0,4,0,0,0,0,0,0,0,0,0,0,0,2,0,0,0,0,0,0,0,0,0,0,0,0,0,0,0,,,,,
P10,135,13,40,21/03/2026 09:48:00,67.50%,2000,80,45,50,5,0,8,0,0,0,0,0,0,0,0,0,0,0,0,0,0,0,0,0,0,0,0,0,0,0,0,0,0,0,,,,,
P10,135,8,40,21/03/2026 09:16:00,80.00%,2000,80,45,50,5,0,3,0,0,0,0,0,0,0,0,0,0,0,0,0,0,0,0,0,0,0,0,0,0,0,0,0,0,0,,,,,
FA08,39,4,15,21/03/2026 09:14:00,73.33%,0,0,0,0,2,0,2,0,0,0,0,0,0,0,0,0,0,0,0,0,0,0,0,0,0,0,0,0,0,0,0,0,0,0,,,,,
P10,133,4,40,21/03/2026 09:07:00,90.00%,2000,880,45,50,0,0,3,0,0,0,0,0,0,0,0,0,0,0,1,0,0,0,0,0,0,0,0,0,0,0,0,0,0,0,,,,,
P10,136,2,40,21/03/2026 09:05:00,95.00%,200,80,45,50,0,0,2,0,0,0,0,0,0,0,0,0,0,0,0,0,0,0,0,0,0,0,0,0,0,0,0,0,0,0,,,,,
P10,132,5,40,21/03/2026 08:52:00,87.50%,2000,880,45,50,0,0,5,0,0,0,0,0,0,0,0,0,0,0,0,0,0,0,0,0,0,0,0,0,0,0,0,0,0,0,,,,,
P10,134,7,40,21/03/2026 08:49:00,82.50%,2000,880,45,50,4,0,3,0,0,0,0,0,0,0,0,0,0,0,0,0,0,0,0,0,0,0,0,0,0,0,0,0,0,0,,,,,
P10,135,7,40,21/03/2026 08:46:00,82.50%,2000,80,45,50,3,0,4,0,0,0,0,0,0,0,0,0,0,0,0,0,0,0,0,0,0,0,0,0,0,0,0,0,0,0,,,,,
P10,133,5,40,21/03/2026 08:44:00,87.50%,2000,880,45,50,0,0,2,0,0,0,0,0,0,0,0,0,0,0,3,0,0,0,0,0,0,0,0,0,0,0,0,0,0,0,,,,,
P10,136,3,40,21/03/2026 08:43:00,92.50%,200,80,45,50,0,0,1,0,0,0,0,0,0,0,0,0,0,0,2,0,0,0,0,0,0,0,0,0,0,0,0,0,0,0,,,,,
FA08,52,3,15,21/03/2026 08:36:00,80.00%,0,0,0,0,2,0,1,0,0,0,0,0,0,0,0,0,0,0,0,0,0,0,0,0,0,0,0,0,0,0,0,0,0,0,,,,,
FA08,51,5,15,21/03/2026 08:28:00,66.67%,0,0,0,0,2,0,3,0,0,0,0,0,0,0,0,0,0,0,0,0,0,0,0,0,0,0,0,0,0,0,0,0,0,0,,,,,
P10,132,3,40,21/03/2026 08:20:00,92.50%,2000,880,45,50,0,0,3,0,0,0,0,0,0,0,0,0,0,0,0,0,0,0,0,0,0,0,0,0,0,0,0,0,0,0,,,,,
P10,134,7,40,21/03/2026 08:18:00,82.50%,2000,880,45,50,4,0,3,0,0,0,0,0,0,0,0,0,0,0,0,0,0,0,0,0,0,0,0,0,0,0,0,0,0,0,,,,,
P10,135,7,40,21/03/2026 08:15:00,82.50%,2000,80,45,50,6,0,1,0,0,0,0,0,0,0,0,0,0,0,0,0,0,0,0,0,0,0,0,0,0,0,0,0,0,0,,,,,
P10,136,5,40,21/03/2026 08:09:00,87.50%,200,80,45,50,3,0,2,0,0,0,0,0,0,0,0,0,0,0,0,0,0,0,0,0,0,0,0,0,0,0,0,0,0,0,,,,,
P10,135,8,40,21/03/2026 07:39:00,80.00%,2000,80,45,50,8,0,0,0,0,0,0,0,0,0,0,0,0,0,0,0,0,0,0,0,0,0,0,0,0,0,0,0,0,0,,,,,
P10,134,5,40,21/03/2026 07:36:00,87.50%,2000,880,45,50,2,0,3,0,0,0,0,0,0,0,0,0,0,0,0,0,0,0,0,0,0,0,0,0,0,0,0,0,0,0,,,,,
P10,132,3,40,21/03/2026 07:28:00,92.50%,2000,880,45,50,0,0,3,0,0,0,0,0,0,0,0,0,0,0,0,0,0,0,0,0,0,0,0,0,0,0,0,0,0,0,,,,,
P10,136,14,40,21/03/2026 07:16:00,65.00%,200,80,45,50,10,0,4,0,0,0,0,0,0,0,0,0,0,0,0,0,0,0,0,0,0,0,0,0,0,0,0,0,0,0,,,,,
FA08,51,5,15,21/03/2026 07:14:00,66.67%,0,0,0,0,3,0,1,0,0,0,0,0,0,0,0,0,0,0,0,0,0,0,0,0,0,0,0,0,1,0,0,0,0,0,,,,,
P10,135,11,40,21/03/2026 07:07:00,72.50%,2000,80,45,50,5,0,6,0,0,0,0,0,0,0,0,0,0,0,0,0,0,0,0,0,0,0,0,0,0,0,0,0,0,0,,,,,
FA08,52,4,15,21/03/2026 07:06:00,73.33%,0,0,0,0,3,0,0,0,0,0,0,0,0,0,0,0,0,0,0,0,0,0,0,0,0,0,0,0,1,0,0,0,0,0,,,,,
P10,134,6,40,21/03/2026 06:52:00,85.00%,2000,880,45,50,3,0,3,0,0,0,0,0,0,0,0,0,0,0,0,0,0,0,0,0,0,0,0,0,0,0,0,0,0,0,,,,,
P10,133,3,40,21/03/2026 06:50:00,92.50%,2000,880,45,50,0,0,3,0,0,0,0,0,0,0,0,0,0,0,0,0,0,0,0,0,0,0,0,0,0,0,0,0,0,0,,,,,
P10,132,11,40,21/03/2026 06:48:00,72.50%,2000,880,45,50,0,0,11,0,0,0,0,0,0,0,0,0,0,0,0,0,0,0,0,0,0,0,0,0,0,0,0,0,0,0,,,,,
PR20,81,7,24,20/03/2026 23:22:00,70.83%,1400,1520,50,100,7,0,0,0,0,0,0,0,0,0,0,0,0,0,0,0,0,0,0,0,0,0,0,0,0,0,0,0,0,0,,,,,
FA08,51,1,15,20/03/2026 23:09:00,93.33%,0,0,0,0,0,0,0,0,0,0,0,0,0,0,0,0,0,0,0,0,0,0,0,0,0,0,0,0,1,0,0,0,0,0,,,,,
ROUTER,71,5,20,20/03/2026 23:05:00,75.00%,0,0,0,0,2,1,1,0,0,0,0,0,0,0,0,0,0,0,0,0,0,1,0,0,0,0,0,0,0,0,0,0,0,0,,,,,
P10,132,10,40,20/03/2026 23:01:00,75.00%,2000,880,45,50,0,0,10,0,0,0,0,0,0,0,0,0,0,0,0,0,0,0,0,0,0,0,0,0,0,0,0,0,0,0,,,,,
FA08,40,2,15,20/03/2026 22:54:00,86.67%,0,0,0,0,1,0,1,0,0,0,0,0,0,0,0,0,0,0,0,0,0,0,0,0,0,0,0,0,0,0,0,0,0,0,,,,,
P10,136,1,40,20/03/2026 22:52:00,97.50%,200,80,45,50,0,0,0,0,0,0,0,0,0,0,1,0,0,0,0,0,0,0,0,0,0,0,0,0,0,0,0,0,0,0,,,,,
ROUTER,74,12,20,20/03/2026 22:50:00,40.00%,0,0,0,0,9,0,0,0,0,0,0,0,0,0,0,0,0,0,0,0,0,0,0,0,0,0,0,0,0,0,3,0,0,0,,,,,
P10,134,1,40,20/03/2026 22:47:00,97.50%,2000,880,45,50,0,0,1,0,0,0,0,0,0,0,0,0,0,0,0,0,0,0,0,0,0,0,0,0,0,0,0,0,0,0,,,,,
PR20,81,5,24,20/03/2026 22:44:00,79.17%,1400,1520,50,100,5,0,0,0,0,0,0,0,0,0,0,0,0,0,0,0,0,0,0,0,0,0,0,0,0,0,0,0,0,0,,,,,
PR20,82,3,24,20/03/2026 22:33:00,87.50%,1400,1520,50,100,2,0,1,0,0,0,0,0,0,0,0,0,0,0,0,0,0,0,0,0,0,0,0,0,0,0,0,0,0,0,,,,,
ROUTER,70,7,20,20/03/2026 22:25:00,65.00%,0,0,0,0,5,0,0,0,0,0,0,0,0,0,0,0,0,0,0,0,0,0,0,0,0,0,0,0,0,0,2,0,0,0,,,,,
FA08,51,3,15,20/03/2026 22:23:00,80.00%,0,0,0,0,1,0,2,0,0,0,0,0,0,0,0,0,0,0,0,0,0,0,0,0,0,0,0,0,0,0,0,0,0,0,,,,,
ROUTER,72,7,20,20/03/2026 22:17:00,65.00%,0,0,0,0,4,0,0,0,0,0,0,0,0,0,0,0,0,0,0,0,0,0,0,0,0,0,0,0,0,0,3,0,0,0,,,,,
FA08,37,4,15,20/03/2026 22:16:00,73.33%,0,0,0,0,2,0,2,0,0,0,0,0,0,0,0,0,0,0,0,0,0,0,0,0,0,0,0,0,0,0,0,0,0,0,,,,,
FA08,52,2,15,20/03/2026 22:09:00,86.67%,0,0,0,0,2,0,0,0,0,0,0,0,0,0,0,0,0,0,0,0,0,0,0,0,0,0,0,0,0,0,0,0,0,0,,,,,
P10,136,4,40,20/03/2026 22:02:00,90.00%,200,80,45,50,0,0,1,0,0,0,0,0,0,0,3,0,0,0,0,0,0,0,0,0,0,0,0,0,0,0,0,0,0,0,,,,,
ROUTER,73,1,20,20/03/2026 21:55:00,95.00%,0,0,0,0,0,0,1,0,0,0,0,0,0,0,0,0,0,0,0,0,0,0,0,0,0,0,0,0,0,0,0,0,0,0,,,,,
P10,133,2,40,20/03/2026 21:55:00,95.00%,2000,880,45,50,0,0,2,0,0,0,0,0,0,0,0,0,0,0,0,0,0,0,0,0,0,0,0,0,0,0,0,0,0,0,,,,,
P10,135,4,40,20/03/2026 21:49:00,90.00%,2000,80,45,50,0,0,4,0,0,0,0,0,0,0,0,0,0,0,0,0,0,0,0,0,0,0,0,0,0,0,0,0,0,0,,,,,
P10,134,1,40,20/03/2026 21:43:00,97.50%,2000,880,45,50,0,0,1,0,0,0,0,0,0,0,0,0,0,0,0,0,0,0,0,0,0,0,0,0,0,0,0,0,0,0,,,,,
ROUTER,74,10,20,20/03/2026 21:42:00,50.00%,0,0,0,0,8,0,0,0,0,0,0,0,0,0,0,0,0,0,0,0,0,0,0,0,0,0,0,0,0,0,2,0,0,0,,,,,
P10,132,2,40,20/03/2026 21:28:00,95.00%,2000,880,45,50,0,0,2,0,0,0,0,0,0,0,0,0,0,0,0,0,0,0,0,0,0,0,0,0,0,0,0,0,0,0,,,,,
PR20,82,8,24,20/03/2026 21:23:00,66.67%,1400,1520,50,100,8,0,0,0,0,0,0,0,0,0,0,0,0,0,0,0,0,0,0,0,0,0,0,0,0,0,0,0,0,0,,,,,
ROUTER,71,4,20,20/03/2026 21:21:00,80.00%,0,0,0,0,1,0,2,0,0,0,0,0,0,0,0,0,0,0,0,0,0,0,0,0,0,0,0,0,0,0,1,0,0,0,,,,,
P10,136,3,40,20/03/2026 21:10:00,92.50%,200,80,45,50,0,0,3,0,0,0,0,0,0,0,0,0,0,0,0,0,0,0,0,0,0,0,0,0,0,0,0,0,0,0,,,,,
DC-I,69,2,16,20/03/2026 21:06:00,87.50%,0,0,0,0,1,0,0,0,0,0,0,0,0,0,1,0,0,0,0,0,0,0,0,0,0,0,0,0,0,0,0,0,0,0,,,,,
P10,133,2,40,20/03/2026 21:05:00,95.00%,2000,880,45,50,0,0,2,0,0,0,0,0,0,0,0,0,0,0,0,0,0,0,0,0,0,0,0,0,0,0,0,0,0,0,,,,,
DC-I,68,1,16,20/03/2026 21:03:00,93.75%,0,0,0,0,1,0,0,0,0,0,0,0,0,0,0,0,0,0,0,0,0,0,0,0,0,0,0,0,0,0,0,0,0,0,,,,,
P10,135,2,40,20/03/2026 20:59:00,95.00%,2000,80,45,50,0,0,2,0,0,0,0,0,0,0,0,0,0,0,0,0,0,0,0,0,0,0,0,0,0,0,0,0,0,0,,,,,
ROUTER,70,1,20,20/03/2026 20:57:00,95.00%,0,0,0,0,0,0,0,0,0,0,0,0,0,0,0,0,0,0,0,0,0,0,0,0,0,0,0,0,0,0,1,0,0,0,,,,,
ROUTER,72,7,20,20/03/2026 20:52:00,65.00%,0,0,0,0,1,0,0,0,0,0,0,0,0,0,0,0,0,0,0,0,0,0,0,0,0,0,0,0,0,0,6,0,0,0,,,,,
P10,134,5,40,20/03/2026 20:50:00,87.50%,2000,880,45,50,0,0,5,0,0,0,0,0,0,0,0,0,0,0,0,0,0,0,0,0,0,0,0,0,0,0,0,0,0,0,,,,,
DC-I,69,0,16,20/03/2026 20:45:00,100.00%,0,0,0,0,0,0,0,0,0,0,0,0,0,0,0,0,0,0,0,0,0,0,0,0,0,0,0,0,0,0,0,0,0,0,,,,,
P10,132,3,40,20/03/2026 20:40:00,92.50%,2000,880,45,50,0,0,3,0,0,0,0,0,0,0,0,0,0,0,0,0,0,0,0,0,0,0,0,0,0,0,0,0,0,0,,,,,
DC-I,65,4,16,20/03/2026 20:35:00,75.00%,0,0,0,0,0,2,2,0,0,0,0,0,0,0,0,0,0,0,0,0,0,0,0,0,0,0,0,0,0,0,0,0,0,0,,,,,
ROUTER,73,1,20,20/03/2026 20:30:00,95.00%,0,0,0,0,0,0,0,0,0,0,0,0,0,0,0,0,0,0,0,0,0,0,0,0,0,0,0,0,0,0,1,0,0,0,,,,,
ROUTER,74,16,20,20/03/2026 20:26:00,20.00%,0,0,0,0,10,0,4,0,0,0,0,0,0,0,0,0,0,0,0,0,0,0,0,0,0,0,2,0,0,0,0,0,0,0,,,,,
DC-I,67,3,16,20/03/2026 20:20:00,81.25%,0,0,0,0,3,0,0,0,0,0,0,0,0,0,0,0,0,0,0,0,0,0,0,0,0,0,0,0,0,0,0,0,0,0,,,,,
DC-I,66,18,16,20/03/2026 20:13:00,-12.50%,0,0,0,0,0,8,9,0,0,0,0,0,0,0,0,0,0,0,0,0,0,0,0,0,0,0,1,0,0,0,0,0,0,0,,,,,
DC-I,68,2,16,20/03/2026 20:07:00,87.50%,0,0,0,0,1,0,0,0,0,0,0,0,0,0,1,0,0,0,0,0,0,0,0,0,0,0,0,0,0,0,0,0,0,0,,,,,
FA08,51,8,15,20/03/2026 20:03:00,46.67%,0,0,0,0,0,2,0,0,0,0,0,0,0,0,0,0,0,0,0,0,0,0,0,0,0,0,0,0,6,0,0,0,0,0,,,,,
ROUTER,74,11,20,20/03/2026 20:02:00,45.00%,0,0,0,0,10,0,0,0,0,0,0,0,0,0,0,0,0,0,0,0,0,0,0,0,0,0,0,0,0,0,1,0,0,0,,,,,
P10,132,4,40,20/03/2026 19:55:00,90.00%,2000,880,45,50,0,0,4,0,0,0,0,0,0,0,0,0,0,0,0,0,0,0,0,0,0,0,0,0,0,0,0,0,0,0,,,,,
DC-I,69,0,16,20/03/2026 19:53:00,100.00%,0,0,0,0,0,0,0,0,0,0,0,0,0,0,0,0,0,0,0,0,0,0,0,0,0,0,0,0,0,0,0,0,0,0,,,,,
DC-I,68,3,16,20/03/2026 19:46:00,81.25%,0,0,0,0,0,3,0,0,0,0,0,0,0,0,0,0,0,0,0,0,0,0,0,0,0,0,0,0,0,0,0,0,0,0,,,,,
DC-I,67,0,16,20/03/2026 19:42:00,100.00%,0,0,0,0,0,0,0,0,0,0,0,0,0,0,0,0,0,0,0,0,0,0,0,0,0,0,0,0,0,0,0,0,0,0,,,,,
P10,135,5,40,20/03/2026 19:41:00,87.50%,2000,80,45,50,0,0,5,0,0,0,0,0,0,0,0,0,0,0,0,0,0,0,0,0,0,0,0,0,0,0,0,0,0,0,,,,,
DC-I,68,2,16,20/03/2026 19:39:00,87.50%,0,0,0,0,0,0,1,0,0,0,0,0,0,0,1,0,0,0,0,0,0,0,0,0,0,0,0,0,0,0,0,0,0,0,,,,,
DC-I,66,9,16,20/03/2026 19:37:00,43.75%,0,0,0,0,0,3,6,0,0,0,0,0,0,0,0,0,0,0,0,0,0,0,0,0,0,0,0,0,0,0,0,0,0,0,,,,,
P10,134,3,40,20/03/2026 19:28:00,92.50%,2000,880,45,50,0,0,3,0,0,0,0,0,0,0,0,0,0,0,0,0,0,0,0,0,0,0,0,0,0,0,0,0,0,0,,,,,
ROUTER,72,5,20,20/03/2026 19:26:00,75.00%,0,0,0,0,5,0,0,0,0,0,0,0,0,0,0,0,0,0,0,0,0,0,0,0,0,0,0,0,0,0,0,0,0,0,,,,,
ROUTER,71,7,20,20/03/2026 19:21:00,65.00%,0,0,0,0,3,1,3,0,0,0,0,0,0,0,0,0,0,0,0,0,0,0,0,0,0,0,0,0,0,0,0,0,0,0,,,,,
DC-I,68,2,16,20/03/2026 19:20:00,87.50%,0,0,0,0,2,0,0,0,0,0,0,0,0,0,0,0,0,0,0,0,0,0,0,0,0,0,0,0,0,0,0,0,0,0,,,,,
FA08,40,5,15,20/03/2026 19:15:00,66.67%,0,0,0,0,5,0,0,0,0,0,0,0,0,0,0,0,0,0,0,0,0,0,0,0,0,0,0,0,0,0,0,0,0,0,,,,,
DC-I,68,3,16,20/03/2026 19:11:00,81.25%,0,0,0,0,2,0,1,0,0,0,0,0,0,0,0,0,0,0,0,0,0,0,0,0,0,0,0,0,0,0,0,0,0,0,,,,,
DC-I,67,2,16,20/03/2026 19:09:00,87.50%,0,0,0,0,1,0,1,0,0,0,0,0,0,0,0,0,0,0,0,0,0,0,0,0,0,0,0,0,0,0,0,0,0,0,,,,,
FA08,39,3,15,20/03/2026 19:02:00,80.00%,0,0,0,0,1,0,2,0,0,0,0,0,0,0,0,0,0,0,0,0,0,0,0,0,0,0,0,0,0,0,0,0,0,0,,,,,
FA08,52,8,15,20/03/2026 17:58:00,46.67%,0,0,0,0,8,0,0,0,0,0,0,0,0,0,0,0,0,0,0,0,0,0,0,0,0,0,0,0,0,0,0,0,0,0,,,,,
DC-I,65,3,16,20/03/2026 17:57:00,81.25%,0,0,0,0,0,0,3,0,0,0,0,0,0,0,0,0,0,0,0,0,0,0,0,0,0,0,0,0,0,0,0,0,0,0,,,,,
DC-I,69,1,16,20/03/2026 17:42:00,93.75%,0,0,0,0,1,0,0,0,0,0,0,0,0,0,0,0,0,0,0,0,0,0,0,0,0,0,0,0,0,0,0,0,0,0,,,,,
DC-I,66,7,16,20/03/2026 17:27:00,56.25%,0,0,0,0,0,3,4,0,0,0,0,0,0,0,0,0,0,0,0,0,0,0,0,0,0,0,0,0,0,0,0,0,0,0,,,,,
ROUTER,73,2,20,20/03/2026 17:24:00,90.00%,0,0,0,0,0,0,2,0,0,0,0,0,0,0,0,0,0,0,0,0,0,0,0,0,0,0,0,0,0,0,0,0,0,0,,,,,
P10,134,4,40,20/03/2026 17:21:00,90.00%,2000,880,45,50,0,0,4,0,0,0,0,0,0,0,0,0,0,0,0,0,0,0,0,0,0,0,0,0,0,0,0,0,0,0,,,,,
FA08,51,6,15,20/03/2026 17:19:00,60.00%,0,0,0,0,0,3,3,0,0,0,0,0,0,0,0,0,0,0,0,0,0,0,0,0,0,0,0,0,0,0,0,0,0,0,,,,,
P10,135,1,40,20/03/2026 17:07:00,97.50%,2000,80,45,50,0,0,1,0,0,0,0,0,0,0,0,0,0,0,0,0,0,0,0,0,0,0,0,0,0,0,0,0,0,0,,,,,
DC-I,68,1,16,20/03/2026 17:05:00,93.75%,0,0,0,0,1,0,0,0,0,0,0,0,0,0,0,0,0,0,0,0,0,0,0,0,0,0,0,0,0,0,0,0,0,0,,,,,
DC-I,67,1,16,20/03/2026 17:02:00,93.75%,0,0,0,0,0,0,1,0,0,0,0,0,0,0,0,0,0,0,0,0,0,0,0,0,0,0,0,0,0,0,0,0,0,0,,,,,
DC-I,67,2,16,20/03/2026 17:01:00,87.50%,0,0,0,0,2,0,0,0,0,0,0,0,0,0,0,0,0,0,0,0,0,0,0,0,0,0,0,0,0,0,0,0,0,0,,,,,
P10,134,2,40,20/03/2026 17:00:00,95.00%,2000,880,45,50,0,0,2,0,0,0,0,0,0,0,0,0,0,0,0,0,0,0,0,0,0,0,0,0,0,0,0,0,0,0,,,,,
ROUTER,70,6,20,20/03/2026 17:00:00,70.00%,0,0,0,0,0,0,1,0,0,0,0,0,0,0,0,0,0,0,0,0,0,0,0,0,0,0,0,0,0,0,5,0,0,0,,,,,
P10,132,10,40,20/03/2026 16:59:00,75.00%,2000,880,45,50,10,0,0,0,0,0,0,0,0,0,0,0,0,0,0,0,0,0,0,0,0,0,0,0,0,0,0,0,0,0,,,,,
P10,136,3,40,20/03/2026 16:58:00,92.50%,200,80,45,50,0,0,3,0,0,0,0,0,0,0,0,0,0,0,0,0,0,0,0,0,0,0,0,0,0,0,0,0,0,0,,,,,
ROUTER,72,13,20,20/03/2026 16:51:00,35.00%,0,0,0,0,11,0,0,0,0,0,0,0,0,0,0,0,0,0,0,0,0,0,0,0,0,0,0,0,0,0,2,0,0,0,,,,,
P10,134,2,40,20/03/2026 16:46:00,95.00%,2000,880,45,50,0,0,2,0,0,0,0,0,0,0,0,0,0,0,0,0,0,0,0,0,0,0,0,0,0,0,0,0,0,0,,,,,
P10,133,11,40,20/03/2026 16:43:00,72.50%,2000,880,45,50,6,0,5,0,0,0,0,0,0,0,0,0,0,0,0,0,0,0,0,0,0,0,0,0,0,0,0,0,0,0,,,,,
DC-I,67,4,16,20/03/2026 16:43:00,75.00%,0,0,0,0,3,0,1,0,0,0,0,0,0,0,0,0,0,0,0,0,0,0,0,0,0,0,0,0,0,0,0,0,0,0,,,,,
ROUTER,74,10,20,20/03/2026 16:39:00,50.00%,0,0,0,0,7,0,0,0,0,0,0,0,0,0,0,0,0,0,0,0,0,0,0,0,0,0,0,0,0,0,3,0,0,0,,,,,
DC-I,65,2,16,20/03/2026 16:33:00,87.50%,0,0,0,0,0,0,0,0,0,0,0,0,0,0,2,0,0,0,0,0,0,0,0,0,0,0,0,0,0,0,0,0,0,0,,,,,
DC-I,68,1,16,20/03/2026 16:31:00,93.75%,0,0,0,0,1,0,0,0,0,0,0,0,0,0,0,0,0,0,0,0,0,0,0,0,0,0,0,0,0,0,0,0,0,0,,,,,
ROUTER,72,12,20,20/03/2026 16:29:00,40.00%,0,0,0,0,12,0,0,0,0,0,0,0,0,0,0,0,0,0,0,0,0,0,0,0,0,0,0,0,0,0,0,0,0,0,,,,,
P10,133,3,40,20/03/2026 16:19:00,92.50%,2000,880,45,50,0,0,3,0,0,0,0,0,0,0,0,0,0,0,0,0,0,0,0,0,0,0,0,0,0,0,0,0,0,0,,,,,
ROUTER,71,7,20,20/03/2026 16:18:00,65.00%,0,0,0,0,2,0,5,0,0,0,0,0,0,0,0,0,0,0,0,0,0,0,0,0,0,0,0,0,0,0,0,0,0,0,,,,,
ROUTER,70,10,20,20/03/2026 16:12:00,50.00%,0,0,0,0,10,0,0,0,0,0,0,0,0,0,0,0,0,0,0,0,0,0,0,0,0,0,0,0,0,0,0,0,0,0,,,,,
DC-I,68,1,16,20/03/2026 16:01:00,93.75%,0,0,0,0,1,0,0,0,0,0,0,0,0,0,0,0,0,0,0,0,0,0,0,0,0,0,0,0,0,0,0,0,0,0,,,,,
DC-I,67,2,16,20/03/2026 15:53:00,87.50%,0,0,0,0,1,0,1,0,0,0,0,0,0,0,0,0,0,0,0,0,0,0,0,0,0,0,0,0,0,0,0,0,0,0,,,,,
ROUTER,74,7,20,20/03/2026 15:50:00,65.00%,0,0,0,0,7,0,0,0,0,0,0,0,0,0,0,0,0,0,0,0,0,0,0,0,0,0,0,0,0,0,0,0,0,0,,,,,
DC-I,69,1,16,20/03/2026 15:48:00,93.75%,0,0,0,0,0,0,1,0,0,0,0,0,0,0,0,0,0,0,0,0,0,0,0,0,0,0,0,0,0,0,0,0,0,0,,,,,
DC-I,65,1,16,20/03/2026 15:46:00,93.75%,0,0,0,0,0,0,0,0,0,0,0,0,1,0,0,0,0,0,0,0,0,0,0,0,0,0,0,0,0,0,0,0,0,0,,,,,
FA08,40,8,15,20/03/2026 15:20:00,46.67%,0,0,0,0,4,2,2,0,0,0,0,0,0,0,0,0,0,0,0,0,0,0,0,0,0,0,0,0,0,0,0,0,0,0,,,,,
FA08,39,3,15,20/03/2026 15:13:00,80.00%,0,0,0,0,1,0,2,0,0,0,0,0,0,0,0,0,0,0,0,0,0,0,0,0,0,0,0,0,0,0,0,0,0,0,,,,,
P10,135,13,40,20/03/2026 14:56:00,67.50%,2000,80,45,50,13,0,0,0,0,0,0,0,0,0,0,0,0,0,0,0,0,0,0,0,0,0,0,0,0,0,0,0,0,0,,,,,
P10,132,8,40,20/03/2026 14:53:00,80.00%,2000,880,45,50,1,0,7,0,0,0,0,0,0,0,0,0,0,0,0,0,0,0,0,0,0,0,0,0,0,0,0,0,0,0,,,,,
P10,136,7,40,20/03/2026 14:50:00,82.50%,200,80,45,50,1,0,6,0,0,0,0,0,0,0,0,0,0,0,0,0,0,0,0,0,0,0,0,0,0,0,0,0,0,0,,,,,
P10,133,3,40,20/03/2026 14:49:00,92.50%,2000,880,45,50,2,0,0,0,0,0,0,0,0,0,0,0,0,0,1,0,0,0,0,0,0,0,0,0,0,0,0,0,0,0,,,,,
FA08,40,4,15,20/03/2026 14:44:00,100.00%,0,0,0,0,2,0,2,0,0,0,0,0,0,0,0,0,0,0,0,0,0,0,0,0,0,0,0,0,0,0,0,0,0,0,,,,,
P10,134,9,40,20/03/2026 14:38:00,77.50%,2000,880,45,50,4,0,5,0,0,0,0,0,0,0,0,0,0,0,0,0,0,0,0,0,0,0,0,0,0,0,0,0,0,0,,,,,
P10,135,15,40,20/03/2026 14:32:00,62.50%,2000,80,45,50,10,0,5,0,0,0,0,0,0,0,0,0,0,0,0,0,0,0,0,0,0,0,0,0,0,0,0,0,0,0,,,,,
FA08,39,5,15,20/03/2026 14:30:00,66.67%,0,0,0,0,3,0,2,0,0,0,0,0,0,0,0,0,0,0,0,0,0,0,0,0,0,0,0,0,0,0,0,0,0,0,,,,,
P10,132,6,40,20/03/2026 14:28:00,85.00%,2000,880,45,50,6,0,0,0,0,0,0,0,0,0,0,0,0,0,0,0,0,0,0,0,0,0,0,0,0,0,0,0,0,0,,,,,
P10,136,3,40,20/03/2026 14:24:00,92.50%,200,80,45,50,0,0,3,0,0,0,0,0,0,0,0,0,0,0,0,0,0,0,0,0,0,0,0,0,0,0,0,0,0,0,,,,,
P10,133,2,40,20/03/2026 14:23:00,95.00%,2000,880,45,50,2,0,0,0,0,0,0,0,0,0,0,0,0,0,0,0,0,0,0,0,0,0,0,0,0,0,0,0,0,0,,,,,
ROUTER,72,2,20,20/03/2026 14:12:00,90.00%,0,0,0,0,2,0,0,0,0,0,0,0,0,0,0,0,0,0,0,0,0,0,0,0,0,0,0,0,0,0,0,0,0,0,,,,,
P10,132,8,40,20/03/2026 13:53:00,80.00%,2000,880,45,50,6,0,2,0,0,0,0,0,0,0,0,0,0,0,0,0,0,0,0,0,0,0,0,0,0,0,0,0,0,0,,,,,
FA08,40,4,15,20/03/2026 13:52:00,73.33%,0,0,0,0,2,0,2,0,0,0,0,0,0,0,0,0,0,0,0,0,0,0,0,0,0,0,0,0,0,0,0,0,0,0,,,,,
P10,134,8,40,20/03/2026 13:46:00,80.00%,2000,880,45,50,5,0,3,0,0,0,0,0,0,0,0,0,0,0,0,0,0,0,0,0,0,0,0,0,0,0,0,0,0,0,,,,,
P10,135,2137,40,20/03/2026 13:30:00,-5242.50%,2000,80,45,50,2135,0,2,0,0,0,0,0,0,0,0,0,0,0,0,0,0,0,0,0,0,0,0,0,0,0,0,0,0,0,,,,,
P10,136,3,40,20/03/2026 13:21:00,92.50%,200,80,45,50,0,0,3,0,0,0,0,0,0,0,0,0,0,0,0,0,0,0,0,0,0,0,0,0,0,0,0,0,0,0,,,,,
P10,132,2,40,20/03/2026 13:21:00,95.00%,2000,880,45,50,0,0,2,0,0,0,0,0,0,0,0,0,0,0,0,0,0,0,0,0,0,0,0,0,0,0,0,0,0,0,,,,,
P10,133,2,40,20/03/2026 13:20:00,95.00%,2000,880,45,50,2,0,0,0,0,0,0,0,0,0,0,0,0,0,0,0,0,0,0,0,0,0,0,0,0,0,0,0,0,0,,,,,
FA08,51,2,15,20/03/2026 13:20:00,86.67%,0,0,0,0,0,0,1,0,0,0,0,0,0,0,0,0,0,0,0,0,0,0,0,0,0,0,0,0,1,0,0,0,0,0,,,,,
FA08,40,5,15,20/03/2026 13:17:00,66.67%,0,0,0,0,1,0,4,0,0,0,0,0,0,0,0,0,0,0,0,0,0,0,0,0,0,0,0,0,0,0,0,0,0,0,,,,,
FA08,39,6,15,20/03/2026 13:12:00,60.00%,0,0,0,0,2,0,4,0,0,0,0,0,0,0,0,0,0,0,0,0,0,0,0,0,0,0,0,0,0,0,0,0,0,0,,,,,
FA08,52,2,15,20/03/2026 13:09:00,86.67%,0,0,0,0,2,0,0,0,0,0,0,0,0,0,0,0,0,0,0,0,0,0,0,0,0,0,0,0,0,0,0,0,0,0,,,,,
P10,135,2,40,20/03/2026 13:04:00,95.00%,2000,80,45,50,2,0,0,0,0,0,0,0,0,0,0,0,0,0,0,0,0,0,0,0,0,0,0,0,0,0,0,0,0,0,,,,,
P10,132,2,40,20/03/2026 12:59:00,95.00%,2000,880,45,50,2,0,0,0,0,0,0,0,0,0,0,0,0,0,0,0,0,0,0,0,0,0,0,0,0,0,0,0,0,0,,,,,
FA08,40,1,15,20/03/2026 12:27:00,93.33%,0,0,0,0,1,0,0,0,0,0,0,0,0,0,0,0,0,0,0,0,0,0,0,0,0,0,0,0,0,0,0,0,0,0,,,,,
FA08,51,5,15,20/03/2026 12:19:00,66.67%,0,0,0,0,2,0,3,0,0,0,0,0,0,0,0,0,0,0,0,0,0,0,0,0,0,0,0,0,0,0,0,0,0,0,,,,,
P10,136,0,40,20/03/2026 12:12:00,100.00%,200,80,45,50,0,0,0,0,0,0,0,0,0,0,0,0,0,0,0,0,0,0,0,0,0,0,0,0,0,0,0,0,0,0,,,,,
P10,132,0,40,20/03/2026 12:12:00,100.00%,2000,880,45,50,0,0,0,0,0,0,0,0,0,0,0,0,0,0,0,0,0,0,0,0,0,0,0,0,0,0,0,0,0,0,,,,,
P10,132,3,40,20/03/2026 12:12:00,92.50%,2000,880,45,50,0,0,3,0,0,0,0,0,0,0,0,0,0,0,0,0,0,0,0,0,0,0,0,0,0,0,0,0,0,0,,,,,
P10,132,3,40,20/03/2026 12:12:00,92.50%,2000,880,45,50,0,0,3,0,0,0,0,0,0,0,0,0,0,0,0,0,0,0,0,0,0,0,0,0,0,0,0,0,0,0,,,,,
P10,136,0,40,20/03/2026 12:11:00,100.00%,200,80,45,50,0,0,0,0,0,0,0,0,0,0,0,0,0,0,0,0,0,0,0,0,0,0,0,0,0,0,0,0,0,0,,,,,
P10,136,7,40,20/03/2026 11:28:00,82.50%,200,80,45,50,1,0,5,0,0,0,0,0,1,0,0,0,0,0,0,0,0,0,0,0,0,0,0,0,0,0,0,0,0,0,,,,,
P10,132,4,40,20/03/2026 11:20:00,90.00%,2000,880,45,50,2,0,2,0,0,0,0,0,0,0,0,0,0,0,0,0,0,0,0,0,0,0,0,0,0,0,0,0,0,0,,,,,
P10,135,2,40,20/03/2026 11:09:00,95.00%,2000,80,45,50,0,0,2,0,0,0,0,0,0,0,0,0,0,0,0,0,0,0,0,0,0,0,0,0,0,0,0,0,0,0,,,,,
FA08,40,9,15,20/03/2026 11:06:00,40.00%,0,0,0,0,0,0,9,0,0,0,0,0,0,0,0,0,0,0,0,0,0,0,0,0,0,0,0,0,0,0,0,0,0,0,,,,,
FA08,51,3,15,20/03/2026 10:54:00,80.00%,0,0,0,0,3,0,0,0,0,0,0,0,0,0,0,0,0,0,0,0,0,0,0,0,0,0,0,0,0,0,0,0,0,0,,,,,
P10,134,2,40,20/03/2026 10:49:00,95.00%,2000,880,45,50,0,0,2,0,0,0,0,0,0,0,0,0,0,0,0,0,0,0,0,0,0,0,0,0,0,0,0,0,0,0,,,,,
P10,132,2,40,20/03/2026 10:38:00,95.00%,2000,880,45,50,1,0,0,0,0,0,0,0,0,0,0,0,0,0,1,0,0,0,0,0,0,0,0,0,0,0,0,0,0,0,,,,,
P10,135,2,40,20/03/2026 10:36:00,95.00%,2000,80,45,50,1,0,1,0,0,0,0,0,0,0,0,0,0,0,0,0,0,0,0,0,0,0,0,0,0,0,0,0,0,0,,,,,
P10,133,2,40,20/03/2026 10:36:00,95.00%,2000,880,45,50,0,0,1,0,0,0,0,0,0,0,0,0,0,0,1,0,0,0,0,0,0,0,0,0,0,0,0,0,0,0,,,,,
FA08,52,3,15,20/03/2026 10:32:00,80.00%,0,0,0,0,3,0,0,0,0,0,0,0,0,0,0,0,0,0,0,0,0,0,0,0,0,0,0,0,0,0,0,0,0,0,,,,,
P10,136,1,40,20/03/2026 10:27:00,97.50%,200,80,45,50,0,0,0,0,0,0,0,0,0,0,0,0,0,0,1,0,0,0,0,0,0,0,0,0,0,0,0,0,0,0,,,,,
P10,134,1,40,20/03/2026 10:24:00,97.50%,2000,880,45,50,0,0,1,0,0,0,0,0,0,0,0,0,0,0,0,0,0,0,0,0,0,0,0,0,0,0,0,0,0,0,,,,,
P10,132,2,40,20/03/2026 10:16:00,95.00%,2000,880,45,50,1,0,1,0,0,0,0,0,0,0,0,0,0,0,0,0,0,0,0,0,0,0,0,0,0,0,0,0,0,0,,,,,
P10,135,2,40,20/03/2026 10:14:00,95.00%,2000,80,45,50,0,0,2,0,0,0,0,0,0,0,0,0,0,0,0,0,0,0,0,0,0,0,0,0,0,0,0,0,0,0,,,,,
FA08,39,7,15,20/03/2026 10:13:00,53.33%,0,0,0,0,3,0,4,0,0,0,0,0,0,0,0,0,0,0,0,0,0,0,0,0,0,0,0,0,0,0,0,0,0,0,,,,,
P10,133,2,40,20/03/2026 10:06:00,95.00%,2000,880,45,50,1,0,0,0,0,0,0,0,0,0,0,0,0,0,1,0,0,0,0,0,0,0,0,0,0,0,0,0,0,0,,,,,
P10,136,2,40,20/03/2026 10:03:00,95.00%,200,80,45,50,0,0,1,0,0,0,0,0,0,0,0,0,0,0,1,0,0,0,0,0,0,0,0,0,0,0,0,0,0,0,,,,,
FA08,51,1,15,20/03/2026 09:54:00,93.33%,0,0,0,0,1,0,0,0,0,0,0,0,0,0,0,0,0,0,0,0,0,0,0,0,0,0,0,0,0,0,0,0,0,0,,,,,
P10,132,2,40,20/03/2026 09:44:00,95.00%,2000,880,45,50,0,0,2,0,0,0,0,0,0,0,0,0,0,0,0,0,0,0,0,0,0,0,0,0,0,0,0,0,0,0,,,,,
FA08,52,5,15,20/03/2026 09:41:00,66.67%,0,0,0,0,5,0,0,0,0,0,0,0,0,0,0,0,0,0,0,0,0,0,0,0,0,0,0,0,0,0,0,0,0,0,,,,,
P10,134,2,40,20/03/2026 09:37:00,95.00%,2000,880,45,50,0,0,2,0,0,0,0,0,0,0,0,0,0,0,0,0,0,0,0,0,0,0,0,0,0,0,0,0,0,0,,,,,
FA08,51,2,15,20/03/2026 09:35:00,86.67%,0,0,0,0,1,0,1,0,0,0,0,0,0,0,0,0,0,0,0,0,0,0,0,0,0,0,0,0,0,0,0,0,0,0,,,,,
P10,133,0,40,20/03/2026 09:34:00,100.00%,2000,880,45,50,0,0,0,0,0,0,0,0,0,0,0,0,0,0,0,0,0,0,0,0,0,0,0,0,0,0,0,0,0,0,,,,,
P10,136,2,40,20/03/2026 09:34:00,95.00%,200,80,45,50,0,0,2,0,0,0,0,0,0,0,0,0,0,0,0,0,0,0,0,0,0,0,0,0,0,0,0,0,0,0,,,,,
P10,133,1,40,20/03/2026 09:34:00,97.50%,2000,880,45,50,0,0,1,0,0,0,0,0,0,0,0,0,0,0,0,0,0,0,0,0,0,0,0,0,0,0,0,0,0,0,,,,,
P10,135,1,40,20/03/2026 09:34:00,97.50%,2000,80,45,50,1,0,0,0,0,0,0,0,0,0,0,0,0,0,0,0,0,0,0,0,0,0,0,0,0,0,0,0,0,0,,,,,
P10,136,2,40,20/03/2026 09:30:00,95.00%,200,80,45,50,0,0,1,0,0,0,0,0,0,1,0,0,0,0,0,0,0,0,0,0,0,0,0,0,0,0,0,0,0,0,,,,,
P10,133,2,40,20/03/2026 09:22:00,95.00%,2000,880,45,50,0,0,2,0,0,0,0,0,0,0,0,0,0,0,0,0,0,0,0,0,0,0,0,0,0,0,0,0,0,0,,,,,
P10,132,4,40,20/03/2026 09:19:00,90.00%,2000,880,45,50,0,0,3,0,0,0,0,0,1,0,0,0,0,0,0,0,0,0,0,0,0,0,0,0,0,0,0,0,0,0,,,,,
FA08,39,1,15,20/03/2026 09:16:00,93.33%,0,0,0,0,0,0,1,0,0,0,0,0,0,0,0,0,0,0,0,0,0,0,0,0,0,0,0,0,0,0,0,0,0,0,,,,,
FA08,40,4,15,20/03/2026 09:16:00,73.33%,0,0,0,0,0,0,4,0,0,0,0,0,0,0,0,0,0,0,0,0,0,0,0,0,0,0,0,0,0,0,0,0,0,0,,,,,
P10,132,2,40,20/03/2026 09:16:00,95.00%,2000,880,45,50,0,0,2,0,0,0,0,0,0,0,0,0,0,0,0,0,0,0,0,0,0,0,0,0,0,0,0,0,0,0,,,,,
P10,134,2,40,20/03/2026 08:38:00,95.00%,2000,880,45,50,0,0,2,0,0,0,0,0,0,0,0,0,0,0,0,0,0,0,0,0,0,0,0,0,0,0,0,0,0,0,,,,,
DC-I,69,1,16,20/03/2026 08:37:00,93.75%,0,0,0,0,0,0,1,0,0,0,0,0,0,0,0,0,0,0,0,0,0,0,0,0,0,0,0,0,0,0,0,0,0,0,,,,,
P10,135,1,40,20/03/2026 08:36:00,97.50%,2000,80,45,50,0,0,1,0,0,0,0,0,0,0,0,0,0,0,0,0,0,0,0,0,0,0,0,0,0,0,0,0,0,0,,,,,
DC-I,66,0,16,20/03/2026 08:32:00,100.00%,0,0,0,0,0,0,0,0,0,0,0,0,0,0,0,0,0,0,0,0,0,0,0,0,0,0,0,0,0,0,0,0,0,0,,,,,
DC-I,68,8,16,20/03/2026 08:29:00,50.00%,0,0,0,0,1,4,3,0,0,0,0,0,0,0,0,0,0,0,0,0,0,0,0,0,0,0,0,0,0,0,0,0,0,0,,,,,
DC-I,68,2,16,20/03/2026 08:28:00,87.50%,0,0,0,0,2,0,0,0,0,0,0,0,0,0,0,0,0,0,0,0,0,0,0,0,0,0,0,0,0,0,0,0,0,0,,,,,
FA08,40,2,15,20/03/2026 08:24:00,86.67%,0,0,0,0,0,0,2,0,0,0,0,0,0,0,0,0,0,0,0,0,0,0,0,0,0,0,0,0,0,0,0,0,0,0,,,,,
DC-I,66,14,16,20/03/2026 08:22:00,12.50%,0,0,0,0,3,4,7,0,0,0,0,0,0,0,0,0,0,0,0,0,0,0,0,0,0,0,0,0,0,0,0,0,0,0,,,,,
FA08,52,5,15,20/03/2026 08:13:00,66.67%,0,0,0,0,3,0,1,0,0,0,0,0,0,0,0,0,0,0,0,0,0,0,0,0,0,0,0,0,1,0,0,0,0,0,,,,,
DC-I,67,2,16,20/03/2026 08:11:00,87.50%,0,0,0,0,2,0,0,0,0,0,0,0,0,0,0,0,0,0,0,0,0,0,0,0,0,0,0,0,0,0,0,0,0,0,,,,,
DC-I,65,0,16,20/03/2026 08:09:00,100.00%,0,0,0,0,0,0,0,0,0,0,0,0,0,0,0,0,0,0,0,0,0,0,0,0,0,0,0,0,0,0,0,0,0,0,,,,,
DC-I,69,1,16,20/03/2026 08:06:00,93.75%,0,0,0,0,1,0,0,0,0,0,0,0,0,0,0,0,0,0,0,0,0,0,0,0,0,0,0,0,0,0,0,0,0,0,,,,,
FA08,39,1,15,20/03/2026 08:04:00,93.33%,0,0,0,0,1,0,0,0,0,0,0,0,0,0,0,0,0,0,0,0,0,0,0,0,0,0,0,0,0,0,0,0,0,0,,,,,
FA08,52,4,15,20/03/2026 08:03:00,73.33%,0,0,0,0,3,0,1,0,0,0,0,0,0,0,0,0,0,0,0,0,0,0,0,0,0,0,0,0,0,0,0,0,0,0,,,,,
ROUTER,73,5,20,20/03/2026 07:53:00,75.00%,0,0,0,0,0,0,5,0,0,0,0,0,0,0,0,0,0,0,0,0,0,0,0,0,0,0,0,0,0,0,0,0,0,0,,,,,
FA08,51,4,15,20/03/2026 07:49:00,73.33%,0,0,0,0,1,0,2,0,0,0,0,0,0,0,0,0,0,0,0,0,0,0,0,0,0,0,0,0,1,0,0,0,0,0,,,,,
DC-I,67,0,16,20/03/2026 07:40:00,100.00%,0,0,0,0,0,0,0,0,0,0,0,0,0,0,0,0,0,0,0,0,0,0,0,0,0,0,0,0,0,0,0,0,0,0,,,,,
PR20,83,12,24,20/03/2026 07:35:00,50.00%,1400,1520,50,100,5,0,0,0,0,0,0,0,0,0,0,0,0,0,0,0,0,0,0,0,0,7,0,0,0,0,0,0,0,0,,,,,
ROUTER,73,4,20,20/03/2026 07:29:00,80.00%,0,0,0,0,1,0,3,0,0,0,0,0,0,0,0,0,0,0,0,0,0,0,0,0,0,0,0,0,0,0,0,0,0,0,,,,,
FA08,52,2,15,20/03/2026 07:29:00,86.67%,0,0,0,0,2,0,0,0,0,0,0,0,0,0,0,0,0,0,0,0,0,0,0,0,0,0,0,0,0,0,0,0,0,0,,,,,
FA08,51,4,15,20/03/2026 07:16:00,73.33%,0,0,0,0,2,0,2,0,0,0,0,0,0,0,0,0,0,0,0,0,0,0,0,0,0,0,0,0,0,0,0,0,0,0,,,,,
ROUTER,71,5,20,20/03/2026 07:14:00,75.00%,0,0,0,0,0,0,5,0,0,0,0,0,0,0,0,0,0,0,0,0,0,0,0,0,0,0,0,0,0,0,0,0,0,0,,,,,
Lion Mite,1,5,20,20/03/2026 07:14:00,75.00%,0,0,0,0,0,0,5,0,0,0,0,0,0,0,0,0,0,0,0,0,0,0,0,0,0,0,0,0,0,0,0,0,0,0,,,,,
ROUTER,73,5,20,20/03/2026 07:00:00,75.00%,0,0,0,0,0,0,5,0,0,0,0,0,0,0,0,0,0,0,0,0,0,0,0,0,0,0,0,0,0,0,0,0,0,0,,,,,
FA08,52,3,15,20/03/2026 06:57:00,80.00%,0,0,0,0,2,0,0,0,0,0,0,0,0,0,0,0,0,0,0,0,0,0,0,0,0,0,0,0,1,0,0,0,0,0,,,,,
ROUTER,71,5,20,20/03/2026 06:50:00,75.00%,0,0,0,0,3,0,0,0,0,0,0,0,0,0,0,0,0,0,0,0,0,0,0,0,0,0,0,0,0,0,2,0,0,0,,,,,
ROUTER,71,5,20,20/03/2026 06:40:00,75.00%,0,0,0,0,2,0,3,0,0,0,0,0,0,0,0,0,0,0,0,0,0,0,0,0,0,0,0,0,0,0,0,0,0,0,,,,,
ROUTER,74,12,20,20/03/2026 06:31:00,40.00%,0,0,0,0,8,0,0,0,0,0,0,0,0,0,0,0,0,0,0,0,0,0,0,0,0,0,0,0,0,0,4,0,0,0,,,,,
ROUTER,70,8,20,20/03/2026 06:18:00,60.00%,0,0,0,0,1,0,0,0,0,0,0,0,0,0,0,0,0,0,0,0,0,0,0,0,0,7,0,0,0,0,0,0,0,0,,,,,
FA08,52,3,15,19/03/2026 23:03:00,80.00%,0,0,0,0,0,0,3,0,0,0,0,0,0,0,0,0,0,0,0,0,0,0,0,0,0,0,0,0,0,0,0,0,0,0,,,,,
PR20,81,3,24,19/03/2026 22:55:00,87.50%,1400,1520,50,100,3,0,0,0,0,0,0,0,0,0,0,0,0,0,0,0,0,0,0,0,0,0,0,0,0,0,0,0,0,0,,,,,
FA08,40,4,15,19/03/2026 22:49:00,73.33%,0,0,0,0,2,0,2,0,0,0,0,0,0,0,0,0,0,0,0,0,0,0,0,0,0,0,0,0,0,0,0,0,0,0,,,,,
FA08,40,3,15,19/03/2026 22:49:00,80.00%,0,0,0,0,3,0,0,0,0,0,0,0,0,0,0,0,0,0,0,0,0,0,0,0,0,0,0,0,0,0,0,0,0,0,,,,,
DC-I,68,3,16,19/03/2026 22:43:00,81.25%,0,0,0,0,3,0,0,0,0,0,0,0,0,0,0,0,0,0,0,0,0,0,0,0,0,0,0,0,0,0,0,0,0,0,,,,,
ROUTER,71,3,20,19/03/2026 22:40:00,85.00%,0,0,0,0,3,0,0,0,0,0,0,0,0,0,0,0,0,0,0,0,0,0,0,0,0,0,0,0,0,0,0,0,0,0,,,,,
DC-I,65,4,16,19/03/2026 22:31:00,75.00%,0,0,0,0,0,0,4,0,0,0,0,0,0,0,0,0,0,0,0,0,0,0,0,0,0,0,0,0,0,0,0,0,0,0,,,,,
DC-I,67,2,16,19/03/2026 22:25:00,87.50%,0,0,0,0,0,0,0,0,0,0,0,0,0,0,0,0,0,0,0,0,0,0,0,0,0,0,2,0,0,0,0,0,0,0,,,,,
ROUTER,71,5,20,19/03/2026 22:25:00,75.00%,0,0,0,0,3,0,2,0,0,0,0,0,0,0,0,0,0,0,0,0,0,0,0,0,0,0,0,0,0,0,0,0,0,0,,,,,
FA08,39,0,15,19/03/2026 22:21:00,100.00%,0,0,0,0,0,0,0,0,0,0,0,0,0,0,0,0,0,0,0,0,0,0,0,0,0,0,0,0,0,0,0,0,0,0,,,,,
DC-I,68,2,16,19/03/2026 22:19:00,87.50%,0,0,0,0,0,0,2,0,0,0,0,0,0,0,0,0,0,0,0,0,0,0,0,0,0,0,0,0,0,0,0,0,0,0,,,,,
DC-I,67,4,16,19/03/2026 22:19:00,75.00%,0,0,0,0,0,0,4,0,0,0,0,0,0,0,0,0,0,0,0,0,0,0,0,0,0,0,0,0,0,0,0,0,0,0,,,,,
DC-I,66,3,16,19/03/2026 22:19:00,81.25%,0,0,0,0,0,0,3,0,0,0,0,0,0,0,0,0,0,0,0,0,0,0,0,0,0,0,0,0,0,0,0,0,0,0,,,,,
FA08,51,5,15,19/03/2026 22:05:00,66.67%,0,0,0,0,0,0,2,0,0,0,0,0,0,0,0,0,0,0,0,0,0,0,0,0,0,0,0,0,3,0,0,0,0,0,,,,,
FA08,39,2,15,19/03/2026 21:55:00,86.67%,0,0,0,0,2,0,0,0,0,0,0,0,0,0,0,0,0,0,0,0,0,0,0,0,0,0,0,0,0,0,0,0,0,0,,,,,
ROUTER,71,3,20,19/03/2026 21:54:00,85.00%,0,0,0,0,3,0,0,0,0,0,0,0,0,0,0,0,0,0,0,0,0,0,0,0,0,0,0,0,0,0,0,0,0,0,,,,,
FA08,40,1,15,19/03/2026 21:45:00,93.33%,0,0,0,0,0,0,0,0,0,0,0,0,0,0,0,0,0,0,0,0,0,0,0,0,0,0,0,0,1,0,0,0,0,0,,,,,
PR20,81,8,24,19/03/2026 21:44:00,66.67%,1400,1520,50,100,8,0,0,0,0,0,0,0,0,0,0,0,0,0,0,0,0,0,0,0,0,0,0,0,0,0,0,0,0,0,,,,,
FA08,39,6,15,19/03/2026 21:38:00,60.00%,0,0,0,0,0,0,0,0,0,0,0,0,0,0,0,0,0,0,0,0,0,0,0,0,0,0,1,0,5,0,0,0,0,0,,,,,
PR20,82,2,24,19/03/2026 21:28:00,91.67%,1400,1520,50,100,2,0,0,0,0,0,0,0,0,0,0,0,0,0,0,0,0,0,0,0,0,0,0,0,0,0,0,0,0,0,,,,,
P10,132,2,40,19/03/2026 21:24:00,95.00%,2000,880,45,50,0,0,2,0,0,0,0,0,0,0,0,0,0,0,0,0,0,0,0,0,0,0,0,0,0,0,0,0,0,0,,,,,
P10,135,0,40,19/03/2026 21:16:00,100.00%,2000,80,45,50,0,0,0,0,0,0,0,0,0,0,0,0,0,0,0,0,0,0,0,0,0,0,0,0,0,0,0,0,0,0,,,,,
P10,134,2,40,19/03/2026 21:12:00,95.00%,2000,880,45,50,0,0,2,0,0,0,0,0,0,0,0,0,0,0,0,0,0,0,0,0,0,0,0,0,0,0,0,0,0,0,,,,,
P10,136,0,40,19/03/2026 21:07:00,100.00%,200,80,45,50,0,0,0,0,0,0,0,0,0,0,0,0,0,0,0,0,0,0,0,0,0,0,0,0,0,0,0,0,0,0,,,,,
P10,133,2,40,19/03/2026 21:04:00,95.00%,2000,880,45,50,0,0,2,0,0,0,0,0,0,0,0,0,0,0,0,0,0,0,0,0,0,0,0,0,0,0,0,0,0,0,,,,,
PR20,82,5,24,19/03/2026 21:04:00,79.17%,1400,1520,50,100,5,0,0,0,0,0,0,0,0,0,0,0,0,0,0,0,0,0,0,0,0,0,0,0,0,0,0,0,0,0,,,,,
ROUTER,73,7,20,19/03/2026 21:04:00,65.00%,0,0,0,0,0,7,0,0,0,0,0,0,0,0,0,0,0,0,0,0,0,0,0,0,0,0,0,0,0,0,0,0,0,0,,,,,
P10,136,0,40,19/03/2026 21:00:00,100.00%,200,80,45,50,0,0,0,0,0,0,0,0,0,0,0,0,0,0,0,0,0,0,0,0,0,0,0,0,0,0,0,0,0,0,,,,,
0,136,0,0,19/03/2026 20:44:00,0,0,0,0,0,0,0,0,0,0,0,0,0,0,0,0,0,0,0,0,0,0,0,0,0,0,0,0,0,0,0,0,0,0,0,,,,,
0,136,0,0,19/03/2026 20:44:00,0,0,0,0,0,0,0,0,0,0,0,0,0,0,0,0,0,0,0,0,0,0,0,0,0,0,0,0,0,0,0,0,0,0,0,,,,,
DC-I,69,0,16,19/03/2026 20:26:00,100.00%,0,0,0,0,0,0,0,0,0,0,0,0,0,0,0,0,0,0,0,0,0,0,0,0,0,0,0,0,0,0,0,0,0,0,,,,,
P10,133,2,40,19/03/2026 20:25:00,95.00%,2000,880,45,50,0,0,2,0,0,0,0,0,0,0,0,0,0,0,0,0,0,0,0,0,0,0,0,0,0,0,0,0,0,0,,,,,
P10,134,1,40,19/03/2026 20:21:00,97.50%,2000,880,45,50,0,0,1,0,0,0,0,0,0,0,0,0,0,0,0,0,0,0,0,0,0,0,0,0,0,0,0,0,0,0,,,,,
P10,132,2,40,19/03/2026 20:05:00,95.00%,2000,880,45,50,0,0,2,0,0,0,0,0,0,0,0,0,0,0,0,0,0,0,0,0,0,0,0,0,0,0,0,0,0,0,,,,,
P10,135,2,40,19/03/2026 20:00:00,95.00%,2000,80,45,50,0,0,2,0,0,0,0,0,0,0,0,0,0,0,0,0,0,0,0,0,0,0,0,0,0,0,0,0,0,0,,,,,
PR20,82,10,24,19/03/2026 19:55:00,58.33%,1400,1520,50,100,10,0,0,0,0,0,0,0,0,0,0,0,0,0,0,0,0,0,0,0,0,0,0,0,0,0,0,0,0,0,,,,,
PR20,83,4,24,19/03/2026 19:49:00,83.33%,1400,1520,50,100,4,0,0,0,0,0,0,0,0,0,0,0,0,0,0,0,0,0,0,0,0,0,0,0,0,0,0,0,0,0,,,,,
DC-I,69,0,16,19/03/2026 19:27:00,100.00%,0,0,0,0,0,0,0,0,0,0,0,0,0,0,0,0,0,0,0,0,0,0,0,0,0,0,0,0,0,0,0,0,0,0,,,,,
P10,134,2,40,19/03/2026 19:26:00,95.00%,2000,880,45,50,0,0,2,0,0,0,0,0,0,0,0,0,0,0,0,0,0,0,0,0,0,0,0,0,0,0,0,0,0,0,,,,,
P10,133,3,40,19/03/2026 19:21:00,92.50%,2000,880,45,50,0,0,3,0,0,0,0,0,0,0,0,0,0,0,0,0,0,0,0,0,0,0,0,0,0,0,0,0,0,0,,,,,
P10,132,3,40,19/03/2026 19:17:00,92.50%,2000,880,45,50,1,0,2,0,0,0,0,0,0,0,0,0,0,0,0,0,0,0,0,0,0,0,0,0,0,0,0,0,0,0,,,,,
P10,135,3,40,19/03/2026 19:13:00,92.50%,2000,80,45,50,0,0,2,0,0,0,0,0,0,0,0,0,0,0,1,0,0,0,0,0,0,0,0,0,0,0,0,0,0,0,,,,,
0,136,3,0,19/03/2026 19:09:00,0,0,0,0,0,0,0,3,0,0,0,0,0,0,0,0,0,0,0,0,0,0,0,0,0,0,0,0,0,0,0,0,0,0,0,,,,,
DC-I,67,4,16,19/03/2026 18:16:00,75.00%,0,0,0,0,4,0,0,0,0,0,0,0,0,0,0,0,0,0,0,0,0,0,0,0,0,0,0,0,0,0,0,0,0,0,,,,,
DC-I,65,0,16,19/03/2026 18:14:00,100.00%,0,0,0,0,0,0,0,0,0,0,0,0,0,0,0,0,0,0,0,0,0,0,0,0,0,0,0,0,0,0,0,0,0,0,,,,,
ROUTER,73,6,20,19/03/2026 18:13:00,70.00%,0,0,0,0,0,3,3,0,0,0,0,0,0,0,0,0,0,0,0,0,0,0,0,0,0,0,0,0,0,0,0,0,0,0,,,,,
ROUTER,70,7,20,19/03/2026 18:03:00,65.00%,0,0,0,0,3,0,4,0,0,0,0,0,0,0,0,0,0,0,0,0,0,0,0,0,0,0,0,0,0,0,0,0,0,0,,,,,
PR20,81,5,24,19/03/2026 17:53:00,79.17%,1400,1520,50,100,5,0,0,0,0,0,0,0,0,0,0,0,0,0,0,0,0,0,0,0,0,0,0,0,0,0,0,0,0,0,,,,,
ROUTER,71,6,20,19/03/2026 17:48:00,70.00%,0,0,0,0,0,2,4,0,0,0,0,0,0,0,0,0,0,0,0,0,0,0,0,0,0,0,0,0,0,0,0,0,0,0,,,,,
DC-I,67,3,16,19/03/2026 17:39:00,81.25%,0,0,0,0,3,0,0,0,0,0,0,0,0,0,0,0,0,0,0,0,0,0,0,0,0,0,0,0,0,0,0,0,0,0,,,,,
DC-I,68,2,16,19/03/2026 17:32:00,87.50%,0,0,0,0,2,0,0,0,0,0,0,0,0,0,0,0,0,0,0,0,0,0,0,0,0,0,0,0,0,0,0,0,0,0,,,,,
DC-I,69,0,16,19/03/2026 17:27:00,100.00%,0,0,0,0,0,0,0,0,0,0,0,0,0,0,0,0,0,0,0,0,0,0,0,0,0,0,0,0,0,0,0,0,0,0,,,,,
PR20,83,4,24,19/03/2026 17:24:00,83.33%,1400,1520,50,100,3,0,1,0,0,0,0,0,0,0,0,0,0,0,0,0,0,0,0,0,0,0,0,0,0,0,0,0,0,0,,,,,
DC-I,68,3,16,19/03/2026 17:19:00,81.25%,0,0,0,0,3,0,0,0,0,0,0,0,0,0,0,0,0,0,0,0,0,0,0,0,0,0,0,0,0,0,0,0,0,0,,,,,
DC-I,66,0,16,19/03/2026 17:13:00,100.00%,0,0,0,0,0,0,0,0,0,0,0,0,0,0,0,0,0,0,0,0,0,0,0,0,0,0,0,0,0,0,0,0,0,0,,,,,
DC-I,65,0,16,19/03/2026 16:54:00,100.00%,0,0,0,0,0,0,0,0,0,0,0,0,0,0,0,0,0,0,0,0,0,0,0,0,0,0,0,0,0,0,0,0,0,0,,,,,
DC-I,67,0,16,19/03/2026 16:39:00,100.00%,0,0,0,0,0,0,0,0,0,0,0,0,0,0,0,0,0,0,0,0,0,0,0,0,0,0,0,0,0,0,0,0,0,0,,,,,
DC-I,66,12,16,19/03/2026 16:36:00,25.00%,0,0,0,0,4,0,8,0,0,0,0,0,0,0,0,0,0,0,0,0,0,0,0,0,0,0,0,0,0,0,0,0,0,0,,,,,
FA08,40,3,15,19/03/2026 16:29:00,80.00%,0,0,0,0,1,0,0,0,0,0,0,0,0,0,2,0,0,0,0,0,0,0,0,0,0,0,0,0,0,0,0,0,0,0,,,,,
FA08,37,4,15,19/03/2026 16:23:00,73.33%,0,0,0,0,0,0,2,0,0,0,0,0,0,0,2,0,0,0,0,0,0,0,0,0,0,0,0,0,0,0,0,0,0,0,,,,,
ROUTER,74,16,20,19/03/2026 16:16:00,20.00%,0,0,0,0,16,0,0,0,0,0,0,0,0,0,0,0,0,0,0,0,0,0,0,0,0,0,0,0,0,0,0,0,0,0,,,,,
PR20,80,6,24,19/03/2026 16:10:00,75.00%,1400,1520,50,100,6,0,0,0,0,0,0,0,0,0,0,0,0,0,0,0,0,0,0,0,0,0,0,0,0,0,0,0,0,0,,,,,
PR20,82,4,24,19/03/2026 16:03:00,83.33%,1400,1520,50,100,3,0,0,0,0,0,0,1,0,0,0,0,0,0,0,0,0,0,0,0,0,0,0,0,0,0,0,0,0,0,,,,,
P10,134,4,40,19/03/2026 15:59:00,90.00%,2000,880,45,50,0,0,2,0,0,0,0,0,0,0,2,0,0,0,0,0,0,0,0,0,0,0,0,0,0,0,0,0,0,0,,,,,
FA08,39,3,15,19/03/2026 15:57:00,80.00%,0,0,0,0,0,0,0,0,0,0,0,0,0,0,3,0,0,0,0,0,0,0,0,0,0,0,0,0,0,0,0,0,0,0,,,,,
ROUTER,71,5,20,19/03/2026 15:51:00,75.00%,0,0,0,0,3,0,2,0,0,0,0,0,0,0,0,0,0,0,0,0,0,0,0,0,0,0,0,0,0,0,0,0,0,0,,,,,
P10,133,2,40,19/03/2026 15:49:00,95.00%,2000,880,45,50,0,0,2,0,0,0,0,0,0,0,0,0,0,0,0,0,0,0,0,0,0,0,0,0,0,0,0,0,0,0,,,,,
ROUTER,74,7,20,19/03/2026 15:45:00,65.00%,0,0,0,0,5,0,2,0,0,0,0,0,0,0,0,0,0,0,0,0,0,0,0,0,0,0,0,0,0,0,0,0,0,0,,,,,
PR20,82,5,24,19/03/2026 15:44:00,79.17%,1400,1520,50,100,3,0,2,0,0,0,0,0,0,0,0,0,0,0,0,0,0,0,0,0,0,0,0,0,0,0,0,0,0,0,,,,,
PR20,81,5,24,19/03/2026 15:43:00,79.17%,1400,1520,50,100,2,0,3,0,0,0,0,0,0,0,0,0,0,0,0,0,0,0,0,0,0,0,0,0,0,0,0,0,0,0,,,,,
P10,133,1,40,19/03/2026 15:27:00,97.50%,2000,880,45,50,0,0,1,0,0,0,0,0,0,0,0,0,0,0,0,0,0,0,0,0,0,0,0,0,0,0,0,0,0,0,,,,,
P10,132,2,40,19/03/2026 15:26:00,95.00%,2000,880,45,50,0,0,2,0,0,0,0,0,0,0,0,0,0,0,0,0,0,0,0,0,0,0,0,0,0,0,0,0,0,0,,,,,
P10,134,2,40,19/03/2026 15:26:00,95.00%,2000,880,45,50,0,0,2,0,0,0,0,0,0,0,0,0,0,0,0,0,0,0,0,0,0,0,0,0,0,0,0,0,0,0,,,,,
P10,132,3,40,19/03/2026 15:10:00,92.50%,2000,880,45,50,0,0,3,0,0,0,0,0,0,0,0,0,0,0,0,0,0,0,0,0,0,0,0,0,0,0,0,0,0,0,,,,,
FA08,40,1,15,19/03/2026 14:57:00,93.33%,0,0,0,0,0,0,1,0,0,0,0,0,0,0,0,0,0,0,0,0,0,0,0,0,0,0,0,0,0,0,0,0,0,0,,,,,
ROUTER,74,9,20,19/03/2026 14:49:00,55.00%,0,0,0,0,2,2,5,0,0,0,0,0,0,0,0,0,0,0,0,0,0,0,0,0,0,0,0,0,0,0,0,0,0,0,,,,,
PR20,81,10,24,19/03/2026 14:33:00,58.33%,1400,1520,50,100,7,0,0,0,0,0,0,0,0,0,0,0,0,0,0,0,0,0,0,0,0,3,0,0,0,0,0,0,0,0,,,,,
PR20,81,0,24,19/03/2026 14:25:00,100.00%,1400,1520,50,100,0.5,0,0,0,0,0,0,0,0,0,0,0,0,0,0,0,0,0,0,0,0,3,0,0,0,0,0,0,0,0,,,,,
FA08,39,2,15,19/03/2026 14:15:00,86.67%,0,0,0,0,0,0,2,0,0,0,0,0,0,0,0,0,0,0,0,0,0,0,0,0,0,0,0,0,0,0,0,0,0,0,,,,,
FA08,52,3,15,19/03/2026 14:14:00,80.00%,0,0,0,0,2,0,1,0,0,0,0,0,0,0,0,0,0,0,0,0,0,0,0,0,0,0,0,0,0,0,0,0,0,0,,,,,
FA08,38,6,15,19/03/2026 14:11:00,60.00%,0,0,0,0,5,0,1,0,0,0,0,0,0,0,0,0,0,0,0,0,0,0,0,0,0,0,0,0,0,0,0,0,0,0,,,,,
PR20,83,7,24,19/03/2026 14:11:00,70.83%,1400,1520,50,100,3,1,0,0,0,0,0,0,0,0,0,0,0,0,0,0,0,0,0,0,0,3,0,0,0,0,0,0,0,0,,,,,
PR20,83,9,24,19/03/2026 14:10:00,62.50%,1400,1520,50,100,5,0,0,0,0,0,0,0,0,0,0,0,0,0,0,0,0,0,0,0,0,4,0,0,0,0,0,0,0,0,,,,,
Lion Mite,5,5,20,19/03/2026 13:44:00,75.00%,0,0,0,0,5,0,0,0,0,0,0,0,0,0,0,0,0,0,0,0,0,0,0,0,0,0,0,0,0,0,0,0,0,0,,,,,
FA08,37,6,15,19/03/2026 13:40:00,60.00%,0,0,0,0,5,0,1,0,0,0,0,0,0,0,0,0,0,0,0,0,0,0,0,0,0,0,0,0,0,0,0,0,0,0,,,,,
FA08,51,3,15,19/03/2026 13:37:00,80.00%,0,0,0,0,0,0,2,0,0,0,0,0,0,0,0,0,0,0,0,0,0,0,0,0,0,0,0,0,1,0,0,0,0,0,,,,,
FA08,52,6,15,19/03/2026 13:34:00,60.00%,0,0,0,0,6,0,0,0,0,0,0,0,0,0,0,0,0,0,0,0,0,0,0,0,0,0,0,0,0,0,0,0,0,0,,,,,
FA08,40,1,15,19/03/2026 13:31:00,93.33%,0,0,0,0,0,0,1,0,0,0,0,0,0,0,0,0,0,0,0,0,0,0,0,0,0,0,0,0,0,0,0,0,0,0,,,,,
FA08,52,5,15,19/03/2026 13:26:00,66.67%,0,0,0,0,5,0,0,0,0,0,0,0,0,0,0,0,0,0,0,0,0,0,0,0,0,0,0,0,0,0,0,0,0,0,,,,,
FA08,52,2,15,19/03/2026 13:21:00,86.67%,0,0,0,0,2,0,0,0,0,0,0,0,0,0,0,0,0,0,0,0,0,0,0,0,0,0,0,0,0,0,0,0,0,0,,,,,
PR20,81,9,24,19/03/2026 12:46:00,62.50%,1400,1520,50,100,6,0,0,0,0,0,0,0,0,0,0,0,0,0,0,0,0,0,0,0,0,3,0,0,0,0,0,0,0,0,,,,,
ROUTER,70,6,20,19/03/2026 12:43:00,70.00%,0,0,0,0,5,0,0,0,0,0,0,0,0,0,0,0,0,0,1,0,0,0,0,0,0,0,0,0,0,0,0,0,0,0,,,,,
PR20,81,12,24,19/03/2026 12:26:00,50.00%,1400,1520,50,100,8,0,0,0,0,0,0,0,0,0,0,0,0,0,0,0,0,0,0,0,0,4,0,0,0,0,0,0,0,0,,,,,
PR20,81,9,24,19/03/2026 12:11:00,62.50%,1400,1520,50,100,6,0,0,0,0,0,0,0,0,0,0,0,0,0,0,0,0,0,0,0,0,3,0,0,0,0,0,0,0,0,,,,,
FA08,40,3,15,19/03/2026 11:05:00,80.00%,0,0,0,0,2,0,1,0,0,0,0,0,0,0,0,0,0,0,0,0,0,0,0,0,0,0,0,0,0,0,0,0,0,0,,,,,
ROUTER,73,12,20,19/03/2026 11:04:00,40.00%,0,0,0,0,0,1,8,0,0,0,0,0,0,0,0,0,0,0,0,0,0,0,0,0,0,0,3,0,0,0,0,0,0,0,,,,,
FA08,51,4,15,19/03/2026 11:00:00,73.33%,0,0,0,0,1,0,2,0,0,0,0,0,0,0,0,0,0,1,0,0,0,0,0,0,0,0,0,0,0,0,0,0,0,0,,,,,
ROUTER,70,8,20,19/03/2026 10:48:00,60.00%,0,0,0,0,3,0,2,0,0,0,0,0,0,0,0,0,0,0,0,0,0,0,0,0,0,2,0,0,0,0,1,0,0,0,,,,,
ROUTER,73,13,20,19/03/2026 10:39:00,35.00%,0,0,0,0,0,0,8,0,0,0,0,0,0,0,0,0,0,0,0,0,0,0,0,0,0,5,0,0,0,0,0,0,0,0,,,,,
FA08,39,5,15,19/03/2026 10:38:00,66.67%,0,0,0,0,5,0,0,0,0,0,0,0,0,0,0,0,0,0,0,0,0,0,0,0,0,0,0,0,0,0,0,0,0,0,,,,,
FA08,40,6,15,19/03/2026 10:33:00,60.00%,0,0,0,0,3,0,3,0,0,0,0,0,0,0,0,0,0,0,0,0,0,0,0,0,0,0,0,0,0,0,0,0,0,0,,,,,
P10,133,2,40,19/03/2026 10:25:00,95.00%,2000,880,45,50,0,0,2,0,0,0,0,0,0,0,0,0,0,0,0,0,0,0,0,0,0,0,0,0,0,0,0,0,0,0,,,,,
FA08,51,2,15,19/03/2026 10:03:00,86.67%,0,0,0,0,1,0,1,0,0,0,0,0,0,0,0,0,0,0,0,0,0,0,0,0,0,0,0,0,0,0,0,0,0,0,,,,,
FA08,40,5,15,19/03/2026 10:01:00,66.67%,0,0,0,0,3,0,0,0,0,0,0,0,0,0,2,0,0,0,0,0,0,0,0,0,0,0,0,0,0,0,0,0,0,0,,,,,
FA08,38,4,15,19/03/2026 09:57:00,73.33%,0,0,0,0,4,0,0,0,0,0,0,0,0,0,0,0,0,0,0,0,0,0,0,0,0,0,0,0,0,0,0,0,0,0,,,,,
PR20,82,16,24,19/03/2026 09:54:00,33.33%,1400,1520,50,100,5,0,0,0,0,0,0,0,0,0,0,0,0,0,0,0,0,0,0,0,0,11,0,0,0,0,0,0,0,0,,,,,
P10,132,8,40,19/03/2026 09:53:00,80.00%,2000,880,45,50,1,0,6,0,0,0,0,0,0,0,0,0,0,0,1,0,0,0,0,0,0,0,0,0,0,0,0,0,0,0,,,,,
FA08,39,4,15,19/03/2026 09:50:00,73.33%,0,0,0,0,4,0,0,0,0,0,0,0,0,0,0,0,0,0,0,0,0,0,0,0,0,0,0,0,0,0,0,0,0,0,,,,,
FA08,52,5,15,19/03/2026 09:47:00,66.67%,0,0,0,0,5,0,0,0,0,0,0,0,0,0,0,0,0,0,0,0,0,0,0,0,0,0,0,0,0,0,0,0,0,0,,,,,
PR20,80,21,24,19/03/2026 09:40:00,12.50%,1400,1520,50,100,9,0,0,0,0,0,0,0,0,0,0,0,0,0,0,0,0,0,0,0,0,12,0,0,0,0,0,0,0,0,,,,,
FA08,39,1,15,19/03/2026 09:39:00,93.33%,0,0,0,0,1,0,0,0,0,0,0,0,0,0,0,0,0,0,0,0,0,0,0,0,0,0,0,0,0,0,0,0,0,0,,,,,
FA08,52,5,15,19/03/2026 09:37:00,66.67%,0,0,0,0,5,0,0,0,0,0,0,0,0,0,0,0,0,0,0,0,0,0,0,0,0,0,0,0,0,0,0,0,0,0,,,,,
FA08,40,1,15,19/03/2026 09:36:00,93.33%,0,0,0,0,1,0,0,0,0,0,0,0,0,0,0,0,0,0,0,0,0,0,0,0,0,0,0,0,0,0,0,0,0,0,,,,,
FA08,38,9,15,19/03/2026 09:32:00,40.00%,0,0,0,0,9,0,0,0,0,0,0,0,0,0,0,0,0,0,0,0,0,0,0,0,0,0,0,0,0,0,0,0,0,0,,,,,
ROUTER,72,9,20,19/03/2026 09:28:00,55.00%,0,0,0,0,2,0,5,0,0,0,0,0,0,0,0,0,0,0,0,0,0,0,0,0,0,2,0,0,0,0,0,0,0,0,,,,,
FA08,40,4,15,19/03/2026 09:17:00,73.33%,0,0,0,0,4,0,0,0,0,0,0,0,0,0,0,0,0,0,0,0,0,0,0,0,0,0,0,0,0,0,0,0,0,0,,,,,
PR20,80,5,24,19/03/2026 09:13:00,79.17%,1400,1520,50,100,4,0,0,0,0,0,0,0,0,0,0,0,0,0,0,0,0,0,0,0,0,0,1,0,0,0,0,0,0,0,,,,,
FA08,40,2,15,19/03/2026 09:06:00,86.67%,0,0,0,0,2,0,0,0,0,0,0,0,0,0,0,0,0,0,0,0,0,0,0,0,0,0,0,0,0,0,0,0,0,0,,,,,
FA08,51,1,15,19/03/2026 09:05:00,93.33%,0,0,0,0,0,1,0,0,0,0,0,0,0,0,0,0,0,0,0,0,0,0,0,0,0,0,0,0,0,0,0,0,0,0,,,,,
ROUTER,73,11,20,19/03/2026 09:01:00,45.00%,0,0,0,0,2,0,0,0,0,0,0,0,0,0,0,0,0,0,0,0,0,0,0,0,0,0,0,0,0,0,9,0,0,0,,,,,
FA08,51,1,15,19/03/2026 08:59:00,93.33%,0,0,0,0,1,0,0,0,0,0,0,0,0,0,0,0,0,0,0,0,0,0,0,0,0,0,0,0,0,0,0,0,0,0,,,,,
ROUTER,72,13,20,19/03/2026 08:48:00,35.00%,0,0,0,0,3,0,3,0,0,0,0,0,0,0,0,0,0,0,0,0,0,0,0,0,0,0,0,0,0,0,7,0,0,0,,,,,
P10,134,3,40,19/03/2026 08:45:00,92.50%,2000,880,45,50,0,0,3,0,0,0,0,0,0,0,0,0,0,0,0,0,0,0,0,0,0,0,0,0,0,0,0,0,0,0,,,,,
P10,132,6,40,19/03/2026 08:42:00,85.00%,2000,880,45,50,1,0,5,0,0,0,0,0,0,0,0,0,0,0,0,0,0,0,0,0,0,0,0,0,0,0,0,0,0,0,,,,,
ROUTER,73,6,20,19/03/2026 08:31:00,70.00%,0,0,0,0,2,0,4,0,0,0,0,0,0,0,0,0,0,0,0,0,0,0,0,0,0,0,0,0,0,0,0,0,0,0,,,,,
P10,133,5,40,19/03/2026 08:29:00,87.50%,2000,880,45,50,2,0,3,0,0,0,0,0,0,0,0,0,0,0,0,0,0,0,0,0,0,0,0,0,0,0,0,0,0,0,,,,,
P10,135,7,40,19/03/2026 08:25:00,82.50%,2000,80,45,50,3,0,3,0,0,0,0,0,0,0,1,0,0,0,0,0,0,0,0,0,0,0,0,0,0,0,0,0,0,0,,,,,
ROUTER,74,3,20,19/03/2026 08:20:00,85.00%,0,0,0,0,3,0,0,0,0,0,0,0,0,0,0,0,0,0,0,0,0,0,0,0,0,0,0,0,0,0,0,0,0,0,,,,,
P10,134,9,40,19/03/2026 08:17:00,77.50%,2000,880,45,50,2,0,6,0,0,0,0,0,0,0,0,0,0,1,0,0,0,0,0,0,0,0,0,0,0,0,0,0,0,0,,,,,
ROUTER,70,12,20,19/03/2026 08:09:00,40.00%,0,0,0,0,0,4,0,0,0,0,0,0,0,0,0,0,0,1,7,0,0,0,0,0,0,0,0,0,0,0,0,0,0,0,,,,,
ROUTER,72,5,20,19/03/2026 08:06:00,75.00%,0,0,0,0,2,0,0,0,0,0,0,0,0,0,0,0,0,0,0,0,0,0,0,0,0,0,0,0,0,0,3,0,0,0,,,,,
ROUTER,74,10,20,19/03/2026 07:58:00,50.00%,0,0,0,0,6,0,0,0,0,1,0,0,0,0,0,0,0,0,0,0,0,0,0,0,0,3,0,0,0,0,0,0,0,0,,,,,
PR20,81,8,24,19/03/2026 07:50:00,66.67%,1400,1520,50,100,4,0,0,0,0,0,0,0,4,0,0,0,0,0,0,0,0,0,0,0,0,0,0,0,0,0,0,0,0,0,,,,,
PR20,83,4,24,19/03/2026 07:27:00,83.33%,1400,1520,50,100,2,0,2,0,0,0,0,0,0,0,0,0,0,0,0,0,0,0,0,0,0,0,0,0,0,0,0,0,0,0,,,,,
ROUTER,71,9,20,19/03/2026 07:16:00,55.00%,0,0,0,0,2,0,7,0,0,0,0,0,0,0,0,0,0,0,0,0,0,0,0,0,0,0,0,0,0,0,0,0,0,0,,,,,
ROUTER,73,11,20,19/03/2026 07:14:00,45.00%,0,0,0,0,4,0,0,0,0,0,0,0,0,0,0,0,0,0,0,0,0,0,0,0,0,0,3,0,0,0,4,0,0,0,,,,,
ROUTER,72,10,20,19/03/2026 07:05:00,50.00%,0,0,0,0,4,0,0,0,0,0,0,0,0,0,0,0,0,0,0,0,0,0,0,0,0,0,0,0,0,0,6,0,0,0,,,,,
PR20,81,9,24,19/03/2026 06:50:00,62.50%,1400,1520,50,100,0,0,9,0,0,0,0,0,0,0,0,0,0,0,0,0,0,0,0,0,0,0,0,0,0,0,0,0,0,0,,,,,
ROUTER,72,14,20,19/03/2026 06:40:00,30.00%,0,0,0,0,5,0,0,0,0,0,0,0,0,0,0,0,0,0,2,0,0,0,0,0,0,7,0,0,0,0,0,0,0,0,,,,,
ROUTER,70,24,20,18/03/2026 22:58:00,-20.00%,0,0,0,0,2,0,21,0,1,0,0,0,0,0,0,0,0,0,0,0,0,0,0,0,0,0,0,0,0,0,0,0,0,0,,,,,
ROUTER,71,23,20,18/03/2026 22:39:00,-15.00%,0,0,0,0,23,0,0,0,0,0,0,0,0,0,0,0,0,0,0,0,0,0,0,0,0,0,0,0,0,0,0,0,0,0,,,,,
FA08,51,5,15,18/03/2026 22:31:00,66.67%,0,0,0,0,2,2,0,0,0,0,0,0,0,1,0,0,0,0,0,0,0,0,0,0,0,0,0,0,0,0,0,0,0,0,,,,,
P10,133,5,40,18/03/2026 22:23:00,87.50%,2000,880,45,50,5,0,0,0,0,0,0,0,0,0,0,0,0,0,0,0,0,0,0,0,0,0,0,0,0,0,0,0,0,0,,,,,
P10,132,10,40,18/03/2026 22:15:00,75.00%,2000,880,45,50,4,0,6,0,0,0,0,0,0,0,0,0,0,0,0,0,0,0,0,0,0,0,0,0,0,0,0,0,0,0,,,,,
P10,134,1,40,18/03/2026 22:07:00,97.50%,2000,880,45,50,0,0,0,0,0,0,0,0,0,0,1,0,0,0,0,0,0,0,0,0,0,0,0,0,0,0,0,0,0,0,,,,,
P10,135,5,40,18/03/2026 21:59:00,87.50%,2000,80,45,50,2,0,3,0,0,0,0,0,0,0,0,0,0,0,0,0,0,0,0,0,0,0,0,0,0,0,0,0,0,0,,,,,
FA08,51,3,15,18/03/2026 21:51:00,80.00%,0,0,0,0,0,3,0,0,0,0,0,0,0,0,0,0,0,0,0,0,0,0,0,0,0,0,0,0,0,0,0,0,0,0,,,,,
PR20,81,6,24,18/03/2026 21:43:00,75.00%,1400,1520,50,100,3,0,2,0,0,1,0,0,0,0,0,0,0,0,0,0,0,0,0,0,0,0,0,0,0,0,0,0,0,0,,,,,
FA08,40,4,15,18/03/2026 21:39:00,73.33%,0,0,0,0,3,0,0,0,0,0,0,0,0,0,1,0,0,0,0,0,0,0,0,0,0,0,0,0,0,0,0,0,0,0,,,,,
FA08,39,5,15,18/03/2026 21:33:00,66.67%,0,0,0,0,4,0,1,0,0,0,0,0,0,0,0,0,0,0,0,0,0,0,0,0,0,0,0,0,0,0,0,0,0,0,,,,,
PR20,83,4,24,18/03/2026 21:24:00,83.33%,1400,1520,50,100,2,0,2,0,0,0,0,0,0,0,0,0,0,0,0,0,0,0,0,0,0,0,0,0,0,0,0,0,0,0,,,,,
P10,134,5,40,18/03/2026 21:20:00,87.50%,2000,880,45,50,2,0,3,0,0,0,0,0,0,0,0,0,0,0,0,0,0,0,0,0,0,0,0,0,0,0,0,0,0,0,,,,,
P10,135,4,40,18/03/2026 21:14:00,90.00%,2000,80,45,50,4,0,0,0,0,0,0,0,0,0,0,0,0,0,0,0,0,0,0,0,0,0,0,0,0,0,0,0,0,0,,,,,
PR20,80,4,24,18/03/2026 21:12:00,83.33%,1400,1520,50,100,4,0,0,0,0,0,0,0,0,0,0,0,0,0,0,0,0,0,0,0,0,0,0,0,0,0,0,0,0,0,,,,,
P10,132,6,40,18/03/2026 21:04:00,85.00%,2000,880,45,50,6,0,0,0,0,0,0,0,0,0,0,0,0,0,0,0,0,0,0,0,0,0,0,0,0,0,0,0,0,0,,,,,
PR20,81,5,24,18/03/2026 21:00:00,79.17%,1400,1520,50,100,5,0,0,0,0,0,0,0,0,0,0,0,0,0,0,0,0,0,0,0,0,0,0,0,0,0,0,0,0,0,,,,,
P10,132,5,40,18/03/2026 20:58:00,87.50%,2000,880,45,50,0,0,5,0,0,0,0,0,0,0,0,0,0,0,0,0,0,0,0,0,0,0,0,0,0,0,0,0,0,0,,,,,
ROUTER,74,10,20,18/03/2026 20:53:00,50.00%,0,0,0,0,10,0,0,0,0,0,0,0,0,0,0,0,0,0,0,0,0,0,0,0,0,0,0,0,0,0,0,0,0,0,,,,,
PR20,82,4,24,18/03/2026 20:48:00,83.33%,1400,1520,50,100,2,0,2,0,0,0,0,0,0,0,0,0,0,0,0,0,0,0,0,0,0,0,0,0,0,0,0,0,0,0,,,,,
PR20,80,4,24,18/03/2026 20:36:00,83.33%,1400,1520,50,100,4,0,0,0,0,0,0,0,0,0,0,0,0,0,0,0,0,0,0,0,0,0,0,0,0,0,0,0,0,0,,,,,
P10,135,10,40,18/03/2026 20:35:00,75.00%,2000,80,45,50,8,0,2,0,0,0,0,0,0,0,0,0,0,0,0,0,0,0,0,0,0,0,0,0,0,0,0,0,0,0,,,,,
P10,134,2,40,18/03/2026 20:29:00,95.00%,2000,880,45,50,0,0,2,0,0,0,0,0,0,0,0,0,0,0,0,0,0,0,0,0,0,0,0,0,0,0,0,0,0,0,,,,,
PR20,83,7,24,18/03/2026 20:25:00,70.83%,1400,1520,50,100,5,0,2,0,0,0,0,0,0,0,0,0,0,0,0,0,0,0,0,0,0,0,0,0,0,0,0,0,0,0,,,,,
ROUTER,70,2,20,18/03/2026 20:24:00,90.00%,0,0,0,0,0,0,0,0,0,0,0,0,0,0,0,0,0,0,0,0,0,0,0,0,0,0,2,0,0,0,0,0,0,0,,,,,
FA08,37,0,15,18/03/2026 20:15:00,100.00%,0,0,0,0,0,0,0,0,0,0,0,0,0,0,0,0,0,0,0,0,0,0,0,0,0,0,0,0,0,0,0,0,0,0,,,,,
P10,132,6,40,18/03/2026 20:04:00,85.00%,2000,880,45,50,0,0,6,0,0,0,0,0,0,0,0,0,0,0,0,0,0,0,0,0,0,0,0,0,0,0,0,0,0,0,,,,,
ROUTER,73,7,20,18/03/2026 19:58:00,65.00%,0,0,0,0,0,0,7,0,0,0,0,0,0,0,0,0,0,0,0,0,0,0,0,0,0,0,0,0,0,0,0,0,0,0,,,,,
ROUTER,71,11,20,18/03/2026 19:57:00,45.00%,0,0,0,0,0,5,5,0,0,0,0,0,0,1,0,0,0,0,0,0,0,0,0,0,0,0,0,0,0,0,0,0,0,0,,,,,
ROUTER,71,5,20,18/03/2026 19:50:00,75.00%,0,0,0,0,2,0,3,0,0,0,0,0,0,0,0,0,0,0,0,0,0,0,0,0,0,0,0,0,0,0,0,0,0,0,,,,,
ROUTER,73,11,20,18/03/2026 19:44:00,45.00%,0,0,0,0,0,6,5,0,0,0,0,0,0,0,0,0,0,0,0,0,0,0,0,0,0,0,0,0,0,0,0,0,0,0,,,,,
ROUTER,72,3,20,18/03/2026 19:43:00,85.00%,0,0,0,0,0,0,2,0,0,0,0,0,0,1,0,0,0,0,0,0,0,0,0,0,0,0,0,0,0,0,0,0,0,0,,,,,
ROUTER,70,5,20,18/03/2026 19:34:00,75.00%,0,0,0,0,1,0,2,0,0,0,0,0,0,2,0,0,0,0,0,0,0,0,0,0,0,0,0,0,0,0,0,0,0,0,,,,,
FA08,38,4,15,18/03/2026 19:31:00,73.33%,0,0,0,0,0,0,0,0,0,0,0,0,0,0,4,0,0,0,0,0,0,0,0,0,0,0,0,0,0,0,0,0,0,0,,,,,
FA08,39,0,15,18/03/2026 19:15:00,100.00%,0,0,0,0,0,0,0,0,0,0,0,0,0,0,0,0,0,0,0,0,0,0,0,0,0,0,0,0,0,0,0,0,0,0,,,,,
P10,132,6,40,18/03/2026 19:13:00,85.00%,2000,880,45,50,0,0,6,0,0,0,0,0,0,0,0,0,0,0,0,0,0,0,0,0,0,0,0,0,0,0,0,0,0,0,,,,,
FA08,51,1,15,18/03/2026 19:08:00,93.33%,0,0,0,0,0,0,1,0,0,0,0,0,0,0,0,0,0,0,0,0,0,0,0,0,0,0,0,0,0,0,0,0,0,0,,,,,
PR20,82,3,24,18/03/2026 19:08:00,87.50%,1400,1520,50,100,2,0,0,0,0,0,0,0,0,0,0,0,0,0,0,0,0,0,0,0,0,0,1,0,0,0,0,0,0,0,,,,,
PR20,83,3,24,18/03/2026 19:07:00,87.50%,1400,1520,50,100,1,0,2,0,0,0,0,0,0,0,0,0,0,0,0,0,0,0,0,0,0,0,0,0,0,0,0,0,0,0,,,,,
P10,134,5,40,18/03/2026 19:06:00,87.50%,2000,880,45,50,0,0,5,0,0,0,0,0,0,0,0,0,0,0,0,0,0,0,0,0,0,0,0,0,0,0,0,0,0,0,,,,,
PR20,80,3,24,18/03/2026 19:06:00,87.50%,1400,1520,50,100,1,0,2,0,0,0,0,0,0,0,0,0,0,0,0,0,0,0,0,0,0,0,0,0,0,0,0,0,0,0,,,,,
PR20,80,3,24,18/03/2026 19:06:00,87.50%,1400,1520,50,100,3,0,0,0,0,0,0,0,0,0,0,0,0,0,0,0,0,0,0,0,0,0,0,0,0,0,0,0,0,0,,,,,
PR20,83,3,24,18/03/2026 19:06:00,87.50%,1400,1520,50,100,3,0,0,0,0,0,0,0,0,0,0,0,0,0,0,0,0,0,0,0,0,0,0,0,0,0,0,0,0,0,,,,,
PR20,83,1,24,18/03/2026 19:05:00,95.83%,1400,1520,50,100,0,0,0,0,0,0,0,0,0,0,0,0,0,0,0,0,0,0,0,0,0,0,1,0,0,0,0,0,0,0,,,,,
PR20,82,0,24,18/03/2026 19:05:00,100.00%,1400,1520,50,100,0,0,0,0,0,0,0,0,0,0,0,0,0,0,0,0,0,0,0,0,0,0,0,0,0,0,0,0,0,0,,,,,
P10,135,2,40,18/03/2026 19:01:00,95.00%,2000,80,45,50,0,0,2,0,0,0,0,0,0,0,0,0,0,0,0,0,0,0,0,0,0,0,0,0,0,0,0,0,0,0,,,,,
P10,133,6,40,18/03/2026 18:56:00,85.00%,2000,880,45,50,0,0,4,0,0,0,0,0,0,0,2,0,0,0,0,0,0,0,0,0,0,0,0,0,0,0,0,0,0,0,,,,,
ROUTER,71,6,20,18/03/2026 18:14:00,70.00%,0,0,0,0,0,3,3,0,0,0,0,0,0,0,0,0,0,0,0,0,0,0,0,0,0,0,0,0,0,0,0,0,0,0,,,,,
ROUTER,73,7,20,18/03/2026 18:03:00,65.00%,0,0,0,0,2,3,2,0,0,0,0,0,0,0,0,0,0,0,0,0,0,0,0,0,0,0,0,0,0,0,0,0,0,0,,,,,
FA08,38,2,15,18/03/2026 17:58:00,86.67%,0,0,0,0,0,0,0,0,0,0,0,0,0,0,2,0,0,0,0,0,0,0,0,0,0,0,0,0,0,0,0,0,0,0,,,,,
P10,134,4,40,18/03/2026 17:51:00,90.00%,2000,880,45,50,0,0,4,0,0,0,0,0,0,0,0,0,0,0,0,0,0,0,0,0,0,0,0,0,0,0,0,0,0,0,,,,,
ROUTER,74,6,20,18/03/2026 17:49:00,70.00%,0,0,0,0,4,0,1,0,0,0,0,0,0,1,0,0,0,0,0,0,0,0,0,0,0,0,0,0,0,0,0,0,0,0,,,,,
FA08,40,1,15,18/03/2026 17:43:00,93.33%,0,0,0,0,0,0,0,0,0,0,0,0,0,0,1,0,0,0,0,0,0,0,0,0,0,0,0,0,0,0,0,0,0,0,,,,,
FA08,38,2,15,18/03/2026 17:40:00,86.67%,0,0,0,0,0,0,2,0,0,0,0,0,0,0,0,0,0,0,0,0,0,0,0,0,0,0,0,0,0,0,0,0,0,0,,,,,
FSA135,34,5,9,18/03/2026 17:36:00,44.44%,0,0,0,0,0,0,5,0,0,0,0,0,0,0,0,0,0,0,0,0,0,0,0,0,0,0,0,0,0,0,0,0,0,0,,,,,
P10,135,5,40,18/03/2026 17:31:00,87.50%,2000,80,45,50,0,0,4,0,0,0,0,0,0,0,1,0,0,0,0,0,0,0,0,0,0,0,0,0,0,0,0,0,0,0,,,,,
P10,133,5,40,18/03/2026 17:22:00,87.50%,2000,880,45,50,0,0,5,0,0,0,0,0,0,0,0,0,0,0,0,0,0,0,0,0,0,0,0,0,0,0,0,0,0,0,,,,,
ROUTER,71,7,20,18/03/2026 17:15:00,65.00%,0,0,0,0,3,0,4,0,0,0,0,0,0,0,0,0,0,0,0,0,0,0,0,0,0,0,0,0,0,0,0,0,0,0,,,,,
ROUTER,74,3,20,18/03/2026 17:10:00,85.00%,0,0,0,0,0,0,2,0,0,0,0,0,0,1,0,0,0,0,0,0,0,0,0,0,0,0,0,0,0,0,0,0,0,0,,,,,
FA08,39,1,15,18/03/2026 17:03:00,93.33%,0,0,0,0,0,0,1,0,0,0,0,0,0,0,0,0,0,0,0,0,0,0,0,0,0,0,0,0,0,0,0,0,0,0,,,,,
ROUTER,70,3,20,18/03/2026 17:00:00,85.00%,0,0,0,0,0,0,2,0,0,0,0,0,0,0,0,0,0,0,1,0,0,0,0,0,0,0,0,0,0,0,0,0,0,0,,,,,
P10,132,6,40,18/03/2026 16:58:00,85.00%,2000,880,45,50,0,0,5,0,0,0,0,0,0,0,0,0,0,0,1,0,0,0,0,0,0,0,0,0,0,0,0,0,0,0,,,,,
ROUTER,71,3,20,18/03/2026 16:53:00,85.00%,0,0,0,0,0,0,3,0,0,0,0,0,0,0,0,0,0,0,0,0,0,0,0,0,0,0,0,0,0,0,0,0,0,0,,,,,
ROUTER,74,4,20,18/03/2026 16:49:00,80.00%,0,0,0,0,2,0,2,0,0,0,0,0,0,0,0,0,0,0,0,0,0,0,0,0,0,0,0,0,0,0,0,0,0,0,,,,,
P10,135,2,40,18/03/2026 16:43:00,95.00%,2000,80,45,50,0,0,2,0,0,0,0,0,0,0,0,0,0,0,0,0,0,0,0,0,0,0,0,0,0,0,0,0,0,0,,,,,
P10,133,4,40,18/03/2026 16:39:00,90.00%,2000,880,45,50,0,0,4,0,0,0,0,0,0,0,0,0,0,0,0,0,0,0,0,0,0,0,0,0,0,0,0,0,0,0,,,,,
ROUTER,71,6,20,18/03/2026 16:37:00,70.00%,0,0,0,0,2,2,0,0,0,0,0,0,1,0,0,0,0,1,0,0,0,0,0,0,0,0,0,0,0,0,0,0,0,0,,,,,
FA08,40,1,15,18/03/2026 16:30:00,93.33%,0,0,0,0,1,0,0,0,0,0,0,0,0,0,0,0,0,0,0,0,0,0,0,0,0,0,0,0,0,0,0,0,0,0,,,,,
FA08,38,6,15,18/03/2026 16:27:00,60.00%,0,0,0,0,1,0,0,0,0,0,0,0,0,0,5,0,0,0,0,0,0,0,0,0,0,0,0,0,0,0,0,0,0,0,,,,,
PR20,83,0,24,18/03/2026 16:21:00,100.00%,1400,1520,50,100,0,0,0,0,0,0,0,0,0,0,0,0,0,0,0,0,0,0,0,0,0,0,0,0,0,0,0,0,0,0,,,,,
FA08,51,6,15,18/03/2026 16:21:00,60.00%,0,0,0,0,0,0,0,0,0,0,0,0,0,0,6,0,0,0,0,0,0,0,0,0,0,0,0,0,0,0,0,0,0,0,,,,,
PR20,82,0,24,18/03/2026 16:10:00,100.00%,1400,1520,50,100,0,0,0,0,0,0,0,0,0,0,0,0,0,0,0,0,0,0,0,0,0,0,0,0,0,0,0,0,0,0,,,,,
P10,132,5,40,18/03/2026 16:09:00,87.50%,2000,880,45,50,0,0,5,0,0,0,0,0,0,0,0,0,0,0,0,0,0,0,0,0,0,0,0,0,0,0,0,0,0,0,,,,,
P10,135,5,40,18/03/2026 16:05:00,87.50%,2000,80,45,50,0,0,5,0,0,0,0,0,0,0,0,0,0,0,0,0,0,0,0,0,0,0,0,0,0,0,0,0,0,0,,,,,
PR20,82,1,24,18/03/2026 16:01:00,95.83%,1400,1520,50,100,0,0,0,0,0,0,0,0,0,0,0,0,0,0,1,0,0,0,0,0,0,0,0,0,0,0,0,0,0,0,,,,,
FA08,39,1,15,18/03/2026 16:01:00,93.33%,0,0,0,0,0,0,1,0,0,0,0,0,0,0,0,0,0,0,0,0,0,0,0,0,0,0,0,0,0,0,0,0,0,0,,,,,
FA08,51,5,15,18/03/2026 15:58:00,66.67%,0,0,0,0,0,0,0,0,0,0,0,0,0,0,5,0,0,0,0,0,0,0,0,0,0,0,0,0,0,0,0,0,0,0,,,,,
PR20,81,0,24,18/03/2026 15:52:00,100.00%,1400,1520,50,100,0,0,0,0,0,0,0,0,0,0,0,0,0,0,0,0,0,0,0,0,0,0,0,0,0,0,0,0,0,0,,,,,
FA08,40,1,15,18/03/2026 15:49:00,93.33%,0,0,0,0,0,0,0,0,0,0,0,0,0,0,0,0,0,0,1,0,0,0,0,0,0,0,0,0,0,0,0,0,0,0,,,,,
FA08,40,0,15,18/03/2026 15:46:00,100.00%,0,0,0,0,0,0,0,0,0,0,0,0,0,0,0,0,0,0,0,0,0,0,0,0,0,0,0,0,0,0,0,0,0,0,,,,,
FA08,51,11,15,18/03/2026 15:43:00,26.67%,0,0,0,0,0,5,3,0,0,0,0,0,0,0,3,0,0,0,0,0,0,0,0,0,0,0,0,0,0,0,0,0,0,0,,,,,
PR20,81,0,24,18/03/2026 15:42:00,100.00%,1400,1520,50,100,0,0,0,0,0,0,0,0,0,0,0,0,0,0,0,0,0,0,0,0,0,0,0,0,0,0,0,0,0,0,,,,,
FA08,40,3,15,18/03/2026 15:35:00,80.00%,0,0,0,0,0,2,0,0,0,0,0,0,0,0,1,0,0,0,0,0,0,0,0,0,0,0,0,0,0,0,0,0,0,0,,,,,
PR20,81,4,24,18/03/2026 15:35:00,83.33%,1400,1520,50,100,4,0,0,0,0,0,0,0,0,0,0,0,0,0,0,0,0,0,0,0,0,0,0,0,0,0,0,0,0,0,,,,,
PR20,81,42,24,18/03/2026 15:34:00,-75.00%,1400,1520,50,100,42,0,0,0,0,0,0,0,0,0,0,0,0,0,0,0,0,0,0,0,0,0,0,0,0,0,0,0,0,0,,,,,
FA08,39,5,15,18/03/2026 15:31:00,66.67%,0,0,0,0,0,0,4,0,0,0,0,0,0,0,0,0,0,0,0,0,0,0,0,0,0,0,1,0,0,0,0,0,0,0,,,,,
FA08,39,8,15,18/03/2026 15:27:00,46.67%,0,0,0,0,0,1,7,0,0,0,0,0,0,0,0,0,0,0,0,0,0,0,0,0,0,0,0,0,0,0,0,0,0,0,,,,,
FA08,39,3,15,18/03/2026 15:24:00,80.00%,0,0,0,0,0,1,2,0,0,0,0,0,0,0,0,0,0,0,0,0,0,0,0,0,0,0,0,0,0,0,0,0,0,0,,,,,
PR20,80,6,24,18/03/2026 15:23:00,75.00%,1400,1520,50,100,5,0,0,0,0,0,0,0,0,0,0,0,0,0,0,0,0,1,0,0,0,0,0,0,0,0,0,0,0,0,,,,,
FA08,38,3,15,18/03/2026 15:20:00,80.00%,0,0,0,0,0,0,1,0,0,0,0,0,0,0,2,0,0,0,0,0,0,0,0,0,0,0,0,0,0,0,0,0,0,0,,,,,
FA08,38,5,15,18/03/2026 15:16:00,66.67%,0,0,0,0,0,0,4,0,0,0,0,0,0,0,1,0,0,0,0,0,0,0,0,0,0,0,0,0,0,0,0,0,0,0,,,,,
FA08,38,6,15,18/03/2026 15:11:00,60.00%,0,0,0,0,0,0,4,0,0,0,0,0,0,0,0,0,0,0,1,0,0,0,0,0,0,0,1,0,0,0,0,0,0,0,,,,,
ROUTER,74,7,20,18/03/2026 14:48:00,65.00%,0,0,0,0,6,0,0,0,0,0,0,0,0,0,0,0,0,0,1,0,0,0,0,0,0,0,0,0,0,0,0,0,0,0,,,,,
PR20,81,8,24,18/03/2026 14:44:00,66.67%,1400,1520,50,100,3,0,3,0,0,1,0,0,0,0,0,0,0,0,0,0,0,0,0,0,0,0,1,0,0,0,0,0,0,0,,,,,
P10,133,5,40,18/03/2026 14:34:00,87.50%,2000,880,45,50,0,0,5,0,0,0,0,0,0,0,0,0,0,0,0,0,0,0,0,0,0,0,0,0,0,0,0,0,0,0,,,,,
PR20,81,8,24,18/03/2026 14:33:00,66.67%,1400,1520,50,100,3,1,2,0,0,1,0,0,0,0,0,0,0,0,0,0,0,0,0,0,0,0,1,0,0,0,0,0,0,0,,,,,
P10,133,5,40,18/03/2026 14:31:00,87.50%,2000,880,45,50,0,0,5,0,0,0,0,0,0,0,0,0,0,0,0,0,0,0,0,0,0,0,0,0,0,0,0,0,0,0,,,,,
PR20,83,7,24,18/03/2026 14:21:00,70.83%,1400,1520,50,100,2,0,2,0,0,0,0,0,0,0,0,0,0,0,3,0,0,0,0,0,0,0,0,0,0,0,0,0,0,0,,,,,
P10,135,4,40,18/03/2026 14:18:00,90.00%,2000,80,45,50,0,0,3,0,0,0,0,0,0,0,1,0,0,0,0,0,0,0,0,0,0,0,0,0,0,0,0,0,0,0,,,,,
PR20,82,7,24,18/03/2026 14:12:00,70.83%,1400,1520,50,100,4,0,3,0,0,0,0,0,0,0,0,0,0,0,0,0,0,0,0,0,0,0,0,0,0,0,0,0,0,0,,,,,
P10,132,4,40,18/03/2026 14:10:00,90.00%,2000,880,45,50,0,0,4,0,0,0,0,0,0,0,0,0,0,0,0,0,0,0,0,0,0,0,0,0,0,0,0,0,0,0,,,,,
P10,135,4,40,18/03/2026 14:02:00,90.00%,2000,80,45,50,0,0,4,0,0,0,0,0,0,0,0,0,0,0,0,0,0,0,0,0,0,0,0,0,0,0,0,0,0,0,,,,,
P10,132,3,40,18/03/2026 13:55:00,92.50%,2000,880,45,50,0,0,3,0,0,0,0,0,0,0,0,0,0,0,0,0,0,0,0,0,0,0,0,0,0,0,0,0,0,0,,,,,
P10,133,3,40,18/03/2026 13:52:00,92.50%,2000,880,45,50,0,0,3,0,0,0,0,0,0,0,0,0,0,0,0,0,0,0,0,0,0,0,0,0,0,0,0,0,0,0,,,,,
P10,132,4,40,18/03/2026 13:50:00,90.00%,2000,880,45,50,0,0,4,0,0,0,0,0,0,0,0,0,0,0,0,0,0,0,0,0,0,0,0,0,0,0,0,0,0,0,,,,,
P10,132,3,40,18/03/2026 13:45:00,92.50%,2000,880,45,50,0,0,2,0,0,0,0,0,0,1,0,0,0,0,0,0,0,0,0,0,0,0,0,0,0,0,0,0,0,0,,,,,
P10,134,3,40,18/03/2026 13:10:00,92.50%,2000,880,45,50,0,0,3,0,0,0,0,0,0,0,0,0,0,0,0,0,0,0,0,0,0,0,0,0,0,0,0,0,0,0,,,,,
PR20,80,9,24,18/03/2026 11:06:00,62.50%,1400,1520,50,100,0,7,2,0,0,0,0,0,0,0,0,0,0,0,0,0,0,0,0,0,0,0,0,0,0,0,0,0,0,0,,,,,
PR20,83,8,24,18/03/2026 10:54:00,66.67%,1400,1520,50,100,1,5,2,0,0,0,0,0,0,0,0,0,0,0,0,0,0,0,0,0,0,0,0,0,0,0,0,0,0,0,,,,,
FA08,51,15,15,18/03/2026 10:36:00,0,0,0,0,0,0,6,4,0,0,0,0,0,0,0,2,0,0,0,0,0,0,0,0,0,0,0,0,0,3,0,0,0,0,0,,,,,
P10,133,3,40,18/03/2026 10:25:00,92.50%,2000,880,45,50,0,0,3,0,0,0,0,0,0,0,0,0,0,0,0,0,0,0,0,0,0,0,0,0,0,0,0,0,0,0,,,,,
P10,134,4,40,18/03/2026 10:23:00,90.00%,2000,880,45,50,0,0,4,0,0,0,0,0,0,0,0,0,0,0,0,0,0,0,0,0,0,0,0,0,0,0,0,0,0,0,,,,,
P10,132,3,40,18/03/2026 10:18:00,92.50%,2000,880,45,50,0,0,3,0,0,0,0,0,0,0,0,0,0,0,0,0,0,0,0,0,0,0,0,0,0,0,0,0,0,0,,,,,
FA08,40,9,15,18/03/2026 10:16:00,40.00%,0,0,0,0,1,1,6,0,0,0,0,0,0,0,0,0,0,0,0,0,0,0,0,0,0,0,0,0,1,0,0,0,0,0,,,,,
P10,135,5,40,18/03/2026 10:15:00,87.50%,2000,80,45,50,0,0,5,0,0,0,0,0,0,0,0,0,0,0,0,0,0,0,0,0,0,0,0,0,0,0,0,0,0,0,,,,,
P10,133,4,40,18/03/2026 10:12:00,90.00%,2000,880,45,50,0,0,4,0,0,0,0,0,0,0,0,0,0,0,0,0,0,0,0,0,0,0,0,0,0,0,0,0,0,0,,,,,
FA08,40,5,15,18/03/2026 10:08:00,66.67%,0,0,0,0,0,0,5,0,0,0,0,0,0,0,0,0,0,0,0,0,0,0,0,0,0,0,0,0,0,0,0,0,0,0,,,,,
P10,135,4,40,18/03/2026 10:03:00,90.00%,2000,80,45,50,0,0,4,0,0,0,0,0,0,0,0,0,0,0,0,0,0,0,0,0,0,0,0,0,0,0,0,0,0,0,,,,,
P10,134,2,40,18/03/2026 09:54:00,95.00%,2000,880,45,50,0,0,2,0,0,0,0,0,0,0,0,0,0,0,0,0,0,0,0,0,0,0,0,0,0,0,0,0,0,0,,,,,
PR20,83,10,24,18/03/2026 09:52:00,58.33%,1400,1520,50,100,5,0,4,0,0,0,0,0,0,0,0,0,0,0,1,0,0,0,0,0,0,0,0,0,0,0,0,0,0,0,,,,,
P10,134,3,40,18/03/2026 09:51:00,92.50%,2000,880,45,50,0,0,3,0,0,0,0,0,0,0,0,0,0,0,0,0,0,0,0,0,0,0,0,0,0,0,0,0,0,0,,,,,
P10,132,4,40,18/03/2026 09:50:00,90.00%,2000,880,45,50,0,0,4,0,0,0,0,0,0,0,0,0,0,0,0,0,0,0,0,0,0,0,0,0,0,0,0,0,0,0,,,,,
P10,134,4,40,18/03/2026 09:46:00,90.00%,2000,880,45,50,0,0,4,0,0,0,0,0,0,0,0,0,0,0,0,0,0,0,0,0,0,0,0,0,0,0,0,0,0,0,,,,,
P10,132,3,40,18/03/2026 09:43:00,92.50%,2000,880,45,50,0,0,3,0,0,0,0,0,0,0,0,0,0,0,0,0,0,0,0,0,0,0,0,0,0,0,0,0,0,0,,,,,
P10,132,5,40,18/03/2026 09:39:00,87.50%,2000,880,45,50,0,0,5,0,0,0,0,0,0,0,0,0,0,0,0,0,0,0,0,0,0,0,0,0,0,0,0,0,0,0,,,,,
PR20,80,6,24,18/03/2026 09:38:00,75.00%,1400,1520,50,100,2,0,3,0,0,0,0,0,0,0,0,0,0,0,0,0,0,1,0,0,0,0,0,0,0,0,0,0,0,0,,,,,
P10,133,5,40,18/03/2026 09:34:00,87.50%,2000,880,45,50,0,0,5,0,0,0,0,0,0,0,0,0,0,0,0,0,0,0,0,0,0,0,0,0,0,0,0,0,0,0,,,,,
P10,132,8,40,18/03/2026 09:29:00,80.00%,2000,880,45,50,0,0,6,0,0,0,0,0,0,0,0,0,0,0,2,0,0,0,0,0,0,0,0,0,0,0,0,0,0,0,,,,,
P10,133,7,40,18/03/2026 09:21:00,82.50%,2000,880,45,50,0,0,7,0,0,0,0,0,0,0,0,0,0,0,0,0,0,0,0,0,0,0,0,0,0,0,0,0,0,0,,,,,
P10,135,4,40,18/03/2026 09:14:00,90.00%,2000,80,45,50,0,0,4,0,0,0,0,0,0,0,0,0,0,0,0,0,0,0,0,0,0,0,0,0,0,0,0,0,0,0,,,,,
FA08,51,5,15,18/03/2026 09:10:00,66.67%,0,0,0,0,0,2,3,0,0,0,0,0,0,0,0,0,0,0,0,0,0,0,0,0,0,0,0,0,0,0,0,0,0,0,,,,,
FA08,40,2,15,18/03/2026 09:01:00,86.67%,0,0,0,0,0,2,0,0,0,0,0,0,0,0,0,0,0,0,0,0,0,0,0,0,0,0,0,0,0,0,0,0,0,0,,,,,
FA08,38,1,15,18/03/2026 09:00:00,93.33%,0,0,0,0,0,0,1,0,0,0,0,0,0,0,0,0,0,0,0,0,0,0,0,0,0,0,0,0,0,0,0,0,0,0,,,,,
ROUTER,72,10,20,18/03/2026 08:44:00,50.00%,0,0,0,0,3,1,0,0,0,0,0,0,0,0,0,0,0,0,0,0,0,0,0,0,0,6,0,0,0,0,0,0,0,0,,,,,
PR20,81,4,24,18/03/2026 08:41:00,83.33%,1400,1520,50,100,3,0,1,0,0,0,0,0,0,0,0,0,0,0,0,0,0,0,0,0,0,0,0,0,0,0,0,0,0,0,,,,,
FA08,40,7,15,18/03/2026 08:33:00,53.33%,0,0,0,0,0,3,4,0,0,0,0,0,0,0,0,0,0,0,0,0,0,0,0,0,0,0,0,0,0,0,0,0,0,0,,,,,
FA08,51,6,15,18/03/2026 08:23:00,60.00%,0,0,0,0,0,3,3,0,0,0,0,0,0,0,0,0,0,0,0,0,0,0,0,0,0,0,0,0,0,0,0,0,0,0,,,,,
PR20,83,2,24,18/03/2026 08:14:00,91.67%,1400,1520,50,100,2,0,0,0,0,0,0,0,0,0,0,0,0,0,0,0,0,0,0,0,0,0,0,0,0,0,0,0,0,0,,,,,
FA08,40,6,15,18/03/2026 08:11:00,60.00%,0,0,0,0,0,3,3,0,0,0,0,0,0,0,0,0,0,0,0,0,0,0,0,0,0,0,0,0,0,0,0,0,0,0,,,,,
PR20,83,3,24,18/03/2026 08:08:00,87.50%,1400,1520,50,100,2,0,1,0,0,0,0,0,0,0,0,0,0,0,0,0,0,0,0,0,0,0,0,0,0,0,0,0,0,0,,,,,
FA08,39,4,15,18/03/2026 08:05:00,73.33%,0,0,0,0,0,3,1,0,0,0,0,0,0,0,0,0,0,0,0,0,0,0,0,0,0,0,0,0,0,0,0,0,0,0,,,,,
ROUTER,73,2,20,18/03/2026 08:01:00,90.00%,0,0,0,0,0,0,2,0,0,0,0,0,0,0,0,0,0,0,0,0,0,0,0,0,0,0,0,0,0,0,0,0,0,0,,,,,
FA08,51,6,15,18/03/2026 07:59:00,60.00%,0,0,0,0,0,4,2,0,0,0,0,0,0,0,0,0,0,0,0,0,0,0,0,0,0,0,0,0,0,0,0,0,0,0,,,,,
PR20,80,4,24,18/03/2026 07:50:00,83.33%,1400,1520,50,100,3,0,1,0,0,0,0,0,0,0,0,0,0,0,0,0,0,0,0,0,0,0,0,0,0,0,0,0,0,0,,,,,
FA08,38,5,15,18/03/2026 07:45:00,66.67%,0,0,0,0,0,3,2,0,0,0,0,0,0,0,0,0,0,0,0,0,0,0,0,0,0,0,0,0,0,0,0,0,0,0,,,,,
ROUTER,70,7,20,18/03/2026 07:44:00,65.00%,0,0,0,0,7,0,0,0,0,0,0,0,0,0,0,0,0,0,0,0,0,0,0,0,0,0,0,0,0,0,0,0,0,0,,,,,
FA08,39,5,15,18/03/2026 07:39:00,66.67%,0,0,0,0,0,3,2,0,0,0,0,0,0,0,0,0,0,0,0,0,0,0,0,0,0,0,0,0,0,0,0,0,0,0,,,,,
ROUTER,74,6,20,18/03/2026 07:33:00,70.00%,0,0,0,0,6,0,0,0,0,0,0,0,0,0,0,0,0,0,0,0,0,0,0,0,0,0,0,0,0,0,0,0,0,0,,,,,
FA08,51,5,15,18/03/2026 07:24:00,66.67%,0,0,0,0,0,3,2,0,0,0,0,0,0,0,0,0,0,0,0,0,0,0,0,0,0,0,0,0,0,0,0,0,0,0,,,,,
PR20,82,3,24,18/03/2026 07:21:00,87.50%,1400,1520,50,100,3,0,0,0,0,0,0,0,0,0,0,0,0,0,0,0,0,0,0,0,0,0,0,0,0,0,0,0,0,0,,,,,
ROUTER,70,1,20,18/03/2026 07:13:00,95.00%,0,0,0,0,0,0,1,0,0,0,0,0,0,0,0,0,0,0,0,0,0,0,0,0,0,0,0,0,0,0,0,0,0,0,,,,,
FA08,39,4,15,18/03/2026 07:12:00,73.33%,0,0,0,0,0,3,1,0,0,0,0,0,0,0,0,0,0,0,0,0,0,0,0,0,0,0,0,0,0,0,0,0,0,0,,,,,
FA08,40,0,15,18/03/2026 07:07:00,100.00%,0,0,0,0,0,0,0,0,0,0,0,0,0,0,0,0,0,0,0,0,0,0,0,0,0,0,0,0,0,0,0,0,0,0,,,,,
FA08,38,5,15,18/03/2026 07:06:00,66.67%,0,0,0,0,0,3,2,0,0,0,0,0,0,0,0,0,0,0,0,0,0,0,0,0,0,0,0,0,0,0,0,0,0,0,,,,,
PR20,82,8,24,18/03/2026 07:05:00,66.67%,1400,1520,50,100,7,0,1,0,0,0,0,0,0,0,0,0,0,0,0,0,0,0,0,0,0,0,0,0,0,0,0,0,0,0,,,,,
ROUTER,70,6,20,18/03/2026 06:54:00,70.00%,0,0,0,0,6,0,0,0,0,0,0,0,0,0,0,0,0,0,0,0,0,0,0,0,0,0,0,0,0,0,0,0,0,0,,,,,
FA08,40,6,15,18/03/2026 06:50:00,60.00%,0,0,0,0,0,3,3,0,0,0,0,0,0,0,0,0,0,0,0,0,0,0,0,0,0,0,0,0,0,0,0,0,0,0,,,,,
ROUTER,73,7,20,18/03/2026 06:42:00,65.00%,0,0,0,0,0,3,4,0,0,0,0,0,0,0,0,0,0,0,0,0,0,0,0,0,0,0,0,0,0,0,0,0,0,0,,,,,
ROUTER,74,8,20,18/03/2026 06:42:00,60.00%,0,0,0,0,6,0,2,0,0,0,0,0,0,0,0,0,0,0,0,0,0,0,0,0,0,0,0,0,0,0,0,0,0,0,,,,,
ROUTER,72,3,20,17/03/2026 23:11:00,85.00%,0,0,0,0,0,0,0,0,0,0,0,0,0,0,0,0,0,0,0,0,0,3,0,0,0,0,0,0,0,0,0,0,0,0,,,,,
P10,135,3,40,17/03/2026 22:59:00,92.50%,2000,80,45,50,0,0,3,0,0,0,0,0,0,0,0,0,0,0,0,0,0,0,0,0,0,0,0,0,0,0,0,0,0,0,,,,,
P10,135,3,40,17/03/2026 22:55:00,92.50%,2000,80,45,50,0,0,3,0,0,0,0,0,0,0,0,0,0,0,0,0,0,0,0,0,0,0,0,0,0,0,0,0,0,0,,,,,
P10,134,7,40,17/03/2026 22:51:00,82.50%,2000,880,45,50,0,0,7,0,0,0,0,0,0,0,0,0,0,0,0,0,0,0,0,0,0,0,0,0,0,0,0,0,0,0,,,,,
PR20,83,4,24,17/03/2026 22:47:00,83.33%,1400,1520,50,100,3,0,1,0,0,0,0,0,0,0,0,0,0,0,0,0,0,0,0,0,0,0,0,0,0,0,0,0,0,0,,,,,
PR20,80,3,24,17/03/2026 22:36:00,87.50%,1400,1520,50,100,0,0,3,0,0,0,0,0,0,0,0,0,0,0,0,0,0,0,0,0,0,0,0,0,0,0,0,0,0,0,,,,,
ROUTER,73,1,20,17/03/2026 22:32:00,95.00%,0,0,0,0,0,0,0,0,0,1,0,0,0,0,0,0,0,0,0,0,0,0,0,0,0,0,0,0,0,0,0,0,0,0,,,,,
PR20,83,4,24,17/03/2026 22:25:00,83.33%,1400,1520,50,100,4,0,0,0,0,0,0,0,0,0,0,0,0,0,0,0,0,0,0,0,0,0,0,0,0,0,0,0,0,0,,,,,
ROUTER,71,6,20,17/03/2026 22:25:00,70.00%,0,0,0,0,1,0,0,0,0,0,0,0,0,0,0,0,0,0,0,0,0,5,0,0,0,0,0,0,0,0,0,0,0,0,,,,,
P10,132,4,40,17/03/2026 22:13:00,90.00%,2000,880,45,50,0,0,4,0,0,0,0,0,0,0,0,0,0,0,0,0,0,0,0,0,0,0,0,0,0,0,0,0,0,0,,,,,
FA08,37,0,15,17/03/2026 22:12:00,100.00%,0,0,0,0,0,0,0,0,0,0,0,0,0,0,0,0,0,0,0,0,0,0,0,0,0,0,0,0,0,0,0,0,0,0,,,,,
P10,133,2,40,17/03/2026 22:09:00,95.00%,2000,880,45,50,0,0,2,0,0,0,0,0,0,0,0,0,0,0,0,0,0,0,0,0,0,0,0,0,0,0,0,0,0,0,,,,,
P10,135,5,40,17/03/2026 22:06:00,87.50%,2000,80,45,50,0,0,3,0,0,0,0,0,1,0,1,0,0,0,0,0,0,0,0,0,0,0,0,0,0,0,0,0,0,0,,,,,
DC-I,68,7,16,17/03/2026 22:03:00,56.25%,0,0,0,0,0,0,7,0,0,0,0,0,0,0,0,0,0,0,0,0,0,0,0,0,0,0,0,0,0,0,0,0,0,0,,,,,
P10,133,4,40,17/03/2026 22:02:00,90.00%,2000,880,45,50,0,0,4,0,0,0,0,0,0,0,0,0,0,0,0,0,0,0,0,0,0,0,0,0,0,0,0,0,0,0,,,,,
ROUTER,71,4,20,17/03/2026 21:59:00,80.00%,0,0,0,0,0,0,0,0,0,0,0,0,0,0,0,0,0,0,4,0,0,0,0,0,0,0,0,0,0,0,0,0,0,0,,,,,
PR20,82,6,24,17/03/2026 21:55:00,75.00%,1400,1520,50,100,2,0,3,0,0,0,0,0,0,0,0,0,0,0,0,0,0,0,0,0,0,0,1,0,0,0,0,0,0,0,,,,,
ROUTER,70,0,20,17/03/2026 21:50:00,100.00%,0,0,0,0,0,0,0,0,0,0,0,0,0,0,0,0,0,0,0,0,0,0,0,0,0,0,0,0,0,0,0,0,0,0,,,,,
PR20,82,23,24,17/03/2026 21:43:00,4.17%,1400,1520,50,100,22,0,0,0,0,0,0,0,0,0,0,0,0,0,1,0,0,0,0,0,0,0,0,0,0,0,0,0,0,0,,,,,
ROUTER,72,6,20,17/03/2026 21:41:00,70.00%,0,0,0,0,1,0,0,0,0,0,0,0,0,0,0,0,0,0,0,0,0,0,0,0,0,5,0,0,0,0,0,0,0,0,,,,,
ROUTER,72,3,20,17/03/2026 21:32:00,85.00%,0,0,0,0,2,1,0,0,0,0,0,0,0,0,0,0,0,0,0,0,0,0,0,0,0,0,0,0,0,0,0,0,0,0,,,,,
PR20,81,2,24,17/03/2026 21:31:00,91.67%,1400,1520,50,100,1,0,0,0,0,1,0,0,0,0,0,0,0,0,0,0,0,0,0,0,0,0,0,0,0,0,0,0,0,0,,,,,
ROUTER,72,2,20,17/03/2026 21:19:00,90.00%,0,0,0,0,2,0,0,0,0,0,0,0,0,0,0,0,0,0,0,0,0,0,0,0,0,0,0,0,0,0,0,0,0,0,,,,,
P10,132,3,40,17/03/2026 21:18:00,92.50%,2000,880,45,50,0,0,3,0,0,0,0,0,0,0,0,0,0,0,0,0,0,0,0,0,0,0,0,0,0,0,0,0,0,0,,,,,
P10,133,0,40,17/03/2026 21:11:00,100.00%,2000,880,45,50,0,0,0,0,0,0,0,0,0,0,0,0,0,0,0,0,0,0,0,0,0,0,0,0,0,0,0,0,0,0,,,,,
P10,134,2,40,17/03/2026 21:09:00,95.00%,2000,880,45,50,0,0,2,0,0,0,0,0,0,0,0,0,0,0,0,0,0,0,0,0,0,0,0,0,0,0,0,0,0,0,,,,,
FA08,40,9,15,17/03/2026 21:04:00,40.00%,0,0,0,0,0,3,6,0,0,0,0,0,0,0,0,0,0,0,0,0,0,0,0,0,0,0,0,0,0,0,0,0,0,0,,,,,
P10,134,4,40,17/03/2026 21:00:00,90.00%,2000,880,45,50,0,0,4,0,0,0,0,0,0,0,0,0,0,0,0,0,0,0,0,0,0,0,0,0,0,0,0,0,0,0,,,,,
FA08,40,6,15,17/03/2026 20:58:00,60.00%,0,0,0,0,0,0,5,0,0,0,0,0,0,0,0,0,0,0,0,0,0,0,0,0,0,0,1,0,0,0,0,0,0,0,,,,,
ROUTER,71,6,20,17/03/2026 20:54:00,70.00%,0,0,0,0,3,2,1,0,0,0,0,0,0,0,0,0,0,0,0,0,0,0,0,0,0,0,0,0,0,0,0,0,0,0,,,,,
FA08,39,9,15,17/03/2026 20:51:00,40.00%,0,0,0,0,0,0,9,0,0,0,0,0,0,0,0,0,0,0,0,0,0,0,0,0,0,0,0,0,0,0,0,0,0,0,,,,,
FA08,51,4,15,17/03/2026 20:47:00,73.33%,0,0,0,0,0,2,2,0,0,0,0,0,0,0,0,0,0,0,0,0,0,0,0,0,0,0,0,0,0,0,0,0,0,0,,,,,
ROUTER,70,2,20,17/03/2026 20:44:00,90.00%,0,0,0,0,2,0,0,0,0,0,0,0,0,0,0,0,0,0,0,0,0,0,0,0,0,0,0,0,0,0,0,0,0,0,,,,,
DC-I,67,5,16,17/03/2026 20:38:00,68.75%,0,0,0,0,3,0,2,0,0,0,0,0,0,0,0,0,0,0,0,0,0,0,0,0,0,0,0,0,0,0,0,0,0,0,,,,,
DC-I,65,1,16,17/03/2026 20:34:00,93.75%,0,0,0,0,0,0,1,0,0,0,0,0,0,0,0,0,0,0,0,0,0,0,0,0,0,0,0,0,0,0,0,0,0,0,,,,,
DC-I,67,6,16,17/03/2026 20:32:00,62.50%,0,0,0,0,1,0,5,0,0,0,0,0,0,0,0,0,0,0,0,0,0,0,0,0,0,0,0,0,0,0,0,0,0,0,,,,,
FA08,38,3,15,17/03/2026 20:26:00,80.00%,0,0,0,0,1,0,2,0,0,0,0,0,0,0,0,0,0,0,0,0,0,0,0,0,0,0,0,0,0,0,0,0,0,0,,,,,
PR20,80,5,24,17/03/2026 20:26:00,79.17%,1400,1520,50,100,2,0,3,0,0,0,0,0,0,0,0,0,0,0,0,0,0,0,0,0,0,0,0,0,0,0,0,0,0,0,,,,,
FA08,38,6,15,17/03/2026 20:20:00,60.00%,0,0,0,0,0,0,5,0,0,0,0,0,0,0,1,0,0,0,0,0,0,0,0,0,0,0,0,0,0,0,0,0,0,0,,,,,
DC-I,68,6,16,17/03/2026 20:16:00,62.50%,0,0,0,0,0,0,6,0,0,0,0,0,0,0,0,0,0,0,0,0,0,0,0,0,0,0,0,0,0,0,0,0,0,0,,,,,
P10,134,4,40,17/03/2026 20:14:00,90.00%,2000,880,45,50,0,0,4,0,0,0,0,0,0,0,0,0,0,0,0,0,0,0,0,0,0,0,0,0,0,0,0,0,0,0,,,,,
P10,135,3,40,17/03/2026 20:10:00,92.50%,2000,80,45,50,0,0,3,0,0,0,0,0,0,0,0,0,0,0,0,0,0,0,0,0,0,0,0,0,0,0,0,0,0,0,,,,,
DC-I,69,3,16,17/03/2026 20:09:00,81.25%,0,0,0,0,0,0,3,0,0,0,0,0,0,0,0,0,0,0,0,0,0,0,0,0,0,0,0,0,0,0,0,0,0,0,,,,,
DC-I,69,3,16,17/03/2026 20:06:00,81.25%,0,0,0,0,0,0,2,0,0,0,0,0,0,0,0,0,0,1,0,0,0,0,0,0,0,0,0,0,0,0,0,0,0,0,,,,,
DC-I,68,4,16,17/03/2026 20:04:00,75.00%,0,0,0,0,0,0,4,0,0,0,0,0,0,0,0,0,0,0,0,0,0,0,0,0,0,0,0,0,0,0,0,0,0,0,,,,,
P10,133,3,40,17/03/2026 20:04:00,92.50%,2000,880,45,50,0,0,1,0,0,0,0,0,0,0,2,0,0,0,0,0,0,0,0,0,0,0,0,0,0,0,0,0,0,0,,,,,
DC-I,67,1,16,17/03/2026 20:02:00,93.75%,0,0,0,0,0,0,1,0,0,0,0,0,0,0,0,0,0,0,0,0,0,0,0,0,0,0,0,0,0,0,0,0,0,0,,,,,
DC-I,69,8,16,17/03/2026 20:00:00,50.00%,0,0,0,0,1,0,7,0,0,0,0,0,0,0,0,0,0,0,0,0,0,0,0,0,0,0,0,0,0,0,0,0,0,0,,,,,
P10,132,2,40,17/03/2026 19:58:00,95.00%,2000,880,45,50,0,0,2,0,0,0,0,0,0,0,0,0,0,0,0,0,0,0,0,0,0,0,0,0,0,0,0,0,0,0,,,,,
DC-I,67,7,16,17/03/2026 19:56:00,56.25%,0,0,0,0,7,0,0,0,0,0,0,0,0,0,0,0,0,0,0,0,0,0,0,0,0,0,0,0,0,0,0,0,0,0,,,,,
ROUTER,72,2,20,17/03/2026 19:50:00,90.00%,0,0,0,0,2,0,0,0,0,0,0,0,0,0,0,0,0,0,0,0,0,0,0,0,0,0,0,0,0,0,0,0,0,0,,,,,
DC-I,68,6,16,17/03/2026 19:43:00,62.50%,0,0,0,0,5,0,1,0,0,0,0,0,0,0,0,0,0,0,0,0,0,0,0,0,0,0,0,0,0,0,0,0,0,0,,,,,
ROUTER,70,4,20,17/03/2026 19:42:00,80.00%,0,0,0,0,4,0,0,0,0,0,0,0,0,0,0,0,0,0,0,0,0,0,0,0,0,0,0,0,0,0,0,0,0,0,,,,,
FA08,38,5,15,17/03/2026 19:33:00,66.67%,0,0,0,0,0,0,5,0,0,0,0,0,0,0,0,0,0,0,0,0,0,0,0,0,0,0,0,0,0,0,0,0,0,0,,,,,
FA08,37,4,15,17/03/2026 19:33:00,73.33%,0,0,0,0,1,0,2,0,0,0,0,0,0,0,0,0,0,0,0,0,0,0,0,0,0,0,1,0,0,0,0,0,0,0,,,,,
FA08,39,8,15,17/03/2026 19:26:00,46.67%,0,0,0,0,0,0,8,0,0,0,0,0,0,0,0,0,0,0,0,0,0,0,0,0,0,0,0,0,0,0,0,0,0,0,,,,,
FA08,40,10,15,17/03/2026 19:24:00,33.33%,0,0,0,0,0,0,10,0,0,0,0,0,0,0,0,0,0,0,0,0,0,0,0,0,0,0,0,0,0,0,0,0,0,0,,,,,
PR20,82,3,24,17/03/2026 19:22:00,87.50%,1400,1520,50,100,2,0,1,0,0,0,0,0,0,0,0,0,0,0,0,0,0,0,0,0,0,0,0,0,0,0,0,0,0,0,,,,,
FA08,38,4,15,17/03/2026 19:20:00,73.33%,0,0,0,0,4,0,0,0,0,0,0,0,0,0,0,0,0,0,0,0,0,0,0,0,0,0,0,0,0,0,0,0,0,0,,,,,
FA08,40,7,15,17/03/2026 19:15:00,53.33%,0,0,0,0,0,0,7,0,0,0,0,0,0,0,0,0,0,0,0,0,0,0,0,0,0,0,0,0,0,0,0,0,0,0,,,,,
FA08,51,8,15,17/03/2026 19:12:00,46.67%,0,0,0,0,0,0,3,0,0,0,0,0,0,0,5,0,0,0,0,0,0,0,0,0,0,0,0,0,0,0,0,0,0,0,,,,,
PR20,80,2,24,17/03/2026 19:11:00,91.67%,1400,1520,50,100,1,0,1,0,0,0,0,0,0,0,0,0,0,0,0,0,0,0,0,0,0,0,0,0,0,0,0,0,0,0,,,,,
FSA135,31,8,9,17/03/2026 19:00:00,11.11%,0,0,0,0,0,0,3,0,0,0,0,0,0,0,5,0,0,0,0,0,0,0,0,0,0,0,0,0,0,0,0,0,0,0,,,,,
FA08,40,6,15,17/03/2026 18:49:00,60.00%,0,0,0,0,0,0,3,0,0,0,0,0,0,1,0,0,0,0,0,0,0,0,0,0,0,0,2,0,0,0,0,0,0,0,,,,,
P10,134,3,40,17/03/2026 18:12:00,92.50%,2000,880,45,50,0,0,1,0,0,0,0,0,0,0,2,0,0,0,0,0,0,0,0,0,0,0,0,0,0,0,0,0,0,0,,,,,
P10,135,3,40,17/03/2026 18:03:00,92.50%,2000,80,45,50,0,0,0,0,0,0,0,0,1,0,2,0,0,0,0,0,0,0,0,0,0,0,0,0,0,0,0,0,0,0,,,,,
FA08,38,4,15,17/03/2026 17:58:00,73.33%,0,0,0,0,3,0,1,0,0,0,0,0,0,0,0,0,0,0,0,0,0,0,0,0,0,0,0,0,0,0,0,0,0,0,,,,,
P10,133,2,40,17/03/2026 17:57:00,95.00%,2000,880,45,50,0,0,1,0,0,0,0,0,0,0,0,0,0,1,0,0,0,0,0,0,0,0,0,0,0,0,0,0,0,0,,,,,
P10,135,5,40,17/03/2026 17:55:00,87.50%,2000,80,45,50,0,0,2,0,0,0,0,0,0,0,0,0,0,3,0,0,0,0,0,0,0,0,0,0,0,0,0,0,0,0,,,,,
FA08,39,5,15,17/03/2026 17:50:00,66.67%,0,0,0,0,0,0,5,0,0,0,0,0,0,0,0,0,0,0,0,0,0,0,0,0,0,0,0,0,0,0,0,0,0,0,,,,,
DC-I,65,1,16,17/03/2026 17:39:00,93.75%,0,0,0,0,0,0,0,0,0,0,0,0,0,0,0,0,0,0,0,0,0,0,0,0,0,0,1,0,0,0,0,0,0,0,,,,,
DC-I,69,3,16,17/03/2026 17:35:00,81.25%,0,0,0,0,3,0,0,0,0,0,0,0,0,0,0,0,0,0,0,0,0,0,0,0,0,0,0,0,0,0,0,0,0,0,,,,,
DC-I,65,3,16,17/03/2026 17:30:00,81.25%,0,0,0,0,2,0,0,0,0,0,0,0,1,0,0,0,0,0,0,0,0,0,0,0,0,0,0,0,0,0,0,0,0,0,,,,,
DC-I,69,4,16,17/03/2026 17:26:00,75.00%,0,0,0,0,0,0,3,0,0,0,0,0,1,0,0,0,0,0,0,0,0,0,0,0,0,0,0,0,0,0,0,0,0,0,,,,,
P10,133,4,40,17/03/2026 17:23:00,90.00%,2000,880,45,50,0,0,4,0,0,0,0,0,0,0,0,0,0,0,0,0,0,0,0,0,0,0,0,0,0,0,0,0,0,0,,,,,
DC-I,69,7,16,17/03/2026 17:22:00,56.25%,0,0,0,0,0,0,6,0,0,0,0,0,1,0,0,0,0,0,0,0,0,0,0,0,0,0,0,0,0,0,0,0,0,0,,,,,
DC-I,68,1,16,17/03/2026 17:18:00,93.75%,0,0,0,0,0,0,0,0,0,0,0,0,0,0,1,0,0,0,0,0,0,0,0,0,0,0,0,0,0,0,0,0,0,0,,,,,
P10,134,1,40,17/03/2026 17:18:00,97.50%,2000,880,45,50,0,0,1,0,0,0,0,0,0,0,0,0,0,0,0,0,0,0,0,0,0,0,0,0,0,0,0,0,0,0,,,,,
P10,135,4,40,17/03/2026 17:13:00,90.00%,2000,80,45,50,0,0,0,0,0,0,0,0,0,0,0,0,0,4,0,0,0,0,0,0,0,0,0,0,0,0,0,0,0,0,,,,,
DC-I,68,3,16,17/03/2026 17:08:00,81.25%,0,0,0,0,0,0,3,0,0,0,0,0,0,0,0,0,0,0,0,0,0,0,0,0,0,0,0,0,0,0,0,0,0,0,,,,,
DC-I,65,3,16,17/03/2026 16:59:00,81.25%,0,0,0,0,0,0,2,0,0,0,0,0,1,0,0,0,0,0,0,0,0,0,0,0,0,0,0,0,0,0,0,0,0,0,,,,,
P10,134,3,40,17/03/2026 16:59:00,92.50%,2000,880,45,50,0,0,2,0,0,0,0,0,0,0,0,0,0,0,1,0,0,0,0,0,0,0,0,0,0,0,0,0,0,0,,,,,
DC-I,67,4,16,17/03/2026 16:56:00,75.00%,0,0,0,0,4,0,0,0,0,0,0,0,0,0,0,0,0,0,0,0,0,0,0,0,0,0,0,0,0,0,0,0,0,0,,,,,
PR20,81,4,24,17/03/2026 16:52:00,83.33%,1400,1520,50,100,2,0,2,0,0,0,0,0,0,0,0,0,0,0,0,0,0,0,0,0,0,0,0,0,0,0,0,0,0,0,,,,,
DC-I,69,0,16,17/03/2026 16:43:00,100.00%,0,0,0,0,0,0,0,0,0,0,0,0,0,0,0,0,0,0,0,0,0,0,0,0,0,0,0,0,0,0,0,0,0,0,,,,,
DC-I,69,2,16,17/03/2026 16:38:00,87.50%,0,0,0,0,0,0,2,0,0,0,0,0,0,0,0,0,0,0,0,0,0,0,0,0,0,0,0,0,0,0,0,0,0,0,,,,,
DC-I,68,1,16,17/03/2026 16:33:00,93.75%,0,0,0,0,0,0,1,0,0,0,0,0,0,0,0,0,0,0,0,0,0,0,0,0,0,0,0,0,0,0,0,0,0,0,,,,,
PR20,81,5,24,17/03/2026 16:25:00,79.17%,1400,1520,50,100,2,0,2,0,0,0,0,0,0,0,0,0,0,0,0,0,0,0,0,0,0,0,1,0,0,0,0,0,0,0,,,,,
PR20,82,4,24,17/03/2026 15:56:00,83.33%,1400,1520,50,100,3,0,1,0,0,0,0,0,0,0,0,0,0,0,0,0,0,0,0,0,0,0,0,0,0,0,0,0,0,0,,,,,
DC-I,67,0,16,17/03/2026 15:31:00,100.00%,0,0,0,0,0,0,0,0,0,0,0,0,0,0,0,0,0,0,0,0,0,0,0,0,0,0,0,0,0,0,0,0,0,0,,,,,
0,61,1,0,17/03/2026 15:24:00,0,0,0,0,0,1,0,0,0,0,0,0,0,0,0,0,0,0,0,0,0,0,0,0,0,0,0,0,0,0,0,0,0,0,0,,,,,
DC-I,68,2,16,17/03/2026 15:21:00,87.50%,0,0,0,0,0,0,0,0,0,0,0,0,0,0,0,0,0,0,0,0,0,0,0,0,0,0,2,0,0,0,0,0,0,0,,,,,
FA08,40,3,15,17/03/2026 14:31:00,80.00%,0,0,0,0,0,0,3,0,0,0,0,0,0,0,0,0,0,0,0,0,0,0,0,0,0,0,0,0,0,0,0,0,0,0,,,,,
ROUTER,71,0,20,17/03/2026 14:29:00,100.00%,0,0,0,0,0,0,0,0,0,0,0,0,0,0,0,0,0,0,0,0,0,0,0,0,0,0,0,0,0,0,0,0,0,0,,,,,
ROUTER,70,7,20,17/03/2026 14:29:00,65.00%,0,0,0,0,6,0,0,0,0,0,0,0,0,0,0,0,0,0,0,0,0,1,0,0,0,0,0,0,0,0,0,0,0,0,,,,,
FA08,39,3,15,17/03/2026 14:28:00,80.00%,0,0,0,0,0,0,3,0,0,0,0,0,0,0,0,0,0,0,0,0,0,0,0,0,0,0,0,0,0,0,0,0,0,0,,,,,
DC-I,65,2,16,17/03/2026 14:19:00,87.50%,0,0,0,0,2,0,0,0,0,0,0,0,0,0,0,0,0,0,0,0,0,0,0,0,0,0,0,0,0,0,0,0,0,0,,,,,
DC-I,67,2,16,17/03/2026 14:14:00,87.50%,0,0,0,0,0,0,2,0,0,0,0,0,0,0,0,0,0,0,0,0,0,0,0,0,0,0,0,0,0,0,0,0,0,0,,,,,
DC-I,68,2,16,17/03/2026 14:08:00,87.50%,0,0,0,0,2,0,0,0,0,0,0,0,0,0,0,0,0,0,0,0,0,0,0,0,0,0,0,0,0,0,0,0,0,0,,,,,
FA08,38,5,15,17/03/2026 14:05:00,66.67%,0,0,0,0,3,0,2,0,0,0,0,0,0,0,0,0,0,0,0,0,0,0,0,0,0,0,0,0,0,0,0,0,0,0,,,,,
DC-I,67,0,16,17/03/2026 14:00:00,100.00%,0,0,0,0,0,0,0,0,0,0,0,0,0,0,0,0,0,0,0,0,0,0,0,0,0,0,0,0,0,0,0,0,0,0,,,,,
DC-I,68,0,16,17/03/2026 13:56:00,100.00%,0,0,0,0,0,0,0,0,0,0,0,0,0,0,0,0,0,0,0,0,0,0,0,0,0,0,0,0,0,0,0,0,0,0,,,,,
FA08,40,0,15,17/03/2026 13:55:00,100.00%,0,0,0,0,0,0,0,0,0,0,0,0,0,0,0,0,0,0,0,0,0,0,0,0,0,0,0,0,0,0,0,0,0,0,,,,,
DC-I,65,9,16,17/03/2026 13:54:00,43.75%,0,0,0,0,7,0,0,0,0,0,0,0,0,0,0,0,0,0,0,0,0,2,0,0,0,0,0,0,0,0,0,0,0,0,,,,,
ROUTER,71,4,20,17/03/2026 13:53:00,80.00%,0,0,0,0,3,0,0,0,0,0,0,0,0,0,0,0,0,0,1,0,0,0,0,0,0,0,0,0,0,0,0,0,0,0,,,,,
PR20,83,7,24,17/03/2026 13:52:00,70.83%,1400,1520,50,100,5,0,0,0,0,2,0,0,0,0,0,0,0,0,0,0,0,0,0,0,0,0,0,0,0,0,0,0,0,0,,,,,
P10,134,6,40,17/03/2026 13:32:00,85.00%,2000,880,45,50,0,0,6,0,0,0,0,0,0,0,0,0,0,0,0,0,0,0,0,0,0,0,0,0,0,0,0,0,0,0,,,,,
PR20,80,9,24,17/03/2026 13:30:00,62.50%,1400,1520,50,100,9,0,0,0,0,0,0,0,0,0,0,0,0,0,0,0,0,0,0,0,0,0,0,0,0,0,0,0,0,0,,,,,
P10,134,9,40,17/03/2026 13:24:00,77.50%,2000,880,45,50,2,0,7,0,0,0,0,0,0,0,0,0,0,0,0,0,0,0,0,0,0,0,0,0,0,0,0,0,0,0,,,,,
PR20,81,14,24,17/03/2026 13:23:00,41.67%,1400,1520,50,100,11,0,0,0,0,3,0,0,0,0,0,0,0,0,0,0,0,0,0,0,0,0,0,0,0,0,0,0,0,0,,,,,
P10,132,2,40,17/03/2026 13:19:00,95.00%,2000,880,45,50,0,0,2,0,0,0,0,0,0,0,0,0,0,0,0,0,0,0,0,0,0,0,0,0,0,0,0,0,0,0,,,,,
PR20,80,14,24,17/03/2026 13:15:00,41.67%,1400,1520,50,100,14,0,0,0,0,0,0,0,0,0,0,0,0,0,0,0,0,0,0,0,0,0,0,0,0,0,0,0,0,0,,,,,
P10,133,3,40,17/03/2026 13:14:00,92.50%,2000,880,45,50,0,0,2,0,0,0,0,0,0,0,1,0,0,0,0,0,0,0,0,0,0,0,0,0,0,0,0,0,0,0,,,,,
PR20,81,12,24,17/03/2026 13:08:00,50.00%,1400,1520,50,100,12,0,0,0,0,0,0,0,0,0,0,0,0,0,0,0,0,0,0,0,0,0,0,0,0,0,0,0,0,0,,,,,
P10,132,5,40,17/03/2026 13:06:00,87.50%,2000,880,45,50,1,0,2,0,0,0,0,0,0,0,0,0,0,0,2,0,0,0,0,0,0,0,0,0,0,0,0,0,0,0,,,,,
P10,135,6,40,17/03/2026 12:59:00,85.00%,2000,80,45,50,1,0,5,0,0,0,0,0,0,0,0,0,0,0,0,0,0,0,0,0,0,0,0,0,0,0,0,0,0,0,,,,,
PR20,81,7,24,17/03/2026 12:50:00,70.83%,1400,1520,50,100,5,0,2,0,0,0,0,0,0,0,0,0,0,0,0,0,0,0,0,0,0,0,0,0,0,0,0,0,0,0,,,,,
FA08,39,0,15,17/03/2026 12:46:00,100.00%,0,0,0,0,0,0,0,0,0,0,0,0,0,0,0,0,0,0,0,0,0,0,0,0,0,0,0,0,0,0,0,0,0,0,,,,,
ROUTER,73,5,20,17/03/2026 12:44:00,75.00%,0,0,0,0,3,0,2,0,0,0,0,0,0,0,0,0,0,0,0,0,0,0,0,0,0,0,0,0,0,0,0,0,0,0,,,,,
ROUTER,70,6,20,17/03/2026 12:30:00,70.00%,0,0,0,0,4,0,0,0,0,0,0,0,0,0,0,0,0,0,0,0,0,2,0,0,0,0,0,0,0,0,0,0,0,0,,,,,
ROUTER,70,3,20,17/03/2026 12:18:00,85.00%,0,0,0,0,3,0,0,0,0,0,0,0,0,0,0,0,0,0,0,0,0,0,0,0,0,0,0,0,0,0,0,0,0,0,,,,,
PR20,83,7,24,17/03/2026 11:57:00,70.83%,1400,1520,50,100,6,0,1,0,0,0,0,0,0,0,0,0,0,0,0,0,0,0,0,0,0,0,0,0,0,0,0,0,0,0,,,,,
ROUTER,71,7,20,17/03/2026 11:53:00,65.00%,0,0,0,0,3,0,3,0,0,1,0,0,0,0,0,0,0,0,0,0,0,0,0,0,0,0,0,0,0,0,0,0,0,0,,,,,
PR20,83,10,24,17/03/2026 11:52:00,58.33%,1400,1520,50,100,9,0,0,0,0,0,0,0,0,0,0,0,0,0,0,0,0,0,0,0,0,0,0,1,0,0,0,0,0,0,,,,,
PR20,81,5,24,17/03/2026 11:45:00,79.17%,1400,1520,50,100,4,0,1,0,0,0,0,0,0,0,0,0,0,0,0,0,0,0,0,0,0,0,0,0,0,0,0,0,0,0,,,,,
PR20,81,4,24,17/03/2026 11:39:00,83.33%,1400,1520,50,100,2,0,1,0,0,1,0,0,0,0,0,0,0,0,0,0,0,0,0,0,0,0,0,0,0,0,0,0,0,0,,,,,
PR20,83,14,24,17/03/2026 11:34:00,41.67%,1400,1520,50,100,14,0,0,0,0,0,0,0,0,0,0,0,0,0,0,0,0,0,0,0,0,0,0,0,0,0,0,0,0,0,,,,,
PR20,83,7,24,17/03/2026 11:25:00,70.83%,1400,1520,50,100,6,0,1,0,0,0,0,0,0,0,0,0,0,0,0,0,0,0,0,0,0,0,0,0,0,0,0,0,0,0,,,,,
PR20,80,6,24,17/03/2026 11:18:00,75.00%,1400,1520,50,100,2,0,1,0,0,2,0,0,0,0,0,0,0,0,0,0,0,0,0,0,0,0,0,1,0,0,0,0,0,0,,,,,
PR20,81,4,24,17/03/2026 11:12:00,83.33%,1400,1520,50,100,3,0,1,0,0,0,0,0,0,0,0,0,0,0,0,0,0,0,0,0,0,0,0,0,0,0,0,0,0,0,,,,,
ROUTER,71,2,20,17/03/2026 11:06:00,90.00%,0,0,0,0,0,0,0,0,0,0,0,0,0,0,0,0,0,0,2,0,0,0,0,0,0,0,0,0,0,0,0,0,0,0,,,,,
PR20,81,3,24,17/03/2026 11:06:00,87.50%,1400,1520,50,100,3,0,0,0,0,0,0,0,0,0,0,0,0,0,0,0,0,0,0,0,0,0,0,0,0,0,0,0,0,0,,,,,
FA08,38,2,15,17/03/2026 11:01:00,86.67%,0,0,0,0,0,0,0,0,0,0,0,0,0,0,0,0,0,0,2,0,0,0,0,0,0,0,0,0,0,0,0,0,0,0,,,,,
PR20,80,1,24,17/03/2026 11:00:00,95.83%,1400,1520,50,100,0,0,1,0,0,0,0,0,0,0,0,0,0,0,0,0,0,0,0,0,0,0,0,0,0,0,0,0,0,0,,,,,
FA08,39,0,15,17/03/2026 10:59:00,100.00%,0,0,0,0,0,0,0,0,0,0,0,0,0,0,0,0,0,0,0,0,0,0,0,0,0,0,0,0,0,0,0,0,0,0,,,,,
ROUTER,71,6,20,17/03/2026 10:57:00,70.00%,0,0,0,0,4,0,0,0,0,0,0,0,0,0,0,0,0,2,0,0,0,0,0,0,0,0,0,0,0,0,0,0,0,0,,,,,
PR20,81,2,24,17/03/2026 10:54:00,91.67%,1400,1520,50,100,2,0,0,0,0,0,0,0,0,0,0,0,0,0,0,0,0,0,0,0,0,0,0,0,0,0,0,0,0,0,,,,,
ROUTER,71,0,20,17/03/2026 10:45:00,100.00%,0,0,0,0,0,0,0,0,0,0,0,0,0,0,0,0,0,0,0,0,0,0,0,0,0,0,0,0,0,0,0,0,0,0,,,,,
FA08,51,0,15,17/03/2026 10:42:00,100.00%,0,0,0,0,0,0,0,0,0,0,0,0,0,0,0,0,0,0,0,0,0,0,0,0,0,0,0,0,0,0,0,0,0,0,,,,,
FA08,38,0,15,17/03/2026 10:42:00,100.00%,0,0,0,0,0,0,0,0,0,0,0,0,0,0,0,0,0,0,0,0,0,0,0,0,0,0,0,0,0,0,0,0,0,0,,,,,
FA08,51,3,15,17/03/2026 10:42:00,80.00%,0,0,0,0,1,0,0,0,0,0,0,0,0,0,0,0,0,0,0,0,0,0,0,0,0,0,0,0,2,0,0,0,0,0,,,,,
FA08,51,2,15,17/03/2026 10:09:00,86.67%,0,0,0,0,0,2,0,0,0,0,0,0,0,0,0,0,0,0,0,0,0,0,0,0,0,0,0,0,0,0,0,0,0,0,,,,,
FA08,38,3,15,17/03/2026 09:50:00,80.00%,0,0,0,0,1,0,0,0,0,0,0,0,0,0,0,0,0,0,2,0,0,0,0,0,0,0,0,0,0,0,0,0,0,0,,,,,
FA08,39,0,15,17/03/2026 09:44:00,100.00%,0,0,0,0,0,0,0,0,0,0,0,0,0,0,0,0,0,0,0,0,0,0,0,0,0,0,0,0,0,0,0,0,0,0,,,,,
FA08,40,1,15,17/03/2026 09:43:00,93.33%,0,0,0,0,0,0,1,0,0,0,0,0,0,0,0,0,0,0,0,0,0,0,0,0,0,0,0,0,0,0,0,0,0,0,,,,,
FA08,51,4,15,17/03/2026 09:38:00,73.33%,0,0,0,0,0,3,0,0,0,0,0,0,0,0,0,0,0,0,0,0,0,0,0,0,0,0,1,0,0,0,0,0,0,0,,,,,
FA08,38,0,15,17/03/2026 09:31:00,100.00%,0,0,0,0,0,0,0,0,0,0,0,0,0,0,0,0,0,0,0,0,0,0,0,0,0,0,0,0,0,0,0,0,0,0,,,,,
FA08,38,3,15,17/03/2026 09:28:00,80.00%,0,0,0,0,0,0,1,0,0,0,0,0,0,0,0,0,0,0,0,0,0,0,0,0,0,0,2,0,0,0,0,0,0,0,,,,,
FA08,38,3,15,17/03/2026 09:23:00,80.00%,0,0,0,0,0,0,2,0,0,0,0,0,0,0,1,0,0,0,0,0,0,0,0,0,0,0,0,0,0,0,0,0,0,0,,,,,
FA08,40,0,15,17/03/2026 09:22:00,100.00%,0,0,0,0,0,0,0,0,0,0,0,0,0,0,0,0,0,0,0,0,0,0,0,0,0,0,0,0,0,0,0,0,0,0,,,,,
FA08,38,4,15,17/03/2026 09:11:00,73.33%,0,0,0,0,0,1,1,0,0,0,0,0,0,0,0,0,0,0,0,0,0,0,0,0,0,0,0,0,2,0,0,0,0,0,,,,,
FA08,51,2,15,17/03/2026 09:06:00,86.67%,0,0,0,0,1,0,0,0,0,0,0,0,0,0,0,0,0,0,1,0,0,0,0,0,0,0,0,0,0,0,0,0,0,0,,,,,
FA08,52,2,15,17/03/2026 08:49:00,86.67%,0,0,0,0,1,0,0,0,0,0,0,0,0,0,0,0,0,0,1,0,0,0,0,0,0,0,0,0,0,0,0,0,0,0,,,,,
FA08,40,0,15,17/03/2026 08:42:00,100.00%,0,0,0,0,0,0,0,0,0,0,0,0,0,0,0,0,0,0,0,0,0,0,0,0,0,0,0,0,0,0,0,0,0,0,,,,,
FA08,51,3,15,17/03/2026 08:37:00,80.00%,0,0,0,0,0,0,2,0,0,0,0,0,0,0,0,0,0,0,0,0,0,0,0,0,0,0,0,0,1,0,0,0,0,0,,,,,
FA08,51,1,15,17/03/2026 08:34:00,93.33%,0,0,0,0,0,1,0,0,0,0,0,0,0,0,0,0,0,0,0,0,0,0,0,0,0,0,0,0,0,0,0,0,0,0,,,,,
FA08,40,0,15,17/03/2026 08:23:00,100.00%,0,0,0,0,0,0,0,0,0,0,0,0,0,0,0,0,0,0,0,0,0,0,0,0,0,0,0,0,0,0,0,0,0,0,,,,,
FA08,52,2,15,17/03/2026 08:17:00,86.67%,0,0,0,0,0,0,0,0,0,0,0,0,0,0,1,0,0,0,0,0,0,0,0,0,0,0,0,0,1,0,0,0,0,0,,,,,
FA08,40,0,15,17/03/2026 08:14:00,100.00%,0,0,0,0,0,0,0,0,0,0,0,0,0,0,0,0,0,0,0,0,0,0,0,0,0,0,0,0,0,0,0,0,0,0,,,,,
FA08,52,1,15,17/03/2026 08:12:00,93.33%,0,0,0,0,0,0,0,0,0,0,0,0,0,0,0,0,0,0,0,0,0,0,0,0,0,0,0,0,1,0,0,0,0,0,,,,,
FA08,38,2,15,13/03/2026 23:15:00,86.67%,0,0,0,0,0,0,2,0,0,0,0,0,0,0,0,0,0,0,0,0,0,0,0,0,0,0,0,0,0,0,0,0,0,0,,,,,
FA08,51,2,15,13/03/2026 23:14:00,86.67%,0,0,0,0,0,0,2,0,0,0,0,0,0,0,0,0,0,0,0,0,0,0,0,0,0,0,0,0,0,0,0,0,0,0,,,,,
FA08,39,0,15,13/03/2026 23:11:00,100.00%,0,0,0,0,0,0,0,0,0,0,0,0,0,0,0,0,0,0,0,0,0,0,0,0,0,0,0,0,0,0,0,0,0,0,,,,,
PR20,81,5,24,13/03/2026 23:10:00,79.17%,1400,1520,50,100,5,0,0,0,0,0,0,0,0,0,0,0,0,0,0,0,0,0,0,0,0,0,0,0,0,0,0,0,0,0,,,,,
FA08,40,1,15,13/03/2026 22:56:00,93.33%,0,0,0,0,0,0,1,0,0,0,0,0,0,0,0,0,0,0,0,0,0,0,0,0,0,0,0,0,0,0,0,0,0,0,,,,,
DC-I,67,1,16,13/03/2026 22:47:00,93.75%,0,0,0,0,0,0,0,0,0,0,0,0,0,0,0,0,0,0,0,0,0,0,0,0,0,0,1,0,0,0,0,0,0,0,,,,,
FA08,38,4,15,13/03/2026 22:44:00,73.33%,0,0,0,0,0,0,4,0,0,0,0,0,0,0,0,0,0,0,0,0,0,0,0,0,0,0,0,0,0,0,0,0,0,0,,,,,
PR20,80,11,24,13/03/2026 22:41:00,54.17%,1400,1520,50,100,8,0,0,0,0,0,0,0,0,0,0,0,0,0,3,0,0,0,0,0,0,0,0,0,0,0,0,0,0,0,,,,,
DC-I,65,2,16,13/03/2026 22:40:00,87.50%,0,0,0,0,1,0,0,0,0,0,0,0,0,0,0,0,0,0,0,0,0,0,0,0,0,0,1,0,0,0,0,0,0,0,,,,,
FA08,38,2,15,13/03/2026 22:40:00,86.67%,0,0,0,0,0,0,1,0,0,0,0,0,0,0,0,0,0,0,1,0,0,0,0,0,0,0,0,0,0,0,0,0,0,0,,,,,
FA08,40,0,15,13/03/2026 22:27:00,100.00%,0,0,0,0,0,0,0,0,0,0,0,0,0,0,0,0,0,0,0,0,0,0,0,0,0,0,0,0,0,0,0,0,0,0,,,,,
PR20,83,16,24,13/03/2026 22:25:00,33.33%,1400,1520,50,100,14,0,0,0,0,0,0,0,0,0,0,0,0,0,2,0,0,0,0,0,0,0,0,0,0,0,0,0,0,0,,,,,
DC-I,67,2,16,13/03/2026 22:13:00,87.50%,0,0,0,0,2,0,0,0,0,0,0,0,0,0,0,0,0,0,0,0,0,0,0,0,0,0,0,0,0,0,0,0,0,0,,,,,
DC-I,68,3,16,13/03/2026 22:09:00,81.25%,0,0,0,0,1,0,2,0,0,0,0,0,0,0,0,0,0,0,0,0,0,0,0,0,0,0,0,0,0,0,0,0,0,0,,,,,
FA08,38,4,15,13/03/2026 22:07:00,73.33%,0,0,0,0,2,0,1,0,0,0,0,0,0,0,0,0,0,0,0,0,0,0,0,0,0,0,0,0,1,0,0,0,0,0,,,,,
DC-I,68,2,16,13/03/2026 22:05:00,87.50%,0,0,0,0,2,0,0,0,0,0,0,0,0,0,0,0,0,0,0,0,0,0,0,0,0,0,0,0,0,0,0,0,0,0,,,,,
DC-I,65,2,16,13/03/2026 22:02:00,87.50%,0,0,0,0,0,0,2,0,0,0,0,0,0,0,0,0,0,0,0,0,0,0,0,0,0,0,0,0,0,0,0,0,0,0,,,,,
FA08,39,3,15,13/03/2026 22:00:00,80.00%,0,0,0,0,0,0,3,0,0,0,0,0,0,0,0,0,0,0,0,0,0,0,0,0,0,0,0,0,0,0,0,0,0,0,,,,,
FA08,38,4,15,13/03/2026 21:58:00,73.33%,0,0,0,0,4,0,0,0,0,0,0,0,0,0,0,0,0,0,0,0,0,0,0,0,0,0,0,0,0,0,0,0,0,0,,,,,
FA08,51,1,15,13/03/2026 21:55:00,93.33%,0,0,0,0,0,0,1,0,0,0,0,0,0,0,0,0,0,0,0,0,0,0,0,0,0,0,0,0,0,0,0,0,0,0,,,,,
PR20,81,10,24,13/03/2026 21:52:00,58.33%,1400,1520,50,100,8,0,0,0,0,0,0,0,0,0,0,0,0,0,2,0,0,0,0,0,0,0,0,0,0,0,0,0,0,0,,,,,
FA08,38,2,15,13/03/2026 21:39:00,86.67%,0,0,0,0,1,0,1,0,0,0,0,0,0,0,0,0,0,0,0,0,0,0,0,0,0,0,0,0,0,0,0,0,0,0,,,,,
FA08,38,0,15,13/03/2026 21:30:00,100.00%,0,0,0,0,0,0,0,0,0,0,0,0,0,0,0,0,0,0,0,0,0,0,0,0,0,0,0,0,0,0,0,0,0,0,,,,,
FA08,39,0,15,13/03/2026 21:28:00,100.00%,0,0,0,0,0,0,0,0,0,0,0,0,0,0,0,0,0,0,0,0,0,0,0,0,0,0,0,0,0,0,0,0,0,0,,,,,
PR20,83,15,24,13/03/2026 21:24:00,37.50%,1400,1520,50,100,15,0,0,0,0,0,0,0,0,0,0,0,0,0,0,0,0,0,0,0,0,0,0,0,0,0,0,0,0,0,,,,,
FA08,51,2,15,13/03/2026 21:13:00,86.67%,0,0,0,0,0,2,0,0,0,0,0,0,0,0,0,0,0,0,0,0,0,0,0,0,0,0,0,0,0,0,0,0,0,0,,,,,
FA08,38,3,15,13/03/2026 21:03:00,80.00%,0,0,0,0,3,0,0,0,0,0,0,0,0,0,0,0,0,0,0,0,0,0,0,0,0,0,0,0,0,0,0,0,0,0,,,,,
PR20,80,6,24,13/03/2026 21:00:00,75.00%,1400,1520,50,100,5,0,0,0,0,1,0,0,0,0,0,0,0,0,0,0,0,0,0,0,0,0,0,0,0,0,0,0,0,0,,,,,
FA08,40,1,15,13/03/2026 20:51:00,93.33%,0,0,0,0,0,0,1,0,0,0,0,0,0,0,0,0,0,0,0,0,0,0,0,0,0,0,0,0,0,0,0,0,0,0,,,,,
FA08,39,3,15,13/03/2026 20:44:00,80.00%,0,0,0,0,0,0,3,0,0,0,0,0,0,0,0,0,0,0,0,0,0,0,0,0,0,0,0,0,0,0,0,0,0,0,,,,,
PR20,82,7,24,13/03/2026 20:41:00,70.83%,1400,1520,50,100,5,0,2,0,0,0,0,0,0,0,0,0,0,0,0,0,0,0,0,0,0,0,0,0,0,0,0,0,0,0,,,,,
FA08,51,0,15,13/03/2026 20:37:00,100.00%,0,0,0,0,0,0,0,0,0,0,0,0,0,0,0,0,0,0,0,0,0,0,0,0,0,0,0,0,0,0,0,0,0,0,,,,,
FA08,38,2,15,13/03/2026 20:34:00,86.67%,0,0,0,0,1,0,1,0,0,0,0,0,0,0,0,0,0,0,0,0,0,0,0,0,0,0,0,0,0,0,0,0,0,0,,,,,
PR20,83,8,24,13/03/2026 20:28:00,66.67%,1400,1520,50,100,6,1,0,0,0,0,0,0,0,0,0,0,0,0,1,0,0,0,0,0,0,0,0,0,0,0,0,0,0,0,,,,,
FA08,38,4,15,13/03/2026 20:19:00,73.33%,0,0,0,0,2,0,2,0,0,0,0,0,0,0,0,0,0,0,0,0,0,0,0,0,0,0,0,0,0,0,0,0,0,0,,,,,
FA08,39,3,15,13/03/2026 20:11:00,80.00%,0,0,0,0,0,0,3,0,0,0,0,0,0,0,0,0,0,0,0,0,0,0,0,0,0,0,0,0,0,0,0,0,0,0,,,,,
FA08,40,1,15,13/03/2026 20:04:00,93.33%,0,0,0,0,0,0,1,0,0,0,0,0,0,0,0,0,0,0,0,0,0,0,0,0,0,0,0,0,0,0,0,0,0,0,,,,,
PR20,82,8,24,13/03/2026 20:03:00,66.67%,1400,1520,50,100,5,0,2,0,0,0,0,0,0,0,0,0,0,0,0,0,0,0,0,0,0,1,0,0,0,0,0,0,0,0,,,,,
FA08,51,1,15,13/03/2026 20:00:00,93.33%,0,0,0,0,0,0,1,0,0,0,0,0,0,0,0,0,0,0,0,0,0,0,0,0,0,0,0,0,0,0,0,0,0,0,,,,,
PR20,80,4,24,13/03/2026 19:57:00,83.33%,1400,1520,50,100,3,0,0,0,0,1,0,0,0,0,0,0,0,0,0,0,0,0,0,0,0,0,0,0,0,0,0,0,0,0,,,,,
ROUTER,71,1,20,13/03/2026 19:52:00,95.00%,0,0,0,0,0,0,0,0,0,0,0,0,0,0,0,0,0,0,1,0,0,0,0,0,0,0,0,0,0,0,0,0,0,0,,,,,
FA08,39,1,15,13/03/2026 19:36:00,93.33%,0,0,0,0,0,0,1,0,0,0,0,0,0,0,0,0,0,0,0,0,0,0,0,0,0,0,0,0,0,0,0,0,0,0,,,,,
FA08,38,4,15,13/03/2026 19:23:00,73.33%,0,0,0,0,3,0,1,0,0,0,0,0,0,0,0,0,0,0,0,0,0,0,0,0,0,0,0,0,0,0,0,0,0,0,,,,,
FA08,40,3,15,13/03/2026 19:20:00,80.00%,0,0,0,0,0,0,3,0,0,0,0,0,0,0,0,0,0,0,0,0,0,0,0,0,0,0,0,0,0,0,0,0,0,0,,,,,
FA08,51,5,15,13/03/2026 19:17:00,66.67%,0,0,0,0,0,0,5,0,0,0,0,0,0,0,0,0,0,0,0,0,0,0,0,0,0,0,0,0,0,0,0,0,0,0,,,,,
PR20,81,7,24,13/03/2026 19:04:00,70.83%,1400,1520,50,100,5,0,0,0,0,0,0,0,0,0,0,0,0,0,2,0,0,0,0,0,0,0,0,0,0,0,0,0,0,0,,,,,
ROUTER,73,0,20,13/03/2026 19:00:00,100.00%,0,0,0,0,0,0,0,0,0,0,0,0,0,0,0,0,0,0,0,0,0,0,0,0,0,0,0,0,0,0,0,0,0,0,,,,,
FA08,38,5,15,13/03/2026 18:15:00,66.67%,0,0,0,0,3,0,2,0,0,0,0,0,0,0,0,0,0,0,0,0,0,0,0,0,0,0,0,0,0,0,0,0,0,0,,,,,
PR20,80,4,24,13/03/2026 18:13:00,83.33%,1400,1520,50,100,3,1,0,0,0,0,0,0,0,0,0,0,0,0,0,0,0,0,0,0,0,0,0,0,0,0,0,0,0,0,,,,,
PR20,83,8,24,13/03/2026 18:01:00,66.67%,1400,1520,50,100,6,2,0,0,0,0,0,0,0,0,0,0,0,0,0,0,0,0,0,0,0,0,0,0,0,0,0,0,0,0,,,,,
ROUTER,71,0,20,13/03/2026 17:46:00,100.00%,0,0,0,0,0,0,0,0,0,0,0,0,0,0,0,0,0,0,0,0,0,0,0,0,0,0,0,0,0,0,0,0,0,0,,,,,
PR20,82,12,24,13/03/2026 17:06:00,50.00%,1400,1520,50,100,12,0,0,0,0,0,0,0,0,0,0,0,0,0,0,0,0,0,0,0,0,0,0,0,0,0,0,0,0,0,,,,,
PR20,81,15,24,13/03/2026 16:59:00,37.50%,1400,1520,50,100,14,0,1,0,0,0,0,0,0,0,0,0,0,0,0,0,0,0,0,0,0,0,0,0,0,0,0,0,0,0,,,,,
PR20,81,10,24,13/03/2026 16:03:00,58.33%,1400,1520,50,100,10,0,0,0,0,0,0,0,0,0,0,0,0,0,0,0,0,0,0,0,0,0,0,0,0,0,0,0,0,0,,,,,
ROUTER,73,4,20,13/03/2026 16:00:00,80.00%,0,0,0,0,0,0,0,0,0,0,0,0,0,0,0,0,0,0,1,0,0,1,0,0,0,0,2,0,0,0,0,0,0,0,,,,,
PR20,80,12,24,13/03/2026 15:51:00,50.00%,1400,1520,50,100,12,0,0,0,0,0,0,0,0,0,0,0,0,0,0,0,0,0,0,0,0,0,0,0,0,0,0,0,0,0,,,,,
DC-I,67,4,16,13/03/2026 15:34:00,75.00%,0,0,0,0,4,0,0,0,0,0,0,0,0,0,0,0,0,0,0,0,0,0,0,0,0,0,0,0,0,0,0,0,0,0,,,,,
DC-I,66,6,16,13/03/2026 15:31:00,62.50%,0,0,0,0,0,1,5,0,0,0,0,0,0,0,0,0,0,0,0,0,0,0,0,0,0,0,0,0,0,0,0,0,0,0,,,,,
PR20,82,3,24,13/03/2026 15:29:00,87.50%,1400,1520,50,100,3,0,0,0,0,0,0,0,0,0,0,0,0,0,0,0,0,0,0,0,0,0,0,0,0,0,0,0,0,0,,,,,
DC-I,69,3,16,13/03/2026 15:21:00,81.25%,0,0,0,0,0,0,3,0,0,0,0,0,0,0,0,0,0,0,0,0,0,0,0,0,0,0,0,0,0,0,0,0,0,0,,,,,
FA08,51,2,15,13/03/2026 15:19:00,86.67%,0,0,0,0,0,0,0,0,0,0,0,0,0,0,2,0,0,0,0,0,0,0,0,0,0,0,0,0,0,0,0,0,0,0,,,,,
P10,134,2,40,13/03/2026 14:58:00,95.00%,2000,880,45,50,0,0,2,0,0,0,0,0,0,0,0,0,0,0,0,0,0,0,0,0,0,0,0,0,0,0,0,0,0,0,,,,,
P10,135,4,40,13/03/2026 14:57:00,90.00%,2000,80,45,50,0,0,4,0,0,0,0,0,0,0,0,0,0,0,0,0,0,0,0,0,0,0,0,0,0,0,0,0,0,0,,,,,
P10,134,2,40,13/03/2026 14:57:00,95.00%,2000,880,45,50,0,0,2,0,0,0,0,0,0,0,0,0,0,0,0,0,0,0,0,0,0,0,0,0,0,0,0,0,0,0,,,,,
FA08,38,2,15,13/03/2026 14:55:00,86.67%,0,0,0,0,2,0,0,0,0,0,0,0,0,0,0,0,0,0,0,0,0,0,0,0,0,0,0,0,0,0,0,0,0,0,,,,,
FA08,40,5,15,13/03/2026 14:55:00,66.67%,0,0,0,0,2,0,0,0,0,0,0,0,0,0,0,0,0,0,3,0,0,0,0,0,0,0,0,0,0,0,0,0,0,0,,,,,
P10,134,1,40,13/03/2026 14:55:00,97.50%,2000,880,45,50,0,0,1,0,0,0,0,0,0,0,0,0,0,0,0,0,0,0,0,0,0,0,0,0,0,0,0,0,0,0,,,,,
P10,134,2,40,13/03/2026 14:53:00,95.00%,2000,880,45,50,0,0,1,0,0,0,0,0,1,0,0,0,0,0,0,0,0,0,0,0,0,0,0,0,0,0,0,0,0,0,,,,,
P10,135,3,40,13/03/2026 14:50:00,92.50%,2000,80,45,50,0,0,2,0,0,0,0,0,0,0,0,0,0,0,1,0,0,0,0,0,0,0,0,0,0,0,0,0,0,0,,,,,
PR20,81,20,24,13/03/2026 14:48:00,16.67%,1400,1520,50,100,20,0,0,0,0,0,0,0,0,0,0,0,0,0,0,0,0,0,0,0,0,0,0,0,0,0,0,0,0,0,,,,,
PR20,81,4,24,13/03/2026 14:35:00,83.33%,1400,1520,50,100,4,0,0,0,0,0,0,0,0,0,0,0,0,0,0,0,0,0,0,0,0,0,0,0,0,0,0,0,0,0,,,,,
FA08,51,3,15,13/03/2026 14:34:00,80.00%,0,0,0,0,0,0,0,0,0,0,0,0,0,0,0,0,0,0,0,0,0,0,0,0,0,0,0,0,3,0,0,0,0,0,,,,,
DC-I,67,5,16,13/03/2026 14:27:00,68.75%,0,0,0,0,5,0,0,0,0,0,0,0,0,0,0,0,0,0,0,0,0,0,0,0,0,0,0,0,0,0,0,0,0,0,,,,,
FA08,52,4,15,13/03/2026 14:21:00,73.33%,0,0,0,0,0,0,0,0,0,0,0,0,0,0,1,0,0,0,0,0,0,0,0,0,0,0,0,0,3,0,0,0,0,0,,,,,
FA08,38,5,15,13/03/2026 14:16:00,66.67%,0,0,0,0,3,0,0,0,0,0,0,0,0,0,0,0,0,0,2,0,0,0,0,0,0,0,0,0,0,0,0,0,0,0,,,,,
DC-I,66,3,16,13/03/2026 14:14:00,81.25%,0,0,0,0,0,0,3,0,0,0,0,0,0,0,0,0,0,0,0,0,0,0,0,0,0,0,0,0,0,0,0,0,0,0,,,,,
DC-I,68,2,16,13/03/2026 14:09:00,87.50%,0,0,0,0,2,0,0,0,0,0,0,0,0,0,0,0,0,0,0,0,0,0,0,0,0,0,0,0,0,0,0,0,0,0,,,,,
FA08,40,1,15,13/03/2026 14:08:00,93.33%,0,0,0,0,0,0,0,0,0,0,0,0,0,0,0,0,0,0,0,0,0,0,0,1,0,0,0,0,0,0,0,0,0,0,,,,,
FA08,52,1,15,13/03/2026 14:08:00,93.33%,0,0,0,0,0,0,0,0,0,0,0,0,0,0,0,0,0,0,0,0,0,0,0,0,0,0,0,0,1,0,0,0,0,0,,,,,
DC-I,69,1,16,13/03/2026 14:05:00,93.75%,0,0,0,0,0,0,1,0,0,0,0,0,0,0,0,0,0,0,0,0,0,0,0,0,0,0,0,0,0,0,0,0,0,0,,,,,
DC-I,69,3,16,13/03/2026 14:03:00,81.25%,0,0,0,0,0,0,3,0,0,0,0,0,0,0,0,0,0,0,0,0,0,0,0,0,0,0,0,0,0,0,0,0,0,0,,,,,
DC-I,65,2,16,13/03/2026 14:00:00,87.50%,0,0,0,0,2,0,0,0,0,0,0,0,0,0,0,0,0,0,0,0,0,0,0,0,0,0,0,0,0,0,0,0,0,0,,,,,
FA08,51,6,15,13/03/2026 13:58:00,60.00%,0,0,0,0,0,0,0,0,0,0,0,0,0,0,4,0,0,0,0,0,0,0,0,0,0,0,0,0,2,0,0,0,0,0,,,,,
FA08,51,6,15,13/03/2026 13:57:00,60.00%,0,0,0,0,0,0,0,0,0,0,0,0,0,0,4,0,0,0,0,0,0,0,0,0,0,0,0,0,2,0,0,0,0,0,,,,,
FA08,38,4,15,13/03/2026 13:57:00,73.33%,0,0,0,0,0,2,0,0,0,0,0,0,0,0,0,0,0,0,0,0,0,0,0,0,0,0,2,0,0,0,0,0,0,0,,,,,
FA08,40,5,15,13/03/2026 13:18:00,66.67%,0,0,0,0,5,0,0,0,0,0,0,0,0,0,0,0,0,0,0,0,0,0,0,0,0,0,0,0,0,0,0,0,0,0,,,,,
FA08,40,1,15,13/03/2026 13:18:00,93.33%,0,0,0,0,0,0,1,0,0,0,0,0,0,0,0,0,0,0,0,0,0,0,0,0,0,0,0,0,0,0,0,0,0,0,,,,,
DC-I,69,4,16,13/03/2026 13:05:00,75.00%,0,0,0,0,0,0,4,0,0,0,0,0,0,0,0,0,0,0,0,0,0,0,0,0,0,0,0,0,0,0,0,0,0,0,,,,,
FA08,51,4,15,13/03/2026 13:00:00,73.33%,0,0,0,0,0,2,2,0,0,0,0,0,0,0,0,0,0,0,0,0,0,0,0,0,0,0,0,0,0,0,0,0,0,0,,,,,
DC-I,65,3,16,13/03/2026 12:58:00,81.25%,0,0,0,0,2,0,1,0,0,0,0,0,0,0,0,0,0,0,0,0,0,0,0,0,0,0,0,0,0,0,0,0,0,0,,,,,
FA08,40,4,15,13/03/2026 12:53:00,73.33%,0,0,0,0,0,0,3,0,0,0,0,0,0,0,0,0,0,1,0,0,0,0,0,0,0,0,0,0,0,0,0,0,0,0,,,,,
DC-I,69,4,16,13/03/2026 12:49:00,75.00%,0,0,0,0,0,0,4,0,0,0,0,0,0,0,0,0,0,0,0,0,0,0,0,0,0,0,0,0,0,0,0,0,0,0,,,,,
FA08,38,3,15,13/03/2026 12:45:00,80.00%,0,0,0,0,2,0,1,0,0,0,0,0,0,0,0,0,0,0,0,0,0,0,0,0,0,0,0,0,0,0,0,0,0,0,,,,,
FA08,51,3,15,13/03/2026 12:41:00,80.00%,0,0,0,0,0,3,0,0,0,0,0,0,0,0,0,0,0,0,0,0,0,0,0,0,0,0,0,0,0,0,0,0,0,0,,,,,
DC-I,65,1,16,13/03/2026 12:32:00,93.75%,0,0,0,0,0,0,1,0,0,0,0,0,0,0,0,0,0,0,0,0,0,0,0,0,0,0,0,0,0,0,0,0,0,0,,,,,
PR20,82,5,24,13/03/2026 12:31:00,79.17%,0,0,0,0,4,0,0,0,0,1,0,0,0,0,0,0,0,0,0,0,0,0,0,0,0,0,0,0,0,0,0,0,0,0,,,,,
DC-I,67,4,16,13/03/2026 12:27:00,75.00%,0,0,0,0,3,0,1,0,0,0,0,0,0,0,0,0,0,0,0,0,0,0,0,0,0,0,0,0,0,0,0,0,0,0,,,,,
PR20,80,3,24,13/03/2026 12:20:00,87.50%,0,0,0,0,3,0,0,0,0,0,0,0,0,0,0,0,0,0,0,0,0,0,0,0,0,0,0,0,0,0,0,0,0,0,,,,,
DC-I,65,0,16,13/03/2026 12:12:00,100.00%,0,0,0,0,0,0,0,0,0,0,0,0,0,0,0,0,0,0,0,0,0,0,0,0,0,0,0,0,0,0,0,0,0,0,,,,,
PR20,83,7,24,13/03/2026 11:24:00,70.83%,0,0,0,0,4,0,0,0,0,0,0,0,0,0,0,0,0,0,3,0,0,0,0,0,0,0,0,0,0,0,0,0,0,0,,,,,
PR20,82,4,24,13/03/2026 11:22:00,83.33%,0,0,0,0,4,0,0,0,0,0,0,0,0,0,0,0,0,0,0,0,0,0,0,0,0,0,0,0,0,0,0,0,0,0,,,,,
PR20,80,2,24,13/03/2026 11:13:00,91.67%,0,0,0,0,2,0,0,0,0,0,0,0,0,0,0,0,0,0,0,0,0,0,0,0,0,0,0,0,0,0,0,0,0,0,,,,,
DC-I,66,1,16,13/03/2026 11:10:00,93.75%,0,0,0,0,0,0,1,0,0,0,0,0,0,0,0,0,0,0,0,0,0,0,0,0,0,0,0,0,0,0,0,0,0,0,,,,,
DC-I,66,3,16,13/03/2026 11:05:00,81.25%,0,0,0,0,0,0,3,0,0,0,0,0,0,0,0,0,0,0,0,0,0,0,0,0,0,0,0,0,0,0,0,0,0,0,,,,,
DC-I,69,0,16,13/03/2026 11:03:00,100.00%,0,0,0,0,0,0,0,0,0,0,0,0,0,0,0,0,0,0,0,0,0,0,0,0,0,0,0,0,0,0,0,0,0,0,,,,,
DC-I,67,5,16,13/03/2026 11:02:00,68.75%,0,0,0,0,5,0,0,0,0,0,0,0,0,0,0,0,0,0,0,0,0,0,0,0,0,0,0,0,0,0,0,0,0,0,,,,,
DC-I,66,2,16,13/03/2026 11:01:00,87.50%,0,0,0,0,0,0,2,0,0,0,0,0,0,0,0,0,0,0,0,0,0,0,0,0,0,0,0,0,0,0,0,0,0,0,,,,,
DC-I,67,6,16,13/03/2026 10:59:00,62.50%,0,0,0,0,4,0,2,0,0,0,0,0,0,0,0,0,0,0,0,0,0,0,0,0,0,0,0,0,0,0,0,0,0,0,,,,,
DC-I,66,0,16,13/03/2026 10:47:00,100.00%,0,0,0,0,0,0,0,0,0,0,0,0,0,0,0,0,0,0,0,0,0,0,0,0,0,0,0,0,0,0,0,0,0,0,,,,,
DC-I,68,4,16,13/03/2026 10:45:00,75.00%,0,0,0,0,1,0,2,0,0,0,0,0,0,0,1,0,0,0,0,0,0,0,0,0,0,0,0,0,0,0,0,0,0,0,,,,,
PR20,82,5,24,13/03/2026 10:44:00,79.17%,0,0,0,0,5,0,0,0,0,0,0,0,0,0,0,0,0,0,0,0,0,0,0,0,0,0,0,0,0,0,0,0,0,0,,,,,
DC-I,68,1,16,13/03/2026 10:41:00,93.75%,0,0,0,0,1,0,0,0,0,0,0,0,0,0,0,0,0,0,0,0,0,0,0,0,0,0,0,0,0,0,0,0,0,0,,,,,
PR20,80,10,24,13/03/2026 10:33:00,58.33%,0,0,0,0,10,0,0,0,0,0,0,0,0,0,0,0,0,0,0,0,0,0,0,0,0,0,0,0,0,0,0,0,0,0,,,,,
DC-I,65,0,16,13/03/2026 10:19:00,100.00%,0,0,0,0,0,0,0,0,0,0,0,0,0,0,0,0,0,0,0,0,0,0,0,0,0,0,0,0,0,0,0,0,0,0,,,,,
0,89,2,0,13/03/2026 10:18:00,0,0,0,0,0,1,0,1,0,0,0,0,0,0,0,0,0,0,0,0,0,0,0,0,0,0,0,0,0,0,0,0,0,0,0,,,,,
DC-I,69,1,16,13/03/2026 10:16:00,93.75%,0,0,0,0,0,0,1,0,0,0,0,0,0,0,0,0,0,0,0,0,0,0,0,0,0,0,0,0,0,0,0,0,0,0,,,,,
DC-I,69,1,16,13/03/2026 10:13:00,93.75%,0,0,0,0,0,0,0,0,0,0,0,0,0,0,1,0,0,0,0,0,0,0,0,0,0,0,0,0,0,0,0,0,0,0,,,,,
PR20,80,9,24,13/03/2026 10:13:00,62.50%,0,0,0,0,8,0,1,0,0,0,0,0,0,0,0,0,0,0,0,0,0,0,0,0,0,0,0,0,0,0,0,0,0,0,,,,,
PR20,81,8,24,13/03/2026 10:01:00,66.67%,0,0,0,0,8,0,0,0,0,0,0,0,0,0,0,0,0,0,0,0,0,0,0,0,0,0,0,0,0,0,0,0,0,0,,,,,
DC-I,66,10,16,13/03/2026 09:55:00,37.50%,0,0,0,0,0,4,6,0,0,0,0,0,0,0,0,0,0,0,0,0,0,0,0,0,0,0,0,0,0,0,0,0,0,0,,,,,
PR20,82,15,24,13/03/2026 09:47:00,37.50%,0,0,0,0,15,0,0,0,0,0,0,0,0,0,0,0,0,0,0,0,0,0,0,0,0,0,0,0,0,0,0,0,0,0,,,,,
DC-I,68,2,16,13/03/2026 09:46:00,87.50%,0,0,0,0,1,0,1,0,0,0,0,0,0,0,0,0,0,0,0,0,0,0,0,0,0,0,0,0,0,0,0,0,0,0,,,,,
PR20,80,9,24,13/03/2026 09:41:00,62.50%,0,0,0,0,9,0,0,0,0,0,0,0,0,0,0,0,0,0,0,0,0,0,0,0,0,0,0,0,0,0,0,0,0,0,,,,,
DC-I,67,0,16,13/03/2026 09:16:00,100.00%,0,0,0,0,0,0,0,0,0,0,0,0,0,0,0,0,0,0,0,0,0,0,0,0,0,0,0,0,0,0,0,0,0,0,,,,,
DC-I,69,0,16,13/03/2026 09:15:00,100.00%,0,0,0,0,0,0,0,0,0,0,0,0,0,0,0,0,0,0,0,0,0,0,0,0,0,0,0,0,0,0,0,0,0,0,,,,,
DC-I,65,4,16,13/03/2026 09:15:00,75.00%,0,0,0,0,4,0,0,0,0,0,0,0,0,0,0,0,0,0,0,0,0,0,0,0,0,0,0,0,0,0,0,0,0,0,,,,,
DC-I,68,5,16,13/03/2026 09:15:00,68.75%,0,0,0,0,5,0,0,0,0,0,0,0,0,0,0,0,0,0,0,0,0,0,0,0,0,0,0,0,0,0,0,0,0,0,,,,,
DC-I,68,9,16,13/03/2026 08:13:00,43.75%,0,0,0,0,9,0,0,0,0,0,0,0,0,0,0,0,0,0,0,0,0,0,0,0,0,0,0,0,0,0,0,0,0,0,,,,,
PR20,82,3,24,13/03/2026 07:59:00,87.50%,0,0,0,0,3,0,0,0,0,0,0,0,0,0,0,0,0,0,0,0,0,0,0,0,0,0,0,0,0,0,0,0,0,0,,,,,
DC-I,65,0,16,13/03/2026 07:52:00,100.00%,0,0,0,0,0,0,0,0,0,0,0,0,0,0,0,0,0,0,0,0,0,0,0,0,0,0,0,0,0,0,0,0,0,0,,,,,
DC-I,67,1,16,13/03/2026 07:50:00,93.75%,0,0,0,0,1,0,0,0,0,0,0,0,0,0,0,0,0,0,0,0,0,0,0,0,0,0,0,0,0,0,0,0,0,0,,,,,
DC-I,66,4,16,13/03/2026 07:39:00,75.00%,0,0,0,0,3,0,1,0,0,0,0,0,0,0,0,0,0,0,0,0,0,0,0,0,0,0,0,0,0,0,0,0,0,0,,,,,
DC-I,69,5,16,13/03/2026 07:34:00,68.75%,0,0,0,0,0,0,5,0,0,0,0,0,0,0,0,0,0,0,0,0,0,0,0,0,0,0,0,0,0,0,0,0,0,0,,,,,
DC-I,67,1,16,13/03/2026 07:31:00,93.75%,0,0,0,0,1,0,0,0,0,0,0,0,0,0,0,0,0,0,0,0,0,0,0,0,0,0,0,0,0,0,0,0,0,0,,,,,
DC-I,68,7,16,13/03/2026 07:29:00,100.00%,0,0,0,0,7,0,0,0,0,0,0,0,0,0,0,0,0,0,0,0,0,0,0,0,0,0,0,0,0,0,0,0,0,0,,,,,
DC-I,69,1,16,13/03/2026 07:28:00,93.75%,0,0,0,0,0,0,1,0,0,0,0,0,0,0,0,0,0,0,0,0,0,0,0,0,0,0,0,0,0,0,0,0,0,0,,,,,
FA08,52,3,15,13/03/2026 07:13:00,80.00%,0,0,0,0,0,0,0,0,0,0,0,0,0,0,0,0,0,0,0,0,0,0,0,0,0,0,0,0,3,0,0,0,0,0,,,,,
FA08,51,2,15,13/03/2026 07:08:00,86.67%,0,0,0,0,0,0,1,0,0,0,0,0,0,0,0,0,0,0,0,0,0,0,0,0,0,0,0,0,1,0,0,0,0,0,,,,,
DC-I,69,0,16,13/03/2026 06:59:00,100.00%,0,0,0,0,0,0,0,0,0,0,0,0,0,0,0,0,0,0,0,0,0,0,0,0,0,0,0,0,0,0,0,0,0,0,,,,,
DC-I,65,0,16,13/03/2026 06:57:00,100.00%,0,0,0,0,0,0,0,0,0,0,0,0,0,0,0,0,0,0,0,0,0,0,0,0,0,0,0,0,0,0,0,0,0,0,,,,,
ROUTER,70,12,20,12/03/2026 23:07:00,40.00%,0,0,0,0,12,0,0,0,0,0,0,0,0,0,0,0,0,0,0,0,0,0,0,0,0,0,0,0,0,0,0,0,0,0,,,,,
PR20,81,10,24,12/03/2026 23:00:00,58.33%,0,0,0,0,10,0,0,0,0,0,0,0,0,0,0,0,0,0,0,0,0,0,0,0,0,0,0,0,0,0,0,0,0,0,,,,,
ROUTER,73,5,20,12/03/2026 22:43:00,75.00%,0,0,0,0,3,0,2,0,0,0,0,0,0,0,0,0,0,0,0,0,0,0,0,0,0,0,0,0,0,0,0,0,0,0,,,,,
PR20,80,9,24,12/03/2026 22:25:00,62.50%,0,0,0,0,8,0,1,0,0,0,0,0,0,0,0,0,0,0,0,0,0,0,0,0,0,0,0,0,0,0,0,0,0,0,,,,,
ROUTER,70,8,20,12/03/2026 21:55:00,60.00%,0,0,0,0,8,0,0,0,0,0,0,0,0,0,0,0,0,0,0,0,0,0,0,0,0,0,0,0,0,0,0,0,0,0,,,,,
PR20,81,9,24,12/03/2026 21:50:00,62.50%,0,0,0,0,7,0,2,0,0,0,0,0,0,0,0,0,0,0,0,0,0,0,0,0,0,0,0,0,0,0,0,0,0,0,,,,,
ROUTER,71,4,20,12/03/2026 21:44:00,80.00%,0,0,0,0,4,0,0,0,0,0,0,0,0,0,0,0,0,0,0,0,0,0,0,0,0,0,0,0,0,0,0,0,0,0,,,,,
PR20,82,10,24,12/03/2026 21:40:00,58.33%,0,0,0,0,10,0,0,0,0,0,0,0,0,0,0,0,0,0,0,0,0,0,0,0,0,0,0,0,0,0,0,0,0,0,,,,,
PR20,80,10,24,12/03/2026 20:53:00,58.33%,0,0,0,0,10,0,0,0,0,0,0,0,0,0,0,0,0,0,0,0,0,0,0,0,0,0,0,0,0,0,0,0,0,0,,,,,
ROUTER,70,7,20,12/03/2026 20:48:00,65.00%,0,0,0,0,7,0,0,0,0,0,0,0,0,0,0,0,0,0,0,0,0,0,0,0,0,0,0,0,0,0,0,0,0,0,,,,,
PR20,81,8,24,12/03/2026 20:35:00,66.67%,0,0,0,0,7,0,0,0,0,0,0,0,0,0,0,0,0,0,1,0,0,0,0,0,0,0,0,0,0,0,0,0,0,0,,,,,
ROUTER,73,6,20,12/03/2026 20:30:00,70.00%,0,0,0,0,0,0,6,0,0,0,0,0,0,0,0,0,0,0,0,0,0,0,0,0,0,0,0,0,0,0,0,0,0,0,,,,,
PR20,82,10,24,12/03/2026 20:23:00,58.33%,0,0,0,0,10,0,0,0,0,0,0,0,0,0,0,0,0,0,0,0,0,0,0,0,0,0,0,0,0,0,0,0,0,0,,,,,
PR20,81,9,24,12/03/2026 19:41:00,62.50%,0,0,0,0,5,0,2,0,0,1,0,0,0,0,0,0,0,0,0,0,0,0,0,0,0,0,1,0,0,0,0,0,0,0,,,,,
ROUTER,70,13,20,12/03/2026 19:36:00,35.00%,0,0,0,0,13,0,0,0,0,0,0,0,0,0,0,0,0,0,0,0,0,0,0,0,0,0,0,0,0,0,0,0,0,0,,,,,
PR20,82,7,24,12/03/2026 18:58:00,70.83%,0,0,0,0,6,0,0,0,0,0,0,0,0,0,0,0,0,0,1,0,0,0,0,0,0,0,0,0,0,0,0,0,0,0,,,,,
ROUTER,71,6,20,12/03/2026 18:52:00,70.00%,0,0,0,0,2,0,4,0,0,0,0,0,0,0,0,0,0,0,0,0,0,0,0,0,0,0,0,0,0,0,0,0,0,0,,,,,
PR20,80,9,24,12/03/2026 18:02:00,62.50%,0,0,0,0,7,0,0,0,0,0,0,0,0,0,0,0,0,0,2,0,0,0,0,0,0,0,0,0,0,0,0,0,0,0,,,,,
PR20,81,10,24,12/03/2026 17:52:00,58.33%,0,0,0,0,10,0,0,0,0,0,0,0,0,0,0,0,0,0,0,0,0,0,0,0,0,0,0,0,0,0,0,0,0,0,,,,,
ROUTER,70,13,20,12/03/2026 17:16:00,35.00%,0,0,0,0,13,0,0,0,0,0,0,0,0,0,0,0,0,0,0,0,0,0,0,0,0,0,0,0,0,0,0,0,0,0,,,,,
PR20,82,2,24,12/03/2026 17:11:00,91.67%,0,0,0,0,2,0,0,0,0,0,0,0,0,0,0,0,0,0,0,0,0,0,0,0,0,0,0,0,0,0,0,0,0,0,,,,,
ROUTER,71,5,20,12/03/2026 17:06:00,75.00%,0,0,0,0,5,0,0,0,0,0,0,0,0,0,0,0,0,0,0,0,0,0,0,0,0,0,0,0,0,0,0,0,0,0,,,,,
ROUTER,73,4,20,12/03/2026 17:04:00,80.00%,0,0,0,0,2,0,0,0,0,0,0,0,0,0,0,0,0,0,2,0,0,0,0,0,0,0,0,0,0,0,0,0,0,0,,,,,
PR20,81,11,24,12/03/2026 16:20:00,54.17%,0,0,0,0,10,0,1,0,0,0,0,0,0,0,0,0,0,0,0,0,0,0,0,0,0,0,0,0,0,0,0,0,0,0,,,,,
ROUTER,71,4,20,12/03/2026 16:03:00,80.00%,0,0,0,0,2,0,2,0,0,0,0,0,0,0,0,0,0,0,0,0,0,0,0,0,0,0,0,0,0,0,0,0,0,0,,,,,
PR20,82,7,24,12/03/2026 15:56:00,70.83%,0,0,0,0,7,0,0,0,0,0,0,0,0,0,0,0,0,0,0,0,0,0,0,0,0,0,0,0,0,0,0,0,0,0,,,,,
FA08,40,1,15,12/03/2026 15:17:00,93.33%,0,0,0,0,1,0,0,0,0,0,0,0,0,0,0,0,0,0,0,0,0,0,0,0,0,0,0,0,0,0,0,0,0,0,,,,,
FA08,52,4,15,12/03/2026 14:46:00,73.33%,0,0,0,0,0,0,0,0,0,0,0,0,0,0,0,0,0,0,0,0,0,0,0,0,0,0,0,0,4,0,0,0,0,0,,,,,
FA08,40,0,15,12/03/2026 14:35:00,100.00%,0,0,0,0,0,0,0,0,0,0,0,0,0,0,0,0,0,0,0,0,0,0,0,0,0,0,0,0,0,0,0,0,0,0,,,,,
FA08,51,2,15,12/03/2026 14:31:00,86.67%,0,0,0,0,0,0,0,0,0,0,0,0,0,0,0,0,0,0,0,0,0,0,0,0,0,0,0,0,2,0,0,0,0,0,,,,,
PR20,81,12,24,12/03/2026 14:25:00,50.00%,0,0,0,0,12,0,0,0,0,0,0,0,0,0,0,0,0,0,0,0,0,0,0,0,0,0,0,0,0,0,0,0,0,0,,,,,
FA08,52,3,15,12/03/2026 14:10:00,80.00%,0,0,0,0,0,0,0,0,0,0,0,0,0,0,0,0,0,0,0,0,0,0,0,0,0,0,0,0,3,0,0,0,0,0,,,,,
FA08,51,4,15,12/03/2026 14:02:00,73.33%,0,0,0,0,0,0,0,0,0,0,0,0,0,0,0,0,0,0,0,0,0,0,0,0,0,0,0,0,4,0,0,0,0,0,,,,,
PR20,82,4,24,12/03/2026 13:54:00,83.33%,0,0,0,0,4,0,0,0,0,0,0,0,0,0,0,0,0,0,0,0,0,0,0,0,0,0,0,0,0,0,0,0,0,0,,,,,
FA08,40,0,15,12/03/2026 13:44:00,100.00%,0,0,0,0,0,0,0,0,0,0,0,0,0,0,0,0,0,0,0,0,0,0,0,0,0,0,0,0,0,0,0,0,0,0,,,,,
PR20,80,15,24,12/03/2026 13:32:00,37.50%,0,0,0,0,11,0,3,0,0,1,0,0,0,0,0,0,0,0,0,0,0,0,0,0,0,0,0,0,0,0,0,0,0,0,,,,,
PR20,83,7,24,12/03/2026 13:23:00,70.83%,0,0,0,0,7,0,0,0,0,0,0,0,0,0,0,0,0,0,0,0,0,0,0,0,0,0,0,0,0,0,0,0,0,0,,,,,
FA08,51,0,15,12/03/2026 13:08:00,100.00%,0,0,0,0,0,0,0,0,0,0,0,0,0,0,0,0,0,0,0,0,0,0,0,0,0,0,0,0,0,0,0,0,0,0,,,,,
FA08,52,1,15,12/03/2026 12:56:00,93.33%,0,0,0,0,0,0,0,0,0,0,0,0,0,0,0,0,0,0,0,0,0,0,0,0,0,0,0,0,1,0,0,0,0,0,,,,,
PR20,81,11,24,12/03/2026 12:43:00,54.17%,0,0,0,0,10,0,1,0,0,0,0,0,0,0,0,0,0,0,0,0,0,0,0,0,0,0,0,0,0,0,0,0,0,0,,,,,
DC-I,67,4,16,12/03/2026 12:37:00,75.00%,0,0,0,0,4,0,0,0,0,0,0,0,0,0,0,0,0,0,0,0,0,0,0,0,0,0,0,0,0,0,0,0,0,0,,,,,
DC-I,69,0,16,12/03/2026 12:26:00,100.00%,0,0,0,0,0,0,0,0,0,0,0,0,0,0,0,0,0,0,0,0,0,0,0,0,0,0,0,0,0,0,0,0,0,0,,,,,
DC-I,65,1,16,12/03/2026 12:24:00,93.75%,0,0,0,0,1,0,0,0,0,0,0,0,0,0,0,0,0,0,0,0,0,0,0,0,0,0,0,0,0,0,0,0,0,0,,,,,
FA08,52,2,15,12/03/2026 10:06:00,86.67%,0,0,0,0,0,0,0,0,0,0,0,0,0,0,0,0,0,0,0,0,0,0,0,0,0,0,0,0,2,0,0,0,0,0,,,,,
FA08,40,0,15,12/03/2026 10:02:00,100.00%,0,0,0,0,0,0,0,0,0,0,0,0,0,0,0,0,0,0,0,0,0,0,0,0,0,0,0,0,0,0,0,0,0,0,,,,,
FA08,52,2,15,12/03/2026 09:58:00,86.67%,0,0,0,0,0,0,0,0,0,0,0,0,0,0,0,0,0,0,0,0,0,0,0,0,0,0,0,0,2,0,0,0,0,0,,,,,
FA08,40,0,15,12/03/2026 09:53:00,100.00%,0,0,0,0,0,0,0,0,0,0,0,0,0,0,0,0,0,0,0,0,0,0,0,0,0,0,0,0,0,0,0,0,0,0,,,,,
FA08,40,0,15,12/03/2026 09:53:00,100.00%,0,0,0,0,0,0,0,0,0,0,0,0,0,0,0,0,0,0,0,0,0,0,0,0,0,0,0,0,0,0,0,0,0,0,,,,,
FA08,51,4,15,12/03/2026 09:50:00,73.33%,0,0,0,0,0,0,0,0,0,0,0,0,0,0,0,0,0,0,0,0,0,0,0,0,0,0,0,0,4,0,0,0,0,0,,,,,
DC-I,65,0,16,12/03/2026 09:44:00,100.00%,0,0,0,0,0,0,0,0,0,0,0,0,0,0,0,0,0,0,0,0,0,0,0,0,0,0,0,0,0,0,0,0,0,0,,,,,
DC-I,69,0,16,12/03/2026 09:43:00,100.00%,0,0,0,0,0,0,0,0,0,0,0,0,0,0,0,0,0,0,0,0,0,0,0,0,0,0,0,0,0,0,0,0,0,0,,,,,
DC-I,68,5,16,12/03/2026 09:42:00,68.75%,0,0,0,0,5,0,0,0,0,0,0,0,0,0,0,0,0,0,0,0,0,0,0,0,0,0,0,0,0,0,0,0,0,0,,,,,
DC-I,67,1,16,12/03/2026 09:36:00,93.75%,0,0,0,0,1,0,0,0,0,0,0,0,0,0,0,0,0,0,0,0,0,0,0,0,0,0,0,0,0,0,0,0,0,0,,,,,
DC-I,67,3,16,12/03/2026 09:31:00,81.25%,0,0,0,0,2,0,0,0,0,0,0,0,0,0,0,0,0,0,0,0,0,0,0,0,0,0,1,0,0,0,0,0,0,0,,,,,
DC-I,65,0,16,12/03/2026 09:26:00,100.00%,0,0,0,0,0,0,0,0,0,0,0,0,0,0,0,0,0,0,0,0,0,0,0,0,0,0,0,0,0,0,0,0,0,0,,,,,
DC-I,69,0,16,12/03/2026 09:24:00,100.00%,0,0,0,0,0,0,0,0,0,0,0,0,0,0,0,0,0,0,0,0,0,0,0,0,0,0,0,0,0,0,0,0,0,0,,,,,
DC-I,68,8,16,12/03/2026 09:20:00,50.00%,0,0,0,0,8,0,0,0,0,0,0,0,0,0,0,0,0,0,0,0,0,0,0,0,0,0,0,0,0,0,0,0,0,0,,,,,
DC-I,67,2,16,12/03/2026 09:08:00,87.50%,0,0,0,0,2,0,0,0,0,0,0,0,0,0,0,0,0,0,0,0,0,0,0,0,0,0,0,0,0,0,0,0,0,0,,,,,
DC-I,67,1,16,12/03/2026 08:58:00,93.75%,0,0,0,0,1,0,0,0,0,0,0,0,0,0,0,0,0,0,0,0,0,0,0,0,0,0,0,0,0,0,0,0,0,0,,,,,
DC-I,69,0,16,12/03/2026 08:53:00,100.00%,0,0,0,0,0,0,0,0,0,0,0,0,0,0,0,0,0,0,0,0,0,0,0,0,0,0,0,0,0,0,0,0,0,0,,,,,
DC-I,65,1,16,12/03/2026 08:51:00,93.75%,0,0,0,0,0,0,0,0,0,0,0,0,0,0,0,0,0,0,0,0,0,0,0,1,0,0,0,0,0,0,0,0,0,0,,,,,
DC-I,68,5,16,12/03/2026 08:46:00,68.75%,0,0,0,0,5,0,0,0,0,0,0,0,0,0,0,0,0,0,0,0,0,0,0,0,0,0,0,0,0,0,0,0,0,0,,,,,
FA08,40,0,15,12/03/2026 08:37:00,100.00%,0,0,0,0,0,0,0,0,0,0,0,0,0,0,0,0,0,0,0,0,0,0,0,0,0,0,0,0,0,0,0,0,0,0,,,,,
FA08,51,3,15,12/03/2026 08:35:00,80.00%,0,0,0,0,0,0,0,0,0,0,0,0,0,0,0,0,0,0,0,0,0,0,0,0,0,0,0,0,3,0,0,0,0,0,,,,,
FA08,38,0,15,12/03/2026 08:26:00,100.00%,0,0,0,0,0,0,0,0,0,0,0,0,0,0,0,0,0,0,0,0,0,0,0,0,0,0,0,0,0,0,0,0,0,0,,,,,
FA08,38,2,15,12/03/2026 08:22:00,86.67%,0,0,0,0,1,0,1,0,0,0,0,0,0,0,0,0,0,0,0,0,0,0,0,0,0,0,0,0,0,0,0,0,0,0,,,,,
FA08,51,3,15,12/03/2026 08:15:00,80.00%,0,0,0,0,0,0,1,0,0,0,0,0,0,0,0,0,0,0,0,0,0,0,0,0,0,0,0,0,2,0,0,0,0,0,,,,,
FA08,51,2,15,12/03/2026 08:10:00,86.67%,0,0,0,0,0,0,1,0,1,0,0,0,0,0,0,0,0,0,0,0,0,0,0,0,0,0,0,0,0,0,0,0,0,0,,,,,
DC-I,69,1,16,12/03/2026 08:01:00,93.75%,0,0,0,0,0,0,0,0,0,0,0,0,0,0,1,0,0,0,0,0,0,0,0,0,0,0,0,0,0,0,0,0,0,0,,,,,
DC-I,65,0,16,12/03/2026 07:57:00,100.00%,0,0,0,0,0,0,0,0,0,0,0,0,0,0,0,0,0,0,0,0,0,0,0,0,0,0,0,0,0,0,0,0,0,0,,,,,
DC-I,67,1,16,12/03/2026 07:56:00,93.75%,0,0,0,0,1,0,0,0,0,0,0,0,0,0,0,0,0,0,0,0,0,0,0,0,0,0,0,0,0,0,0,0,0,0,,,,,
DC-I,68,5,16,12/03/2026 07:46:00,68.75%,0,0,0,0,5,0,0,0,0,0,0,0,0,0,0,0,0,0,0,0,0,0,0,0,0,0,0,0,0,0,0,0,0,0,,,,,
DC-I,65,1,16,12/03/2026 07:35:00,93.75%,0,0,0,0,0,0,1,0,0,0,0,0,0,0,0,0,0,0,0,0,0,0,0,0,0,0,0,0,0,0,0,0,0,0,,,,,
DC-I,67,2,16,12/03/2026 07:32:00,87.50%,0,0,0,0,2,0,0,0,0,0,0,0,0,0,0,0,0,0,0,0,0,0,0,0,0,0,0,0,0,0,0,0,0,0,,,,,
DC-I,66,4,16,12/03/2026 07:31:00,75.00%,0,0,0,0,0,0,4,0,0,0,0,0,0,0,0,0,0,0,0,0,0,0,0,0,0,0,0,0,0,0,0,0,0,0,,,,,
DC-I,69,0,16,12/03/2026 07:30:00,100.00%,0,0,0,0,0,0,0,0,0,0,0,0,0,0,0,0,0,0,0,0,0,0,0,0,0,0,0,0,0,0,0,0,0,0,,,,,
DC-I,65,0,16,12/03/2026 07:28:00,100.00%,0,0,0,0,0,0,0,0,0,0,0,0,0,0,0,0,0,0,0,0,0,0,0,0,0,0,0,0,0,0,0,0,0,0,,,,,
FA08,51,3,15,12/03/2026 07:27:00,80.00%,0,0,0,0,0,2,0,0,0,0,0,0,0,0,0,0,0,0,0,0,0,0,0,0,0,0,1,0,0,0,0,0,0,0,,,,,
FA08,51,2,15,12/03/2026 07:23:00,86.67%,0,0,0,0,0,0,2,0,0,0,0,0,0,0,0,0,0,0,0,0,0,0,0,0,0,0,0,0,0,0,0,0,0,0,,,,,
FA08,40,0,15,12/03/2026 07:06:00,100.00%,0,0,0,0,0,0,0,0,0,0,0,0,0,0,0,0,0,0,0,0,0,0,0,0,0,0,0,0,0,0,0,0,0,0,,,,,
PR20,83,0,24,13/04/2026 08:56:00,100.00%,1400,1520,50,100,0,0,0,0,0,0,0,0,0,0,0,0,0,0,0,0,0,0,0,0,0,0,0,0,0,0,0,0,0,0,0,0,0,0,0
FA08,40,0,15,13/04/2026 09:00:00,100.00%,0,0,0,0,0,0,0,0,0,0,0,0,0,0,0,0,0,0,0,0,0,0,0,0,0,0,0,0,0,0,0,0,0,0,0,0,0,0,0
FA08,37,3,15,13/04/2026 09:05:00,80.00%,0,0,0,0,1,0,2,0,0,0,0,0,0,0,0,0,0,0,0,0,0,0,0,0,0,0,0,0,0,0,0,0,0,0,0,0,0,0,0
FA08,39,0,15,13/04/2026 09:05:00,100.00%,0,0,0,0,0,0,0,0,0,0,0,0,0,0,0,0,0,0,0,0,0,0,0,0,0,0,0,0,0,0,0,0,0,0,0,0,0,0,0
Lion Mite,8,0,20,13/04/2026 09:08:00,100.00%,0,0,0,0,0,0,0,0,0,0,0,0,0,0,0,0,0,0,0,0,0,0,0,0,0,0,0,0,0,0,0,0,0,0,0,0,0,0,0
FA08,51,8,15,13/04/2026 09:10:00,46.67%,0,0,0,0,0,5,3,0,0,0,0,0,0,0,0,0,0,0,0,0,0,0,0,0,0,0,0,0,0,0,0,0,0,0,0,0,0,0,0
Lion Mite,5,0,20,13/04/2026 09:12:00,100.00%,0,0,0,0,0,0,0,0,0,0,0,0,0,0,0,0,0,0,0,0,0,0,0,0,0,0,0,0,0,0,0,0,0,0,0,0,0,0,0
Lion Mite,2,6,20,13/04/2026 09:18:00,70.00%,0,0,0,0,5,0,0,0,0,0,0,0,0,0,0,0,0,0,0,0,0,0,0,0,0,0,1,0,0,0,0,0,0,0,0,0,0,0,0
PR20,80,11,24,13/04/2026 09:25:00,54.17%,1400,1520,50,100,0,11,0,0,0,0,0,0,0,0,0,0,0,0,0,0,0,0,0,0,0,0,0,0,0,0,0,0,0,0,0,0,0,0,0
PR20,82,1,24,13/04/2026 09:29:00,95.83%,1400,1520,50,100,1,0,0,0,0,0,0,0,0,0,0,0,0,0,0,0,0,0,0,0,0,0,0,0,0,0,0,0,0,0,0,0,0,0,0
FA08,52,1,15,13/04/2026 09:33:00,93.33%,0,0,0,0,0,0,1,0,0,0,0,0,0,0,0,0,0,0,0,0,0,0,0,0,0,0,0,0,0,0,0,0,0,0,0,0,0,0,0
PR20,83,1,24,13/04/2026 09:52:00,95.83%,1400,1520,50,100,1,0,0,0,0,0,0,0,0,0,0,0,0,0,0,0,0,0,0,0,0,0,0,0,0,0,0,0,0,0,0,0,0,0,0
FA08,40,2,15,13/04/2026 09:59:00,86.67%,0,0,0,0,0,0,2,0,0,0,0,0,0,0,0,0,0,0,0,0,0,0,0,0,0,0,0,0,0,0,0,0,0,0,0,0,0,0,0
Lion Mite,2,7,20,13/04/2026 10:18:00,65.00%,0,0,0,0,7,0,0,0,0,0,0,0,0,0,0,0,0,0,0,0,0,0,0,0,0,0,0,0,0,0,0,0,0,0,0,0,0,0,0
FA08,37,3,15,13/04/2026 10:25:00,80.00%,0,0,0,0,0,0,3,0,0,0,0,0,0,0,0,0,0,0,0,0,0,0,0,0,0,0,0,0,0,0,0,0,0,0,0,0,0,0,0
Lion Mite,5,4,20,13/04/2026 10:27:00,80.00%,0,0,0,0,4,0,0,0,0,0,0,0,0,0,0,0,0,0,0,0,0,0,0,0,0,0,0,0,0,0,0,0,0,0,0,0,0,0,0
PR20,82,11,24,13/04/2026 10:35:00,54.17%,1400,1520,50,100,11,0,0,0,0,0,0,0,0,0,0,0,0,0,0,0,0,0,0,0,0,0,0,0,0,0,0,0,0,0,0,0,0,0,0
FA08,51,5,15,13/04/2026 10:40:00,66.67%,0,0,0,0,0,1,4,0,0,0,0,0,0,0,0,0,0,0,0,0,0,0,0,0,0,0,0,0,0,0,0,0,0,0,0,0,0,0,0
Lion Mite,8,0,20,13/04/2026 10:43:00,100.00%,0,0,0,0,0,0,0,0,0,0,0,0,0,0,0,0,0,0,0,0,0,0,0,0,0,0,0,0,0,0,0,0,0,0,0,0,0,0,0
FA08,40,1,15,13/04/2026 10:47:00,93.33%,0,0,0,0,0,0,1,0,0,0,0,0,0,0,0,0,0,0,0,0,0,0,0,0,0,0,0,0,0,0,0,0,0,0,0,0,0,0,0
VERSA MAIN,12,0,25,13/04/2026 13:25:00,100.00%,0,0,0,0,0,0,0,0,0,0,0,0,0,0,0,0,0,0,0,0,0,0,0,0,0,0,0,0,0,0,0,0,0,0,0,0,0,0,0
VERSA MAIN,12,0,25,13/04/2026 13:28:42,100.00%,0,0,0,0,0,0,0,0,0,0,0,0,0,0,0,0,0,0,0,0,0,0,0,0,0,0,0,0,0,0,0,0,0,0,0,0,0,0,0
VERSA MAIN,12,0,25,13/04/2026 13:31:23,100.00%,0,0,0,0,0,0,0,0,0,0,0,0,0,0,0,0,0,0,0,0,0,0,0,0,0,0,0,0,0,0,0,0,0,0,0,0,0,0,0
