Modelo,Pallet,Defectos,Estandar,Fecha/Hora,FPY,Wave1,Wave2,Flux,Conveyor,Falta de soldadura,Exceso de soldadura,Cortos,Falta de housing,Comp. SMT dañado,Falta comp. SMT,Falta de conector,Housing dañado,Comp. THT dañado,Falta comp. THT,Conector levantado,Housing quemado,Comp. SMT levantado,Comp. THT levantado,Bola de soldadura,Cable dañado,Falta de cable,Cable suelto,Cable quemado,Terminales iguales,L1 dañado,Pin largo,Falta de evidencia de pin,Cable invertido,Terminales desalineadas,Exceso de goma,Pin plastico derretido,Cable deshilachado,Perilla equivocada,Sombra en BR3,Defectos pallet atorado,Disponible_4,Disponible_3,Disponible_2,Disponible_1
P10,136,2,40,07/05/2026 20:34:41,95.00%,1950,2000,45,50,0.0,0,2,0,0,0,0,0,0,0,0,0,0,0,0,0,0,0,0,0,0,0,0,0,0,0,0,0,0,0,0.0,0.0,0.0,0.0,0.0
P10,135,3,40,07/05/2026 20:31:49,92.50%,1950,2000,45,50,0.0,0,3,0,0,0,0,0,0,0,0,0,0,0,0,0,0,0,0,0,0,0,0,0,0,0,0,0,0,0,0.0,0.0,0.0,0.0,0.0
Reset,72,7,20,07/05/2026 20:28:08,65.00%,800,1400,50,120,5.0,0,0,0,0,0,0,0,0,0,0,0,0,0,2,0,0,0,0,0,0,0,0,0,0,0,0,0,0,0,0.0,0.0,0.0,0.0,0.0
P10,136,4,40,07/05/2026 20:09:58,90.00%,1950,2000,45,50,0.0,0,4,0,0,0,0,0,0,0,0,0,0,0,0,0,0,0,0,0,0,0,0,0,0,0,0,0,0,0,0.0,0.0,0.0,0.0,0.0
P10,134,3,40,07/05/2026 20:00:53,92.50%,2000,1880,45,50,0.0,0,3,0,0,0,0,0,0,0,0,0,0,0,0,0,0,0,0,0,0,0,0,0,0,0,0,0,0,0,0.0,0.0,0.0,0.0,0.0
P10,134,5,40,07/05/2026 19:57:56,87.50%,2000,1880,45,50,3.0,0,2,0,0,0,0,0,0,0,0,0,0,0,0,0,0,0,0,0,0,0,0,0,0,0,0,0,0,0,0.0,0.0,0.0,0.0,0.0
Reset,73,7,20,07/05/2026 19:57:33,65.00%,1400,800,50,120,4.0,0,2,0,0,0,0,0,0,0,0,0,0,0,1,0,0,0,0,0,0,0,0,0,0,0,0,0,0,0,0.0,0.0,0.0,0.0,0.0
P10,133,2,40,07/05/2026 19:51:59,95.00%,1950,2000,45,50,0.0,0,2,0,0,0,0,0,0,0,0,0,0,0,0,0,0,0,0,0,0,0,0,0,0,0,0,0,0,0,0.0,0.0,0.0,0.0,0.0
P10,132,5,40,07/05/2026 19:40:10,87.50%,1950,2000,45,50,0.0,0,5,0,0,0,0,0,0,0,0,0,0,0,0,0,0,0,0,0,0,0,0,0,0,0,0,0,0,0,0.0,0.0,0.0,0.0,0.0
P10,133,5,40,07/05/2026 19:31:21,87.50%,1950,2000,45,50,0.0,0,5,0,0,0,0,0,0,0,0,0,0,0,0,0,0,0,0,0,0,0,0,0,0,0,0,0,0,0,0.0,0.0,0.0,0.0,0.0
P10,135,4,40,07/05/2026 19:28:09,90.00%,1950,2000,45,50,0.0,0,4,0,0,0,0,0,0,0,0,0,0,0,0,0,0,0,0,0,0,0,0,0,0,0,0,0,0,0,0.0,0.0,0.0,0.0,0.0
Reset,72,6,20,07/05/2026 19:00:23,70.00%,800,1400,50,120,5.0,0,1,0,0,0,0,0,0,0,0,0,0,0,0,0,0,0,0,0,0,0,0,0,0,0,0,0,0,0,0.0,0.0,0.0,0.0,0.0
P10,132,5,40,07/05/2026 17:48:06,87.50%,1950,2000,45,50,0.0,0,5,0,0,0,0,0,0,0,0,0,0,0,0,0,0,0,0,0,0,0,0,0,0,0,0,0,0,0,0.0,0.0,0.0,0.0,0.0
Reset,71,5,20,07/05/2026 17:44:44,75.00%,800,1220,50,120,0.0,1,3,0,0,0,0,0,0,0,0,0,0,0,1,0,0,0,0,0,0,0,0,0,0,0,0,0,0,0,0.0,0.0,0.0,0.0,0.0
P10,136,6,40,07/05/2026 17:20:45,85.00%,1950,2000,45,50,0.0,0,6,0,0,0,0,0,0,0,0,0,0,0,0,0,0,0,0,0,0,0,0,0,0,0,0,0,0,0,0.0,0.0,0.0,0.0,0.0
P10,131,4,40,07/05/2026 17:18:22,90.00%,1800,2000,45,60,1.0,0,3,0,0,0,0,0,0,0,0,0,0,0,0,0,0,0,0,0,0,0,0,0,0,0,0,0,0,0,0.0,0.0,0.0,0.0,0.0
P10,134,7,40,07/05/2026 17:11:14,82.50%,2000,1880,45,50,0.0,0,5,0,0,0,0,0,0,0,0,0,0,0,2,0,0,0,0,0,0,0,0,0,0,0,0,0,0,0,0.0,0.0,0.0,0.0,0.0
Reset,72,8,20,07/05/2026 17:10:48,60.00%,800,1400,50,120,6.0,0,1,0,0,0,0,0,0,0,0,0,0,0,0,0,0,0,0,0,0,0,1,0,0,0,0,0,0,0,0.0,0.0,0.0,0.0,0.0
P10,133,22,40,07/05/2026 17:02:35,45.00%,1950,2000,45,50,20.0,0,2,0,0,0,0,0,0,0,0,0,0,0,0,0,0,0,0,0,0,0,0,0,0,0,0,0,0,0,0.0,0.0,0.0,0.0,0.0
P10,132,4,40,07/05/2026 17:00:44,90.00%,1950,2000,45,50,0.0,0,4,0,0,0,0,0,0,0,0,0,0,0,0,0,0,0,0,0,0,0,0,0,0,0,0,0,0,0,0.0,0.0,0.0,0.0,0.0
P10,131,4,40,07/05/2026 16:56:36,90.00%,1800,2000,45,60,1.0,0,0,0,0,0,0,0,0,0,0,0,0,0,3,0,0,0,0,0,0,0,0,0,0,0,0,0,0,0,0.0,0.0,0.0,0.0,0.0
P10,134,10,40,07/05/2026 16:51:35,75.00%,2000,1880,45,50,0.0,0,10,0,0,0,0,0,0,0,0,0,0,0,0,0,0,0,0,0,0,0,0,0,0,0,0,0,0,0,0.0,0.0,0.0,0.0,0.0
P10,133,4,40,07/05/2026 16:48:38,90.00%,1950,2000,45,50,0.0,0,4,0,0,0,0,0,0,0,0,0,0,0,0,0,0,0,0,0,0,0,0,0,0,0,0,0,0,0,0.0,0.0,0.0,0.0,0.0
P10,135,5,40,07/05/2026 16:46:05,87.50%,1950,2000,45,50,0.0,0,5,0,0,0,0,0,0,0,0,0,0,0,0,0,0,0,0,0,0,0,0,0,0,0,0,0,0,0,0.0,0.0,0.0,0.0,0.0
Reset,73,2,20,07/05/2026 16:45:41,90.00%,1400,800,50,120,0.0,0,1,0,0,0,0,0,0,0,0,0,0,0,0,0,0,1,0,0,0,0,0,0,0,0,0,0,0,0,0.0,0.0,0.0,0.0,0.0
Reset,7,0,20,07/05/2026 16:02:15,100.00%,1420,800,35,120,0.0,0,0,0,0,0,0,0,0,0,0,0,0,0,0,0,0,0,0,0,0,0,0,0,0,0,0,0,0,0,0.0,0.0,0.0,0.0,0.0
Reset,7,0,20,07/05/2026 16:01:44,100.00%,1420,800,35,120,0.0,0,0,0,0,0,0,0,0,0,0,0,0,0,0,0,0,0,0,0,0,0,0,0,0,0,0,0,0,0,0.0,0.0,0.0,0.0,0.0
Reset,74,20,20,07/05/2026 15:57:12,0,800,1470,45,120,20.0,0,0,0,0,0,0,0,0,0,0,0,0,0,0,0,0,0,0,0,0,0,0,0,0,0,0,0,0,0,0.0,0.0,0.0,0.0,0.0
Reset,3,0,20,07/05/2026 15:49:26,100.00%,1500,800,35,90,0.0,0,0,0,0,0,0,0,0,0,0,0,0,0,0,0,0,0,0,0,0,0,0,0,0,0,0,0,0,0,0.0,0.0,0.0,0.0,0.0
Reset,10,0,20,07/05/2026 15:42:25,100.00%,1550,800,35,120,0.0,0,0,0,0,0,0,0,0,0,0,0,0,0,0,0,0,0,0,0,0,0,0,0,0,0,0,0,0,0,0.0,0.0,0.0,0.0,0.0
Reset,71,0,20,07/05/2026 15:39:28,100.00%,800,1220,50,120,0.0,0,0,0,0,0,0,0,0,0,0,0,0,0,0,0,0,0,0,0,0,0,0,0,0,0,0,0,0,0,0.0,0.0,0.0,0.0,0.0
Reset,72,5,20,07/05/2026 15:28:49,75.00%,800,1400,50,120,4.0,0,0,0,0,0,0,0,0,0,0,0,0,0,0,0,1,0,0,0,0,0,0,0,0,0,0,0,0,0,0.0,0.0,0.0,0.0,0.0
Reset,73,0,20,07/05/2026 15:22:03,100.00%,1400,800,50,120,0.0,0,0,0,0,0,0,0,0,0,0,0,0,0,0,0,0,0,0,0,0,0,0,0,0,0,0,0,0,0,0.0,0.0,0.0,0.0,0.0
Reset,5,1,20,07/05/2026 14:14:55,95.00%,1500,800,35,110,0.0,0,0,0,0,0,0,0,0,0,0,0,0,0,0,0,0,1,0,0,0,0,0,0,0,0,0,0,0,0,0.0,0.0,0.0,0.0,0.0
Reset,3,3,20,07/05/2026 14:13:23,85.00%,1500,800,35,90,0.0,0,0,0,0,0,0,0,0,0,0,0,0,0,0,0,0,0,0,0,0,0,3,0,0,0,0,0,0,0,0.0,0.0,0.0,0.0,0.0
Reset,70,18,20,07/05/2026 14:08:11,10.00%,800,1320,50,120,6.0,0,2,0,0,0,0,0,0,10,0,0,0,0,0,0,0,0,0,0,0,0,0,0,0,0,0,0,0,0,0.0,0.0,0.0,0.0,0.0
Reset,71,10,20,07/05/2026 14:03:24,50.00%,800,1220,50,120,0.0,0,6,0,0,4,0,0,0,0,0,0,0,0,0,0,0,0,0,0,0,0,0,0,0,0,0,0,0,0,0.0,0.0,0.0,0.0,0.0
Reset,73,15,20,07/05/2026 13:58:14,25.00%,1400,800,50,120,8.0,0,2,0,0,5,0,0,0,0,0,0,0,0,0,0,0,0,0,0,0,0,0,0,0,0,0,0,0,0,0.0,0.0,0.0,0.0,0.0
Reset,70,13,20,07/05/2026 13:54:54,35.00%,800,1320,50,120,13.0,0,0,0,0,0,0,0,0,0,0,0,0,0,0,0,0,0,0,0,0,0,0,0,0,0,0,0,0,0,0.0,0.0,0.0,0.0,0.0
Reset,71,17,20,07/05/2026 13:46:23,15.00%,800,1220,50,120,6.0,0,6,0,0,5,0,0,0,0,0,0,0,0,0,0,0,0,0,0,0,0,0,0,0,0,0,0,0,0,0.0,0.0,0.0,0.0,0.0
Reset,5,2,20,07/05/2026 13:43:40,90.00%,1500,800,35,110,0.0,0,0,0,0,0,0,0,0,0,0,0,0,0,0,0,0,0,0,0,0,0,2,0,0,0,0,0,0,0,0.0,0.0,0.0,0.0,0.0
Reset,7,0,20,07/05/2026 13:43:07,100.00%,1420,800,35,120,0.0,0,0,0,0,0,0,0,0,0,0,0,0,0,0,0,0,0,0,0,0,0,0,0,0,0,0,0,0,0,0.0,0.0,0.0,0.0,0.0
Reset,70,14,20,07/05/2026 13:41:02,30.00%,800,1320,50,120,11.0,0,1,0,0,1,0,0,0,1,0,0,0,0,0,0,0,0,0,0,0,0,0,0,0,0,0,0,0,0,0.0,0.0,0.0,0.0,0.0
Reset,3,2,20,07/05/2026 13:39:48,90.00%,1500,800,35,90,0.0,0,0,0,0,0,0,0,0,0,0,0,0,0,0,0,0,0,0,0,0,0,2,0,0,0,0,0,0,0,0.0,0.0,0.0,0.0,0.0
Reset,6,1,20,07/05/2026 13:39:40,95.00%,1750,800,45,120,0.0,0,0,0,0,0,0,0,0,0,0,0,0,0,0,0,0,0,0,0,0,0,1,0,0,0,0,0,0,0,0.0,0.0,0.0,0.0,0.0
Reset,72,6,20,07/05/2026 13:36:47,70.00%,800,1400,50,120,5.0,0,0,0,0,1,0,0,0,0,0,0,0,0,0,0,0,0,0,0,0,0,0,0,0,0,0,0,0,0,0.0,0.0,0.0,0.0,0.0
Reset,74,9,20,07/05/2026 13:23:29,55.00%,800,1470,45,120,9.0,0,0,0,0,0,0,0,0,0,0,0,0,0,0,0,0,0,0,0,0,0,0,0,0,0,0,0,0,0,0.0,0.0,0.0,0.0,0.0
Reset,74,12,20,07/05/2026 13:02:08,40.00%,800,1470,45,120,12.0,0,0,0,0,0,0,0,0,0,0,0,0,0,0,0,0,0,0,0,0,0,0,0,0,0,0,0,0,0,0.0,0.0,0.0,0.0,0.0
Reset,5,0,20,07/05/2026 12:57:04,100.00%,1500,800,35,110,0.0,0,0,0,0,0,0,0,0,0,0,0,0,0,0,0,0,0,0,0,0,0,0,0,0,0,0,0,0,0,0.0,0.0,0.0,0.0,0.0
Reset,7,0,20,07/05/2026 12:54:37,100.00%,1420,800,35,120,0.0,0,0,0,0,0,0,0,0,0,0,0,0,0,0,0,0,0,0,0,0,0,0,0,0,0,0,0,0,0,0.0,0.0,0.0,0.0,0.0
Reset,10,0,20,07/05/2026 12:48:38,100.00%,1550,800,35,120,0.0,0,0,0,0,0,0,0,0,0,0,0,0,0,0,0,0,0,0,0,0,0,0,0,0,0,0,0,0,0,0.0,0.0,0.0,0.0,0.0
Reset,6,0,20,07/05/2026 12:46:37,100.00%,1750,800,45,120,0.0,0,0,0,0,0,0,0,0,0,0,0,0,0,0,0,0,0,0,0,0,0,0,0,0,0,0,0,0,0,0.0,0.0,0.0,0.0,0.0
Reset,3,2,20,07/05/2026 12:44:37,90.00%,1500,800,35,90,0.0,0,0,0,0,0,0,0,0,0,0,0,0,0,0,0,0,0,0,0,0,0,2,0,0,0,0,0,0,0,0.0,0.0,0.0,0.0,0.0
Reset,73,10,20,07/05/2026 11:25:40,50.00%,1400,800,50,120,4.0,0,4,0,0,0,0,0,0,2,0,0,0,0,0,0,0,0,0,0,0,0,0,0,0,0,0,0,0,0,0.0,0.0,0.0,0.0,0.0
Reset,10,8,20,07/05/2026 11:24:54,60.00%,1550,800,35,120,8.0,0,0,0,0,0,0,0,0,0,0,0,0,0,0,0,0,0,0,0,0,0,0,0,0,0,0,0,0,0,0.0,0.0,0.0,0.0,0.0
Reset,74,17,20,07/05/2026 11:20:24,20.00%,800,1470,45,120,8.0,0,5,0,0,4,0,0,0,0,0,0,0,0,0,0,0,0,0,0,0,0,0,0,0,0,0,0,0,0,0.0,0.0,0.0,0.0,0.0
Reset,5,10,20,07/05/2026 11:19:03,50.00%,1500,800,35,110,4.0,0,0,0,0,0,0,0,0,0,0,0,0,0,4,0,0,0,0,0,0,0,2,0,0,0,0,0,0,0,0.0,0.0,0.0,0.0,0.0
Reset,70,10,20,07/05/2026 11:14:50,50.00%,800,1320,50,120,6.0,0,3,0,0,1,0,0,0,0,0,0,0,0,0,0,0,0,0,0,0,0,0,0,0,0,0,0,0,0,0.0,0.0,0.0,0.0,0.0
Reset,72,8,20,07/05/2026 11:09:51,60.00%,800,1400,50,120,0.0,0,7,0,0,1,0,0,0,0,0,0,0,0,0,0,0,0,0,0,0,0,0,0,0,0,0,0,0,0,0.0,0.0,0.0,0.0,0.0
Reset,3,0,20,07/05/2026 11:07:09,100.00%,1500,800,35,90,0.0,0,0,0,0,0,0,0,0,0,0,0,0,0,0,0,0,0,0,0,0,0,0,0,0,0,0,0,0,0,0.0,0.0,0.0,0.0,0.0
Reset,5,0,20,07/05/2026 10:51:01,100.00%,1500,800,35,110,0.0,0,0,0,0,0,0,0,0,0,0,0,0,0,0,0,0,0,0,0,0,0,0,0,0,0,0,0,0,0,0.0,0.0,0.0,0.0,0.0
Reset,10,3,20,07/05/2026 10:49:22,85.00%,1550,800,35,120,0.0,0,0,0,0,0,0,0,0,0,0,0,0,0,0,0,0,0,0,0,0,0,3,0,0,0,0,0,0,0,0.0,0.0,0.0,0.0,0.0
Reset,3,11,20,07/05/2026 10:25:20,45.00%,1500,800,35,90,4.0,0,0,0,0,0,0,0,0,0,0,0,0,0,7,0,0,0,0,0,0,0,0,0,0,0,0,0,0,0,0.0,0.0,0.0,0.0,0.0
Reset,5,1,20,07/05/2026 10:20:57,95.00%,1500,800,35,110,0.0,0,0,0,0,0,0,0,0,0,0,0,0,0,0,0,0,0,0,0,0,0,1,0,0,0,0,0,0,0,0.0,0.0,0.0,0.0,0.0
Reset,74,15,20,07/05/2026 10:14:42,25.00%,800,1470,45,120,0.0,0,14,0,0,0,0,0,0,0,0,0,0,0,0,0,0,0,0,0,0,0,1,0,0,0,0,0,0,0,0.0,0.0,0.0,0.0,0.0
Reset,71,14,20,07/05/2026 10:09:38,30.00%,800,1220,50,120,8.0,0,5,0,0,0,0,0,0,0,0,0,0,0,0,0,0,0,0,0,0,0,1,0,0,0,0,0,0,0,0.0,0.0,0.0,0.0,0.0
Reset,10,0,20,07/05/2026 10:07:17,100.00%,1550,800,35,120,0.0,0,0,0,0,0,0,0,0,0,0,0,0,0,0,0,0,0,0,0,0,0,0,0,0,0,0,0,0,0,0.0,0.0,0.0,0.0,0.0
Reset,72,7,20,07/05/2026 10:02:27,65.00%,800,1400,50,120,0.0,4,2,0,0,0,0,0,0,0,0,0,1,0,0,0,0,0,0,0,0,0,0,0,0,0,0,0,0,0,0.0,0.0,0.0,0.0,0.0
Reset,3,0,20,07/05/2026 09:54:10,100.00%,1500,800,35,90,0.0,0,0,0,0,0,0,0,0,0,0,0,0,0,0,0,0,0,0,0,0,0,0,0,0,0,0,0,0,0,0.0,0.0,0.0,0.0,0.0
Reset,74,6,20,07/05/2026 09:53:45,70.00%,800,1470,45,120,0.0,0,6,0,0,0,0,0,0,0,0,0,0,0,0,0,0,0,0,0,0,0,0,0,0,0,0,0,0,0,0.0,0.0,0.0,0.0,0.0
Reset,5,0,20,07/05/2026 09:51:55,100.00%,1500,800,35,110,0.0,0,0,0,0,0,0,0,0,0,0,0,0,0,0,0,0,0,0,0,0,0,0,0,0,0,0,0,0,0,0.0,0.0,0.0,0.0,0.0
Reset,74,9,20,07/05/2026 09:44:02,55.00%,800,1470,45,120,3.0,3,2,0,0,0,0,0,0,0,0,0,0,0,0,0,0,0,0,0,0,0,1,0,0,0,0,0,0,0,0.0,0.0,0.0,0.0,0.0
Reset,10,0,20,07/05/2026 09:31:52,100.00%,1550,800,35,120,0.0,0,0,0,0,0,0,0,0,0,0,0,0,0,0,0,0,0,0,0,0,0,0,0,0,0,0,0,0,0,0.0,0.0,0.0,0.0,0.0
Reset,73,9,20,07/05/2026 09:27:47,55.00%,1400,800,50,120,0.0,0,4,0,0,4,0,0,0,0,0,0,1,0,0,0,0,0,0,0,0,0,0,0,0,0,0,0,0,0,0.0,0.0,0.0,0.0,0.0
Reset,3,3,20,07/05/2026 09:23:22,85.00%,1500,800,35,90,1.0,0,0,0,0,0,0,0,0,0,0,0,0,0,0,0,0,0,0,0,0,0,2,0,0,0,0,0,0,0,0.0,0.0,0.0,0.0,0.0
Reset,73,11,20,07/05/2026 09:15:20,45.00%,1400,800,50,120,1.0,0,6,0,0,2,0,0,0,0,0,0,1,0,0,0,0,0,0,0,0,0,1,0,0,0,0,0,0,0,0.0,0.0,0.0,0.0,0.0
Reset,3,0,20,07/05/2026 08:49:44,100.00%,1500,800,35,90,0.0,0,0,0,0,0,0,0,0,0,0,0,0,0,0,0,0,0,0,0,0,0,0,0,0,0,0,0,0,0,0.0,0.0,0.0,0.0,0.0
Reset,10,0,20,07/05/2026 08:32:15,100.00%,1550,800,35,120,0.0,0,0,0,0,0,0,0,0,0,0,0,0,0,0,0,0,0,0,0,0,0,0,0,0,0,0,0,0,0,0.0,0.0,0.0,0.0,0.0
Reset,6,0,20,07/05/2026 08:28:51,100.00%,1750,800,45,120,0.0,0,0,0,0,0,0,0,0,0,0,0,0,0,0,0,0,0,0,0,0,0,0,0,0,0,0,0,0,0,0.0,0.0,0.0,0.0,0.0
Reset,10,0,20,07/05/2026 08:01:25,100.00%,1550,800,35,120,0.0,0,0,0,0,0,0,0,0,0,0,0,0,0,0,0,0,0,0,0,0,0,0,0,0,0,0,0,0,0,0.0,0.0,0.0,0.0,0.0
Reset,3,1,20,07/05/2026 07:57:23,95.00%,1500,800,35,90,0.0,0,0,0,0,0,0,0,0,0,0,0,0,0,0,0,0,0,0,0,0,0,1,0,0,0,0,0,0,0,0.0,0.0,0.0,0.0,0.0
Reset,5,1,20,07/05/2026 07:55:04,95.00%,1500,800,35,110,0.0,0,0,0,0,0,0,0,0,0,0,0,0,0,0,0,0,1,0,0,0,0,0,0,0,0,0,0,0,0,0.0,0.0,0.0,0.0,0.0
Reset,10,8,20,07/05/2026 07:42:25,60.00%,1550,800,35,120,4.0,0,0,0,0,0,0,0,0,0,0,0,0,0,4,0,0,0,0,0,0,0,0,0,0,0,0,0,0,0,0.0,0.0,0.0,0.0,0.0
Reset,3,0,20,07/05/2026 07:33:05,100.00%,1500,800,35,90,0.0,0,0,0,0,0,0,0,0,0,0,0,0,0,0,0,0,0,0,0,0,0,0,0,0,0,0,0,0,0,0.0,0.0,0.0,0.0,0.0
Reset,5,12,20,07/05/2026 07:26:52,40.00%,1500,800,35,110,8.0,4,0,0,0,0,0,0,0,0,0,0,0,0,0,0,0,0,0,0,0,0,0,0,0,0,0,0,0,0,0.0,0.0,0.0,0.0,0.0
Reset,10,0,20,07/05/2026 07:13:11,100.00%,1550,800,35,120,0.0,0,0,0,0,0,0,0,0,0,0,0,0,0,0,0,0,0,0,0,0,0,0,0,0,0,0,0,0,0,0.0,0.0,0.0,0.0,0.0
Reset,3,1,20,07/05/2026 07:05:24,95.00%,1500,800,35,90,0.0,0,0,0,0,0,0,0,0,0,0,0,0,0,0,0,0,0,0,0,0,0,1,0,0,0,0,0,0,0,0.0,0.0,0.0,0.0,0.0
Reset,5,0,20,07/05/2026 06:55:48,100.00%,1500,800,35,110,0.0,0,0,0,0,0,0,0,0,0,0,0,0,0,0,0,0,0,0,0,0,0,0,0,0,0,0,0,0,0,0.0,0.0,0.0,0.0,0.0
Reset,6,0,20,07/05/2026 06:54:37,100.00%,1750,800,45,120,0.0,0,0,0,0,0,0,0,0,0,0,0,0,0,0,0,0,0,0,0,0,0,0,0,0,0,0,0,0,0,0.0,0.0,0.0,0.0,0.0
Reset,7,1,20,07/05/2026 06:53:25,95.00%,1420,800,35,120,0.0,0,0,0,0,0,0,0,0,0,0,0,0,0,0,0,0,0,0,0,0,0,1,0,0,0,0,0,0,0,0.0,0.0,0.0,0.0,0.0
Reset,10,1,20,07/05/2026 06:50:07,95.00%,1550,800,35,120,0.0,0,0,0,0,0,0,0,0,0,0,0,0,0,0,0,0,0,0,0,0,0,1,0,0,0,0,0,0,0,0.0,0.0,0.0,0.0,0.0
Reset,3,1,20,06/05/2026 18:59:50,95.00%,1500,800,35,90,0.0,0,0,0,0,0,0,0,0,0,0,0,0,0,1,0,0,0,0,0,0,0,0,0,0,0,0,0,0,0,0.0,0.0,0.0,0.0,0.0
Reset,5,0,20,06/05/2026 18:56:27,100.00%,1500,800,35,110,0.0,0,0,0,0,0,0,0,0,0,0,0,0,0,0,0,0,0,0,0,0,0,0,0,0,0,0,0,0,0,0.0,0.0,0.0,0.0,0.0
Reset,10,0,20,06/05/2026 17:58:47,100.00%,1550,800,35,120,0.0,0,0,0,0,0,0,0,0,0,0,0,0,0,0,0,0,0,0,0,0,0,0,0,0,0,0,0,0,0,0.0,0.0,0.0,0.0,0.0
Reset,5,2,20,06/05/2026 17:37:09,90.00%,1500,800,35,110,0.0,0,0,0,0,0,0,0,0,0,0,0,0,0,2,0,0,0,0,0,0,0,0,0,0,0,0,0,0,0,0.0,0.0,0.0,0.0,0.0
Reset,10,1,20,06/05/2026 17:23:56,95.00%,1550,800,35,120,0.0,0,0,0,0,0,0,0,0,0,0,0,0,0,0,0,0,0,0,0,0,0,1,0,0,0,0,0,0,0,0.0,0.0,0.0,0.0,0.0
FA08,54,1,15,06/05/2026 17:14:55,93.33%,1600,1600,45,95,0.0,0,1,0,0,0,0,0,0,0,0,0,0,0,0,0,0,0,0,0,0,0,0,0,0,0,0,0,0,0,0.0,0.0,0.0,0.0,0.0
Reset,5,0,20,06/05/2026 17:03:00,100.00%,1500,800,35,110,0.0,0,0,0,0,0,0,0,0,0,0,0,0,0,0,0,0,0,0,0,0,0,0,0,0,0,0,0,0,0,0.0,0.0,0.0,0.0,0.0
Reset,7,0,20,06/05/2026 16:51:52,100.00%,1420,800,35,120,0.0,0,0,0,0,0,0,0,0,0,0,0,0,0,0,0,0,0,0,0,0,0,0,0,0,0,0,0,0,0,0.0,0.0,0.0,0.0,0.0
Reset,10,0,20,06/05/2026 16:38:24,100.00%,1550,800,35,120,0.0,0,0,0,0,0,0,0,0,0,0,0,0,0,0,0,0,0,0,0,0,0,0,0,0,0,0,0,0,0,0.0,0.0,0.0,0.0,0.0
Reset,5,0,20,06/05/2026 16:34:12,100.00%,1500,800,35,110,0.0,0,0,0,0,0,0,0,0,0,0,0,0,0,0,0,0,0,0,0,0,0,0,0,0,0,0,0,0,0,0.0,0.0,0.0,0.0,0.0
Reset,3,0,20,06/05/2026 16:16:36,100.00%,1500,800,35,90,0.0,0,0,0,0,0,0,0,0,0,0,0,0,0,0,0,0,0,0,0,0,0,0,0,0,0,0,0,0,0,0.0,0.0,0.0,0.0,0.0
Reset,6,2,20,06/05/2026 16:08:36,90.00%,1750,800,45,120,0.0,0,0,0,0,0,0,0,0,0,0,0,0,0,0,0,0,0,0,0,0,0,2,0,0,0,0,0,0,0,0.0,0.0,0.0,0.0,0.0
Reset,5,0,20,06/05/2026 15:54:57,100.00%,1500,800,35,110,0.0,0,0,0,0,0,0,0,0,0,0,0,0,0,0,0,0,0,0,0,0,0,0,0,0,0,0,0,0,0,0.0,0.0,0.0,0.0,0.0
Reset,3,0,20,06/05/2026 15:47:46,100.00%,1500,800,35,90,0.0,0,0,0,0,0,0,0,0,0,0,0,0,0,0,0,0,0,0,0,0,0,0,0,0,0,0,0,0,0,0.0,0.0,0.0,0.0,0.0
Reset,10,0,20,06/05/2026 15:44:58,100.00%,1550,800,35,120,0.0,0,0,0,0,0,0,0,0,0,0,0,0,0,0,0,0,0,0,0,0,0,0,0,0,0,0,0,0,0,0.0,0.0,0.0,0.0,0.0
Reset,5,0,20,06/05/2026 15:21:25,100.00%,1500,800,35,110,0.0,0,0,0,0,0,0,0,0,0,0,0,0,0,0,0,0,0,0,0,0,0,0,0,0,0,0,0,0,0,0.0,0.0,0.0,0.0,0.0
Reset,3,0,20,06/05/2026 14:44:22,100.00%,1500,800,35,90,0.0,0,0,0,0,0,0,0,0,0,0,0,0,0,0,0,0,0,0,0,0,0,0,0,0,0,0,0,0,0,0.0,0.0,0.0,0.0,0.0
Reset,7,2,20,06/05/2026 14:37:23,90.00%,1420,800,35,120,0.0,0,0,0,0,0,0,0,0,0,0,0,0,0,0,0,0,1,0,0,0,0,1,0,0,0,0,0,0,0,0.0,0.0,0.0,0.0,0.0
Reset,10,0,20,06/05/2026 14:32:41,100.00%,1550,800,35,120,0.0,0,0,0,0,0,0,0,0,0,0,0,0,0,0,0,0,0,0,0,0,0,0,0,0,0,0,0,0,0,0.0,0.0,0.0,0.0,0.0
Reset,5,0,20,06/05/2026 14:17:59,100.00%,1500,800,35,110,0.0,0,0,0,0,0,0,0,0,0,0,0,0,0,0,0,0,0,0,0,0,0,0,0,0,0,0,0,0,0,0.0,0.0,0.0,0.0,0.0
Reset,3,0,20,06/05/2026 14:15:46,100.00%,1500,800,35,90,0.0,0,0,0,0,0,0,0,0,0,0,0,0,0,0,0,0,0,0,0,0,0,0,0,0,0,0,0,0,0,0.0,0.0,0.0,0.0,0.0
Reset,10,0,20,06/05/2026 13:57:21,100.00%,1550,800,35,120,0.0,0,0,0,0,0,0,0,0,0,0,0,0,0,0,0,0,0,0,0,0,0,0,0,0,0,0,0,0,0,0.0,0.0,0.0,0.0,0.0
Reset,5,0,20,06/05/2026 13:46:32,100.00%,1500,800,35,110,0.0,0,0,0,0,0,0,0,0,0,0,0,0,0,0,0,0,0,0,0,0,0,0,0,0,0,0,0,0,0,0.0,0.0,0.0,0.0,0.0
Reset,3,1,20,06/05/2026 13:39:50,95.00%,1500,800,35,90,0.0,0,0,0,0,0,0,0,0,0,0,0,0,0,0,0,0,0,0,0,0,0,1,0,0,0,0,0,0,0,0.0,0.0,0.0,0.0,0.0
Reset,7,1,20,06/05/2026 13:37:21,95.00%,1420,800,35,120,0.0,0,0,0,0,0,0,0,0,0,0,0,0,0,0,0,0,1,0,0,0,0,0,0,0,0,0,0,0,0,0.0,0.0,0.0,0.0,0.0
Reset,10,0,20,06/05/2026 13:21:08,100.00%,1550,800,35,120,0.0,0,0,0,0,0,0,0,0,0,0,0,0,0,0,0,0,0,0,0,0,0,0,0,0,0,0,0,0,0,0.0,0.0,0.0,0.0,0.0
Reset,3,0,20,06/05/2026 13:09:11,100.00%,1500,800,35,90,0.0,0,0,0,0,0,0,0,0,0,0,0,0,0,0,0,0,0,0,0,0,0,0,0,0,0,0,0,0,0,0.0,0.0,0.0,0.0,0.0
Reset,5,1,20,06/05/2026 13:06:11,95.00%,1500,800,35,110,0.0,0,0,0,0,0,0,0,0,0,0,0,0,0,0,0,0,1,0,0,0,0,0,0,0,0,0,0,0,0,0.0,0.0,0.0,0.0,0.0
Reset,10,1,20,06/05/2026 12:53:49,95.00%,1550,800,35,120,0.0,0,0,0,0,0,0,0,0,0,0,0,0,0,0,0,0,0,0,0,0,0,0,0,0,0,0,1,0,0,0.0,0.0,0.0,0.0,0.0
Reset,3,0,20,06/05/2026 12:43:40,100.00%,1500,800,35,90,0.0,0,0,0,0,0,0,0,0,0,0,0,0,0,0,0,0,0,0,0,0,0,0,0,0,0,0,0,0,0,0.0,0.0,0.0,0.0,0.0
Reset,5,2,20,06/05/2026 12:31:38,90.00%,1500,800,35,110,0.0,0,0,0,0,0,0,0,0,0,0,0,0,0,0,0,0,0,0,0,0,0,2,0,0,0,0,0,0,0,0.0,0.0,0.0,0.0,0.0
Reset,10,1,20,06/05/2026 12:20:48,95.00%,1550,800,35,120,0.0,0,0,0,0,0,0,0,0,0,0,0,0,0,0,0,0,0,0,0,0,0,1,0,0,0,0,0,0,0,0.0,0.0,0.0,0.0,0.0
Reset,3,0,20,06/05/2026 12:07:49,100.00%,1500,800,35,90,0.0,0,0,0,0,0,0,0,0,0,0,0,0,0,0,0,0,0,0,0,0,0,0,0,0,0,0,0,0,0,0.0,0.0,0.0,0.0,0.0
Reset,2,3,20,06/05/2026 12:04:49,85.00%,1750,800,45,110,0.0,0,0,0,0,0,0,0,0,0,0,0,0,0,0,0,0,0,0,0,0,0,3,0,0,0,0,0,0,0,0.0,0.0,0.0,0.0,0.0
Reset,10,1,20,06/05/2026 10:49:51,95.00%,1550,800,35,120,0.0,0,0,0,0,0,0,0,0,0,0,0,0,0,0,0,0,0,0,0,0,0,1,0,0,0,0,0,0,0,0.0,0.0,0.0,0.0,0.0
Reset,3,1,20,06/05/2026 10:44:13,95.00%,1500,800,35,90,0.0,0,0,0,0,0,0,0,0,0,0,0,0,0,0,0,0,0,0,0,0,0,1,0,0,0,0,0,0,0,0.0,0.0,0.0,0.0,0.0
Reset,5,0,20,06/05/2026 10:32:50,100.00%,1500,800,35,110,0.0,0,0,0,0,0,0,0,0,0,0,0,0,0,0,0,0,0,0,0,0,0,0,0,0,0,0,0,0,0,0.0,0.0,0.0,0.0,0.0
Reset,7,0,20,06/05/2026 10:30:37,100.00%,1420,800,35,120,0.0,0,0,0,0,0,0,0,0,0,0,0,0,0,0,0,0,0,0,0,0,0,0,0,0,0,0,0,0,0,0.0,0.0,0.0,0.0,0.0
Reset,6,0,20,06/05/2026 10:25:05,100.00%,1750,800,45,120,0.0,0,0,0,0,0,0,0,0,0,0,0,0,0,0,0,0,0,0,0,0,0,0,0,0,0,0,0,0,0,0.0,0.0,0.0,0.0,0.0
Reset,5,1,20,06/05/2026 10:09:35,95.00%,1500,800,35,110,0.0,0,0,0,0,0,0,0,0,0,0,0,0,0,0,0,0,0,0,0,0,0,1,0,0,0,0,0,0,0,0.0,0.0,0.0,0.0,0.0
Reset,3,0,20,06/05/2026 10:07:21,100.00%,1500,800,35,90,0.0,0,0,0,0,0,0,0,0,0,0,0,0,0,0,0,0,0,0,0,0,0,0,0,0,0,0,0,0,0,0.0,0.0,0.0,0.0,0.0
Reset,10,0,20,06/05/2026 10:05:38,100.00%,1550,800,35,120,0.0,0,0,0,0,0,0,0,0,0,0,0,0,0,0,0,0,0,0,0,0,0,0,0,0,0,0,0,0,0,0.0,0.0,0.0,0.0,0.0
Reset,5,0,20,06/05/2026 09:37:38,100.00%,1500,800,35,110,0.0,0,0,0,0,0,0,0,0,0,0,0,0,0,0,0,0,0,0,0,0,0,0,0,0,0,0,0,0,0,0.0,0.0,0.0,0.0,0.0
Reset,3,0,20,06/05/2026 09:27:54,100.00%,1500,800,35,90,0.0,0,0,0,0,0,0,0,0,0,0,0,0,0,0,0,0,0,0,0,0,0,0,0,0,0,0,0,0,0,0.0,0.0,0.0,0.0,0.0
Reset,10,0,20,06/05/2026 09:08:45,100.00%,1550,800,35,120,0.0,0,0,0,0,0,0,0,0,0,0,0,0,0,0,0,0,0,0,0,0,0,0,0,0,0,0,0,0,0,0.0,0.0,0.0,0.0,0.0
Reset,5,0,20,06/05/2026 09:00:34,100.00%,1500,800,35,110,0.0,0,0,0,0,0,0,0,0,0,0,0,0,0,0,0,0,0,0,0,0,0,0,0,0,0,0,0,0,0,0.0,0.0,0.0,0.0,0.0
Reset,3,0,20,06/05/2026 08:53:49,100.00%,1500,800,35,90,0.0,0,0,0,0,0,0,0,0,0,0,0,0,0,0,0,0,0,0,0,0,0,0,0,0,0,0,0,0,0,0.0,0.0,0.0,0.0,0.0
Reset,6,1,20,06/05/2026 08:44:18,95.00%,1750,800,45,120,0.0,0,0,0,0,0,0,0,0,0,0,0,0,0,0,0,0,0,0,0,0,0,1,0,0,0,0,0,0,0,0.0,0.0,0.0,0.0,0.0
Reset,10,0,20,06/05/2026 08:35:09,100.00%,1550,800,35,120,0.0,0,0,0,0,0,0,0,0,0,0,0,0,0,0,0,0,0,0,0,0,0,0,0,0,0,0,0,0,0,0.0,0.0,0.0,0.0,0.0
Reset,5,10,20,06/05/2026 08:26:37,50.00%,1500,800,35,110,0.0,0,0,0,0,0,0,0,0,0,0,0,0,0,0,0,0,0,0,0,0,0,0,0,0,0,0,0,0,0,10.0,0.0,0.0,0.0,0.0
Reset,3,0,20,06/05/2026 08:24:32,100.00%,1500,800,35,90,0.0,0,0,0,0,0,0,0,0,0,0,0,0,0,0,0,0,0,0,0,0,0,0,0,0,0,0,0,0,0,0.0,0.0,0.0,0.0,0.0
Reset,10,2,20,06/05/2026 08:05:44,90.00%,1550,800,35,120,0.0,0,0,0,0,0,0,0,0,0,0,0,0,0,0,0,0,0,0,0,0,0,2,0,0,0,0,0,0,0,0.0,0.0,0.0,0.0,0.0
Reset,6,0,20,06/05/2026 07:56:05,100.00%,1750,800,45,120,0.0,0,0,0,0,0,0,0,0,0,0,0,0,0,0,0,0,0,0,0,0,0,0,0,0,0,0,0,0,0,0.0,0.0,0.0,0.0,0.0
Reset,3,0,20,06/05/2026 07:46:31,100.00%,1500,800,35,90,0.0,0,0,0,0,0,0,0,0,0,0,0,0,0,0,0,0,0,0,0,0,0,0,0,0,0,0,0,0,0,0.0,0.0,0.0,0.0,0.0
Reset,10,2,20,06/05/2026 07:39:02,90.00%,1550,800,35,120,0.0,0,0,0,0,0,0,0,0,0,0,0,0,0,0,0,0,1,0,0,0,0,1,0,0,0,0,0,0,0,0.0,0.0,0.0,0.0,0.0
Reset,5,1,20,06/05/2026 07:35:34,95.00%,1500,800,35,110,0.0,0,0,0,0,0,0,0,0,0,0,0,0,0,0,0,0,0,0,0,0,0,1,0,0,0,0,0,0,0,0.0,0.0,0.0,0.0,0.0
Reset,3,0,20,06/05/2026 07:22:17,100.00%,1500,800,35,90,0.0,0,0,0,0,0,0,0,0,0,0,0,0,0,0,0,0,0,0,0,0,0,0,0,0,0,0,0,0,0,0.0,0.0,0.0,0.0,0.0
Reset,10,5,20,06/05/2026 07:14:44,75.00%,1550,800,35,120,0.0,0,0,0,0,0,0,0,0,0,0,0,0,0,0,0,0,0,0,0,0,0,0,0,0,0,0,0,0,0,5.0,0.0,0.0,0.0,0.0
Reset,2,2,20,06/05/2026 07:04:41,90.00%,1750,800,45,110,0.0,0,0,0,0,0,0,0,0,0,0,0,0,0,0,0,0,1,0,0,0,0,1,0,0,0,0,0,0,0,0.0,0.0,0.0,0.0,0.0
Reset,7,0,20,06/05/2026 07:00:53,100.00%,1420,800,35,120,0.0,0,0,0,0,0,0,0,0,0,0,0,0,0,0,0,0,0,0,0,0,0,0,0,0,0,0,0,0,0,0.0,0.0,0.0,0.0,0.0
Reset,6,1,20,06/05/2026 06:58:14,95.00%,1750,800,45,120,0.0,0,0,0,0,0,0,0,0,0,0,0,0,0,0,0,0,0,0,0,0,1,0,0,0,0,0,0,0,0,0.0,0.0,0.0,0.0,0.0
Reset,3,0,20,06/05/2026 06:55:31,100.00%,1500,800,35,90,0.0,0,0,0,0,0,0,0,0,0,0,0,0,0,0,0,0,0,0,0,0,0,0,0,0,0,0,0,0,0,0.0,0.0,0.0,0.0,0.0
Reset,5,2,20,06/05/2026 06:52:14,90.00%,1500,800,35,110,0.0,0,0,0,0,0,0,0,0,0,0,0,0,0,0,0,0,1,0,0,0,0,1,0,0,0,0,0,0,0,0.0,0.0,0.0,0.0,0.0
Reset,10,1,20,06/05/2026 06:49:27,95.00%,1550,800,35,120,0.0,0,0,0,0,0,0,0,0,0,0,0,0,0,0,0,0,0,0,0,0,0,1,0,0,0,0,0,0,0,0.0,0.0,0.0,0.0,0.0
Reset,2,0,20,05/05/2026 23:06:46,100.00%,1750,800,45,110,0.0,0,0,0,0,0,0,0,0,0,0,0,0,0,0,0,0,0,0,0,0,0,0,0,0,0,0,0,0,0,0.0,0.0,0.0,0.0,0.0
Reset,3,0,20,05/05/2026 22:38:17,100.00%,1500,800,35,90,0.0,0,0,0,0,0,0,0,0,0,0,0,0,0,0,0,0,0,0,0,0,0,0,0,0,0,0,0,0,0,0.0,0.0,0.0,0.0,0.0
P10,131,3,40,05/05/2026 22:33:10,92.50%,1800,2000,45,60,3.0,0,0,0,0,0,0,0,0,0,0,0,0,0,0,0,0,0,0,0,0,0,0,0,0,0,0,0,0,0,0.0,0.0,0.0,0.0,0.0
P10,133,4,40,05/05/2026 22:26:09,90.00%,1950,2000,45,50,0.0,0,4,0,0,0,0,0,0,0,0,0,0,0,0,0,0,0,0,0,0,0,0,0,0,0,0,0,0,0,0.0,0.0,0.0,0.0,0.0
Reset,10,0,20,05/05/2026 22:24:29,100.00%,1550,800,35,120,0.0,0,0,0,0,0,0,0,0,0,0,0,0,0,0,0,0,0,0,0,0,0,0,0,0,0,0,0,0,0,0.0,0.0,0.0,0.0,0.0
P10,136,5,40,05/05/2026 22:21:54,87.50%,1950,2000,45,50,0.0,0,5,0,0,0,0,0,0,0,0,0,0,0,0,0,0,0,0,0,0,0,0,0,0,0,0,0,0,0,0.0,0.0,0.0,0.0,0.0
Reset,5,0,20,05/05/2026 22:20:12,100.00%,1500,800,35,110,0.0,0,0,0,0,0,0,0,0,0,0,0,0,0,0,0,0,0,0,0,0,0,0,0,0,0,0,0,0,0,0.0,0.0,0.0,0.0,0.0
P10,135,3,40,05/05/2026 22:17:49,92.50%,1950,2000,45,50,0.0,0,3,0,0,0,0,0,0,0,0,0,0,0,0,0,0,0,0,0,0,0,0,0,0,0,0,0,0,0,0.0,0.0,0.0,0.0,0.0
P10,132,4,40,05/05/2026 22:12:21,90.00%,1950,2000,45,50,0.0,0,4,0,0,0,0,0,0,0,0,0,0,0,0,0,0,0,0,0,0,0,0,0,0,0,0,0,0,0,0.0,0.0,0.0,0.0,0.0
Reset,3,0,20,05/05/2026 21:59:33,100.00%,1500,800,35,90,0.0,0,0,0,0,0,0,0,0,0,0,0,0,0,0,0,0,0,0,0,0,0,0,0,0,0,0,0,0,0,0.0,0.0,0.0,0.0,0.0
Reset,7,2,20,05/05/2026 21:47:40,90.00%,1420,800,35,120,0.0,0,0,0,0,0,0,0,0,0,0,0,0,0,0,0,0,0,0,0,0,0,2,0,0,0,0,0,0,0,0.0,0.0,0.0,0.0,0.0
FA08,40,0,15,05/05/2026 21:37:32,100.00%,1600,1650,45,95,0.0,0,0,0,0,0,0,0,0,0,0,0,0,0,0,0,0,0,0,0,0,0,0,0,0,0,0,0,0,0,0.0,0.0,0.0,0.0,0.0
Reset,5,0,20,05/05/2026 21:32:29,100.00%,1500,800,35,110,0.0,0,0,0,0,0,0,0,0,0,0,0,0,0,0,0,0,0,0,0,0,0,0,0,0,0,0,0,0,0,0.0,0.0,0.0,0.0,0.0
FA08,54,0,15,05/05/2026 21:27:53,100.00%,1600,1600,45,95,0.0,0,0,0,0,0,0,0,0,0,0,0,0,0,0,0,0,0,0,0,0,0,0,0,0,0,0,0,0,0,0.0,0.0,0.0,0.0,0.0
Reset,3,1,20,05/05/2026 21:23:27,95.00%,1500,800,35,90,0.0,0,0,0,0,0,0,0,0,0,0,0,0,0,0,0,0,0,0,0,0,0,1,0,0,0,0,0,0,0,0.0,0.0,0.0,0.0,0.0
FA08,37,0,15,05/05/2026 21:19:10,100.00%,1620,1650,45,95,0.0,0,0,0,0,0,0,0,0,0,0,0,0,0,0,0,0,0,0,0,0,0,0,0,0,0,0,0,0,0,0.0,0.0,0.0,0.0,0.0
Reset,10,0,20,05/05/2026 21:12:31,100.00%,1550,800,35,120,0.0,0,0,0,0,0,0,0,0,0,0,0,0,0,0,0,0,0,0,0,0,0,0,0,0,0,0,0,0,0,0.0,0.0,0.0,0.0,0.0
FA08,35,0,20,05/05/2026 21:09:45,100.00%,1600,1600,45,95,0.0,0,0,0,0,0,0,0,0,0,0,0,0,0,0,0,0,0,0,0,0,0,0,0,0,0,0,0,0,0,0.0,0.0,0.0,0.0,0.0
FA08,55,1,15,05/05/2026 21:00:21,93.33%,1600,1600,45,95,1.0,0,0,0,0,0,0,0,0,0,0,0,0,0,0,0,0,0,0,0,0,0,0,0,0,0,0,0,0,0,0.0,0.0,0.0,0.0,0.0
Reset,5,0,20,05/05/2026 20:43:36,100.00%,1500,800,35,110,0.0,0,0,0,0,0,0,0,0,0,0,0,0,0,0,0,0,0,0,0,0,0,0,0,0,0,0,0,0,0,0.0,0.0,0.0,0.0,0.0
FA08,37,0,15,05/05/2026 20:38:44,100.00%,1620,1650,45,95,0.0,0,0,0,0,0,0,0,0,0,0,0,0,0,0,0,0,0,0,0,0,0,0,0,0,0,0,0,0,0,0.0,0.0,0.0,0.0,0.0
Reset,3,1,20,05/05/2026 20:33:25,95.00%,1500,800,35,90,0.0,0,0,0,0,0,0,0,0,0,0,0,0,0,0,0,0,0,0,0,0,0,1,0,0,0,0,0,0,0,0.0,0.0,0.0,0.0,0.0
FA08,53,0,15,05/05/2026 20:22:45,100.00%,1600,1600,45,95,0.0,0,0,0,0,0,0,0,0,0,0,0,0,0,0,0,0,0,0,0,0,0,0,0,0,0,0,0,0,0,0.0,0.0,0.0,0.0,0.0
Reset,10,1,20,05/05/2026 20:17:28,95.00%,1550,800,35,120,0.0,0,0,0,0,0,0,0,0,0,0,0,0,0,0,0,1,0,0,0,0,0,0,0,0,0,0,0,0,0,0.0,0.0,0.0,0.0,0.0
FA08,55,1,15,05/05/2026 20:12:11,93.33%,1600,1600,45,95,0.0,0,0,0,0,0,0,0,0,0,0,0,0,0,0,0,0,0,0,0,0,0,0,0,1,0,0,0,0,0,0.0,0.0,0.0,0.0,0.0
Reset,5,1,20,05/05/2026 20:02:18,95.00%,1500,800,35,110,0.0,0,0,0,0,0,0,0,0,0,0,0,0,0,0,0,0,0,0,0,0,0,1,0,0,0,0,0,0,0,0.0,0.0,0.0,0.0,0.0
FA08,40,0,15,05/05/2026 19:57:35,100.00%,1600,1650,45,95,0.0,0,0,0,0,0,0,0,0,0,0,0,0,0,0,0,0,0,0,0,0,0,0,0,0,0,0,0,0,0,0.0,0.0,0.0,0.0,0.0
Reset,3,0,20,05/05/2026 19:52:16,100.00%,1500,800,35,90,0.0,0,0,0,0,0,0,0,0,0,0,0,0,0,0,0,0,0,0,0,0,0,0,0,0,0,0,0,0,0,0.0,0.0,0.0,0.0,0.0
FA08,53,0,15,05/05/2026 19:47:55,100.00%,1600,1600,45,95,0.0,0,0,0,0,0,0,0,0,0,0,0,0,0,0,0,0,0,0,0,0,0,0,0,0,0,0,0,0,0,0.0,0.0,0.0,0.0,0.0
FA08,55,1,15,05/05/2026 19:36:56,93.33%,1600,1600,45,95,1.0,0,0,0,0,0,0,0,0,0,0,0,0,0,0,0,0,0,0,0,0,0,0,0,0,0,0,0,0,0,0.0,0.0,0.0,0.0,0.0
FA08,37,0,15,05/05/2026 19:30:36,100.00%,1620,1650,45,95,0.0,0,0,0,0,0,0,0,0,0,0,0,0,0,0,0,0,0,0,0,0,0,0,0,0,0,0,0,0,0,0.0,0.0,0.0,0.0,0.0
Reset,5,0,20,05/05/2026 19:25:59,100.00%,1500,800,35,110,0.0,0,0,0,0,0,0,0,0,0,0,0,0,0,0,0,0,0,0,0,0,0,0,0,0,0,0,0,0,0,0.0,0.0,0.0,0.0,0.0
FA08,40,0,15,05/05/2026 19:23:16,100.00%,1600,1650,45,95,0.0,0,0,0,0,0,0,0,0,0,0,0,0,0,0,0,0,0,0,0,0,0,0,0,0,0,0,0,0,0,0.0,0.0,0.0,0.0,0.0
FA08,35,0,20,05/05/2026 19:19:02,100.00%,1600,1600,45,95,0.0,0,0,0,0,0,0,0,0,0,0,0,0,0,0,0,0,0,0,0,0,0,0,0,0,0,0,0,0,0,0.0,0.0,0.0,0.0,0.0
Reset,7,2,20,05/05/2026 19:15:59,90.00%,1420,800,35,120,0.0,0,0,0,0,0,0,0,0,0,0,0,0,0,0,0,2,0,0,0,0,0,0,0,0,0,0,0,0,0,0.0,0.0,0.0,0.0,0.0
FA08,55,0,15,05/05/2026 19:10:20,100.00%,1600,1600,45,95,0.0,0,0,0,0,0,0,0,0,0,0,0,0,0,0,0,0,0,0,0,0,0,0,0,0,0,0,0,0,0,0.0,0.0,0.0,0.0,0.0
FA08,53,0,15,05/05/2026 19:07:40,100.00%,1600,1600,45,95,0.0,0,0,0,0,0,0,0,0,0,0,0,0,0,0,0,0,0,0,0,0,0,0,0,0,0,0,0,0,0,0.0,0.0,0.0,0.0,0.0
Reset,10,0,20,05/05/2026 19:02:21,100.00%,1550,800,35,120,0.0,0,0,0,0,0,0,0,0,0,0,0,0,0,0,0,0,0,0,0,0,0,0,0,0,0,0,0,0,0,0.0,0.0,0.0,0.0,0.0
FA08,37,0,15,05/05/2026 18:58:27,100.00%,1620,1650,45,95,0.0,0,0,0,0,0,0,0,0,0,0,0,0,0,0,0,0,0,0,0,0,0,0,0,0,0,0,0,0,0,0.0,0.0,0.0,0.0,0.0
FA08,40,0,15,05/05/2026 18:49:38,100.00%,1600,1650,45,95,0.0,0,0,0,0,0,0,0,0,0,0,0,0,0,0,0,0,0,0,0,0,0,0,0,0,0,0,0,0,0,0.0,0.0,0.0,0.0,0.0
Reset,5,2,20,05/05/2026 17:58:50,90.00%,1500,800,35,110,0.0,0,0,0,0,0,0,0,0,0,0,0,0,0,0,0,0,0,0,0,0,0,2,0,0,0,0,0,0,0,0.0,0.0,0.0,0.0,0.0
Reset,7,0,20,05/05/2026 17:49:20,100.00%,1420,800,35,120,0.0,0,0,0,0,0,0,0,0,0,0,0,0,0,0,0,0,0,0,0,0,0,0,0,0,0,0,0,0,0,0.0,0.0,0.0,0.0,0.0
FA08,53,0,15,05/05/2026 17:45:57,100.00%,1600,1600,45,95,0.0,0,0,0,0,0,0,0,0,0,0,0,0,0,0,0,0,0,0,0,0,0,0,0,0,0,0,0,0,0,0.0,0.0,0.0,0.0,0.0
FA08,37,0,15,05/05/2026 17:33:44,100.00%,1620,1650,45,95,0.0,0,0,0,0,0,0,0,0,0,0,0,0,0,0,0,0,0,0,0,0,0,0,0,0,0,0,0,0,0,0.0,0.0,0.0,0.0,0.0
Reset,10,0,20,05/05/2026 17:30:00,100.00%,1550,800,35,120,0.0,0,0,0,0,0,0,0,0,0,0,0,0,0,0,0,0,0,0,0,0,0,0,0,0,0,0,0,0,0,0.0,0.0,0.0,0.0,0.0
FA08,40,1,15,05/05/2026 17:25:21,93.33%,1600,1650,45,95,0.0,0,1,0,0,0,0,0,0,0,0,0,0,0,0,0,0,0,0,0,0,0,0,0,0,0,0,0,0,0,0.0,0.0,0.0,0.0,0.0
Reset,5,1,20,05/05/2026 17:22:09,95.00%,1500,800,35,110,0.0,0,0,0,0,0,0,0,0,0,0,0,0,0,0,0,0,1,0,0,0,0,0,0,0,0,0,0,0,0,0.0,0.0,0.0,0.0,0.0
FA08,55,1,15,05/05/2026 17:15:50,93.33%,1600,1600,45,95,1.0,0,0,0,0,0,0,0,0,0,0,0,0,0,0,0,0,0,0,0,0,0,0,0,0,0,0,0,0,0,0.0,0.0,0.0,0.0,0.0
FA08,35,0,20,05/05/2026 17:07:35,100.00%,1600,1600,45,95,0.0,0,0,0,0,0,0,0,0,0,0,0,0,0,0,0,0,0,0,0,0,0,0,0,0,0,0,0,0,0,0.0,0.0,0.0,0.0,0.0
Reset,3,0,20,05/05/2026 17:02:22,100.00%,1500,800,35,90,0.0,0,0,0,0,0,0,0,0,0,0,0,0,0,0,0,0,0,0,0,0,0,0,0,0,0,0,0,0,0,0.0,0.0,0.0,0.0,0.0
FA08,53,0,15,05/05/2026 16:59:47,100.00%,1600,1600,45,95,0.0,0,0,0,0,0,0,0,0,0,0,0,0,0,0,0,0,0,0,0,0,0,0,0,0,0,0,0,0,0,0.0,0.0,0.0,0.0,0.0
Reset,10,0,20,05/05/2026 16:51:09,100.00%,1550,800,35,120,0.0,0,0,0,0,0,0,0,0,0,0,0,0,0,0,0,0,0,0,0,0,0,0,0,0,0,0,0,0,0,0.0,0.0,0.0,0.0,0.0
FA08,40,0,15,05/05/2026 16:48:12,100.00%,1600,1650,45,95,0.0,0,0,0,0,0,0,0,0,0,0,0,0,0,0,0,0,0,0,0,0,0,0,0,0,0,0,0,0,0,0.0,0.0,0.0,0.0,0.0
FA08,55,0,15,05/05/2026 16:42:34,100.00%,1600,1600,45,95,0.0,0,0,0,0,0,0,0,0,0,0,0,0,0,0,0,0,0,0,0,0,0,0,0,0,0,0,0,0,0,0.0,0.0,0.0,0.0,0.0
Reset,5,0,20,05/05/2026 16:39:36,100.00%,1500,800,35,110,0.0,0,0,0,0,0,0,0,0,0,0,0,0,0,0,0,0,0,0,0,0,0,0,0,0,0,0,0,0,0,0.0,0.0,0.0,0.0,0.0
FA08,35,1,20,05/05/2026 16:32:34,95.00%,1600,1600,45,95,0.0,0,1,0,0,0,0,0,0,0,0,0,0,0,0,0,0,0,0,0,0,0,0,0,0,0,0,0,0,0,0.0,0.0,0.0,0.0,0.0
Reset,2,3,20,05/05/2026 16:28:18,85.00%,1750,800,45,110,0.0,0,0,0,0,0,0,0,0,0,0,0,0,0,0,0,0,2,0,0,0,0,1,0,0,0,0,0,0,0,0.0,0.0,0.0,0.0,0.0
FA08,37,0,15,05/05/2026 16:25:00,100.00%,1620,1650,45,95,0.0,0,0,0,0,0,0,0,0,0,0,0,0,0,0,0,0,0,0,0,0,0,0,0,0,0,0,0,0,0,0.0,0.0,0.0,0.0,0.0
Reset,3,2,20,05/05/2026 16:20:33,90.00%,1500,800,35,90,0.0,0,0,0,0,0,0,0,0,0,0,0,0,0,1,0,0,0,0,0,0,0,1,0,0,0,0,0,0,0,0.0,0.0,0.0,0.0,0.0
FA08,53,0,15,05/05/2026 16:15:32,100.00%,1600,1600,45,95,0.0,0,0,0,0,0,0,0,0,0,0,0,0,0,0,0,0,0,0,0,0,0,0,0,0,0,0,0,0,0,0.0,0.0,0.0,0.0,0.0
FA08,55,2,15,05/05/2026 16:04:46,86.67%,1600,1600,45,95,0.0,0,2,0,0,0,0,0,0,0,0,0,0,0,0,0,0,0,0,0,0,0,0,0,0,0,0,0,0,0,0.0,0.0,0.0,0.0,0.0
Reset,5,0,20,05/05/2026 16:00:01,100.00%,1500,800,35,110,0.0,0,0,0,0,0,0,0,0,0,0,0,0,0,0,0,0,0,0,0,0,0,0,0,0,0,0,0,0,0,0.0,0.0,0.0,0.0,0.0
FA08,35,0,20,05/05/2026 15:55:05,100.00%,1600,1600,45,95,0.0,0,0,0,0,0,0,0,0,0,0,0,0,0,0,0,0,0,0,0,0,0,0,0,0,0,0,0,0,0,0.0,0.0,0.0,0.0,0.0
FA08,37,1,15,05/05/2026 15:50:32,93.33%,1620,1650,45,95,0.0,0,1,0,0,0,0,0,0,0,0,0,0,0,0,0,0,0,0,0,0,0,0,0,0,0,0,0,0,0,0.0,0.0,0.0,0.0,0.0
Reset,7,2,20,05/05/2026 15:30:10,90.00%,1420,800,35,120,0.0,0,1,0,0,0,0,0,0,0,0,0,0,0,1,0,0,0,0,0,0,0,0,0,0,0,0,0,0,0,0.0,0.0,0.0,0.0,0.0
Reset,6,1,20,05/05/2026 15:26:52,95.00%,1750,800,45,120,0.0,0,0,0,0,0,0,0,0,0,0,0,0,0,0,0,0,0,0,0,0,0,1,0,0,0,0,0,0,0,0.0,0.0,0.0,0.0,0.0
Reset,3,1,20,05/05/2026 15:22:42,95.00%,1500,800,35,90,0.0,0,0,0,0,0,0,0,0,0,0,0,0,0,0,0,0,0,0,0,0,0,1,0,0,0,0,0,0,0,0.0,0.0,0.0,0.0,0.0
Reset,5,1,20,05/05/2026 15:20:08,95.00%,1500,800,35,110,0.0,0,0,0,0,0,0,0,0,0,0,0,0,0,0,0,0,0,0,0,0,0,1,0,0,0,0,0,0,0,0.0,0.0,0.0,0.0,0.0
Reset,10,0,20,05/05/2026 14:09:05,100.00%,1550,800,35,120,0.0,0,0,0,0,0,0,0,0,0,0,0,0,0,0,0,0,0,0,0,0,0,0,0,0,0,0,0,0,0,0.0,0.0,0.0,0.0,0.0
Reset,3,0,20,05/05/2026 14:01:18,100.00%,1500,800,35,90,0.0,0,0,0,0,0,0,0,0,0,0,0,0,0,0,0,0,0,0,0,0,0,0,0,0,0,0,0,0,0,0.0,0.0,0.0,0.0,0.0
Reset,5,0,20,05/05/2026 13:56:39,100.00%,1500,800,35,110,0.0,0,0,0,0,0,0,0,0,0,0,0,0,0,0,0,0,0,0,0,0,0,0,0,0,0,0,0,0,0,0.0,0.0,0.0,0.0,0.0
Reset,10,2,20,05/05/2026 13:44:55,90.00%,1550,800,35,120,0.0,0,0,0,0,0,0,0,0,0,0,0,0,0,0,0,0,0,0,0,0,0,2,0,0,0,0,0,0,0,0.0,0.0,0.0,0.0,0.0
Reset,3,0,20,05/05/2026 13:37:56,100.00%,1500,800,35,90,0.0,0,0,0,0,0,0,0,0,0,0,0,0,0,0,0,0,0,0,0,0,0,0,0,0,0,0,0,0,0,0.0,0.0,0.0,0.0,0.0
Reset,5,1,20,05/05/2026 13:24:20,95.00%,1500,800,35,110,0.0,0,0,0,0,0,0,0,0,0,0,0,0,0,0,0,0,0,0,0,0,0,1,0,0,0,0,0,0,0,0.0,0.0,0.0,0.0,0.0
Reset,10,0,20,05/05/2026 13:15:39,100.00%,1550,800,35,120,0.0,0,0,0,0,0,0,0,0,0,0,0,0,0,0,0,0,0,0,0,0,0,0,0,0,0,0,0,0,0,0.0,0.0,0.0,0.0,0.0
Reset,6,0,20,05/05/2026 13:10:07,100.00%,1750,800,45,120,0.0,0,0,0,0,0,0,0,0,0,0,0,0,0,0,0,0,0,0,0,0,0,0,0,0,0,0,0,0,0,0.0,0.0,0.0,0.0,0.0
Reset,3,0,20,05/05/2026 13:07:20,100.00%,1500,800,35,90,0.0,0,0,0,0,0,0,0,0,0,0,0,0,0,0,0,0,0,0,0,0,0,0,0,0,0,0,0,0,0,0.0,0.0,0.0,0.0,0.0
Reset,7,2,20,05/05/2026 13:04:49,90.00%,1420,800,35,120,0.0,0,0,0,0,0,0,0,0,0,0,0,0,0,0,0,0,0,0,0,0,0,2,0,0,0,0,0,0,0,0.0,0.0,0.0,0.0,0.0
Reset,5,0,20,05/05/2026 13:02:39,100.00%,1500,800,35,110,0.0,0,0,0,0,0,0,0,0,0,0,0,0,0,0,0,0,0,0,0,0,0,0,0,0,0,0,0,0,0,0.0,0.0,0.0,0.0,0.0
Reset,73,3,20,05/05/2026 11:14:26,85.00%,1400,800,50,120,0.0,0,1,0,0,1,0,0,0,1,0,0,0,0,0,0,0,0,0,0,0,0,0,0,0,0,0,0,0,0,0.0,0.0,0.0,0.0,0.0
Reset,6,0,20,05/05/2026 11:02:18,100.00%,1750,800,45,120,0.0,0,0,0,0,0,0,0,0,0,0,0,0,0,0,0,0,0,0,0,0,0,0,0,0,0,0,0,0,0,0.0,0.0,0.0,0.0,0.0
Reset,3,2,20,05/05/2026 10:56:28,90.00%,1500,800,35,90,0.0,0,0,0,0,0,0,0,0,0,0,0,0,0,0,0,0,2,0,0,0,0,0,0,0,0,0,0,0,0,0.0,0.0,0.0,0.0,0.0
Reset,10,0,20,05/05/2026 10:54:30,100.00%,1550,800,35,120,0.0,0,0,0,0,0,0,0,0,0,0,0,0,0,0,0,0,0,0,0,0,0,0,0,0,0,0,0,0,0,0.0,0.0,0.0,0.0,0.0
Reset,2,2,20,05/05/2026 10:49:03,90.00%,1750,800,45,110,1.0,0,0,0,0,0,0,0,0,0,0,0,0,0,0,0,0,0,0,0,0,0,1,0,0,0,0,0,0,0,0.0,0.0,0.0,0.0,0.0
Reset,7,0,20,05/05/2026 10:45:25,100.00%,1420,800,35,120,0.0,0,0,0,0,0,0,0,0,0,0,0,0,0,0,0,0,0,0,0,0,0,0,0,0,0,0,0,0,0,0.0,0.0,0.0,0.0,0.0
Reset,5,1,20,05/05/2026 10:39:23,95.00%,1500,800,35,110,0.0,0,0,0,0,0,0,0,0,0,0,0,0,0,0,0,0,0,0,0,0,0,1,0,0,0,0,0,0,0,0.0,0.0,0.0,0.0,0.0
Reset,3,0,20,05/05/2026 10:28:49,100.00%,1500,800,35,90,0.0,0,0,0,0,0,0,0,0,0,0,0,0,0,0,0,0,0,0,0,0,0,0,0,0,0,0,0,0,0,0.0,0.0,0.0,0.0,0.0
Reset,6,0,20,05/05/2026 10:26:16,100.00%,1750,800,45,120,0.0,0,0,0,0,0,0,0,0,0,0,0,0,0,0,0,0,0,0,0,0,0,0,0,0,0,0,0,0,0,0.0,0.0,0.0,0.0,0.0
Reset,10,1,20,05/05/2026 10:22:54,95.00%,1550,800,35,120,0.0,0,0,0,0,0,0,0,0,0,0,0,0,0,0,0,0,0,0,0,0,0,1,0,0,0,0,0,0,0,0.0,0.0,0.0,0.0,0.0
Reset,2,0,20,05/05/2026 10:20:50,100.00%,1750,800,45,110,0.0,0,0,0,0,0,0,0,0,0,0,0,0,0,0,0,0,0,0,0,0,0,0,0,0,0,0,0,0,0,0.0,0.0,0.0,0.0,0.0
Reset,7,0,20,05/05/2026 10:18:19,100.00%,1420,800,35,120,0.0,0,0,0,0,0,0,0,0,0,0,0,0,0,0,0,0,0,0,0,0,0,0,0,0,0,0,0,0,0,0.0,0.0,0.0,0.0,0.0
Reset,72,6,20,05/05/2026 10:10:33,90.00%,800,1400,50,120,6.0,0,0,0,0,0,0,0,0,0,0,0,0,0,0,0,0,0,0,0,0,0,0,0,0,0,0,0,0,0,0.0,0.0,0.0,0.0,0.0
Reset,5,0,20,05/05/2026 10:09:04,100.00%,1500,800,35,110,0.0,0,0,0,0,0,0,0,0,0,0,0,0,0,0,0,0,0,0,0,0,0,0,0,0,0,0,0,0,0,0.0,0.0,0.0,0.0,0.0
Reset,3,0,20,05/05/2026 10:03:13,100.00%,1500,800,35,90,0.0,0,0,0,0,0,0,0,0,0,0,0,0,0,0,0,0,0,0,0,0,0,0,0,0,0,0,0,0,0,0.0,0.0,0.0,0.0,0.0
Reset,74,8,20,05/05/2026 10:00:18,60.00%,800,1470,45,120,3.0,0,5,0,0,0,0,0,0,0,0,0,0,0,0,0,0,0,0,0,0,0,0,0,0,0,0,0,0,0,0.0,0.0,0.0,0.0,0.0
Reset,10,0,20,05/05/2026 09:56:13,100.00%,1550,800,35,120,0.0,0,0,0,0,0,0,0,0,0,0,0,0,0,0,0,0,0,0,0,0,0,0,0,0,0,0,0,0,0,0.0,0.0,0.0,0.0,0.0
Reset,6,0,20,05/05/2026 09:53:39,100.00%,1750,800,45,120,0.0,0,0,0,0,0,0,0,0,0,0,0,0,0,0,0,0,0,0,0,0,0,0,0,0,0,0,0,0,0,0.0,0.0,0.0,0.0,0.0
Reset,72,8,20,05/05/2026 09:48:47,60.00%,800,1400,50,120,8.0,0,0,0,0,0,0,0,0,0,0,0,0,0,0,0,0,0,0,0,0,0,0,0,0,0,0,0,0,0,0.0,0.0,0.0,0.0,0.0
Reset,2,1,20,05/05/2026 09:46:07,95.00%,1750,800,45,110,0.0,1,0,0,0,0,0,0,0,0,0,0,0,0,0,0,0,0,0,0,0,0,0,0,0,0,0,0,0,0,0.0,0.0,0.0,0.0,0.0
Reset,7,0,20,05/05/2026 09:39:25,100.00%,1420,800,35,120,0.0,0,0,0,0,0,0,0,0,0,0,0,0,0,0,0,0,0,0,0,0,0,0,0,0,0,0,0,0,0,0.0,0.0,0.0,0.0,0.0
Reset,5,0,20,05/05/2026 09:37:16,100.00%,1500,800,35,110,0.0,0,0,0,0,0,0,0,0,0,0,0,0,0,0,0,0,0,0,0,0,0,0,0,0,0,0,0,0,0,0.0,0.0,0.0,0.0,0.0
Reset,7,2,20,05/05/2026 09:34:55,90.00%,1420,800,35,120,0.0,0,0,0,0,0,0,0,0,0,0,0,0,2,0,0,0,0,0,0,0,0,0,0,0,0,0,0,0,0,0.0,0.0,0.0,0.0,0.0
Reset,10,0,20,05/05/2026 09:32:55,100.00%,1550,800,35,120,0.0,0,0,0,0,0,0,0,0,0,0,0,0,0,0,0,0,0,0,0,0,0,0,0,0,0,0,0,0,0,0.0,0.0,0.0,0.0,0.0
Reset,6,1,20,05/05/2026 09:30:56,95.00%,1750,800,45,120,0.0,0,0,0,0,0,0,0,0,0,0,0,0,0,0,0,0,0,0,0,0,0,1,0,0,0,0,0,0,0,0.0,0.0,0.0,0.0,0.0
Reset,2,0,20,05/05/2026 09:16:12,100.00%,1750,800,45,110,0.0,0,0,0,0,0,0,0,0,0,0,0,0,0,0,0,0,0,0,0,0,0,0,0,0,0,0,0,0,0,0.0,0.0,0.0,0.0,0.0
Reset,7,1,20,05/05/2026 09:14:08,95.00%,1420,800,35,120,0.0,0,0,0,0,0,0,0,0,0,0,0,0,0,0,0,0,1,0,0,0,0,0,0,0,0,0,0,0,0,0.0,0.0,0.0,0.0,0.0
Reset,5,0,20,05/05/2026 09:12:06,100.00%,1500,800,35,110,0.0,0,0,0,0,0,0,0,0,0,0,0,0,0,0,0,0,0,0,0,0,0,0,0,0,0,0,0,0,0,0.0,0.0,0.0,0.0,0.0
Reset,3,0,20,05/05/2026 08:56:10,100.00%,1500,800,35,90,0.0,0,0,0,0,0,0,0,0,0,0,0,0,0,0,0,0,0,0,0,0,0,0,0,0,0,0,0,0,0,0.0,0.0,0.0,0.0,0.0
Reset,10,1,20,05/05/2026 08:54:30,95.00%,1550,800,35,120,0.0,0,0,0,0,0,0,0,0,0,0,0,0,0,0,0,0,0,0,0,0,0,1,0,0,0,0,0,0,0,0.0,0.0,0.0,0.0,0.0
Reset,6,0,20,05/05/2026 08:52:48,100.00%,1750,800,45,120,0.0,0,0,0,0,0,0,0,0,0,0,0,0,0,0,0,0,0,0,0,0,0,0,0,0,0,0,0,0,0,0.0,0.0,0.0,0.0,0.0
Reset,2,1,20,05/05/2026 08:51:01,95.00%,1750,800,45,110,0.0,0,0,0,0,0,0,0,0,0,0,0,0,0,0,0,0,0,0,0,0,0,1,0,0,0,0,0,0,0,0.0,0.0,0.0,0.0,0.0
Reset,7,0,20,05/05/2026 08:45:19,100.00%,1420,800,35,120,0.0,0,0,0,0,0,0,0,0,0,0,0,0,0,0,0,0,0,0,0,0,0,0,0,0,0,0,0,0,0,0.0,0.0,0.0,0.0,0.0
Reset,5,1,20,05/05/2026 08:43:30,95.00%,1500,800,35,110,0.0,0,0,0,0,0,0,0,0,0,0,0,0,0,0,0,0,0,0,0,0,0,1,0,0,0,0,0,0,0,0.0,0.0,0.0,0.0,0.0
Reset,73,8,20,05/05/2026 08:25:04,60.00%,1400,800,50,120,0.0,0,0,0,0,1,0,0,0,3,0,0,0,0,2,0,0,0,0,0,0,0,2,0,0,0,0,0,0,0,0.0,0.0,0.0,0.0,0.0
Reset,10,1,20,05/05/2026 08:18:19,95.00%,1550,800,35,120,0.0,0,0,0,0,0,0,0,0,0,0,0,0,0,0,0,0,0,0,0,0,0,1,0,0,0,0,0,0,0,0.0,0.0,0.0,0.0,0.0
Reset,3,0,20,05/05/2026 08:16:03,100.00%,1500,800,35,90,0.0,0,0,0,0,0,0,0,0,0,0,0,0,0,0,0,0,0,0,0,0,0,0,0,0,0,0,0,0,0,0.0,0.0,0.0,0.0,0.0
Reset,6,1,20,05/05/2026 08:04:27,95.00%,1750,800,45,120,0.0,0,0,0,0,0,0,0,0,0,0,0,0,0,0,0,0,0,0,0,0,0,1,0,0,0,0,0,0,0,0.0,0.0,0.0,0.0,0.0
Reset,2,3,20,05/05/2026 08:02:18,85.00%,1750,800,45,110,2.0,0,0,0,0,0,0,0,0,0,0,0,0,0,0,0,0,1,0,0,0,0,0,0,0,0,0,0,0,0,0.0,0.0,0.0,0.0,0.0
Reset,5,0,20,05/05/2026 07:49:13,100.00%,1500,800,35,110,0.0,0,0,0,0,0,0,0,0,0,0,0,0,0,0,0,0,0,0,0,0,0,0,0,0,0,0,0,0,0,0.0,0.0,0.0,0.0,0.0
Reset,10,0,20,05/05/2026 07:45:45,100.00%,1550,800,35,120,0.0,0,0,0,0,0,0,0,0,0,0,0,0,0,0,0,0,0,0,0,0,0,0,0,0,0,0,0,0,0,0.0,0.0,0.0,0.0,0.0
Reset,3,0,20,05/05/2026 07:43:45,100.00%,1500,800,35,90,0.0,0,0,0,0,0,0,0,0,0,0,0,0,0,0,0,0,0,0,0,0,0,0,0,0,0,0,0,0,0,0.0,0.0,0.0,0.0,0.0
Reset,6,2,20,05/05/2026 07:36:45,90.00%,1750,800,45,120,0.0,0,0,0,0,0,0,0,0,0,0,0,0,0,0,0,0,0,0,0,0,2,0,0,0,0,0,0,0,0,0.0,0.0,0.0,0.0,0.0
Reset,2,2,20,05/05/2026 07:31:32,90.00%,1750,800,45,110,0.0,0,0,0,0,0,0,0,0,0,0,0,0,0,0,0,0,0,0,0,0,2,0,0,0,0,0,0,0,0,0.0,0.0,0.0,0.0,0.0
Reset,7,1,20,05/05/2026 07:28:44,95.00%,1420,800,35,120,0.0,0,0,0,0,0,0,0,0,0,0,0,0,0,0,0,0,0,0,0,0,0,1,0,0,0,0,0,0,0,0.0,0.0,0.0,0.0,0.0
Reset,5,0,20,05/05/2026 07:26:38,100.00%,1500,800,35,110,0.0,0,0,0,0,0,0,0,0,0,0,0,0,0,0,0,0,0,0,0,0,0,0,0,0,0,0,0,0,0,0.0,0.0,0.0,0.0,0.0
Reset,10,0,20,05/05/2026 07:22:01,100.00%,1550,800,35,120,0.0,0,0,0,0,0,0,0,0,0,0,0,0,0,0,0,0,0,0,0,0,0,0,0,0,0,0,0,0,0,0.0,0.0,0.0,0.0,0.0
Reset,3,0,20,05/05/2026 07:20:26,100.00%,1500,800,35,90,0.0,0,0,0,0,0,0,0,0,0,0,0,0,0,0,0,0,0,0,0,0,0,0,0,0,0,0,0,0,0,0.0,0.0,0.0,0.0,0.0
Reset,7,3,20,05/05/2026 06:54:28,85.00%,1420,800,35,120,0.0,0,0,0,0,0,0,0,0,0,0,0,0,0,0,0,0,0,0,0,0,0,0,0,0,0,0,3,0,0,0.0,0.0,0.0,0.0,0.0
Reset,10,0,20,05/05/2026 06:51:32,100.00%,1550,800,35,120,0.0,0,0,0,0,0,0,0,0,0,0,0,0,0,0,0,0,0,0,0,0,0,0,0,0,0,0,0,0,0,0.0,0.0,0.0,0.0,0.0
Reset,5,0,20,05/05/2026 06:49:01,100.00%,1500,800,35,110,0.0,0,0,0,0,0,0,0,0,0,0,0,0,0,0,0,0,0,0,0,0,0,0,0,0,0,0,0,0,0,0.0,0.0,0.0,0.0,0.0
Reset,3,2,20,05/05/2026 06:44:09,90.00%,1500,800,35,90,0.0,1,0,0,0,0,0,0,0,0,0,0,0,0,0,0,0,0,0,0,0,0,1,0,0,0,0,0,0,0,0.0,0.0,0.0,0.0,0.0
Reset,10,0,20,04/05/2026 23:05:24,100.00%,1550,800,35,120,0.0,0,0,0,0,0,0,0,0,0,0,0,0,0,0,0,0,0,0,0,0,0,0,0,0,0,0,0,0,0,0.0,0.0,0.0,0.0,0.0
Reset,5,0,20,04/05/2026 22:54:29,100.00%,1500,800,35,110,0.0,0,0,0,0,0,0,0,0,0,0,0,0,0,0,0,0,0,0,0,0,0,0,0,0,0,0,0,0,0,0.0,0.0,0.0,0.0,0.0
Reset,3,0,20,04/05/2026 22:42:12,100.00%,1500,800,35,90,0.0,0,0,0,0,0,0,0,0,0,0,0,0,0,0,0,0,0,0,0,0,0,0,0,0,0,0,0,0,0,0.0,0.0,0.0,0.0,0.0
Reset,7,0,20,04/05/2026 22:31:54,100.00%,1420,800,35,120,0.0,0,0,0,0,0,0,0,0,0,0,0,0,0,0,0,0,0,0,0,0,0,0,0,0,0,0,0,0,0,0.0,0.0,0.0,0.0,0.0
Reset,5,4,20,04/05/2026 22:27:14,80.00%,1500,800,35,110,0.0,0,0,0,0,0,0,0,0,0,0,0,0,0,0,0,0,0,0,0,0,0,4,0,0,0,0,0,0,0,0.0,0.0,0.0,0.0,0.0
Reset,6,0,20,04/05/2026 22:21:18,100.00%,1750,800,45,120,0.0,0,0,0,0,0,0,0,0,0,0,0,0,0,0,0,0,0,0,0,0,0,0,0,0,0,0,0,0,0,0.0,0.0,0.0,0.0,0.0
Reset,10,0,20,04/05/2026 22:18:15,100.00%,1550,800,35,120,0.0,0,0,0,0,0,0,0,0,0,0,0,0,0,0,0,0,0,0,0,0,0,0,0,0,0,0,0,0,0,0.0,0.0,0.0,0.0,0.0
Reset,3,2,20,04/05/2026 22:15:01,90.00%,1500,800,35,90,0.0,0,0,0,0,0,0,0,0,0,0,0,0,0,0,0,0,1,0,0,0,0,1,0,0,0,0,0,0,0,0.0,0.0,0.0,0.0,0.0
Reset,54,2,15,04/05/2026 21:25:53,86.67%,1600,1600,45,95,0.0,0,1,0,0,0,0,0,0,0,0,0,0,0,0,0,0,0,0,0,0,0,1,0,0,0,0,0,0,0,0.0,0.0,0.0,0.0,0.0
Reset,39,4,15,04/05/2026 21:21:21,73.33%,1600,1650,50,95,1.0,0,3,0,0,0,0,0,0,0,0,0,0,0,0,0,0,0,0,0,0,0,0,0,0,0,0,0,0,0,0.0,0.0,0.0,0.0,0.0
Reset,40,2,15,04/05/2026 21:11:35,86.67%,1600,1650,45,95,0.0,0,2,0,0,0,0,0,0,0,0,0,0,0,0,0,0,0,0,0,0,0,0,0,0,0,0,0,0,0,0.0,0.0,0.0,0.0,0.0
Reset,37,3,15,04/05/2026 20:57:46,80.00%,1620,1650,45,95,1.0,0,2,0,0,0,0,0,0,0,0,0,0,0,0,0,0,0,0,0,0,0,0,0,0,0,0,0,0,0,0.0,0.0,0.0,0.0,0.0
Reset,40,0,15,04/05/2026 20:48:41,100.00%,1600,1650,45,95,0.0,0,0,0,0,0,0,0,0,0,0,0,0,0,0,0,0,0,0,0,0,0,0,0,0,0,0,0,0,0,0.0,0.0,0.0,0.0,0.0
Reset,5,2,20,04/05/2026 20:46:32,90.00%,1500,800,35,110,1.0,0,0,0,0,0,0,0,0,0,0,0,0,0,0,0,0,0,0,0,0,0,1,0,0,0,0,0,0,0,0.0,0.0,0.0,0.0,0.0
Reset,10,1,20,04/05/2026 20:41:06,95.00%,1550,800,35,120,1.0,0,0,0,0,0,0,0,0,0,0,0,0,0,0,0,0,0,0,0,0,0,0,0,0,0,0,0,0,0,0.0,0.0,0.0,0.0,0.0
Reset,39,4,15,04/05/2026 20:40:33,73.33%,1600,1650,50,95,3.0,0,1,0,0,0,0,0,0,0,0,0,0,0,0,0,0,0,0,0,0,0,0,0,0,0,0,0,0,0,0.0,0.0,0.0,0.0,0.0
Reset,3,3,20,04/05/2026 20:36:38,85.00%,1500,800,35,90,3.0,0,0,0,0,0,0,0,0,0,0,0,0,0,0,0,0,0,0,0,0,0,0,0,0,0,0,0,0,0,0.0,0.0,0.0,0.0,0.0
Reset,54,0,15,04/05/2026 20:31:29,100.00%,1600,1600,45,95,0.0,0,0,0,0,0,0,0,0,0,0,0,0,0,0,0,0,0,0,0,0,0,0,0,0,0,0,0,0,0,0.0,0.0,0.0,0.0,0.0
Reset,35,0,20,04/05/2026 20:20:52,100.00%,1600,1600,45,95,0.0,0,0,0,0,0,0,0,0,0,0,0,0,0,0,0,0,0,0,0,0,0,0,0,0,0,0,0,0,0,0.0,0.0,0.0,0.0,0.0
Reset,37,0,15,04/05/2026 20:10:56,100.00%,1620,1650,45,95,0.0,0,0,0,0,0,0,0,0,0,0,0,0,0,0,0,0,0,0,0,0,0,0,0,0,0,0,0,0,0,0.0,0.0,0.0,0.0,0.0
Reset,40,0,15,04/05/2026 20:03:39,100.00%,1600,1650,45,95,0.0,0,0,0,0,0,0,0,0,0,0,0,0,0,0,0,0,0,0,0,0,0,0,0,0,0,0,0,0,0,0.0,0.0,0.0,0.0,0.0
Reset,39,3,15,04/05/2026 19:54:43,80.00%,1600,1650,50,95,0.0,3,0,0,0,0,0,0,0,0,0,0,0,0,0,0,0,0,0,0,0,0,0,0,0,0,0,0,0,0,0.0,0.0,0.0,0.0,0.0
Reset,54,0,15,04/05/2026 19:38:16,100.00%,1600,1600,45,95,0.0,0,0,0,0,0,0,0,0,0,0,0,0,0,0,0,0,0,0,0,0,0,0,0,0,0,0,0,0,0,0.0,0.0,0.0,0.0,0.0
Reset,35,0,20,04/05/2026 19:29:51,100.00%,1600,1600,45,95,0.0,0,0,0,0,0,0,0,0,0,0,0,0,0,0,0,0,0,0,0,0,0,0,0,0,0,0,0,0,0,0.0,0.0,0.0,0.0,0.0
Reset,37,2,15,04/05/2026 19:18:03,86.67%,1620,1650,45,95,0.0,0,2,0,0,0,0,0,0,0,0,0,0,0,0,0,0,0,0,0,0,0,0,0,0,0,0,0,0,0,0.0,0.0,0.0,0.0,0.0
Reset,40,1,15,04/05/2026 19:11:51,93.33%,1600,1650,45,95,0.0,0,0,0,0,0,0,0,0,0,0,0,0,0,0,0,0,1,0,0,0,0,0,0,0,0,0,0,0,0,0.0,0.0,0.0,0.0,0.0
Reset,39,3,15,04/05/2026 19:01:49,80.00%,1600,1650,50,95,2.0,0,1,0,0,0,0,0,0,0,0,0,0,0,0,0,0,0,0,0,0,0,0,0,0,0,0,0,0,0,0.0,0.0,0.0,0.0,0.0
Reset,54,0,15,04/05/2026 18:58:01,100.00%,1600,1600,45,95,0.0,0,0,0,0,0,0,0,0,0,0,0,0,0,0,0,0,0,0,0,0,0,0,0,0,0,0,0,0,0,0.0,0.0,0.0,0.0,0.0
Reset,35,0,20,04/05/2026 18:55:27,100.00%,1600,1600,45,95,0.0,0,0,0,0,0,0,0,0,0,0,0,0,0,0,0,0,0,0,0,0,0,0,0,0,0,0,0,0,0,0.0,0.0,0.0,0.0,0.0
Reset,37,2,15,04/05/2026 17:56:52,86.67%,1620,1650,45,95,0.0,0,2,0,0,0,0,0,0,0,0,0,0,0,0,0,0,0,0,0,0,0,0,0,0,0,0,0,0,0,0.0,0.0,0.0,0.0,0.0
Reset,40,0,15,04/05/2026 17:50:17,100.00%,1600,1650,45,95,0.0,0,0,0,0,0,0,0,0,0,0,0,0,0,0,0,0,0,0,0,0,0,0,0,0,0,0,0,0,0,0.0,0.0,0.0,0.0,0.0
Reset,39,2,15,04/05/2026 17:40:19,86.67%,1600,1650,50,95,2.0,0,0,0,0,0,0,0,0,0,0,0,0,0,0,0,0,0,0,0,0,0,0,0,0,0,0,0,0,0,0.0,0.0,0.0,0.0,0.0
Reset,54,0,15,04/05/2026 17:31:11,100.00%,1600,1600,45,95,0.0,0,0,0,0,0,0,0,0,0,0,0,0,0,0,0,0,0,0,0,0,0,0,0,0,0,0,0,0,0,0.0,0.0,0.0,0.0,0.0
Reset,35,0,20,04/05/2026 17:18:42,100.00%,1600,1600,45,95,0.0,0,0,0,0,0,0,0,0,0,0,0,0,0,0,0,0,0,0,0,0,0,0,0,0,0,0,0,0,0,0.0,0.0,0.0,0.0,0.0
Reset,37,0,15,04/05/2026 17:12:40,100.00%,1620,1650,45,95,0.0,0,0,0,0,0,0,0,0,0,0,0,0,0,0,0,0,0,0,0,0,0,0,0,0,0,0,0,0,0,0.0,0.0,0.0,0.0,0.0
Reset,40,1,15,04/05/2026 17:00:41,93.33%,1600,1650,45,95,0.0,0,1,0,0,0,0,0,0,0,0,0,0,0,0,0,0,0,0,0,0,0,0,0,0,0,0,0,0,0,0.0,0.0,0.0,0.0,0.0
Reset,39,4,15,04/05/2026 16:47:43,73.33%,1600,1650,50,95,1.0,0,3,0,0,0,0,0,0,0,0,0,0,0,0,0,0,0,0,0,0,0,0,0,0,0,0,0,0,0,0.0,0.0,0.0,0.0,0.0
Reset,54,0,15,04/05/2026 16:31:35,100.00%,1600,1600,45,95,0.0,0,0,0,0,0,0,0,0,0,0,0,0,0,0,0,0,0,0,0,0,0,0,0,0,0,0,0,0,0,0.0,0.0,0.0,0.0,0.0
Reset,36,0,15,04/05/2026 16:26:27,100.00%,1600,1650,45,95,0.0,0,0,0,0,0,0,0,0,0,0,0,0,0,0,0,0,0,0,0,0,0,0,0,0,0,0,0,0,0,0.0,0.0,0.0,0.0,0.0
Reset,35,1,20,04/05/2026 16:00:49,95.00%,1600,1600,45,95,0.0,0,0,0,0,0,0,0,0,0,0,0,0,0,0,0,0,0,0,0,0,0,0,0,1,0,0,0,0,0,0.0,0.0,0.0,0.0,0.0
Reset,37,4,15,04/05/2026 15:47:45,73.33%,1620,1650,45,95,0.0,0,3,0,0,0,0,0,0,0,0,0,0,0,0,0,0,0,0,0,0,0,1,0,0,0,0,0,0,0,0.0,0.0,0.0,0.0,0.0
Reset,40,0,15,04/05/2026 15:43:59,100.00%,1600,1650,45,95,0.0,0,0,0,0,0,0,0,0,0,0,0,0,0,0,0,0,0,0,0,0,0,0,0,0,0,0,0,0,0,0.0,0.0,0.0,0.0,0.0
Reset,6,20,20,04/05/2026 15:41:10,0,1750,800,45,120,0.0,0,0,0,0,0,0,0,0,0,0,0,0,0,0,0,20,0,0,0,0,0,0,0,0,0,0,0,0,0,0.0,0.0,0.0,0.0,0.0
Reset,36,0,15,04/05/2026 15:35:01,100.00%,1600,1650,45,95,0.0,0,0,0,0,0,0,0,0,0,0,0,0,0,0,0,0,0,0,0,0,0,0,0,0,0,0,0,0,0,0.0,0.0,0.0,0.0,0.0
Reset,36,1,15,04/05/2026 13:43:24,93.33%,1600,1650,45,95,0.0,0,0,0,0,0,0,0,0,0,0,0,0,0,0,0,0,0,0,0,0,0,0,0,1,0,0,0,0,0,0.0,0.0,0.0,0.0,0.0
Reset,3,3,20,04/05/2026 13:33:21,85.00%,1500,800,35,90,0.0,0,0,0,0,0,0,0,0,0,0,0,0,0,0,0,0,0,0,0,0,0,3,0,0,0,0,0,0,0,0.0,0.0,0.0,0.0,0.0
Reset,10,2,20,04/05/2026 13:27:20,90.00%,1550,800,35,120,0.0,0,0,0,0,0,0,0,0,0,0,0,0,0,0,0,0,0,0,0,0,0,2,0,0,0,0,0,0,0,0.0,0.0,0.0,0.0,0.0
Reset,39,1,15,04/05/2026 13:25:31,93.33%,1600,1650,50,95,0.0,0,1,0,0,0,0,0,0,0,0,0,0,0,0,0,0,0,0,0,0,0,0,0,0,0,0,0,0,0,0.0,0.0,0.0,0.0,0.0
Reset,54,1,15,04/05/2026 13:19:44,93.33%,1600,1600,45,95,0.0,0,1,0,0,0,0,0,0,0,0,0,0,0,0,0,0,0,0,0,0,0,0,0,0,0,0,0,0,0,0.0,0.0,0.0,0.0,0.0
Reset,5,0,20,04/05/2026 13:16:11,100.00%,1500,800,35,110,0.0,0,0,0,0,0,0,0,0,0,0,0,0,0,0,0,0,0,0,0,0,0,0,0,0,0,0,0,0,0,0.0,0.0,0.0,0.0,0.0
Reset,2,2,20,04/05/2026 13:14:09,90.00%,1750,800,45,110,0.0,0,0,0,0,0,0,0,0,0,0,0,0,0,0,0,0,0,0,0,0,0,2,0,0,0,0,0,0,0,0.0,0.0,0.0,0.0,0.0
Reset,35,0,20,04/05/2026 13:11:23,100.00%,1600,1600,45,95,0.0,0,0,0,0,0,0,0,0,0,0,0,0,0,0,0,0,0,0,0,0,0,0,0,0,0,0,0,0,0,0.0,0.0,0.0,0.0,0.0
Reset,6,2,20,04/05/2026 13:09:54,90.00%,1750,800,45,120,0.0,0,0,0,0,0,0,0,0,0,0,0,0,0,0,0,0,0,0,0,0,0,2,0,0,0,0,0,0,0,0.0,0.0,0.0,0.0,0.0
Reset,53,1,15,04/05/2026 13:06:52,93.33%,1600,1600,45,95,1.0,0,0,0,0,0,0,0,0,0,0,0,0,0,0,0,0,0,0,0,0,0,0,0,0,0,0,0,0,0,0.0,0.0,0.0,0.0,0.0
Reset,37,2,15,04/05/2026 12:59:36,86.67%,1620,1650,45,95,0.0,0,2,0,0,0,0,0,0,0,0,0,0,0,0,0,0,0,0,0,0,0,0,0,0,0,0,0,0,0,0.0,0.0,0.0,0.0,0.0
Reset,40,1,15,04/05/2026 12:58:03,93.33%,1600,1650,45,95,0.0,0,1,0,0,0,0,0,0,0,0,0,0,0,0,0,0,0,0,0,0,0,0,0,0,0,0,0,0,0,0.0,0.0,0.0,0.0,0.0
Reset,10,0,20,04/05/2026 12:48:37,100.00%,1550,800,35,120,0.0,0,0,0,0,0,0,0,0,0,0,0,0,0,0,0,0,0,0,0,0,0,0,0,0,0,0,0,0,0,0.0,0.0,0.0,0.0,0.0
Reset,5,0,20,04/05/2026 12:46:56,100.00%,1500,800,35,110,0.0,0,0,0,0,0,0,0,0,0,0,0,0,0,0,0,0,0,0,0,0,0,0,0,0,0,0,0,0,0,0.0,0.0,0.0,0.0,0.0
P10,135,3,40,04/05/2026 12:43:50,92.50%,1950,2000,45,50,0.0,0,3,0,0,0,0,0,0,0,0,0,0,0,0,0,0,0,0,0,0,0,0,0,0,0,0,0,0,0,0.0,0.0,0.0,0.0,0.0
P10,136,8,40,04/05/2026 12:42:39,80.00%,1950,2000,45,50,0.0,0,8,0,0,0,0,0,0,0,0,0,0,0,0,0,0,0,0,0,0,0,0,0,0,0,0,0,0,0,0.0,0.0,0.0,0.0,0.0
Reset,54,1,15,04/05/2026 12:36:39,93.33%,1600,1600,45,95,0.0,0,1,0,0,0,0,0,0,0,0,0,0,0,0,0,0,0,0,0,0,0,0,0,0,0,0,0,0,0,0.0,0.0,0.0,0.0,0.0
Reset,39,2,15,04/05/2026 12:35:11,86.67%,1600,1650,50,95,1.0,0,1,0,0,0,0,0,0,0,0,0,0,0,0,0,0,0,0,0,0,0,0,0,0,0,0,0,0,0,0.0,0.0,0.0,0.0,0.0
Reset,36,0,15,04/05/2026 12:33:34,100.00%,1600,1650,45,95,0.0,0,0,0,0,0,0,0,0,0,0,0,0,0,0,0,0,0,0,0,0,0,0,0,0,0,0,0,0,0,0.0,0.0,0.0,0.0,0.0
Reset,55,0,15,04/05/2026 12:28:30,100.00%,1600,1600,45,95,0.0,0,0,0,0,0,0,0,0,0,0,0,0,0,0,0,0,0,0,0,0,0,0,0,0,0,0,0,0,0,0.0,0.0,0.0,0.0,0.0
Reset,5,3,20,04/05/2026 11:52:22,85.00%,1500,800,35,110,0.0,0,0,0,0,0,0,0,0,0,0,0,0,0,0,0,0,0,0,0,0,3,0,0,0,0,0,0,0,0,0.0,0.0,0.0,0.0,0.0
Reset,10,0,20,04/05/2026 11:45:54,100.00%,1550,800,35,120,0.0,0,0,0,0,0,0,0,0,0,0,0,0,0,0,0,0,0,0,0,0,0,0,0,0,0,0,0,0,0,0.0,0.0,0.0,0.0,0.0
Reset,6,1,20,04/05/2026 11:37:26,95.00%,1750,800,45,120,0.0,0,0,0,0,0,0,0,0,0,0,0,0,0,0,0,0,0,0,0,0,0,1,0,0,0,0,0,0,0,0.0,0.0,0.0,0.0,0.0
Reset,40,1,15,04/05/2026 11:19:36,93.33%,1600,1650,45,95,0.0,0,1,0,0,0,0,0,0,0,0,0,0,0,0,0,0,0,0,0,0,0,0,0,0,0,0,0,0,0,0.0,0.0,0.0,0.0,0.0
P10,135,3,40,04/05/2026 11:18:01,92.50%,1950,2000,45,50,0.0,0,3,0,0,0,0,0,0,0,0,0,0,0,0,0,0,0,0,0,0,0,0,0,0,0,0,0,0,0,0.0,0.0,0.0,0.0,0.0
P10,131,3,40,04/05/2026 11:12:18,92.50%,1800,2000,45,60,2.0,0,1,0,0,0,0,0,0,0,0,0,0,0,0,0,0,0,0,0,0,0,0,0,0,0,0,0,0,0,0.0,0.0,0.0,0.0,0.0
P10,132,6,40,04/05/2026 11:10:02,85.00%,1950,2000,45,50,0.0,0,6,0,0,0,0,0,0,0,0,0,0,0,0,0,0,0,0,0,0,0,0,0,0,0,0,0,0,0,0.0,0.0,0.0,0.0,0.0
P10,133,4,40,04/05/2026 11:05:46,90.00%,1950,2000,45,50,0.0,0,4,0,0,0,0,0,0,0,0,0,0,0,0,0,0,0,0,0,0,0,0,0,0,0,0,0,0,0,0.0,0.0,0.0,0.0,0.0
Reset,39,5,15,04/05/2026 11:01:18,66.67%,1600,1650,50,95,2.0,0,3,0,0,0,0,0,0,0,0,0,0,0,0,0,0,0,0,0,0,0,0,0,0,0,0,0,0,0,0.0,0.0,0.0,0.0,0.0
Reset,54,1,15,04/05/2026 10:55:26,93.33%,1600,1600,45,95,0.0,0,1,0,0,0,0,0,0,0,0,0,0,0,0,0,0,0,0,0,0,0,0,0,0,0,0,0,0,0,0.0,0.0,0.0,0.0,0.0
P10,136,4,40,04/05/2026 10:47:34,90.00%,1950,2000,45,50,0.0,0,4,0,0,0,0,0,0,0,0,0,0,0,0,0,0,0,0,0,0,0,0,0,0,0,0,0,0,0,0.0,0.0,0.0,0.0,0.0
Reset,3,1,20,04/05/2026 10:45:59,95.00%,1500,800,35,90,0.0,0,0,0,0,0,0,0,0,0,0,0,0,0,0,0,0,0,0,0,0,0,1,0,0,0,0,0,0,0,0.0,0.0,0.0,0.0,0.0
Reset,55,0,15,04/05/2026 10:38:56,100.00%,1600,1600,45,95,0.0,0,0,0,0,0,0,0,0,0,0,0,0,0,0,0,0,0,0,0,0,0,0,0,0,0,0,0,0,0,0.0,0.0,0.0,0.0,0.0
Reset,5,0,20,04/05/2026 10:37:19,100.00%,1500,800,35,110,0.0,0,0,0,0,0,0,0,0,0,0,0,0,0,0,0,0,0,0,0,0,0,0,0,0,0,0,0,0,0,0.0,0.0,0.0,0.0,0.0
Reset,10,1,20,04/05/2026 10:33:34,95.00%,1550,800,35,120,0.0,0,0,0,0,0,0,0,0,0,0,0,0,0,0,0,0,0,0,0,0,0,1,0,0,0,0,0,0,0,0.0,0.0,0.0,0.0,0.0
Reset,37,2,15,04/05/2026 10:29:09,86.67%,1620,1650,45,95,0.0,0,2,0,0,0,0,0,0,0,0,0,0,0,0,0,0,0,0,0,0,0,0,0,0,0,0,0,0,0,0.0,0.0,0.0,0.0,0.0
Reset,36,2,15,04/05/2026 10:23:02,86.67%,1600,1650,45,95,0.0,0,0,0,0,0,0,0,0,0,0,0,0,0,0,0,0,0,0,0,0,0,0,0,2,0,0,0,0,0,0.0,0.0,0.0,0.0,0.0
Reset,2,1,20,04/05/2026 10:17:39,95.00%,1750,800,45,110,1.0,0,0,0,0,0,0,0,0,0,0,0,0,0,0,0,0,0,0,0,0,0,0,0,0,0,0,0,0,0,0.0,0.0,0.0,0.0,0.0
Reset,53,1,15,04/05/2026 10:10:53,93.33%,1600,1600,45,95,1.0,0,0,0,0,0,0,0,0,0,0,0,0,0,0,0,0,0,0,0,0,0,0,0,0,0,0,0,0,0,0.0,0.0,0.0,0.0,0.0
Reset,40,2,15,04/05/2026 10:06:08,86.67%,1600,1650,45,95,0.0,0,2,0,0,0,0,0,0,0,0,0,0,0,0,0,0,0,0,0,0,0,0,0,0,0,0,0,0,0,0.0,0.0,0.0,0.0,0.0
Reset,35,1,20,04/05/2026 10:02:08,95.00%,1600,1600,45,95,0.0,0,1,0,0,0,0,0,0,0,0,0,0,0,0,0,0,0,0,0,0,0,0,0,0,0,0,0,0,0,0.0,0.0,0.0,0.0,0.0
Reset,6,0,20,04/05/2026 10:00:01,100.00%,1750,800,45,120,0.0,0,0,0,0,0,0,0,0,0,0,0,0,0,0,0,0,0,0,0,0,0,0,0,0,0,0,0,0,0,0.0,0.0,0.0,0.0,0.0
Reset,10,0,20,04/05/2026 09:56:45,100.00%,1550,800,35,120,0.0,0,0,0,0,0,0,0,0,0,0,0,0,0,0,0,0,0,0,0,0,0,0,0,0,0,0,0,0,0,0.0,0.0,0.0,0.0,0.0
Reset,5,1,20,04/05/2026 09:55:30,95.00%,1500,800,35,110,0.0,0,0,0,0,0,0,0,0,0,0,0,0,0,0,0,0,0,0,0,0,0,1,0,0,0,0,0,0,0,0.0,0.0,0.0,0.0,0.0
P10,131,2,40,04/05/2026 09:51:43,95.00%,1800,2000,45,60,0.0,0,2,0,0,0,0,0,0,0,0,0,0,0,0,0,0,0,0,0,0,0,0,0,0,0,0,0,0,0,0.0,0.0,0.0,0.0,0.0
P10,136,4,40,04/05/2026 09:49:40,90.00%,1950,2000,45,50,0.0,0,4,0,0,0,0,0,0,0,0,0,0,0,0,0,0,0,0,0,0,0,0,0,0,0,0,0,0,0,0.0,0.0,0.0,0.0,0.0
P10,135,3,40,04/05/2026 09:48:55,92.50%,1950,2000,45,50,0.0,0,3,0,0,0,0,0,0,0,0,0,0,0,0,0,0,0,0,0,0,0,0,0,0,0,0,0,0,0,0.0,0.0,0.0,0.0,0.0
P10,132,6,40,04/05/2026 09:44:10,85.00%,1950,2000,45,50,0.0,0,6,0,0,0,0,0,0,0,0,0,0,0,0,0,0,0,0,0,0,0,0,0,0,0,0,0,0,0,0.0,0.0,0.0,0.0,0.0
Reset,37,1,15,04/05/2026 09:42:33,93.33%,1620,1650,45,95,0.0,0,0,0,0,0,0,0,0,0,0,0,0,0,0,0,0,0,0,0,0,0,1,0,0,0,0,0,0,0,0.0,0.0,0.0,0.0,0.0
Reset,39,3,15,04/05/2026 09:40:38,80.00%,1600,1650,50,95,2.0,0,1,0,0,0,0,0,0,0,0,0,0,0,0,0,0,0,0,0,0,0,0,0,0,0,0,0,0,0,0.0,0.0,0.0,0.0,0.0
P10,133,4,40,04/05/2026 09:33:24,90.00%,1950,2000,45,50,0.0,0,4,0,0,0,0,0,0,0,0,0,0,0,0,0,0,0,0,0,0,0,0,0,0,0,0,0,0,0,0.0,0.0,0.0,0.0,0.0
Reset,7,1,20,04/05/2026 09:32:01,95.00%,1420,800,35,120,0.0,0,0,0,0,0,0,0,0,0,0,0,0,0,0,0,0,0,0,0,0,0,1,0,0,0,0,0,0,0,0.0,0.0,0.0,0.0,0.0
Reset,55,1,15,04/05/2026 09:22:57,93.33%,1600,1600,45,95,0.0,0,1,0,0,0,0,0,0,0,0,0,0,0,0,0,0,0,0,0,0,0,0,0,0,0,0,0,0,0,0.0,0.0,0.0,0.0,0.0
Reset,3,0,20,04/05/2026 09:21:19,100.00%,1500,800,35,90,0.0,0,0,0,0,0,0,0,0,0,0,0,0,0,0,0,0,0,0,0,0,0,0,0,0,0,0,0,0,0,0.0,0.0,0.0,0.0,0.0
Reset,40,1,15,04/05/2026 09:19:10,93.33%,1600,1650,45,95,0.0,0,1,0,0,0,0,0,0,0,0,0,0,0,0,0,0,0,0,0,0,0,0,0,0,0,0,0,0,0,0.0,0.0,0.0,0.0,0.0
Reset,37,1,15,04/05/2026 09:10:50,93.33%,1620,1650,45,95,0.0,0,1,0,0,0,0,0,0,0,0,0,0,0,0,0,0,0,0,0,0,0,0,0,0,0,0,0,0,0,0.0,0.0,0.0,0.0,0.0
Reset,6,0,20,04/05/2026 09:10:36,100.00%,1750,800,45,120,0.0,0,0,0,0,0,0,0,0,0,0,0,0,0,0,0,0,0,0,0,0,0,0,0,0,0,0,0,0,0,0.0,0.0,0.0,0.0,0.0
Reset,37,1,15,04/05/2026 09:01:12,93.33%,1620,1650,45,95,0.0,0,1,0,0,0,0,0,0,0,0,0,0,0,0,0,0,0,0,0,0,0,0,0,0,0,0,0,0,0,0.0,0.0,0.0,0.0,0.0
P10,134,7,40,04/05/2026 08:58:38,82.50%,2000,1880,45,50,0.0,5,2,0,0,0,0,0,0,0,0,0,0,0,0,0,0,0,0,0,0,0,0,0,0,0,0,0,0,0,0.0,0.0,0.0,0.0,0.0
P10,131,4,40,04/05/2026 08:53:40,90.00%,1800,2000,45,60,0.0,0,4,0,0,0,0,0,0,0,0,0,0,0,0,0,0,0,0,0,0,0,0,0,0,0,0,0,0,0,0.0,0.0,0.0,0.0,0.0
Reset,5,0,20,04/05/2026 08:52:44,100.00%,1500,800,35,110,0.0,0,0,0,0,0,0,0,0,0,0,0,0,0,0,0,0,0,0,0,0,0,0,0,0,0,0,0,0,0,0.0,0.0,0.0,0.0,0.0
Reset,7,0,20,04/05/2026 08:50:50,100.00%,1420,800,35,120,0.0,0,0,0,0,0,0,0,0,0,0,0,0,0,0,0,0,0,0,0,0,0,0,0,0,0,0,0,0,0,0.0,0.0,0.0,0.0,0.0
P10,136,6,40,04/05/2026 08:48:50,85.00%,1950,2000,45,50,0.0,0,6,0,0,0,0,0,0,0,0,0,0,0,0,0,0,0,0,0,0,0,0,0,0,0,0,0,0,0,0.0,0.0,0.0,0.0,0.0
P10,133,0,40,04/05/2026 08:38:03,100.00%,1950,2000,45,50,0.0,0,0,0,0,0,0,0,0,0,0,0,0,0,0,0,0,0,0,0,0,0,0,0,0,0,0,0,0,0,0.0,0.0,0.0,0.0,0.0
Reset,6,0,20,04/05/2026 08:23:55,100.00%,1750,800,45,120,0.0,0,0,0,0,0,0,0,0,0,0,0,0,0,0,0,0,0,0,0,0,0,0,0,0,0,0,0,0,0,0.0,0.0,0.0,0.0,0.0
Reset,10,0,20,04/05/2026 08:20:09,100.00%,1550,800,35,120,0.0,0,0,0,0,0,0,0,0,0,0,0,0,0,0,0,0,0,0,0,0,0,0,0,0,0,0,0,0,0,0.0,0.0,0.0,0.0,0.0
Reset,3,0,20,04/05/2026 08:17:47,100.00%,1500,800,35,90,0.0,0,0,0,0,0,0,0,0,0,0,0,0,0,0,0,0,0,0,0,0,0,0,0,0,0,0,0,0,0,0.0,0.0,0.0,0.0,0.0
Reset,3,0,20,04/05/2026 08:14:50,100.00%,1500,800,35,90,0.0,0,0,0,0,0,0,0,0,0,0,0,0,0,0,0,0,0,0,0,0,0,0,0,0,0,0,0,0,0,0.0,0.0,0.0,0.0,0.0
Reset,2,1,20,04/05/2026 08:11:46,95.00%,1750,800,45,110,0.0,0,0,0,0,0,0,0,0,0,0,0,0,0,0,0,0,0,0,0,0,0,1,0,0,0,0,0,0,0,0.0,0.0,0.0,0.0,0.0
Reset,7,3,20,04/05/2026 08:05:57,85.00%,1420,800,35,120,0.0,0,0,0,0,0,0,0,0,0,0,0,0,0,0,0,0,0,0,0,0,0,3,0,0,0,0,0,0,0,0.0,0.0,0.0,0.0,0.0
P10,132,30,40,04/05/2026 07:55:38,25.00%,1950,2000,45,50,28.0,0,2,0,0,0,0,0,0,0,0,0,0,0,0,0,0,0,0,0,0,0,0,0,0,0,0,0,0,0,0.0,0.0,0.0,0.0,0.0
P10,133,9,40,04/05/2026 07:51:29,77.50%,1950,2000,45,50,0.0,0,9,0,0,0,0,0,0,0,0,0,0,0,0,0,0,0,0,0,0,0,0,0,0,0,0,0,0,0,0.0,0.0,0.0,0.0,0.0
Reset,6,3,20,04/05/2026 07:50:20,85.00%,1750,800,45,120,1.0,0,1,0,0,0,0,0,0,0,0,0,0,0,0,0,0,0,0,0,0,0,1,0,0,0,0,0,0,0,0.0,0.0,0.0,0.0,0.0
Reset,40,2,15,04/05/2026 07:48:04,86.67%,1600,1650,45,95,0.0,0,2,0,0,0,0,0,0,0,0,0,0,0,0,0,0,0,0,0,0,0,0,0,0,0,0,0,0,0,0.0,0.0,0.0,0.0,0.0
Reset,5,0,20,04/05/2026 07:46:12,100.00%,1500,800,35,110,0.0,0,0,0,0,0,0,0,0,0,0,0,0,0,0,0,0,0,0,0,0,0,0,0,0,0,0,0,0,0,0.0,0.0,0.0,0.0,0.0
P10,135,40,40,04/05/2026 07:43:05,0,1950,2000,45,50,40.0,0,0,0,0,0,0,0,0,0,0,0,0,0,0,0,0,0,0,0,0,0,0,0,0,0,0,0,0,0,0.0,0.0,0.0,0.0,0.0
Reset,7,0,20,04/05/2026 07:42:59,100.00%,1420,800,35,120,0.0,0,0,0,0,0,0,0,0,0,0,0,0,0,0,0,0,0,0,0,0,0,0,0,0,0,0,0,0,0,0.0,0.0,0.0,0.0,0.0
Reset,3,0,20,04/05/2026 07:42:57,100.00%,1500,800,35,90,0.0,0,0,0,0,0,0,0,0,0,0,0,0,0,0,0,0,0,0,0,0,0,0,0,0,0,0,0,0,0,0.0,0.0,0.0,0.0,0.0
Reset,2,2,20,04/05/2026 07:36:44,90.00%,1750,800,45,110,0.0,0,0,0,0,0,0,0,0,0,0,0,0,0,0,0,0,1,0,0,0,0,1,0,0,0,0,0,0,0,0.0,0.0,0.0,0.0,0.0
Reset,10,1,20,04/05/2026 07:33:41,95.00%,1550,800,35,120,0.0,0,0,0,0,0,0,0,0,0,0,0,0,0,0,0,0,0,0,0,0,0,1,0,0,0,0,0,0,0,0.0,0.0,0.0,0.0,0.0
Reset,55,1,15,04/05/2026 07:31:31,93.33%,1600,1600,45,95,0.0,0,1,0,0,0,0,0,0,0,0,0,0,0,0,0,0,0,0,0,0,0,0,0,0,0,0,0,0,0,0.0,0.0,0.0,0.0,0.0
Reset,53,8,15,04/05/2026 07:29:12,46.67%,1600,1600,45,95,0.0,2,6,0,0,0,0,0,0,0,0,0,0,0,0,0,0,0,0,0,0,0,0,0,0,0,0,0,0,0,0.0,0.0,0.0,0.0,0.0
P10,136,4,40,04/05/2026 07:20:37,90.00%,1950,2000,45,50,0.0,0,4,0,0,0,0,0,0,0,0,0,0,0,0,0,0,0,0,0,0,0,0,0,0,0,0,0,0,0,0.0,0.0,0.0,0.0,0.0
P10,131,2,40,04/05/2026 07:18:39,95.00%,1800,2000,45,60,1.0,0,1,0,0,0,0,0,0,0,0,0,0,0,0,0,0,0,0,0,0,0,0,0,0,0,0,0,0,0,0.0,0.0,0.0,0.0,0.0
P10,132,35,40,04/05/2026 07:16:57,12.50%,1950,2000,45,50,33.0,0,2,0,0,0,0,0,0,0,0,0,0,0,0,0,0,0,0,0,0,0,0,0,0,0,0,0,0,0,0.0,0.0,0.0,0.0,0.0
P10,134,5,40,04/05/2026 07:15:32,87.50%,2000,1880,45,50,0.0,0,5,0,0,0,0,0,0,0,0,0,0,0,0,0,0,0,0,0,0,0,0,0,0,0,0,0,0,0,0.0,0.0,0.0,0.0,0.0
P10,135,40,40,04/05/2026 07:02:19,0,1950,2000,45,50,40.0,0,0,0,0,0,0,0,0,0,0,0,0,0,0,0,0,0,0,0,0,0,0,0,0,0,0,0,0,0,0.0,0.0,0.0,0.0,0.0
P10,133,4,40,04/05/2026 07:01:25,90.00%,1950,2000,45,50,0.0,0,4,0,0,0,0,0,0,0,0,0,0,0,0,0,0,0,0,0,0,0,0,0,0,0,0,0,0,0,0.0,0.0,0.0,0.0,0.0
Reset,3,0,20,04/05/2026 06:59:06,100.00%,1500,800,35,90,0.0,0,0,0,0,0,0,0,0,0,0,0,0,0,0,0,0,0,0,0,0,0,0,0,0,0,0,0,0,0,0.0,0.0,0.0,0.0,0.0
Reset,2,1,20,04/05/2026 06:42:59,95.00%,1750,800,45,110,0.0,0,0,0,0,0,0,0,0,0,0,0,0,0,0,0,0,0,0,0,0,0,1,0,0,0,0,0,0,0,0.0,0.0,0.0,0.0,0.0
Reset,40,1,15,30/04/2026 23:07:54,93.33%,1600,1650,45,95,0.0,0,1,0,0,0,0,0,0,0,0,0,0,0,0,0,0,0,0,0,0,0,0,0,0,0,0,0,0,0,0.0,0.0,0.0,0.0,0.0
P10,132,3,40,30/04/2026 23:04:36,92.50%,1950,2000,45,50,0.0,0,3,0,0,0,0,0,0,0,0,0,0,0,0,0,0,0,0,0,0,0,0,0,0,0,0,0,0,0,0.0,0.0,0.0,0.0,0.0
Reset,39,1,15,30/04/2026 23:04:25,93.33%,1600,1650,50,95,0.0,0,1,0,0,0,0,0,0,0,0,0,0,0,0,0,0,0,0,0,0,0,0,0,0,0,0,0,0,0,0.0,0.0,0.0,0.0,0.0
Reset,10,0,20,30/04/2026 23:00:37,100.00%,1550,800,35,120,0.0,0,0,0,0,0,0,0,0,0,0,0,0,0,0,0,0,0,0,0,0,0,0,0,0,0,0,0,0,0,0.0,0.0,0.0,0.0,0.0
P10,135,5,40,30/04/2026 22:58:47,87.50%,1950,2000,45,50,0.0,0,5,0,0,0,0,0,0,0,0,0,0,0,0,0,0,0,0,0,0,0,0,0,0,0,0,0,0,0,0.0,0.0,0.0,0.0,0.0
Reset,53,0,15,30/04/2026 22:57:44,100.00%,1600,1600,45,95,0.0,0,0,0,0,0,0,0,0,0,0,0,0,0,0,0,0,0,0,0,0,0,0,0,0,0,0,0,0,0,0.0,0.0,0.0,0.0,0.0
P10,132,3,40,30/04/2026 22:56:10,92.50%,1950,2000,45,50,0.0,0,3,0,0,0,0,0,0,0,0,0,0,0,0,0,0,0,0,0,0,0,0,0,0,0,0,0,0,0,0.0,0.0,0.0,0.0,0.0
P10,132,2,40,30/04/2026 22:48:21,95.00%,1950,2000,45,50,0.0,0,2,0,0,0,0,0,0,0,0,0,0,0,0,0,0,0,0,0,0,0,0,0,0,0,0,0,0,0,0.0,0.0,0.0,0.0,0.0
Reset,5,0,20,30/04/2026 22:46:06,100.00%,1500,800,35,110,0.0,0,0,0,0,0,0,0,0,0,0,0,0,0,0,0,0,0,0,0,0,0,0,0,0,0,0,0,0,0,0.0,0.0,0.0,0.0,0.0
P10,131,2,40,30/04/2026 22:45:18,95.00%,1800,2000,45,60,0.0,0,2,0,0,0,0,0,0,0,0,0,0,0,0,0,0,0,0,0,0,0,0,0,0,0,0,0,0,0,0.0,0.0,0.0,0.0,0.0
Reset,55,0,15,30/04/2026 22:42:46,100.00%,1600,1600,45,95,0.0,0,0,0,0,0,0,0,0,0,0,0,0,0,0,0,0,0,0,0,0,0,0,0,0,0,0,0,0,0,0.0,0.0,0.0,0.0,0.0
P10,132,5,40,30/04/2026 22:39:55,87.50%,1950,2000,45,50,0.0,0,5,0,0,0,0,0,0,0,0,0,0,0,0,0,0,0,0,0,0,0,0,0,0,0,0,0,0,0,0.0,0.0,0.0,0.0,0.0
Reset,35,0,20,30/04/2026 22:38:35,100.00%,1600,1600,45,95,0.0,0,0,0,0,0,0,0,0,0,0,0,0,0,0,0,0,0,0,0,0,0,0,0,0,0,0,0,0,0,0.0,0.0,0.0,0.0,0.0
P10,133,2,40,30/04/2026 22:36:34,95.00%,1950,2000,45,50,0.0,0,2,0,0,0,0,0,0,0,0,0,0,0,0,0,0,0,0,0,0,0,0,0,0,0,0,0,0,0,0.0,0.0,0.0,0.0,0.0
Reset,37,1,15,30/04/2026 22:36:14,93.33%,1620,1650,45,95,0.0,0,1,0,0,0,0,0,0,0,0,0,0,0,0,0,0,0,0,0,0,0,0,0,0,0,0,0,0,0,0.0,0.0,0.0,0.0,0.0
0,32,5,0,30/04/2026 22:34:29,0,0,0,0,0,0.0,0,5,0,0,0,0,0,0,0,0,0,0,0,0,0,0,0,0,0,0,0,0,0,0,0,0,0,0,0,0.0,0.0,0.0,0.0,0.0
Reset,40,1,15,30/04/2026 22:33:05,93.33%,1600,1650,45,95,1.0,0,0,0,0,0,0,0,0,0,0,0,0,0,0,0,0,0,0,0,0,0,0,0,0,0,0,0,0,0,0.0,0.0,0.0,0.0,0.0
P10,136,4,40,30/04/2026 22:30:54,90.00%,1950,2000,45,50,0.0,0,4,0,0,0,0,0,0,0,0,0,0,0,0,0,0,0,0,0,0,0,0,0,0,0,0,0,0,0,0.0,0.0,0.0,0.0,0.0
P10,134,2,40,30/04/2026 22:22:33,95.00%,2000,1880,45,50,0.0,0,2,0,0,0,0,0,0,0,0,0,0,0,0,0,0,0,0,0,0,0,0,0,0,0,0,0,0,0,0.0,0.0,0.0,0.0,0.0
0,131635,2,0,30/04/2026 22:18:13,0,0,0,0,0,0.0,0,2,0,0,0,0,0,0,0,0,0,0,0,0,0,0,0,0,0,0,0,0,0,0,0,0,0,0,0,0.0,0.0,0.0,0.0,0.0
P10,135,3,40,30/04/2026 22:16:14,92.50%,1950,2000,45,50,0.0,0,3,0,0,0,0,0,0,0,0,0,0,0,0,0,0,0,0,0,0,0,0,0,0,0,0,0,0,0,0.0,0.0,0.0,0.0,0.0
Reset,39,0,15,30/04/2026 22:14:30,100.00%,1600,1650,50,95,0.0,0,0,0,0,0,0,0,0,0,0,0,0,0,0,0,0,0,0,0,0,0,0,0,0,0,0,0,0,0,0.0,0.0,0.0,0.0,0.0
P10,135,4,40,30/04/2026 22:11:35,90.00%,1950,2000,45,50,0.0,0,4,0,0,0,0,0,0,0,0,0,0,0,0,0,0,0,0,0,0,0,0,0,0,0,0,0,0,0,0.0,0.0,0.0,0.0,0.0
Reset,53,0,15,30/04/2026 22:11:16,100.00%,1600,1600,45,95,0.0,0,0,0,0,0,0,0,0,0,0,0,0,0,0,0,0,0,0,0,0,0,0,0,0,0,0,0,0,0,0.0,0.0,0.0,0.0,0.0
P10,136,3,40,30/04/2026 22:04:32,92.50%,1950,2000,45,50,0.0,0,3,0,0,0,0,0,0,0,0,0,0,0,0,0,0,0,0,0,0,0,0,0,0,0,0,0,0,0,0.0,0.0,0.0,0.0,0.0
Reset,10,0,20,30/04/2026 22:03:43,100.00%,1550,800,35,120,0.0,0,0,0,0,0,0,0,0,0,0,0,0,0,0,0,0,0,0,0,0,0,0,0,0,0,0,0,0,0,0.0,0.0,0.0,0.0,0.0
0,1013,2,0,30/04/2026 22:02:47,0,0,0,0,0,0.0,0,2,0,0,0,0,0,0,0,0,0,0,0,0,0,0,0,0,0,0,0,0,0,0,0,0,0,0,0,0.0,0.0,0.0,0.0,0.0
Reset,55,0,15,30/04/2026 21:59:48,100.00%,1600,1600,45,95,0.0,0,0,0,0,0,0,0,0,0,0,0,0,0,0,0,0,0,0,0,0,0,0,0,0,0,0,0,0,0,0.0,0.0,0.0,0.0,0.0
Reset,35,0,20,30/04/2026 21:56:49,100.00%,1600,1600,45,95,0.0,0,0,0,0,0,0,0,0,0,0,0,0,0,0,0,0,0,0,0,0,0,0,0,0,0,0,0,0,0,0.0,0.0,0.0,0.0,0.0
Reset,37,0,15,30/04/2026 21:52:40,100.00%,1620,1650,45,95,0.0,0,0,0,0,0,0,0,0,0,0,0,0,0,0,0,0,0,0,0,0,0,0,0,0,0,0,0,0,0,0.0,0.0,0.0,0.0,0.0
P10,135,2,40,30/04/2026 21:36:14,95.00%,1950,2000,45,50,0.0,0,1,0,0,0,0,0,0,0,1,0,0,0,0,0,0,0,0,0,0,0,0,0,0,0,0,0,0,0,0.0,0.0,0.0,0.0,0.0
Reset,2,0,20,30/04/2026 21:32:55,100.00%,1750,800,45,110,0.0,0,0,0,0,0,0,0,0,0,0,0,0,0,0,0,0,0,0,0,0,0,0,0,0,0,0,0,0,0,0.0,0.0,0.0,0.0,0.0
P10,136,20,40,30/04/2026 21:30:55,50.00%,1950,2000,45,50,20.0,0,0,0,0,0,0,0,0,0,0,0,0,0,0,0,0,0,0,0,0,0,0,0,0,0,0,0,0,0,0.0,0.0,0.0,0.0,0.0
Reset,40,0,15,30/04/2026 21:30:35,100.00%,1600,1650,45,95,0.0,0,0,0,0,0,0,0,0,0,0,0,0,0,0,0,0,0,0,0,0,0,0,0,0,0,0,0,0,0,0.0,0.0,0.0,0.0,0.0
P10,135,4,40,30/04/2026 21:28:28,90.00%,1950,2000,45,50,1.0,0,3,0,0,0,0,0,0,0,0,0,0,0,0,0,0,0,0,0,0,0,0,0,0,0,0,0,0,0,0.0,0.0,0.0,0.0,0.0
Reset,39,0,15,30/04/2026 21:28:14,100.00%,1600,1650,50,95,0.0,0,0,0,0,0,0,0,0,0,0,0,0,0,0,0,0,0,0,0,0,0,0,0,0,0,0,0,0,0,0.0,0.0,0.0,0.0,0.0
P10,135,4,40,30/04/2026 21:27:36,90.00%,1950,2000,45,50,1.0,0,3,0,0,0,0,0,0,0,0,0,0,0,0,0,0,0,0,0,0,0,0,0,0,0,0,0,0,0,0.0,0.0,0.0,0.0,0.0
Reset,5,3,20,30/04/2026 21:24:08,85.00%,1500,800,35,110,0.0,0,0,0,0,0,0,0,0,0,0,0,0,0,0,0,0,1,0,0,0,0,2,0,0,0,0,0,0,0,0.0,0.0,0.0,0.0,0.0
P10,133,2,40,30/04/2026 21:20:40,95.00%,1950,2000,45,50,0.0,0,2,0,0,0,0,0,0,0,0,0,0,0,0,0,0,0,0,0,0,0,0,0,0,0,0,0,0,0,0.0,0.0,0.0,0.0,0.0
Reset,53,0,15,30/04/2026 21:20:26,100.00%,1600,1600,45,95,0.0,0,0,0,0,0,0,0,0,0,0,0,0,0,0,0,0,0,0,0,0,0,0,0,0,0,0,0,0,0,0.0,0.0,0.0,0.0,0.0
P10,134,4,40,30/04/2026 21:15:43,90.00%,2000,1880,45,50,0.0,0,4,0,0,0,0,0,0,0,0,0,0,0,0,0,0,0,0,0,0,0,0,0,0,0,0,0,0,0,0.0,0.0,0.0,0.0,0.0
Reset,7,0,20,30/04/2026 21:09:48,100.00%,1420,800,35,120,0.0,0,0,0,0,0,0,0,0,0,0,0,0,0,0,0,0,0,0,0,0,0,0,0,0,0,0,0,0,0,0.0,0.0,0.0,0.0,0.0
Reset,37,3,15,30/04/2026 20:33:40,80.00%,1620,1650,45,95,0.0,0,3,0,0,0,0,0,0,0,0,0,0,0,0,0,0,0,0,0,0,0,0,0,0,0,0,0,0,0,0.0,0.0,0.0,0.0,0.0
Reset,40,0,15,30/04/2026 20:28:37,100.00%,1600,1650,45,95,0.0,0,0,0,0,0,0,0,0,0,0,0,0,0,0,0,0,0,0,0,0,0,0,0,0,0,0,0,0,0,0.0,0.0,0.0,0.0,0.0
Reset,5,0,20,30/04/2026 20:21:08,100.00%,1500,800,35,110,0.0,0,0,0,0,0,0,0,0,0,0,0,0,0,0,0,0,0,0,0,0,0,0,0,0,0,0,0,0,0,0.0,0.0,0.0,0.0,0.0
Reset,10,0,20,30/04/2026 20:18:51,100.00%,1550,800,35,120,0.0,0,0,0,0,0,0,0,0,0,0,0,0,0,0,0,0,0,0,0,0,0,0,0,0,0,0,0,0,0,0.0,0.0,0.0,0.0,0.0
Reset,53,0,15,30/04/2026 20:15:16,100.00%,1600,1600,45,95,0.0,0,0,0,0,0,0,0,0,0,0,0,0,0,0,0,0,0,0,0,0,0,0,0,0,0,0,0,0,0,0.0,0.0,0.0,0.0,0.0
Reset,36,2,15,30/04/2026 20:11:09,86.67%,1600,1650,45,95,2.0,0,0,0,0,0,0,0,0,0,0,0,0,0,0,0,0,0,0,0,0,0,0,0,0,0,0,0,0,0,0.0,0.0,0.0,0.0,0.0
Reset,55,0,15,30/04/2026 20:06:26,100.00%,1600,1600,45,95,0.0,0,0,0,0,0,0,0,0,0,0,0,0,0,0,0,0,0,0,0,0,0,0,0,0,0,0,0,0,0,0.0,0.0,0.0,0.0,0.0
Reset,40,1,15,30/04/2026 19:32:01,93.33%,1600,1650,45,95,0.0,0,1,0,0,0,0,0,0,0,0,0,0,0,0,0,0,0,0,0,0,0,0,0,0,0,0,0,0,0,0.0,0.0,0.0,0.0,0.0
Reset,5,0,20,30/04/2026 19:15:35,100.00%,1500,800,35,110,0.0,0,0,0,0,0,0,0,0,0,0,0,0,0,0,0,0,0,0,0,0,0,0,0,0,0,0,0,0,0,0.0,0.0,0.0,0.0,0.0
Reset,10,0,20,30/04/2026 19:12:44,100.00%,1550,800,35,120,0.0,0,0,0,0,0,0,0,0,0,0,0,0,0,0,0,0,0,0,0,0,0,0,0,0,0,0,0,0,0,0.0,0.0,0.0,0.0,0.0
Reset,37,0,15,30/04/2026 19:09:47,100.00%,1620,1650,45,95,0.0,0,0,0,0,0,0,0,0,0,0,0,0,0,0,0,0,0,0,0,0,0,0,0,0,0,0,0,0,0,0.0,0.0,0.0,0.0,0.0
Reset,53,1,15,30/04/2026 19:00:18,93.33%,1600,1600,45,95,0.0,0,0,0,0,0,0,0,0,0,0,0,0,0,0,0,0,0,0,0,0,0,0,0,1,0,0,0,0,0,0.0,0.0,0.0,0.0,0.0
Reset,35,1,20,30/04/2026 18:56:39,95.00%,1600,1600,45,95,0.0,0,0,0,0,0,0,0,0,0,0,0,0,0,0,0,0,0,0,0,0,0,1,0,0,0,0,0,0,0,0.0,0.0,0.0,0.0,0.0
P10,133,5,40,30/04/2026 18:00:08,87.50%,1950,2000,45,50,0.0,0,5,0,0,0,0,0,0,0,0,0,0,0,0,0,0,0,0,0,0,0,0,0,0,0,0,0,0,0,0.0,0.0,0.0,0.0,0.0
P10,136,40,40,30/04/2026 17:56:59,0,1950,2000,45,50,40.0,0,0,0,0,0,0,0,0,0,0,0,0,0,0,0,0,0,0,0,0,0,0,0,0,0,0,0,0,0,0.0,0.0,0.0,0.0,0.0
P10,135,5,40,30/04/2026 17:49:13,87.50%,1950,2000,45,50,0.0,0,5,0,0,0,0,0,0,0,0,0,0,0,0,0,0,0,0,0,0,0,0,0,0,0,0,0,0,0,0.0,0.0,0.0,0.0,0.0
P10,132,3,40,30/04/2026 17:43:19,92.50%,1950,2000,45,50,0.0,0,3,0,0,0,0,0,0,0,0,0,0,0,0,0,0,0,0,0,0,0,0,0,0,0,0,0,0,0,0.0,0.0,0.0,0.0,0.0
Reset,39,3,15,30/04/2026 17:35:17,80.00%,1600,1650,50,95,3.0,0,0,0,0,0,0,0,0,0,0,0,0,0,0,0,0,0,0,0,0,0,0,0,0,0,0,0,0,0,0.0,0.0,0.0,0.0,0.0
Reset,6,2,20,30/04/2026 17:27:33,90.00%,1750,800,45,120,0.0,0,0,0,0,0,0,0,0,0,0,0,0,0,0,0,0,0,0,0,0,0,2,0,0,0,0,0,0,0,0.0,0.0,0.0,0.0,0.0
Reset,36,8,15,30/04/2026 17:25:08,46.67%,1600,1650,45,95,0.0,0,0,0,0,0,0,0,0,0,0,0,0,0,0,0,0,0,0,0,0,0,0,0,8,0,0,0,0,0,0.0,0.0,0.0,0.0,0.0
Reset,55,2,15,30/04/2026 17:11:47,86.67%,1600,1600,45,95,1.0,0,0,0,0,0,0,0,0,0,0,0,0,0,0,0,0,0,0,0,0,0,0,0,1,0,0,0,0,0,0.0,0.0,0.0,0.0,0.0
Reset,5,0,20,30/04/2026 17:05:47,100.00%,1500,800,35,110,0.0,0,0,0,0,0,0,0,0,0,0,0,0,0,0,0,0,0,0,0,0,0,0,0,0,0,0,0,0,0,0.0,0.0,0.0,0.0,0.0
Reset,53,0,15,30/04/2026 17:03:06,100.00%,1600,1600,45,95,0.0,0,0,0,0,0,0,0,0,0,0,0,0,0,0,0,0,0,0,0,0,0,0,0,0,0,0,0,0,0,0.0,0.0,0.0,0.0,0.0
Reset,10,1,20,30/04/2026 16:57:19,95.00%,1550,800,35,120,0.0,0,0,0,0,0,0,0,0,0,0,0,0,0,0,0,0,0,0,0,0,0,1,0,0,0,0,0,0,0,0.0,0.0,0.0,0.0,0.0
P10,134,12,40,30/04/2026 16:56:23,70.00%,2000,1880,45,50,8.0,0,4,0,0,0,0,0,0,0,0,0,0,0,0,0,0,0,0,0,0,0,0,0,0,0,0,0,0,0,0.0,0.0,0.0,0.0,0.0
P10,133,5,40,30/04/2026 16:54:01,87.50%,1950,2000,45,50,0.0,0,5,0,0,0,0,0,0,0,0,0,0,0,0,0,0,0,0,0,0,0,0,0,0,0,0,0,0,0,0.0,0.0,0.0,0.0,0.0
Reset,35,1,20,30/04/2026 16:51:48,95.00%,1600,1600,45,95,0.0,0,0,0,0,0,0,0,0,0,0,0,0,0,0,0,0,0,0,0,0,0,0,0,1,0,0,0,0,0,0.0,0.0,0.0,0.0,0.0
P10,136,3,40,30/04/2026 16:49:56,92.50%,1950,2000,45,50,0.0,0,3,0,0,0,0,0,0,0,0,0,0,0,0,0,0,0,0,0,0,0,0,0,0,0,0,0,0,0,0.0,0.0,0.0,0.0,0.0
Reset,2,1,20,30/04/2026 16:47:20,95.00%,1750,800,45,110,0.0,0,0,0,0,0,0,0,0,0,0,0,0,0,0,0,0,0,0,0,0,0,1,0,0,0,0,0,0,0,0.0,0.0,0.0,0.0,0.0
P10,135,4,40,30/04/2026 16:39:25,90.00%,1950,2000,45,50,0.0,0,4,0,0,0,0,0,0,0,0,0,0,0,0,0,0,0,0,0,0,0,0,0,0,0,0,0,0,0,0.0,0.0,0.0,0.0,0.0
0,1353,4,0,30/04/2026 16:38:37,0,0,0,0,0,0.0,0,4,0,0,0,0,0,0,0,0,0,0,0,0,0,0,0,0,0,0,0,0,0,0,0,0,0,0,0,0.0,0.0,0.0,0.0,0.0
Reset,7,0,20,30/04/2026 16:38:37,100.00%,1420,800,35,120,0.0,0,0,0,0,0,0,0,0,0,0,0,0,0,0,0,0,0,0,0,0,0,0,0,0,0,0,0,0,0,0.0,0.0,0.0,0.0,0.0
P10,132,2,40,30/04/2026 16:35:25,95.00%,1950,2000,45,50,0.0,0,2,0,0,0,0,0,0,0,0,0,0,0,0,0,0,0,0,0,0,0,0,0,0,0,0,0,0,0,0.0,0.0,0.0,0.0,0.0
Reset,54,1,15,30/04/2026 15:58:55,93.33%,1600,1600,45,95,0.0,0,1,0,0,0,0,0,0,0,0,0,0,0,0,0,0,0,0,0,0,0,0,0,0,0,0,0,0,0,0.0,0.0,0.0,0.0,0.0
P10,131,3,40,30/04/2026 15:58:21,92.50%,1800,2000,45,60,3.0,0,0,0,0,0,0,0,0,0,0,0,0,0,0,0,0,0,0,0,0,0,0,0,0,0,0,0,0,0,0.0,0.0,0.0,0.0,0.0
Reset,2,0,20,30/04/2026 15:25:29,100.00%,1750,800,45,110,0.0,0,0,0,0,0,0,0,0,0,0,0,0,0,0,0,0,0,0,0,0,0,0,0,0,0,0,0,0,0,0.0,0.0,0.0,0.0,0.0
Reset,3,5,20,30/04/2026 15:22:00,75.00%,1500,800,35,90,0.0,4,0,0,0,0,0,0,0,0,0,0,0,0,0,0,0,0,0,0,0,0,1,0,0,0,0,0,0,0,0.0,0.0,0.0,0.0,0.0
Reset,7,0,20,30/04/2026 15:20:10,100.00%,1420,800,35,120,0.0,0,0,0,0,0,0,0,0,0,0,0,0,0,0,0,0,0,0,0,0,0,0,0,0,0,0,0,0,0,0.0,0.0,0.0,0.0,0.0
Reset,35,3,20,30/04/2026 15:18:27,85.00%,1600,1600,45,95,0.0,0,3,0,0,0,0,0,0,0,0,0,0,0,0,0,0,0,0,0,0,0,0,0,0,0,0,0,0,0,0.0,0.0,0.0,0.0,0.0
Reset,54,1,15,30/04/2026 14:08:18,93.33%,1600,1600,45,95,0.0,0,1,0,0,0,0,0,0,0,0,0,0,0,0,0,0,0,0,0,0,0,0,0,0,0,0,0,0,0,0.0,0.0,0.0,0.0,0.0
Reset,6,0,20,30/04/2026 14:04:32,100.00%,1750,800,45,120,0.0,0,0,0,0,0,0,0,0,0,0,0,0,0,0,0,0,0,0,0,0,0,0,0,0,0,0,0,0,0,0.0,0.0,0.0,0.0,0.0
Reset,37,1,15,30/04/2026 13:58:15,93.33%,1620,1650,45,95,0.0,0,1,0,0,0,0,0,0,0,0,0,0,0,0,0,0,0,0,0,0,0,0,0,0,0,0,0,0,0,0.0,0.0,0.0,0.0,0.0
Reset,5,1,20,30/04/2026 13:56:15,95.00%,1500,800,35,110,0.0,0,0,0,0,0,0,0,0,0,0,0,0,0,0,0,0,0,0,0,0,0,1,0,0,0,0,0,0,0,0.0,0.0,0.0,0.0,0.0
Reset,6,0,20,30/04/2026 13:51:00,100.00%,1750,800,45,120,0.0,0,0,0,0,0,0,0,0,0,0,0,0,0,0,0,0,0,0,0,0,0,0,0,0,0,0,0,0,0,0.0,0.0,0.0,0.0,0.0
Reset,39,2,15,30/04/2026 13:49:18,86.67%,1600,1650,50,95,0.0,0,2,0,0,0,0,0,0,0,0,0,0,0,0,0,0,0,0,0,0,0,0,0,0,0,0,0,0,0,0.0,0.0,0.0,0.0,0.0
P10,131,14,40,30/04/2026 13:41:23,65.00%,1800,2000,45,60,12.0,0,2,0,0,0,0,0,0,0,0,0,0,0,0,0,0,0,0,0,0,0,0,0,0,0,0,0,0,0,0.0,0.0,0.0,0.0,0.0
P10,134,5,40,30/04/2026 13:37:10,87.50%,2000,1880,45,50,2.0,0,3,0,0,0,0,0,0,0,0,0,0,0,0,0,0,0,0,0,0,0,0,0,0,0,0,0,0,0,0.0,0.0,0.0,0.0,0.0
P10,136,3,40,30/04/2026 13:35:43,92.50%,1950,2000,45,50,0.0,0,3,0,0,0,0,0,0,0,0,0,0,0,0,0,0,0,0,0,0,0,0,0,0,0,0,0,0,0,0.0,0.0,0.0,0.0,0.0
P10,135,5,40,30/04/2026 13:34:28,87.50%,1950,2000,45,50,0.0,0,5,0,0,0,0,0,0,0,0,0,0,0,0,0,0,0,0,0,0,0,0,0,0,0,0,0,0,0,0.0,0.0,0.0,0.0,0.0
Reset,5,3,20,30/04/2026 13:25:45,85.00%,1500,800,35,110,0.0,0,0,0,0,0,0,0,0,1,0,0,0,0,0,0,0,0,0,0,0,0,2,0,0,0,0,0,0,0,0.0,0.0,0.0,0.0,0.0
Reset,10,0,20,30/04/2026 13:24:58,100.00%,1550,800,35,120,0.0,0,0,0,0,0,0,0,0,0,0,0,0,0,0,0,0,0,0,0,0,0,0,0,0,0,0,0,0,0,0.0,0.0,0.0,0.0,0.0
P10,133,4,40,30/04/2026 13:21:23,90.00%,1950,2000,45,50,0.0,0,4,0,0,0,0,0,0,0,0,0,0,0,0,0,0,0,0,0,0,0,0,0,0,0,0,0,0,0,0.0,0.0,0.0,0.0,0.0
P10,132,6,40,30/04/2026 13:20:36,85.00%,1950,2000,45,50,0.0,0,6,0,0,0,0,0,0,0,0,0,0,0,0,0,0,0,0,0,0,0,0,0,0,0,0,0,0,0,0.0,0.0,0.0,0.0,0.0
Reset,35,0,20,30/04/2026 13:12:08,100.00%,1600,1600,45,95,0.0,0,0,0,0,0,0,0,0,0,0,0,0,0,0,0,0,0,0,0,0,0,0,0,0,0,0,0,0,0,0.0,0.0,0.0,0.0,0.0
Reset,2,1,20,30/04/2026 13:09:06,95.00%,1750,800,45,110,0.0,0,0,0,0,0,0,0,0,0,0,0,0,0,0,0,0,0,0,0,0,0,1,0,0,0,0,0,0,0,0.0,0.0,0.0,0.0,0.0
Reset,7,0,20,30/04/2026 13:06:10,100.00%,1420,800,35,120,0.0,0,0,0,0,0,0,0,0,0,0,0,0,0,0,0,0,0,0,0,0,0,0,0,0,0,0,0,0,0,0.0,0.0,0.0,0.0,0.0
Reset,54,1,15,30/04/2026 13:02:04,93.33%,1600,1600,45,95,0.0,0,1,0,0,0,0,0,0,0,0,0,0,0,0,0,0,0,0,0,0,0,0,0,0,0,0,0,0,0,0.0,0.0,0.0,0.0,0.0
Reset,3,3,20,30/04/2026 13:00:14,85.00%,1500,800,35,90,0.0,0,0,0,0,0,0,0,0,0,0,0,0,0,0,0,0,3,0,0,0,0,0,0,0,0,0,0,0,0,0.0,0.0,0.0,0.0,0.0
Reset,6,0,20,30/04/2026 12:56:58,100.00%,1750,800,45,120,0.0,0,0,0,0,0,0,0,0,0,0,0,0,0,0,0,0,0,0,0,0,0,0,0,0,0,0,0,0,0,0.0,0.0,0.0,0.0,0.0
Reset,37,1,15,30/04/2026 12:47:24,93.33%,1620,1650,45,95,1.0,0,0,0,0,0,0,0,0,0,0,0,0,0,0,0,0,0,0,0,0,0,0,0,0,0,0,0,0,0,0.0,0.0,0.0,0.0,0.0
Reset,7,1,20,30/04/2026 12:46:17,95.00%,1420,800,35,120,0.0,0,0,0,0,0,0,0,0,0,0,0,0,0,0,0,0,0,0,0,0,0,1,0,0,0,0,0,0,0,0.0,0.0,0.0,0.0,0.0
Reset,39,2,15,30/04/2026 12:45:47,86.67%,1600,1650,50,95,0.0,0,2,0,0,0,0,0,0,0,0,0,0,0,0,0,0,0,0,0,0,0,0,0,0,0,0,0,0,0,0.0,0.0,0.0,0.0,0.0
Reset,53,1,15,30/04/2026 12:44:21,93.33%,1600,1600,45,95,0.0,0,1,0,0,0,0,0,0,0,0,0,0,0,0,0,0,0,0,0,0,0,0,0,0,0,0,0,0,0,0.0,0.0,0.0,0.0,0.0
Reset,8,12,20,30/04/2026 11:02:42,40.00%,1500,800,35,120,12.0,0,0,0,0,0,0,0,0,0,0,0,0,0,0,0,0,0,0,0,0,0,0,0,0,0,0,0,0,0,0.0,0.0,0.0,0.0,0.0
Reset,3,12,20,30/04/2026 11:02:37,40.00%,1500,800,35,90,12.0,0,0,0,0,0,0,0,0,0,0,0,0,0,0,0,0,0,0,0,0,0,0,0,0,0,0,0,0,0,0.0,0.0,0.0,0.0,0.0
Reset,2,4,20,30/04/2026 11:01:36,80.00%,1750,800,45,110,0.0,0,0,0,0,0,0,0,0,0,0,0,0,0,0,0,0,0,0,0,0,0,4,0,0,0,0,0,0,0,0.0,0.0,0.0,0.0,0.0
Reset,10,3,20,30/04/2026 10:48:00,85.00%,1550,800,35,120,0.0,0,0,0,0,0,0,0,0,0,0,0,0,0,0,0,0,0,0,0,0,0,3,0,0,0,0,0,0,0,0.0,0.0,0.0,0.0,0.0
Reset,2,5,20,30/04/2026 10:44:07,75.00%,1750,800,45,110,0.0,0,0,0,0,0,0,0,0,0,0,0,0,0,0,0,0,0,0,0,0,5,0,0,0,0,0,0,0,0,0.0,0.0,0.0,0.0,0.0
Reset,3,1,20,30/04/2026 10:23:40,95.00%,1500,800,35,90,0.0,0,0,0,0,0,0,0,0,0,0,0,0,0,0,0,0,0,0,0,0,1,0,0,0,0,0,0,0,0,0.0,0.0,0.0,0.0,0.0
Reset,6,1,20,30/04/2026 10:22:55,95.00%,1750,800,45,120,0.0,0,0,0,0,0,0,0,0,0,0,0,0,0,0,0,0,0,0,0,0,0,1,0,0,0,0,0,0,0,0.0,0.0,0.0,0.0,0.0
Reset,5,0,20,30/04/2026 10:19:19,100.00%,1500,800,35,110,0.0,0,0,0,0,0,0,0,0,0,0,0,0,0,0,0,0,0,0,0,0,0,0,0,0,0,0,0,0,0,0.0,0.0,0.0,0.0,0.0
Reset,10,1,20,30/04/2026 10:17:58,95.00%,1550,800,35,120,0.0,0,0,0,0,0,0,0,0,0,0,0,0,0,0,0,0,0,0,0,0,0,1,0,0,0,0,0,0,0,0.0,0.0,0.0,0.0,0.0
Reset,2,4,20,30/04/2026 10:05:10,80.00%,1750,800,45,110,0.0,0,0,0,0,0,0,0,0,0,0,0,0,0,0,0,0,0,0,0,0,0,4,0,0,0,0,0,0,0,0.0,0.0,0.0,0.0,0.0
Reset,6,0,20,30/04/2026 09:56:22,100.00%,1750,800,45,120,0.0,0,0,0,0,0,0,0,0,0,0,0,0,0,0,0,0,0,0,0,0,0,0,0,0,0,0,0,0,0,0.0,0.0,0.0,0.0,0.0
Reset,5,0,20,30/04/2026 09:53:11,100.00%,1500,800,35,110,0.0,0,0,0,0,0,0,0,0,0,0,0,0,0,0,0,0,0,0,0,0,0,0,0,0,0,0,0,0,0,0.0,0.0,0.0,0.0,0.0
Reset,3,0,20,30/04/2026 09:50:25,100.00%,1500,800,35,90,0.0,0,0,0,0,0,0,0,0,0,0,0,0,0,0,0,0,0,0,0,0,0,0,0,0,0,0,0,0,0,0.0,0.0,0.0,0.0,0.0
Reset,2,4,20,30/04/2026 09:48:05,90.00%,1750,800,45,110,0.0,0,0,0,0,0,0,0,0,0,0,0,0,0,0,0,0,0,0,0,0,0,4,0,0,0,0,0,0,0,0.0,0.0,0.0,0.0,0.0
Reset,10,2,20,30/04/2026 09:39:50,90.00%,1550,800,35,120,0.0,0,0,0,0,0,0,0,0,0,0,0,0,0,0,0,0,0,0,0,0,0,2,0,0,0,0,0,0,0,0.0,0.0,0.0,0.0,0.0
Reset,7,0,20,30/04/2026 09:36:45,100.00%,1420,800,35,120,0.0,0,0,0,0,0,0,0,0,0,0,0,0,0,0,0,0,0,0,0,0,0,0,0,0,0,0,0,0,0,0.0,0.0,0.0,0.0,0.0
Reset,6,1,20,30/04/2026 09:25:03,95.00%,1750,800,45,120,1.0,0,0,0,0,0,0,0,0,0,0,0,0,0,0,0,0,0,0,0,0,0,0,0,0,0,0,0,0,0,0.0,0.0,0.0,0.0,0.0
Reset,10,1,20,30/04/2026 09:14:54,95.00%,1550,800,35,120,0.0,0,0,0,0,0,0,0,0,0,0,0,0,0,0,0,0,0,0,0,0,0,1,0,0,0,0,0,0,0,0.0,0.0,0.0,0.0,0.0
Reset,10,0,20,30/04/2026 09:09:23,100.00%,1550,800,35,120,0.0,0,0,0,0,0,0,0,0,0,0,0,0,0,0,0,0,0,0,0,0,0,0,0,0,0,0,0,0,0,0.0,0.0,0.0,0.0,0.0
Reset,5,1,20,30/04/2026 09:09:22,95.00%,1500,800,35,110,0.0,0,0,0,0,0,0,0,0,0,0,0,0,0,0,0,0,0,0,0,0,0,1,0,0,0,0,0,0,0,0.0,0.0,0.0,0.0,0.0
Reset,7,1,20,30/04/2026 09:04:35,95.00%,1420,800,35,120,0.0,0,0,0,0,0,0,0,0,0,0,0,0,0,0,0,0,0,0,0,0,0,1,0,0,0,0,0,0,0,0.0,0.0,0.0,0.0,0.0
Reset,2,0,20,30/04/2026 08:56:50,100.00%,1750,800,45,110,0.0,0,0,0,0,0,0,0,0,0,0,0,0,0,0,0,0,0,0,0,0,0,0,0,0,0,0,0,0,0,0.0,0.0,0.0,0.0,0.0
Reset,6,3,20,30/04/2026 08:54:54,85.00%,1750,800,45,120,0.0,0,0,0,0,0,0,0,0,0,0,0,0,0,0,0,0,0,0,0,0,0,3,0,0,0,0,0,0,0,0.0,0.0,0.0,0.0,0.0
Reset,3,2,20,30/04/2026 08:47:18,90.00%,1500,800,35,90,0.0,0,0,0,0,0,0,0,0,0,0,0,0,0,0,0,0,0,0,0,0,0,2,0,0,0,0,0,0,0,0.0,0.0,0.0,0.0,0.0
Reset,10,0,20,30/04/2026 08:43:23,100.00%,1550,800,35,120,0.0,0,0,0,0,0,0,0,0,0,0,0,0,0,0,0,0,0,0,0,0,0,0,0,0,0,0,0,0,0,0.0,0.0,0.0,0.0,0.0
Reset,5,0,20,30/04/2026 08:35:27,100.00%,1500,800,35,110,0.0,0,0,0,0,0,0,0,0,0,0,0,0,0,0,0,0,0,0,0,0,0,0,0,0,0,0,0,0,0,0.0,0.0,0.0,0.0,0.0
Reset,2,2,20,30/04/2026 08:35:05,90.00%,1750,800,45,110,0.0,0,0,0,0,0,0,0,0,0,0,0,0,0,0,0,0,0,0,0,0,0,2,0,0,0,0,0,0,0,0.0,0.0,0.0,0.0,0.0
Reset,6,0,20,30/04/2026 08:25:12,100.00%,1750,800,45,120,0.0,0,0,0,0,0,0,0,0,0,0,0,0,0,0,0,0,0,0,0,0,0,0,0,0,0,0,0,0,0,0.0,0.0,0.0,0.0,0.0
Reset,3,0,20,30/04/2026 08:20:46,100.00%,1500,800,35,90,0.0,0,0,0,0,0,0,0,0,0,0,0,0,0,0,0,0,0,0,0,0,0,0,0,0,0,0,0,0,0,0.0,0.0,0.0,0.0,0.0
Reset,5,0,20,30/04/2026 08:08:10,100.00%,1500,800,35,110,0.0,0,0,0,0,0,0,0,0,0,0,0,0,0,0,0,0,0,0,0,0,0,0,0,0,0,0,0,0,0,0.0,0.0,0.0,0.0,0.0
Reset,2,1,20,30/04/2026 08:04:05,95.00%,1750,800,45,110,0.0,0,0,0,0,0,0,0,0,0,0,0,0,0,0,0,0,0,0,0,0,0,1,0,0,0,0,0,0,0,0.0,0.0,0.0,0.0,0.0
Reset,3,1,20,30/04/2026 07:56:11,95.00%,1500,800,35,90,0.0,0,0,0,0,0,0,0,0,0,0,0,0,0,0,0,0,0,0,0,0,0,1,0,0,0,0,0,0,0,0.0,0.0,0.0,0.0,0.0
Reset,10,0,20,30/04/2026 07:52:35,100.00%,1550,800,35,120,0.0,0,0,0,0,0,0,0,0,0,0,0,0,0,0,0,0,0,0,0,0,0,0,0,0,0,0,0,0,0,0.0,0.0,0.0,0.0,0.0
Reset,5,3,20,30/04/2026 07:45:28,85.00%,1500,800,35,110,0.0,0,0,0,0,0,0,0,0,1,0,0,0,0,0,0,0,0,0,0,0,0,2,0,0,0,0,0,0,0,0.0,0.0,0.0,0.0,0.0
Reset,7,1,20,30/04/2026 07:44:18,95.00%,1420,800,35,120,0.0,0,0,0,0,0,0,0,0,0,0,0,0,0,0,0,0,0,0,0,0,0,1,0,0,0,0,0,0,0,0.0,0.0,0.0,0.0,0.0
Reset,6,1,20,30/04/2026 07:36:55,95.00%,1750,800,45,120,0.0,0,0,0,0,0,0,0,0,0,0,0,0,0,0,0,0,0,0,0,0,0,1,0,0,0,0,0,0,0,0.0,0.0,0.0,0.0,0.0
Reset,10,2,20,30/04/2026 07:32:22,90.00%,1550,800,35,120,0.0,0,0,0,0,0,0,0,0,0,0,0,0,0,0,0,0,0,0,0,0,0,2,0,0,0,0,0,0,0,0.0,0.0,0.0,0.0,0.0
Reset,3,1,20,30/04/2026 07:24:10,95.00%,1500,800,35,90,0.0,0,0,0,0,0,0,0,0,0,0,0,0,0,0,0,0,0,0,0,0,0,1,0,0,0,0,0,0,0,0.0,0.0,0.0,0.0,0.0
Reset,7,3,20,30/04/2026 07:17:54,85.00%,1420,800,35,120,0.0,0,0,0,0,0,0,0,0,0,0,0,0,0,0,0,0,0,0,0,0,3,0,0,0,0,0,0,0,0,0.0,0.0,0.0,0.0,0.0
Reset,5,12,20,30/04/2026 07:15:16,40.00%,1500,800,35,110,8.0,4,0,0,0,0,0,0,0,0,0,0,0,0,0,0,0,0,0,0,0,0,0,0,0,0,0,0,0,0,0.0,0.0,0.0,0.0,0.0
Reset,6,1,20,30/04/2026 07:11:19,95.00%,1750,800,45,120,0.0,0,0,0,0,0,0,0,0,0,0,0,0,0,0,0,0,0,0,0,0,0,1,0,0,0,0,0,0,0,0.0,0.0,0.0,0.0,0.0
Reset,3,2,20,30/04/2026 07:01:05,90.00%,1500,800,35,90,0.0,0,0,0,0,0,0,0,0,0,0,0,0,0,0,0,0,0,0,0,0,0,2,0,0,0,0,0,0,0,0.0,0.0,0.0,0.0,0.0
Reset,3,2,20,30/04/2026 06:46:43,90.00%,1500,800,35,90,0.0,0,0,0,0,0,0,0,0,0,0,0,0,0,0,0,0,0,0,0,0,0,2,0,0,0,0,0,0,0,0.0,0.0,0.0,0.0,0.0
Reset,6,1,20,30/04/2026 06:43:05,95.00%,1750,800,45,120,0.0,0,0,0,0,0,0,0,0,0,0,0,0,0,0,0,0,0,0,0,0,0,1,0,0,0,0,0,0,0,0.0,0.0,0.0,0.0,0.0
Reset,2,1,20,30/04/2026 06:37:00,95.00%,1750,800,45,110,0.0,0,0,0,0,0,0,0,0,0,0,0,0,0,0,0,0,0,0,0,0,0,1,0,0,0,0,0,0,0,0.0,0.0,0.0,0.0,0.0
Reset,5,0,20,29/04/2026 17:59:16,100.00%,1500,800,35,110,0.0,0,0,0,0,0,0,0,0,0,0,0,0,0,0,0,0,0,0,0,0,0,0,0,0,0,0,0,0,0,0.0,0.0,0.0,0.0,0.0
Reset,3,0,20,29/04/2026 17:51:04,100.00%,1500,800,35,90,0.0,0,0,0,0,0,0,0,0,0,0,0,0,0,0,0,0,0,0,0,0,0,0,0,0,0,0,0,0,0,0.0,0.0,0.0,0.0,0.0
Reset,7,0,20,29/04/2026 17:49:08,100.00%,1420,800,35,120,0.0,0,0,0,0,0,0,0,0,0,0,0,0,0,0,0,0,0,0,0,0,0,0,0,0,0,0,0,0,0,0.0,0.0,0.0,0.0,0.0
Reset,6,0,20,29/04/2026 17:42:42,100.00%,1750,800,45,120,0.0,0,0,0,0,0,0,0,0,0,0,0,0,0,0,0,0,0,0,0,0,0,0,0,0,0,0,0,0,0,0.0,0.0,0.0,0.0,0.0
Reset,2,0,20,29/04/2026 17:40:29,100.00%,1750,800,45,110,0.0,0,0,0,0,0,0,0,0,0,0,0,0,0,0,0,0,0,0,0,0,0,0,0,0,0,0,0,0,0,0.0,0.0,0.0,0.0,0.0
Reset,10,0,20,29/04/2026 17:38:36,100.00%,1550,800,35,120,0.0,0,0,0,0,0,0,0,0,0,0,0,0,0,0,0,0,0,0,0,0,0,0,0,0,0,0,0,0,0,0.0,0.0,0.0,0.0,0.0
Reset,3,0,20,29/04/2026 17:18:41,100.00%,1500,800,35,90,0.0,0,0,0,0,0,0,0,0,0,0,0,0,0,0,0,0,0,0,0,0,0,0,0,0,0,0,0,0,0,0.0,0.0,0.0,0.0,0.0
Reset,7,0,20,29/04/2026 17:16:21,100.00%,1420,800,35,120,0.0,0,0,0,0,0,0,0,0,0,0,0,0,0,0,0,0,0,0,0,0,0,0,0,0,0,0,0,0,0,0.0,0.0,0.0,0.0,0.0
Reset,6,0,20,29/04/2026 17:13:46,100.00%,1750,800,45,120,0.0,0,0,0,0,0,0,0,0,0,0,0,0,0,0,0,0,0,0,0,0,0,0,0,0,0,0,0,0,0,0.0,0.0,0.0,0.0,0.0
Reset,10,0,20,29/04/2026 17:10:28,100.00%,1550,800,35,120,0.0,0,0,0,0,0,0,0,0,0,0,0,0,0,0,0,0,0,0,0,0,0,0,0,0,0,0,0,0,0,0.0,0.0,0.0,0.0,0.0
P10,136,5,40,29/04/2026 17:03:50,87.50%,1950,2000,45,50,0.0,0,5,0,0,0,0,0,0,0,0,0,0,0,0,0,0,0,0,0,0,0,0,0,0,0,0,0,0,0,0.0,0.0,0.0,0.0,0.0
P10,135,6,40,29/04/2026 17:02:29,85.00%,1950,2000,45,50,4.0,0,2,0,0,0,0,0,0,0,0,0,0,0,0,0,0,0,0,0,0,0,0,0,0,0,0,0,0,0,0.0,0.0,0.0,0.0,0.0
P10,131,2,40,29/04/2026 16:55:17,95.00%,1800,2000,45,60,0.0,0,2,0,0,0,0,0,0,0,0,0,0,0,0,0,0,0,0,0,0,0,0,0,0,0,0,0,0,0,0.0,0.0,0.0,0.0,0.0
P10,133,2,40,29/04/2026 16:54:11,95.00%,1950,2000,45,50,0.0,0,2,0,0,0,0,0,0,0,0,0,0,0,0,0,0,0,0,0,0,0,0,0,0,0,0,0,0,0,0.0,0.0,0.0,0.0,0.0
Reset,3,0,20,29/04/2026 16:46:49,100.00%,1500,800,35,90,0.0,0,0,0,0,0,0,0,0,0,0,0,0,0,0,0,0,0,0,0,0,0,0,0,0,0,0,0,0,0,0.0,0.0,0.0,0.0,0.0
P10,134,3,40,29/04/2026 16:42:42,92.50%,2000,1880,45,50,0.0,0,3,0,0,0,0,0,0,0,0,0,0,0,0,0,0,0,0,0,0,0,0,0,0,0,0,0,0,0,0.0,0.0,0.0,0.0,0.0
P10,132,3,40,29/04/2026 16:39:29,92.50%,1950,2000,45,50,0.0,0,3,0,0,0,0,0,0,0,0,0,0,0,0,0,0,0,0,0,0,0,0,0,0,0,0,0,0,0,0.0,0.0,0.0,0.0,0.0
P10,131,3,40,29/04/2026 16:05:32,92.50%,1800,2000,45,60,0.0,0,3,0,0,0,0,0,0,0,0,0,0,0,0,0,0,0,0,0,0,0,0,0,0,0,0,0,0,0,0.0,0.0,0.0,0.0,0.0
P10,133,3,40,29/04/2026 16:05:17,92.50%,1950,2000,45,50,0.0,0,3,0,0,0,0,0,0,0,0,0,0,0,0,0,0,0,0,0,0,0,0,0,0,0,0,0,0,0,0.0,0.0,0.0,0.0,0.0
Reset,2,0,20,29/04/2026 15:58:19,100.00%,1750,800,45,110,0.0,0,0,0,0,0,0,0,0,0,0,0,0,0,0,0,0,0,0,0,0,0,0,0,0,0,0,0,0,0,0.0,0.0,0.0,0.0,0.0
Reset,5,0,20,29/04/2026 15:49:49,100.00%,1500,800,35,110,0.0,0,0,0,0,0,0,0,0,0,0,0,0,0,0,0,0,0,0,0,0,0,0,0,0,0,0,0,0,0,0.0,0.0,0.0,0.0,0.0
Reset,10,0,20,29/04/2026 15:47:22,100.00%,1550,800,35,120,0.0,0,0,0,0,0,0,0,0,0,0,0,0,0,0,0,0,0,0,0,0,0,0,0,0,0,0,0,0,0,0.0,0.0,0.0,0.0,0.0
Reset,6,0,20,29/04/2026 15:45:16,100.00%,1750,800,45,120,0.0,0,0,0,0,0,0,0,0,0,0,0,0,0,0,0,0,0,0,0,0,0,0,0,0,0,0,0,0,0,0.0,0.0,0.0,0.0,0.0
P10,132,2,40,29/04/2026 15:41:50,95.00%,1950,2000,45,50,0.0,0,2,0,0,0,0,0,0,0,0,0,0,0,0,0,0,0,0,0,0,0,0,0,0,0,0,0,0,0,0.0,0.0,0.0,0.0,0.0
P10,131,3,40,29/04/2026 15:33:46,92.50%,1800,2000,45,60,0.0,0,3,0,0,0,0,0,0,0,0,0,0,0,0,0,0,0,0,0,0,0,0,0,0,0,0,0,0,0,0.0,0.0,0.0,0.0,0.0
P10,136,3,40,29/04/2026 15:33:06,92.50%,1950,2000,45,50,0.0,0,3,0,0,0,0,0,0,0,0,0,0,0,0,0,0,0,0,0,0,0,0,0,0,0,0,0,0,0,0.0,0.0,0.0,0.0,0.0
P10,135,4,40,29/04/2026 15:30:27,90.00%,1950,2000,45,50,0.0,0,4,0,0,0,0,0,0,0,0,0,0,0,0,0,0,0,0,0,0,0,0,0,0,0,0,0,0,0,0.0,0.0,0.0,0.0,0.0
Reset,6,2,20,29/04/2026 15:26:09,90.00%,1750,800,45,120,0.0,0,0,0,0,0,0,0,0,0,0,0,0,0,0,0,0,2,0,0,0,0,0,0,0,0,0,0,0,0,0.0,0.0,0.0,0.0,0.0
P10,132,6,40,29/04/2026 14:08:45,85.00%,1950,2000,45,50,0.0,0,6,0,0,0,0,0,0,0,0,0,0,0,0,0,0,0,0,0,0,0,0,0,0,0,0,0,0,0,0.0,0.0,0.0,0.0,0.0
P10,134,3,40,29/04/2026 14:00:06,92.50%,2000,1880,45,50,0.0,0,3,0,0,0,0,0,0,0,0,0,0,0,0,0,0,0,0,0,0,0,0,0,0,0,0,0,0,0,0.0,0.0,0.0,0.0,0.0
P10,136,2,40,29/04/2026 13:59:03,95.00%,1950,2000,45,50,0.0,0,2,0,0,0,0,0,0,0,0,0,0,0,0,0,0,0,0,0,0,0,0,0,0,0,0,0,0,0,0.0,0.0,0.0,0.0,0.0
P10,131,7,40,29/04/2026 13:58:07,82.50%,1800,2000,45,60,1.0,0,6,0,0,0,0,0,0,0,0,0,0,0,0,0,0,0,0,0,0,0,0,0,0,0,0,0,0,0,0.0,0.0,0.0,0.0,0.0
Reset,5,0,20,29/04/2026 13:56:22,100.00%,1500,800,35,110,0.0,0,0,0,0,0,0,0,0,0,0,0,0,0,0,0,0,0,0,0,0,0,0,0,0,0,0,0,0,0,0.0,0.0,0.0,0.0,0.0
Reset,10,1,20,29/04/2026 13:54:46,95.00%,1550,800,35,120,0.0,0,0,0,0,0,0,0,0,0,0,0,0,0,0,0,0,0,0,0,0,0,1,0,0,0,0,0,0,0,0.0,0.0,0.0,0.0,0.0
Reset,6,0,20,29/04/2026 13:38:10,100.00%,1750,800,45,120,0.0,0,0,0,0,0,0,0,0,0,0,0,0,0,0,0,0,0,0,0,0,0,0,0,0,0,0,0,0,0,0.0,0.0,0.0,0.0,0.0
P10,135,6,40,29/04/2026 13:36:10,85.00%,1950,2000,45,50,0.0,0,5,0,0,0,0,0,0,0,0,0,0,1,0,0,0,0,0,0,0,0,0,0,0,0,0,0,0,0,0.0,0.0,0.0,0.0,0.0
Reset,5,3,20,29/04/2026 13:27:33,85.00%,1500,800,35,110,0.0,0,0,0,0,0,0,0,0,0,0,0,0,0,0,0,0,0,0,0,0,0,3,0,0,0,0,0,0,0,0.0,0.0,0.0,0.0,0.0
Reset,3,3,20,29/04/2026 13:23:53,85.00%,1500,800,35,90,0.0,0,0,0,0,0,0,0,0,0,0,0,0,0,0,0,0,0,0,0,0,0,3,0,0,0,0,0,0,0,0.0,0.0,0.0,0.0,0.0
Reset,7,2,20,29/04/2026 13:19:48,90.00%,1420,800,35,120,0.0,0,0,0,0,0,0,0,0,0,0,0,0,0,0,0,0,1,0,0,0,0,1,0,0,0,0,0,0,0,0.0,0.0,0.0,0.0,0.0
Reset,10,0,20,29/04/2026 13:17:39,100.00%,1550,800,35,120,0.0,0,0,0,0,0,0,0,0,0,0,0,0,0,0,0,0,0,0,0,0,0,0,0,0,0,0,0,0,0,0.0,0.0,0.0,0.0,0.0
P10,132,7,40,29/04/2026 12:54:45,82.50%,1950,2000,45,50,0.0,0,6,0,0,0,0,0,0,0,0,0,0,0,1,0,0,0,0,0,0,0,0,0,0,0,0,0,0,0,0.0,0.0,0.0,0.0,0.0
P10,135,5,40,29/04/2026 12:51:27,87.50%,1950,2000,45,50,0.0,0,5,0,0,0,0,0,0,0,0,0,0,0,0,0,0,0,0,0,0,0,0,0,0,0,0,0,0,0,0.0,0.0,0.0,0.0,0.0
P10,131,3,40,29/04/2026 12:46:51,92.50%,1800,2000,45,60,1.0,0,2,0,0,0,0,0,0,0,0,0,0,0,0,0,0,0,0,0,0,0,0,0,0,0,0,0,0,0,0.0,0.0,0.0,0.0,0.0
P10,136,3,40,29/04/2026 12:45:50,92.50%,1950,2000,45,50,0.0,0,3,0,0,0,0,0,0,0,0,0,0,0,0,0,0,0,0,0,0,0,0,0,0,0,0,0,0,0,0.0,0.0,0.0,0.0,0.0
Reset,3,0,20,29/04/2026 12:44:36,100.00%,1500,800,35,90,0.0,0,0,0,0,0,0,0,0,0,0,0,0,0,0,0,0,0,0,0,0,0,0,0,0,0,0,0,0,0,0.0,0.0,0.0,0.0,0.0
P10,134,1,40,29/04/2026 12:42:48,97.50%,2000,1880,45,50,0.0,0,1,0,0,0,0,0,0,0,0,0,0,0,0,0,0,0,0,0,0,0,0,0,0,0,0,0,0,0,0.0,0.0,0.0,0.0,0.0
Reset,6,1,20,29/04/2026 12:41:52,95.00%,1750,800,45,120,0.0,0,0,0,0,0,0,0,0,0,0,0,0,0,0,0,0,0,0,0,0,0,1,0,0,0,0,0,0,0,0.0,0.0,0.0,0.0,0.0
Reset,2,0,20,29/04/2026 12:37:16,100.00%,1750,800,45,110,0.0,0,0,0,0,0,0,0,0,0,0,0,0,0,0,0,0,0,0,0,0,0,0,0,0,0,0,0,0,0,0.0,0.0,0.0,0.0,0.0
Reset,10,2,20,29/04/2026 11:09:53,90.00%,1550,800,35,120,0.0,0,0,0,0,0,0,0,0,0,0,0,0,0,0,0,0,0,0,0,0,0,2,0,0,0,0,0,0,0,0.0,0.0,0.0,0.0,0.0
P10,133,2,40,29/04/2026 11:06:35,95.00%,1950,2000,45,50,0.0,0,2,0,0,0,0,0,0,0,0,0,0,0,0,0,0,0,0,0,0,0,0,0,0,0,0,0,0,0,0.0,0.0,0.0,0.0,0.0
P10,135,3,40,29/04/2026 11:04:23,92.50%,1950,2000,45,50,0.0,0,3,0,0,0,0,0,0,0,0,0,0,0,0,0,0,0,0,0,0,0,0,0,0,0,0,0,0,0,0.0,0.0,0.0,0.0,0.0
Reset,3,0,20,29/04/2026 11:00:37,100.00%,1500,800,35,90,0.0,0,0,0,0,0,0,0,0,0,0,0,0,0,0,0,0,0,0,0,0,0,0,0,0,0,0,0,0,0,0.0,0.0,0.0,0.0,0.0
P10,132,4,40,29/04/2026 10:56:18,90.00%,1950,2000,45,50,0.0,0,4,0,0,0,0,0,0,0,0,0,0,0,0,0,0,0,0,0,0,0,0,0,0,0,0,0,0,0,0.0,0.0,0.0,0.0,0.0
P10,131,3,40,29/04/2026 10:53:22,92.50%,1800,2000,45,60,1.0,0,1,0,0,0,0,0,0,0,0,0,0,0,1,0,0,0,0,0,0,0,0,0,0,0,0,0,0,0,0.0,0.0,0.0,0.0,0.0
P10,134,4,40,29/04/2026 10:51:26,90.00%,2000,1880,45,50,0.0,0,4,0,0,0,0,0,0,0,0,0,0,0,0,0,0,0,0,0,0,0,0,0,0,0,0,0,0,0,0.0,0.0,0.0,0.0,0.0
P10,136,6,40,29/04/2026 10:44:08,85.00%,1950,2000,45,50,0.0,0,6,0,0,0,0,0,0,0,0,0,0,0,0,0,0,0,0,0,0,0,0,0,0,0,0,0,0,0,0.0,0.0,0.0,0.0,0.0
Reset,3,1,20,29/04/2026 10:42:51,95.00%,1500,800,35,90,0.0,0,0,0,0,0,0,0,0,0,0,0,0,0,0,0,0,1,0,0,0,0,0,0,0,0,0,0,0,0,0.0,0.0,0.0,0.0,0.0
Reset,5,0,20,29/04/2026 10:40:52,100.00%,1500,800,35,110,0.0,0,0,0,0,0,0,0,0,0,0,0,0,0,0,0,0,0,0,0,0,0,0,0,0,0,0,0,0,0,0.0,0.0,0.0,0.0,0.0
Reset,2,0,20,29/04/2026 10:40:51,100.00%,1750,800,45,110,0.0,0,0,0,0,0,0,0,0,0,0,0,0,0,0,0,0,0,0,0,0,0,0,0,0,0,0,0,0,0,0.0,0.0,0.0,0.0,0.0
Reset,10,0,20,29/04/2026 10:36:31,100.00%,1550,800,35,120,0.0,0,0,0,0,0,0,0,0,0,0,0,0,0,0,0,0,0,0,0,0,0,0,0,0,0,0,0,0,0,0.0,0.0,0.0,0.0,0.0
P10,132,2,40,29/04/2026 10:30:06,95.00%,1950,2000,45,50,0.0,0,2,0,0,0,0,0,0,0,0,0,0,0,0,0,0,0,0,0,0,0,0,0,0,0,0,0,0,0,0.0,0.0,0.0,0.0,0.0
P10,135,3,40,29/04/2026 10:28:55,92.50%,1950,2000,45,50,0.0,0,3,0,0,0,0,0,0,0,0,0,0,0,0,0,0,0,0,0,0,0,0,0,0,0,0,0,0,0,0.0,0.0,0.0,0.0,0.0
Reset,6,0,20,29/04/2026 10:16:51,100.00%,1750,800,45,120,0.0,0,0,0,0,0,0,0,0,0,0,0,0,0,0,0,0,0,0,0,0,0,0,0,0,0,0,0,0,0,0.0,0.0,0.0,0.0,0.0
P10,133,21,40,29/04/2026 10:13:41,47.50%,1950,2000,45,50,21.0,0,0,0,0,0,0,0,0,0,0,0,0,0,0,0,0,0,0,0,0,0,0,0,0,0,0,0,0,0,0.0,0.0,0.0,0.0,0.0
P10,131,2,40,29/04/2026 10:11:50,95.00%,1800,2000,45,60,0.0,0,2,0,0,0,0,0,0,0,0,0,0,0,0,0,0,0,0,0,0,0,0,0,0,0,0,0,0,0,0.0,0.0,0.0,0.0,0.0
P10,134,1,40,29/04/2026 10:11:00,97.50%,2000,1880,45,50,0.0,0,1,0,0,0,0,0,0,0,0,0,0,0,0,0,0,0,0,0,0,0,0,0,0,0,0,0,0,0,0.0,0.0,0.0,0.0,0.0
Reset,5,0,20,29/04/2026 10:06:10,100.00%,1500,800,35,110,0.0,0,0,0,0,0,0,0,0,0,0,0,0,0,0,0,0,0,0,0,0,0,0,0,0,0,0,0,0,0,0.0,0.0,0.0,0.0,0.0
P10,136,0,40,29/04/2026 10:03:31,100.00%,1950,2000,45,50,0.0,0,0,0,0,0,0,0,0,0,0,0,0,0,0,0,0,0,0,0,0,0,0,0,0,0,0,0,0,0,0.0,0.0,0.0,0.0,0.0
Reset,3,0,20,29/04/2026 09:53:21,100.00%,1500,800,35,90,0.0,0,0,0,0,0,0,0,0,0,0,0,0,0,0,0,0,0,0,0,0,0,0,0,0,0,0,0,0,0,0.0,0.0,0.0,0.0,0.0
Reset,10,0,20,29/04/2026 09:50:29,100.00%,1550,800,35,120,0.0,0,0,0,0,0,0,0,0,0,0,0,0,0,0,0,0,0,0,0,0,0,0,0,0,0,0,0,0,0,0.0,0.0,0.0,0.0,0.0
P10,132,5,40,29/04/2026 09:46:16,87.50%,1950,2000,45,50,0.0,0,5,0,0,0,0,0,0,0,0,0,0,0,0,0,0,0,0,0,0,0,0,0,0,0,0,0,0,0,0.0,0.0,0.0,0.0,0.0
Reset,6,1,20,29/04/2026 09:38:21,95.00%,1750,800,45,120,0.0,0,0,0,0,0,0,0,0,0,0,0,0,0,0,0,0,1,0,0,0,0,0,0,0,0,0,0,0,0,0.0,0.0,0.0,0.0,0.0
Reset,5,1,20,29/04/2026 09:35:45,95.00%,1500,800,35,110,0.0,0,0,0,0,0,0,0,0,0,0,0,0,0,0,0,0,0,0,0,0,0,1,0,0,0,0,0,0,0,0.0,0.0,0.0,0.0,0.0
P10,131,4,40,29/04/2026 09:33:44,90.00%,1800,2000,45,60,0.0,0,3,0,0,0,0,0,0,0,0,0,0,1,0,0,0,0,0,0,0,0,0,0,0,0,0,0,0,0,0.0,0.0,0.0,0.0,0.0
P10,133,3,40,29/04/2026 09:32:40,92.50%,1950,2000,45,50,0.0,0,3,0,0,0,0,0,0,0,0,0,0,0,0,0,0,0,0,0,0,0,0,0,0,0,0,0,0,0,0.0,0.0,0.0,0.0,0.0
Reset,3,0,20,29/04/2026 09:28:00,100.00%,1500,800,35,90,0.0,0,0,0,0,0,0,0,0,0,0,0,0,0,0,0,0,0,0,0,0,0,0,0,0,0,0,0,0,0,0.0,0.0,0.0,0.0,0.0
P10,133,3,40,29/04/2026 09:25:55,92.50%,1950,2000,45,50,0.0,0,3,0,0,0,0,0,0,0,0,0,0,0,0,0,0,0,0,0,0,0,0,0,0,0,0,0,0,0,0.0,0.0,0.0,0.0,0.0
P10,134,6,40,29/04/2026 09:25:22,85.00%,2000,1880,45,50,1.0,0,5,0,0,0,0,0,0,0,0,0,0,0,0,0,0,0,0,0,0,0,0,0,0,0,0,0,0,0,0.0,0.0,0.0,0.0,0.0
P10,136,0,40,29/04/2026 09:22:50,100.00%,1950,2000,45,50,0.0,0,0,0,0,0,0,0,0,0,0,0,0,0,0,0,0,0,0,0,0,0,0,0,0,0,0,0,0,0,0.0,0.0,0.0,0.0,0.0
Reset,10,1,20,29/04/2026 09:14:41,95.00%,1550,800,35,120,0.0,0,0,0,0,0,0,0,0,0,0,0,0,0,0,0,0,0,0,0,0,0,1,0,0,0,0,0,0,0,0.0,0.0,0.0,0.0,0.0
P10,131,1,40,29/04/2026 09:10:54,97.50%,1800,2000,45,60,0.0,0,1,0,0,0,0,0,0,0,0,0,0,0,0,0,0,0,0,0,0,0,0,0,0,0,0,0,0,0,0.0,0.0,0.0,0.0,0.0
P10,132,10,40,29/04/2026 09:09:41,75.00%,1950,2000,45,50,0.0,0,10,0,0,0,0,0,0,0,0,0,0,0,0,0,0,0,0,0,0,0,0,0,0,0,0,0,0,0,0.0,0.0,0.0,0.0,0.0
Reset,7,1,20,29/04/2026 09:06:20,95.00%,1420,800,35,120,0.0,0,0,0,0,0,0,0,0,0,0,0,0,0,0,0,0,0,0,0,0,0,1,0,0,0,0,0,0,0,0.0,0.0,0.0,0.0,0.0
Reset,6,0,20,29/04/2026 09:03:53,100.00%,1750,800,45,120,0.0,0,0,0,0,0,0,0,0,0,0,0,0,0,0,0,0,0,0,0,0,0,0,0,0,0,0,0,0,0,0.0,0.0,0.0,0.0,0.0
Reset,5,2,20,29/04/2026 08:50:28,90.00%,1500,800,35,110,0.0,0,0,0,0,0,0,0,0,0,0,0,0,0,0,0,0,0,0,0,0,0,2,0,0,0,0,0,0,0,0.0,0.0,0.0,0.0,0.0
Reset,10,0,20,29/04/2026 08:48:36,100.00%,1550,800,35,120,0.0,0,0,0,0,0,0,0,0,0,0,0,0,0,0,0,0,0,0,0,0,0,0,0,0,0,0,0,0,0,0.0,0.0,0.0,0.0,0.0
Reset,3,0,20,29/04/2026 08:46:51,100.00%,1500,800,35,90,0.0,0,0,0,0,0,0,0,0,0,0,0,0,0,0,0,0,0,0,0,0,0,0,0,0,0,0,0,0,0,0.0,0.0,0.0,0.0,0.0
P10,131,3,40,29/04/2026 08:43:18,92.50%,1800,2000,45,60,2.0,0,1,0,0,0,0,0,0,0,0,0,0,0,0,0,0,0,0,0,0,0,0,0,0,0,0,0,0,0,0.0,0.0,0.0,0.0,0.0
P10,133,5,40,29/04/2026 08:41:41,87.50%,1950,2000,45,50,0.0,0,5,0,0,0,0,0,0,0,0,0,0,0,0,0,0,0,0,0,0,0,0,0,0,0,0,0,0,0,0.0,0.0,0.0,0.0,0.0
Reset,2,3,20,29/04/2026 08:39:51,85.00%,1750,800,45,110,0.0,0,0,0,0,0,0,0,0,0,0,0,0,0,0,0,0,0,0,0,0,0,3,0,0,0,0,0,0,0,0.0,0.0,0.0,0.0,0.0
P10,135,5,40,29/04/2026 08:37:46,87.50%,1950,2000,45,50,0.0,0,5,0,0,0,0,0,0,0,0,0,0,0,0,0,0,0,0,0,0,0,0,0,0,0,0,0,0,0,0.0,0.0,0.0,0.0,0.0
P10,132,3,40,29/04/2026 08:31:33,92.50%,1950,2000,45,50,0.0,0,3,0,0,0,0,0,0,0,0,0,0,0,0,0,0,0,0,0,0,0,0,0,0,0,0,0,0,0,0.0,0.0,0.0,0.0,0.0
P10,134,3,40,29/04/2026 08:30:02,92.50%,2000,1880,45,50,1.0,0,2,0,0,0,0,0,0,0,0,0,0,0,0,0,0,0,0,0,0,0,0,0,0,0,0,0,0,0,0.0,0.0,0.0,0.0,0.0
Reset,6,0,20,29/04/2026 08:17:32,100.00%,1750,800,45,120,0.0,0,0,0,0,0,0,0,0,0,0,0,0,0,0,0,0,0,0,0,0,0,0,0,0,0,0,0,0,0,0.0,0.0,0.0,0.0,0.0
P10,131,2,40,29/04/2026 08:12:49,95.00%,1800,2000,45,60,1.0,0,1,0,0,0,0,0,0,0,0,0,0,0,0,0,0,0,0,0,0,0,0,0,0,0,0,0,0,0,0.0,0.0,0.0,0.0,0.0
P10,133,6,40,29/04/2026 08:11:37,85.00%,1950,2000,45,50,0.0,0,6,0,0,0,0,0,0,0,0,0,0,0,0,0,0,0,0,0,0,0,0,0,0,0,0,0,0,0,0.0,0.0,0.0,0.0,0.0
Reset,3,0,20,29/04/2026 08:10:09,100.00%,1500,800,35,90,0.0,0,0,0,0,0,0,0,0,0,0,0,0,0,0,0,0,0,0,0,0,0,0,0,0,0,0,0,0,0,0.0,0.0,0.0,0.0,0.0
P10,135,2,40,29/04/2026 08:01:31,95.00%,1950,2000,45,50,0.0,0,2,0,0,0,0,0,0,0,0,0,0,0,0,0,0,0,0,0,0,0,0,0,0,0,0,0,0,0,0.0,0.0,0.0,0.0,0.0
P10,134,4,40,29/04/2026 08:00:40,90.00%,2000,1880,45,50,0.0,0,4,0,0,0,0,0,0,0,0,0,0,0,0,0,0,0,0,0,0,0,0,0,0,0,0,0,0,0,0.0,0.0,0.0,0.0,0.0
P10,132,2,40,29/04/2026 07:59:38,95.00%,1950,2000,45,50,0.0,0,2,0,0,0,0,0,0,0,0,0,0,0,0,0,0,0,0,0,0,0,0,0,0,0,0,0,0,0,0.0,0.0,0.0,0.0,0.0
Reset,10,1,20,29/04/2026 07:50:28,95.00%,1550,800,35,120,0.0,0,0,0,0,0,0,0,0,0,0,0,0,0,0,0,0,0,0,0,0,0,1,0,0,0,0,0,0,0,0.0,0.0,0.0,0.0,0.0
P10,136,2,40,29/04/2026 07:48:40,95.00%,1950,2000,45,50,0.0,0,2,0,0,0,0,0,0,0,0,0,0,0,0,0,0,0,0,0,0,0,0,0,0,0,0,0,0,0,0.0,0.0,0.0,0.0,0.0
P10,131,3,40,29/04/2026 07:45:17,92.50%,1800,2000,45,60,0.0,0,3,0,0,0,0,0,0,0,0,0,0,0,0,0,0,0,0,0,0,0,0,0,0,0,0,0,0,0,0.0,0.0,0.0,0.0,0.0
Reset,2,1,20,29/04/2026 07:43:53,95.00%,1750,800,45,110,0.0,0,0,0,0,0,0,0,0,0,0,0,0,0,0,0,0,0,0,0,0,0,1,0,0,0,0,0,0,0,0.0,0.0,0.0,0.0,0.0
P10,133,4,40,29/04/2026 07:40:30,90.00%,1950,2000,45,50,0.0,0,4,0,0,0,0,0,0,0,0,0,0,0,0,0,0,0,0,0,0,0,0,0,0,0,0,0,0,0,0.0,0.0,0.0,0.0,0.0
P10,135,8,40,29/04/2026 07:27:08,80.00%,1950,2000,45,50,0.0,0,8,0,0,0,0,0,0,0,0,0,0,0,0,0,0,0,0,0,0,0,0,0,0,0,0,0,0,0,0.0,0.0,0.0,0.0,0.0
Reset,6,1,20,29/04/2026 07:25:39,95.00%,1750,800,45,120,0.0,0,0,0,0,0,0,0,0,0,0,0,0,0,0,0,0,0,0,0,0,0,1,0,0,0,0,0,0,0,0.0,0.0,0.0,0.0,0.0
Reset,3,0,20,29/04/2026 07:23:41,100.00%,1500,800,35,90,0.0,0,0,0,0,0,0,0,0,0,0,0,0,0,0,0,0,0,0,0,0,0,0,0,0,0,0,0,0,0,0.0,0.0,0.0,0.0,0.0
Reset,5,1,20,29/04/2026 07:20:44,95.00%,1500,800,35,110,0.0,0,0,0,0,0,0,0,0,0,0,0,0,0,0,0,0,0,0,0,0,0,1,0,0,0,0,0,0,0,0.0,0.0,0.0,0.0,0.0
Reset,3,1,20,29/04/2026 07:18:42,95.00%,1500,800,35,90,0.0,0,0,0,0,0,0,0,0,0,0,0,0,0,0,0,0,1,0,0,0,0,0,0,0,0,0,0,0,0,0.0,0.0,0.0,0.0,0.0
P10,136,3,40,29/04/2026 07:16:22,92.50%,1950,2000,45,50,0.0,0,3,0,0,0,0,0,0,0,0,0,0,0,0,0,0,0,0,0,0,0,0,0,0,0,0,0,0,0,0.0,0.0,0.0,0.0,0.0
P10,133,3,40,29/04/2026 07:13:42,92.50%,1950,2000,45,50,0.0,0,3,0,0,0,0,0,0,0,0,0,0,0,0,0,0,0,0,0,0,0,0,0,0,0,0,0,0,0,0.0,0.0,0.0,0.0,0.0
P10,134,3,40,29/04/2026 07:12:26,92.50%,2000,1880,45,50,0.0,0,3,0,0,0,0,0,0,0,0,0,0,0,0,0,0,0,0,0,0,0,0,0,0,0,0,0,0,0,0.0,0.0,0.0,0.0,0.0
P10,132,3,40,29/04/2026 07:11:04,92.50%,1950,2000,45,50,0.0,0,2,0,0,0,0,0,0,0,0,0,0,1,0,0,0,0,0,0,0,0,0,0,0,0,0,0,0,0,0.0,0.0,0.0,0.0,0.0
P10,131,5,40,29/04/2026 07:06:58,87.50%,1800,2000,45,60,2.0,0,3,0,0,0,0,0,0,0,0,0,0,0,0,0,0,0,0,0,0,0,0,0,0,0,0,0,0,0,0.0,0.0,0.0,0.0,0.0
P10,135,5,40,29/04/2026 06:48:18,87.50%,1950,2000,45,50,0.0,0,5,0,0,0,0,0,0,0,0,0,0,0,0,0,0,0,0,0,0,0,0,0,0,0,0,0,0,0,0.0,0.0,0.0,0.0,0.0
Reset,7,0,20,29/04/2026 06:47:01,100.00%,1420,800,35,120,0.0,0,0,0,0,0,0,0,0,0,0,0,0,0,0,0,0,0,0,0,0,0,0,0,0,0,0,0,0,0,0.0,0.0,0.0,0.0,0.0
Reset,6,1,20,29/04/2026 06:44:43,95.00%,1750,800,45,120,0.0,0,0,0,0,0,0,0,0,0,0,0,0,0,0,0,0,0,0,0,0,0,1,0,0,0,0,0,0,0,0.0,0.0,0.0,0.0,0.0
Reset,6,3,20,29/04/2026 06:31:22,85.00%,1750,800,45,120,1.0,0,0,0,0,0,0,0,0,0,0,0,0,0,0,0,0,0,0,0,0,0,2,0,0,0,0,0,0,0,0.0,0.0,0.0,0.0,0.0
Reset,5,0,20,29/04/2026 06:23:00,100.00%,1500,800,35,110,0.0,0,0,0,0,0,0,0,0,0,0,0,0,0,0,0,0,0,0,0,0,0,0,0,0,0,0,0,0,0,0.0,0.0,0.0,0.0,0.0
Reset,6,3,20,29/04/2026 06:18:46,95.00%,1750,800,45,120,0.0,0,0,0,0,0,0,0,0,0,0,0,0,0,0,0,0,0,0,0,0,2,1,0,0,0,0,0,0,0,0.0,0.0,0.0,0.0,0.0
Reset,3,0,20,28/04/2026 22:49:37,100.00%,1500,800,35,90,0.0,0,0,0,0,0,0,0,0,0,0,0,0,0,0,0,0,0,0,0,0,0,0,0,0,0,0,0,0,0,0.0,0.0,0.0,0.0,0.0
Reset,7,0,20,28/04/2026 22:31:30,100.00%,1420,800,35,120,0.0,0,0,0,0,0,0,0,0,0,0,0,0,0,0,0,0,0,0,0,0,0,0,0,0,0,0,0,0,0,0.0,0.0,0.0,0.0,0.0
Reset,5,0,20,28/04/2026 22:29:02,100.00%,1500,800,35,110,0.0,0,0,0,0,0,0,0,0,0,0,0,0,0,0,0,0,0,0,0,0,0,0,0,0,0,0,0,0,0,0.0,0.0,0.0,0.0,0.0
Reset,10,0,20,28/04/2026 22:08:00,100.00%,1550,800,35,120,0.0,0,0,0,0,0,0,0,0,0,0,0,0,0,0,0,0,0,0,0,0,0,0,0,0,0,0,0,0,0,0.0,0.0,0.0,0.0,0.0
Reset,5,0,20,28/04/2026 21:41:22,100.00%,1500,800,35,110,0.0,0,0,0,0,0,0,0,0,0,0,0,0,0,0,0,0,0,0,0,0,0,0,0,0,0,0,0,0,0,0.0,0.0,0.0,0.0,0.0
Reset,10,0,20,28/04/2026 21:35:29,100.00%,1550,800,35,120,0.0,0,0,0,0,0,0,0,0,0,0,0,0,0,0,0,0,0,0,0,0,0,0,0,0,0,0,0,0,0,0.0,0.0,0.0,0.0,0.0
P10,135,2,40,28/04/2026 21:16:48,95.00%,1950,2000,45,50,0.0,0,2,0,0,0,0,0,0,0,0,0,0,0,0,0,0,0,0,0,0,0,0,0,0,0,0,0,0,0,0.0,0.0,0.0,0.0,0.0
P10,131,2,40,28/04/2026 21:15:39,95.00%,1800,2000,45,60,1.0,0,1,0,0,0,0,0,0,0,0,0,0,0,0,0,0,0,0,0,0,0,0,0,0,0,0,0,0,0,0.0,0.0,0.0,0.0,0.0
P10,136,5,40,28/04/2026 21:09:57,87.50%,1950,2000,45,50,0.0,0,4,0,0,0,0,0,0,0,1,0,0,0,0,0,0,0,0,0,0,0,0,0,0,0,0,0,0,0,0.0,0.0,0.0,0.0,0.0
P10,133,1,40,28/04/2026 21:08:35,97.50%,1950,2000,45,50,0.0,0,1,0,0,0,0,0,0,0,0,0,0,0,0,0,0,0,0,0,0,0,0,0,0,0,0,0,0,0,0.0,0.0,0.0,0.0,0.0
P10,134,3,40,28/04/2026 21:07:11,92.50%,2000,1880,45,50,0.0,0,3,0,0,0,0,0,0,0,0,0,0,0,0,0,0,0,0,0,0,0,0,0,0,0,0,0,0,0,0.0,0.0,0.0,0.0,0.0
P10,132,4,40,28/04/2026 21:06:28,90.00%,1950,2000,45,50,0.0,0,4,0,0,0,0,0,0,0,0,0,0,0,0,0,0,0,0,0,0,0,0,0,0,0,0,0,0,0,0.0,0.0,0.0,0.0,0.0
P10,135,5,40,28/04/2026 20:53:34,87.50%,1950,2000,45,50,0.0,0,5,0,0,0,0,0,0,0,0,0,0,0,0,0,0,0,0,0,0,0,0,0,0,0,0,0,0,0,0.0,0.0,0.0,0.0,0.0
P10,131,2,40,28/04/2026 20:52:40,95.00%,1800,2000,45,60,1.0,0,1,0,0,0,0,0,0,0,0,0,0,0,0,0,0,0,0,0,0,0,0,0,0,0,0,0,0,0,0.0,0.0,0.0,0.0,0.0
Reset,6,0,20,28/04/2026 20:48:21,100.00%,1750,800,45,120,0.0,0,0,0,0,0,0,0,0,0,0,0,0,0,0,0,0,0,0,0,0,0,0,0,0,0,0,0,0,0,0.0,0.0,0.0,0.0,0.0
Reset,5,0,20,28/04/2026 20:46:06,100.00%,1500,800,35,110,0.0,0,0,0,0,0,0,0,0,0,0,0,0,0,0,0,0,0,0,0,0,0,0,0,0,0,0,0,0,0,0.0,0.0,0.0,0.0,0.0
P10,136,4,40,28/04/2026 20:40:30,90.00%,1950,2000,45,50,0.0,0,4,0,0,0,0,0,0,0,0,0,0,0,0,0,0,0,0,0,0,0,0,0,0,0,0,0,0,0,0.0,0.0,0.0,0.0,0.0
Reset,7,0,20,28/04/2026 20:37:26,100.00%,1420,800,35,120,0.0,0,0,0,0,0,0,0,0,0,0,0,0,0,0,0,0,0,0,0,0,0,0,0,0,0,0,0,0,0,0.0,0.0,0.0,0.0,0.0
P10,134,3,40,28/04/2026 20:34:26,92.50%,2000,1880,45,50,0.0,0,3,0,0,0,0,0,0,0,0,0,0,0,0,0,0,0,0,0,0,0,0,0,0,0,0,0,0,0,0.0,0.0,0.0,0.0,0.0
P10,133,1,40,28/04/2026 20:33:26,97.50%,1950,2000,45,50,0.0,0,1,0,0,0,0,0,0,0,0,0,0,0,0,0,0,0,0,0,0,0,0,0,0,0,0,0,0,0,0.0,0.0,0.0,0.0,0.0
Reset,3,0,20,28/04/2026 20:12:07,100.00%,1500,800,35,90,0.0,0,0,0,0,0,0,0,0,0,0,0,0,0,0,0,0,0,0,0,0,0,0,0,0,0,0,0,0,0,0.0,0.0,0.0,0.0,0.0
P10,135,2,40,28/04/2026 20:08:48,95.00%,1950,2000,45,50,0.0,0,2,0,0,0,0,0,0,0,0,0,0,0,0,0,0,0,0,0,0,0,0,0,0,0,0,0,0,0,0.0,0.0,0.0,0.0,0.0
P10,132,4,40,28/04/2026 20:05:59,90.00%,1950,2000,45,50,0.0,0,4,0,0,0,0,0,0,0,0,0,0,0,0,0,0,0,0,0,0,0,0,0,0,0,0,0,0,0,0.0,0.0,0.0,0.0,0.0
P10,131,3,40,28/04/2026 19:59:17,92.50%,1800,2000,45,60,0.0,0,3,0,0,0,0,0,0,0,0,0,0,0,0,0,0,0,0,0,0,0,0,0,0,0,0,0,0,0,0.0,0.0,0.0,0.0,0.0
Reset,6,0,20,28/04/2026 19:58:01,100.00%,1750,800,45,120,0.0,0,0,0,0,0,0,0,0,0,0,0,0,0,0,0,0,0,0,0,0,0,0,0,0,0,0,0,0,0,0.0,0.0,0.0,0.0,0.0
Reset,5,0,20,28/04/2026 19:55:12,100.00%,1500,800,35,110,0.0,0,0,0,0,0,0,0,0,0,0,0,0,0,0,0,0,0,0,0,0,0,0,0,0,0,0,0,0,0,0.0,0.0,0.0,0.0,0.0
Reset,5,0,20,28/04/2026 19:55:04,100.00%,1500,800,35,110,0.0,0,0,0,0,0,0,0,0,0,0,0,0,0,0,0,0,0,0,0,0,0,0,0,0,0,0,0,0,0,0.0,0.0,0.0,0.0,0.0
Reset,7,0,20,28/04/2026 19:52:35,100.00%,1420,800,35,120,0.0,0,0,0,0,0,0,0,0,0,0,0,0,0,0,0,0,0,0,0,0,0,0,0,0,0,0,0,0,0,0.0,0.0,0.0,0.0,0.0
P10,134,3,40,28/04/2026 19:48:26,92.50%,2000,1880,45,50,2.0,0,1,0,0,0,0,0,0,0,0,0,0,0,0,0,0,0,0,0,0,0,0,0,0,0,0,0,0,0,0.0,0.0,0.0,0.0,0.0
P10,136,2,40,28/04/2026 19:46:48,95.00%,1950,2000,45,50,0.0,0,2,0,0,0,0,0,0,0,0,0,0,0,0,0,0,0,0,0,0,0,0,0,0,0,0,0,0,0,0.0,0.0,0.0,0.0,0.0
P10,135,2,40,28/04/2026 19:44:07,95.00%,1950,2000,45,50,0.0,0,2,0,0,0,0,0,0,0,0,0,0,0,0,0,0,0,0,0,0,0,0,0,0,0,0,0,0,0,0.0,0.0,0.0,0.0,0.0
P10,133,1,40,28/04/2026 19:42:46,97.50%,1950,2000,45,50,0.0,0,1,0,0,0,0,0,0,0,0,0,0,0,0,0,0,0,0,0,0,0,0,0,0,0,0,0,0,0,0.0,0.0,0.0,0.0,0.0
Reset,10,0,20,28/04/2026 19:38:21,100.00%,1550,800,35,120,0.0,0,0,0,0,0,0,0,0,0,0,0,0,0,0,0,0,0,0,0,0,0,0,0,0,0,0,0,0,0,0.0,0.0,0.0,0.0,0.0
Reset,3,0,20,28/04/2026 19:36:11,100.00%,1500,800,35,90,0.0,0,0,0,0,0,0,0,0,0,0,0,0,0,0,0,0,0,0,0,0,0,0,0,0,0,0,0,0,0,0.0,0.0,0.0,0.0,0.0
P10,132,2,40,28/04/2026 19:33:01,95.00%,1950,2000,45,50,0.0,0,2,0,0,0,0,0,0,0,0,0,0,0,0,0,0,0,0,0,0,0,0,0,0,0,0,0,0,0,0.0,0.0,0.0,0.0,0.0
P10,131,3,40,28/04/2026 19:28:48,92.50%,1800,2000,45,60,2.0,0,1,0,0,0,0,0,0,0,0,0,0,0,0,0,0,0,0,0,0,0,0,0,0,0,0,0,0,0,0.0,0.0,0.0,0.0,0.0
P10,134,2,40,28/04/2026 19:17:12,95.00%,2000,1880,45,50,0.0,0,2,0,0,0,0,0,0,0,0,0,0,0,0,0,0,0,0,0,0,0,0,0,0,0,0,0,0,0,0.0,0.0,0.0,0.0,0.0
P10,136,2,40,28/04/2026 19:11:07,95.00%,1950,2000,45,50,0.0,0,2,0,0,0,0,0,0,0,0,0,0,0,0,0,0,0,0,0,0,0,0,0,0,0,0,0,0,0,0.0,0.0,0.0,0.0,0.0
Reset,5,0,20,28/04/2026 19:06:55,100.00%,1500,800,35,110,0.0,0,0,0,0,0,0,0,0,0,0,0,0,0,0,0,0,0,0,0,0,0,0,0,0,0,0,0,0,0,0.0,0.0,0.0,0.0,0.0
Reset,6,0,20,28/04/2026 19:04:45,100.00%,1750,800,45,120,0.0,0,0,0,0,0,0,0,0,0,0,0,0,0,0,0,0,0,0,0,0,0,0,0,0,0,0,0,0,0,0.0,0.0,0.0,0.0,0.0
Reset,10,0,20,28/04/2026 19:02:48,100.00%,1550,800,35,120,0.0,0,0,0,0,0,0,0,0,0,0,0,0,0,0,0,0,0,0,0,0,0,0,0,0,0,0,0,0,0,0.0,0.0,0.0,0.0,0.0
P10,133,2,40,28/04/2026 18:06:01,95.00%,1950,2000,45,50,0.0,0,2,0,0,0,0,0,0,0,0,0,0,0,0,0,0,0,0,0,0,0,0,0,0,0,0,0,0,0,0.0,0.0,0.0,0.0,0.0
P10,135,1,40,28/04/2026 18:04:56,97.50%,1950,2000,45,50,0.0,0,1,0,0,0,0,0,0,0,0,0,0,0,0,0,0,0,0,0,0,0,0,0,0,0,0,0,0,0,0.0,0.0,0.0,0.0,0.0
P10,131,2,40,28/04/2026 18:00:37,95.00%,1800,2000,45,60,0.0,0,2,0,0,0,0,0,0,0,0,0,0,0,0,0,0,0,0,0,0,0,0,0,0,0,0,0,0,0,0.0,0.0,0.0,0.0,0.0
P10,132,4,40,28/04/2026 17:53:06,90.00%,1950,2000,45,50,0.0,0,2,0,0,0,0,0,0,0,0,0,0,0,2,0,0,0,0,0,0,0,0,0,0,0,0,0,0,0,0.0,0.0,0.0,0.0,0.0
P10,134,4,40,28/04/2026 17:45:57,90.00%,2000,1880,45,50,3.0,0,1,0,0,0,0,0,0,0,0,0,0,0,0,0,0,0,0,0,0,0,0,0,0,0,0,0,0,0,0.0,0.0,0.0,0.0,0.0
P10,136,5,40,28/04/2026 17:44:47,87.50%,1950,2000,45,50,0.0,0,4,0,0,0,0,0,0,0,0,0,0,0,1,0,0,0,0,0,0,0,0,0,0,0,0,0,0,0,0.0,0.0,0.0,0.0,0.0
Reset,5,0,20,28/04/2026 17:43:21,100.00%,1500,800,35,110,0.0,0,0,0,0,0,0,0,0,0,0,0,0,0,0,0,0,0,0,0,0,0,0,0,0,0,0,0,0,0,0.0,0.0,0.0,0.0,0.0
Reset,2,0,20,28/04/2026 17:43:05,100.00%,1750,800,45,110,0.0,0,0,0,0,0,0,0,0,0,0,0,0,0,0,0,0,0,0,0,0,0,0,0,0,0,0,0,0,0,0.0,0.0,0.0,0.0,0.0
Reset,7,0,20,28/04/2026 17:39:23,100.00%,1420,800,35,120,0.0,0,0,0,0,0,0,0,0,0,0,0,0,0,0,0,0,0,0,0,0,0,0,0,0,0,0,0,0,0,0.0,0.0,0.0,0.0,0.0
Reset,6,0,20,28/04/2026 17:36:46,100.00%,1750,800,45,120,0.0,0,0,0,0,0,0,0,0,0,0,0,0,0,0,0,0,0,0,0,0,0,0,0,0,0,0,0,0,0,0.0,0.0,0.0,0.0,0.0
Reset,10,0,20,28/04/2026 17:34:31,100.00%,1550,800,35,120,0.0,0,0,0,0,0,0,0,0,0,0,0,0,0,0,0,0,0,0,0,0,0,0,0,0,0,0,0,0,0,0.0,0.0,0.0,0.0,0.0
P10,133,4,40,28/04/2026 17:31:18,90.00%,1950,2000,45,50,0.0,0,4,0,0,0,0,0,0,0,0,0,0,0,0,0,0,0,0,0,0,0,0,0,0,0,0,0,0,0,0.0,0.0,0.0,0.0,0.0
P10,134,5,40,28/04/2026 16:53:37,87.50%,2000,1880,45,50,1.0,0,4,0,0,0,0,0,0,0,0,0,0,0,0,0,0,0,0,0,0,0,0,0,0,0,0,0,0,0,0.0,0.0,0.0,0.0,0.0
P10,136,3,40,28/04/2026 16:52:34,92.50%,1950,2000,45,50,0.0,0,1,0,0,0,0,0,0,0,0,0,0,0,2,0,0,0,0,0,0,0,0,0,0,0,0,0,0,0,0.0,0.0,0.0,0.0,0.0
Reset,5,6,20,28/04/2026 16:51:14,70.00%,1500,800,35,110,3.0,0,0,0,0,0,0,0,0,0,0,0,0,0,2,0,0,1,0,0,0,0,0,0,0,0,0,0,0,0,0.0,0.0,0.0,0.0,0.0
P10,131,0,40,28/04/2026 16:46:07,100.00%,1800,2000,45,60,0.0,0,0,0,0,0,0,0,0,0,0,0,0,0,0,0,0,0,0,0,0,0,0,0,0,0,0,0,0,0,0.0,0.0,0.0,0.0,0.0
P10,133,2,40,28/04/2026 16:43:05,95.00%,1950,2000,45,50,0.0,0,2,0,0,0,0,0,0,0,0,0,0,0,0,0,0,0,0,0,0,0,0,0,0,0,0,0,0,0,0.0,0.0,0.0,0.0,0.0
P10,132,3,40,28/04/2026 16:37:08,92.50%,1950,2000,45,50,0.0,0,3,0,0,0,0,0,0,0,0,0,0,0,0,0,0,0,0,0,0,0,0,0,0,0,0,0,0,0,0.0,0.0,0.0,0.0,0.0
P10,135,3,40,28/04/2026 16:32:13,92.50%,1950,2000,45,50,0.0,0,2,0,0,0,0,0,0,0,0,0,0,0,1,0,0,0,0,0,0,0,0,0,0,0,0,0,0,0,0.0,0.0,0.0,0.0,0.0
P10,134,4,40,28/04/2026 16:30:40,90.00%,2000,1880,45,50,0.0,0,4,0,0,0,0,0,0,0,0,0,0,0,0,0,0,0,0,0,0,0,0,0,0,0,0,0,0,0,0.0,0.0,0.0,0.0,0.0
Reset,6,0,20,28/04/2026 16:26:43,100.00%,1750,800,45,120,0.0,0,0,0,0,0,0,0,0,0,0,0,0,0,0,0,0,0,0,0,0,0,0,0,0,0,0,0,0,0,0.0,0.0,0.0,0.0,0.0
P10,136,4,40,28/04/2026 16:19:14,90.00%,1950,2000,45,50,0.0,0,4,0,0,0,0,0,0,0,0,0,0,0,0,0,0,0,0,0,0,0,0,0,0,0,0,0,0,0,0.0,0.0,0.0,0.0,0.0
Reset,10,0,20,28/04/2026 16:14:45,100.00%,1550,800,35,120,0.0,0,0,0,0,0,0,0,0,0,0,0,0,0,0,0,0,0,0,0,0,0,0,0,0,0,0,0,0,0,0.0,0.0,0.0,0.0,0.0
Reset,3,0,20,28/04/2026 16:02:48,100.00%,1500,800,35,90,0.0,0,0,0,0,0,0,0,0,0,0,0,0,0,0,0,0,0,0,0,0,0,0,0,0,0,0,0,0,0,0.0,0.0,0.0,0.0,0.0
Reset,2,0,20,28/04/2026 15:52:47,100.00%,1750,800,45,110,0.0,0,0,0,0,0,0,0,0,0,0,0,0,0,0,0,0,0,0,0,0,0,0,0,0,0,0,0,0,0,0.0,0.0,0.0,0.0,0.0
Reset,3,0,20,28/04/2026 15:41:23,100.00%,1500,800,35,90,0.0,0,0,0,0,0,0,0,0,0,0,0,0,0,0,0,0,0,0,0,0,0,0,0,0,0,0,0,0,0,0.0,0.0,0.0,0.0,0.0
Reset,6,0,20,28/04/2026 15:39:04,100.00%,1750,800,45,120,0.0,0,0,0,0,0,0,0,0,0,0,0,0,0,0,0,0,0,0,0,0,0,0,0,0,0,0,0,0,0,0.0,0.0,0.0,0.0,0.0
Reset,7,0,20,28/04/2026 15:31:27,100.00%,1420,800,35,120,0.0,0,0,0,0,0,0,0,0,0,0,0,0,0,0,0,0,0,0,0,0,0,0,0,0,0,0,0,0,0,0.0,0.0,0.0,0.0,0.0
Reset,10,0,20,28/04/2026 15:29:03,100.00%,1550,800,35,120,0.0,0,0,0,0,0,0,0,0,0,0,0,0,0,0,0,0,0,0,0,0,0,0,0,0,0,0,0,0,0,0.0,0.0,0.0,0.0,0.0
Reset,3,0,20,28/04/2026 15:27:09,100.00%,1500,800,35,90,0.0,0,0,0,0,0,0,0,0,0,0,0,0,0,0,0,0,0,0,0,0,0,0,0,0,0,0,0,0,0,0.0,0.0,0.0,0.0,0.0
P10,131,4,40,28/04/2026 14:05:47,90.00%,1800,2000,45,60,3.0,0,1,0,0,0,0,0,0,0,0,0,0,0,0,0,0,0,0,0,0,0,0,0,0,0,0,0,0,0,0.0,0.0,0.0,0.0,0.0
P10,136,1,40,28/04/2026 14:05:01,97.50%,1950,2000,45,50,0.0,0,1,0,0,0,0,0,0,0,0,0,0,0,0,0,0,0,0,0,0,0,0,0,0,0,0,0,0,0,0.0,0.0,0.0,0.0,0.0
P10,132,3,40,28/04/2026 14:01:34,92.50%,1950,2000,45,50,0.0,0,3,0,0,0,0,0,0,0,0,0,0,0,0,0,0,0,0,0,0,0,0,0,0,0,0,0,0,0,0.0,0.0,0.0,0.0,0.0
P10,133,2,40,28/04/2026 13:58:30,95.00%,1950,2000,45,50,0.0,0,2,0,0,0,0,0,0,0,0,0,0,0,0,0,0,0,0,0,0,0,0,0,0,0,0,0,0,0,0.0,0.0,0.0,0.0,0.0
P10,135,3,40,28/04/2026 13:57:00,92.50%,1950,2000,45,50,0.0,0,3,0,0,0,0,0,0,0,0,0,0,0,0,0,0,0,0,0,0,0,0,0,0,0,0,0,0,0,0.0,0.0,0.0,0.0,0.0
P10,134,1,40,28/04/2026 13:52:57,97.50%,2000,1880,45,50,0.0,0,1,0,0,0,0,0,0,0,0,0,0,0,0,0,0,0,0,0,0,0,0,0,0,0,0,0,0,0,0.0,0.0,0.0,0.0,0.0
Reset,55,1,15,28/04/2026 13:51:28,93.33%,1600,1600,45,95,1.0,0,0,0,0,0,0,0,0,0,0,0,0,0,0,0,0,0,0,0,0,0,0,0,0,0,0,0,0,0,0.0,0.0,0.0,0.0,0.0
Reset,40,0,15,28/04/2026 13:49:48,100.00%,1600,1650,45,95,0.0,0,0,0,0,0,0,0,0,0,0,0,0,0,0,0,0,0,0,0,0,0,0,0,0,0,0,0,0,0,0.0,0.0,0.0,0.0,0.0
0,34,0,0,28/04/2026 13:48:28,0,0,0,0,0,0.0,0,0,0,0,0,0,0,0,0,0,0,0,0,0,0,0,0,0,0,0,0,0,0,0,0,0,0,0,0,0.0,0.0,0.0,0.0,0.0
Reset,3,1,20,28/04/2026 13:27:38,95.00%,1500,800,35,90,0.0,0,0,0,0,0,0,0,0,0,0,0,0,0,0,0,0,0,0,0,0,0,1,0,0,0,0,0,0,0,0.0,0.0,0.0,0.0,0.0
Reset,53,0,15,28/04/2026 13:25:37,100.00%,1600,1600,45,95,0.0,0,0,0,0,0,0,0,0,0,0,0,0,0,0,0,0,0,0,0,0,0,0,0,0,0,0,0,0,0,0.0,0.0,0.0,0.0,0.0
Reset,5,1,20,28/04/2026 13:22:12,95.00%,1500,800,35,110,0.0,0,0,0,0,0,0,0,0,0,0,0,0,0,0,0,0,0,0,0,0,0,1,0,0,0,0,0,0,0,0.0,0.0,0.0,0.0,0.0
Reset,6,0,20,28/04/2026 13:13:19,100.00%,1750,800,45,120,0.0,0,0,0,0,0,0,0,0,0,0,0,0,0,0,0,0,0,0,0,0,0,0,0,0,0,0,0,0,0,0.0,0.0,0.0,0.0,0.0
Reset,40,6,15,28/04/2026 13:11:40,60.00%,1600,1650,45,95,6.0,0,0,0,0,0,0,0,0,0,0,0,0,0,0,0,0,0,0,0,0,0,0,0,0,0,0,0,0,0,0.0,0.0,0.0,0.0,0.0
Reset,8,3,20,28/04/2026 13:08:18,85.00%,1500,800,35,120,3.0,0,0,0,0,0,0,0,0,0,0,0,0,0,0,0,0,0,0,0,0,0,0,0,0,0,0,0,0,0,0.0,0.0,0.0,0.0,0.0
P10,132,2,40,28/04/2026 13:05:21,95.00%,1950,2000,45,50,0.0,0,2,0,0,0,0,0,0,0,0,0,0,0,0,0,0,0,0,0,0,0,0,0,0,0,0,0,0,0,0.0,0.0,0.0,0.0,0.0
P10,136,7,40,28/04/2026 13:04:30,82.50%,1950,2000,45,50,1.0,0,5,0,0,0,0,0,0,0,0,0,0,1,0,0,0,0,0,0,0,0,0,0,0,0,0,0,0,0,0.0,0.0,0.0,0.0,0.0
P10,134,5,40,28/04/2026 13:02:34,87.50%,2000,1880,45,50,2.0,0,3,0,0,0,0,0,0,0,0,0,0,0,0,0,0,0,0,0,0,0,0,0,0,0,0,0,0,0,0.0,0.0,0.0,0.0,0.0
P10,133,6,40,28/04/2026 13:01:16,85.00%,1950,2000,45,50,0.0,0,6,0,0,0,0,0,0,0,0,0,0,0,0,0,0,0,0,0,0,0,0,0,0,0,0,0,0,0,0.0,0.0,0.0,0.0,0.0
P10,135,0,40,28/04/2026 13:00:30,100.00%,1950,2000,45,50,0.0,0,0,0,0,0,0,0,0,0,0,0,0,0,0,0,0,0,0,0,0,0,0,0,0,0,0,0,0,0,0.0,0.0,0.0,0.0,0.0
Reset,2,0,20,28/04/2026 12:59:05,100.00%,1750,800,45,110,0.0,0,0,0,0,0,0,0,0,0,0,0,0,0,0,0,0,0,0,0,0,0,0,0,0,0,0,0,0,0,0.0,0.0,0.0,0.0,0.0
Reset,55,1,15,28/04/2026 12:52:10,93.33%,1600,1600,45,95,0.0,0,1,0,0,0,0,0,0,0,0,0,0,0,0,0,0,0,0,0,0,0,0,0,0,0,0,0,0,0,0.0,0.0,0.0,0.0,0.0
P10,136,40,40,28/04/2026 12:34:47,0,1950,2000,45,50,40.0,0,0,0,0,0,0,0,0,0,0,0,0,0,0,0,0,0,0,0,0,0,0,0,0,0,0,0,0,0,0.0,0.0,0.0,0.0,0.0
P10,131,40,40,28/04/2026 12:34:39,0,1800,2000,45,60,40.0,0,0,0,0,0,0,0,0,0,0,0,0,0,0,0,0,0,0,0,0,0,0,0,0,0,0,0,0,0,0.0,0.0,0.0,0.0,0.0
Reset,10,5,20,28/04/2026 12:30:21,75.00%,1550,800,35,120,0.0,0,0,0,0,0,0,0,0,0,0,0,0,0,0,0,0,0,0,0,0,0,5,0,0,0,0,0,0,0,0.0,0.0,0.0,0.0,0.0
Reset,6,2,20,28/04/2026 12:28:30,90.00%,1750,800,45,120,0.0,0,0,0,0,0,0,0,0,0,0,0,0,0,0,0,0,0,0,0,0,0,2,0,0,0,0,0,0,0,0.0,0.0,0.0,0.0,0.0
Reset,3,0,20,28/04/2026 12:28:23,100.00%,1500,800,35,90,0.0,0,0,0,0,0,0,0,0,0,0,0,0,0,0,0,0,0,0,0,0,0,0,0,0,0,0,0,0,0,0.0,0.0,0.0,0.0,0.0
Reset,37,2,15,28/04/2026 12:22:17,86.67%,1620,1650,45,95,0.0,0,2,0,0,0,0,0,0,0,0,0,0,0,0,0,0,0,0,0,0,0,0,0,0,0,0,0,0,0,0.0,0.0,0.0,0.0,0.0
Reset,7,0,20,28/04/2026 12:18:33,100.00%,1420,800,35,120,0.0,0,0,0,0,0,0,0,0,0,0,0,0,0,0,0,0,0,0,0,0,0,0,0,0,0,0,0,0,0,0.0,0.0,0.0,0.0,0.0
P10,132,7,40,28/04/2026 12:10:40,82.50%,1950,2000,45,50,0.0,0,7,0,0,0,0,0,0,0,0,0,0,0,0,0,0,0,0,0,0,0,0,0,0,0,0,0,0,0,0.0,0.0,0.0,0.0,0.0
P10,136,4,40,28/04/2026 11:09:28,90.00%,1950,2000,45,50,0.0,0,4,0,0,0,0,0,0,0,0,0,0,0,0,0,0,0,0,0,0,0,0,0,0,0,0,0,0,0,0.0,0.0,0.0,0.0,0.0
P10,135,0,40,28/04/2026 11:06:39,100.00%,1950,2000,45,50,0.0,0,0,0,0,0,0,0,0,0,0,0,0,0,0,0,0,0,0,0,0,0,0,0,0,0,0,0,0,0,0.0,0.0,0.0,0.0,0.0
P10,134,7,40,28/04/2026 11:04:31,82.50%,2000,1880,45,50,0.0,0,7,0,0,0,0,0,0,0,0,0,0,0,0,0,0,0,0,0,0,0,0,0,0,0,0,0,0,0,0.0,0.0,0.0,0.0,0.0
P10,133,2,40,28/04/2026 11:03:03,95.00%,1950,2000,45,50,0.0,0,2,0,0,0,0,0,0,0,0,0,0,0,0,0,0,0,0,0,0,0,0,0,0,0,0,0,0,0,0.0,0.0,0.0,0.0,0.0
Reset,39,1,15,28/04/2026 11:00:01,93.33%,1600,1650,50,95,1.0,0,0,0,0,0,0,0,0,0,0,0,0,0,0,0,0,0,0,0,0,0,0,0,0,0,0,0,0,0,0.0,0.0,0.0,0.0,0.0
Reset,53,0,15,28/04/2026 10:55:47,100.00%,1600,1600,45,95,0.0,0,0,0,0,0,0,0,0,0,0,0,0,0,0,0,0,0,0,0,0,0,0,0,0,0,0,0,0,0,0.0,0.0,0.0,0.0,0.0
P10,131,3,40,28/04/2026 10:41:09,92.50%,1800,2000,45,60,2.0,0,1,0,0,0,0,0,0,0,0,0,0,0,0,0,0,0,0,0,0,0,0,0,0,0,0,0,0,0,0.0,0.0,0.0,0.0,0.0
Reset,2,0,20,28/04/2026 10:39:41,100.00%,1750,800,45,110,0.0,0,0,0,0,0,0,0,0,0,0,0,0,0,0,0,0,0,0,0,0,0,0,0,0,0,0,0,0,0,0.0,0.0,0.0,0.0,0.0
Reset,37,0,15,28/04/2026 10:36:59,100.00%,1620,1650,45,95,0.0,0,0,0,0,0,0,0,0,0,0,0,0,0,0,0,0,0,0,0,0,0,0,0,0,0,0,0,0,0,0.0,0.0,0.0,0.0,0.0
P10,134,7,40,28/04/2026 10:16:44,82.50%,2000,1880,45,50,0.0,0,7,0,0,0,0,0,0,0,0,0,0,0,0,0,0,0,0,0,0,0,0,0,0,0,0,0,0,0,0.0,0.0,0.0,0.0,0.0
Reset,55,2,15,28/04/2026 10:15:26,86.67%,1600,1600,45,95,1.0,0,1,0,0,0,0,0,0,0,0,0,0,0,0,0,0,0,0,0,0,0,0,0,0,0,0,0,0,0,0.0,0.0,0.0,0.0,0.0
Reset,5,0,20,28/04/2026 10:10:46,100.00%,1500,800,35,110,0.0,0,0,0,0,0,0,0,0,0,0,0,0,0,0,0,0,0,0,0,0,0,0,0,0,0,0,0,0,0,0.0,0.0,0.0,0.0,0.0
Reset,6,0,20,28/04/2026 10:08:27,100.00%,1750,800,45,120,0.0,0,0,0,0,0,0,0,0,0,0,0,0,0,0,0,0,0,0,0,0,0,0,0,0,0,0,0,0,0,0.0,0.0,0.0,0.0,0.0
Reset,40,2,15,28/04/2026 10:06:13,86.67%,1600,1650,45,95,0.0,0,2,0,0,0,0,0,0,0,0,0,0,0,0,0,0,0,0,0,0,0,0,0,0,0,0,0,0,0,0.0,0.0,0.0,0.0,0.0
P10,136,2,40,28/04/2026 09:51:58,95.00%,1950,2000,45,50,0.0,0,2,0,0,0,0,0,0,0,0,0,0,0,0,0,0,0,0,0,0,0,0,0,0,0,0,0,0,0,0.0,0.0,0.0,0.0,0.0
P10,135,4,40,28/04/2026 09:50:58,90.00%,1950,2000,45,50,1.0,0,3,0,0,0,0,0,0,0,0,0,0,0,0,0,0,0,0,0,0,0,0,0,0,0,0,0,0,0,0.0,0.0,0.0,0.0,0.0
P10,133,3,40,28/04/2026 09:48:23,92.50%,1950,2000,45,50,0.0,0,3,0,0,0,0,0,0,0,0,0,0,0,0,0,0,0,0,0,0,0,0,0,0,0,0,0,0,0,0.0,0.0,0.0,0.0,0.0
P10,131,5,40,28/04/2026 09:46:20,87.50%,1800,2000,45,60,1.0,0,4,0,0,0,0,0,0,0,0,0,0,0,0,0,0,0,0,0,0,0,0,0,0,0,0,0,0,0,0.0,0.0,0.0,0.0,0.0
Reset,39,3,15,28/04/2026 09:44:39,80.00%,1600,1650,50,95,2.0,0,1,0,0,0,0,0,0,0,0,0,0,0,0,0,0,0,0,0,0,0,0,0,0,0,0,0,0,0,0.0,0.0,0.0,0.0,0.0
Reset,37,0,15,28/04/2026 09:42:31,100.00%,1620,1650,45,95,0.0,0,0,0,0,0,0,0,0,0,0,0,0,0,0,0,0,0,0,0,0,0,0,0,0,0,0,0,0,0,0.0,0.0,0.0,0.0,0.0
Reset,53,1,15,28/04/2026 09:41:09,93.33%,1600,1600,45,95,0.0,0,0,0,0,0,0,0,0,0,0,0,0,1,0,0,0,0,0,0,0,0,0,0,0,0,0,0,0,0,0.0,0.0,0.0,0.0,0.0
P10,132,2,40,28/04/2026 09:31:39,95.00%,1950,2000,45,50,0.0,0,2,0,0,0,0,0,0,0,0,0,0,0,0,0,0,0,0,0,0,0,0,0,0,0,0,0,0,0,0.0,0.0,0.0,0.0,0.0
P10,134,1,40,28/04/2026 09:20:53,97.50%,2000,1880,45,50,0.0,0,1,0,0,0,0,0,0,0,0,0,0,0,0,0,0,0,0,0,0,0,0,0,0,0,0,0,0,0,0.0,0.0,0.0,0.0,0.0
Reset,5,2,20,28/04/2026 09:19:20,90.00%,1500,800,35,110,0.0,0,0,0,0,0,0,0,0,0,0,0,0,0,0,0,0,0,0,0,0,0,2,0,0,0,0,0,0,0,0.0,0.0,0.0,0.0,0.0
Reset,8,3,20,28/04/2026 09:16:24,85.00%,1500,800,35,120,2.0,0,0,0,0,0,0,0,0,0,0,0,0,0,0,0,0,0,0,0,0,0,1,0,0,0,0,0,0,0,0.0,0.0,0.0,0.0,0.0
Reset,2,2,20,28/04/2026 09:12:35,90.00%,1750,800,45,110,0.0,0,0,0,0,0,0,0,0,0,0,0,0,0,0,0,0,0,0,0,0,0,2,0,0,0,0,0,0,0,0.0,0.0,0.0,0.0,0.0
Reset,7,2,20,28/04/2026 09:09:15,90.00%,1420,800,35,120,0.0,0,0,0,0,0,0,0,0,0,0,0,0,0,0,0,0,0,0,0,0,0,2,0,0,0,0,0,0,0,0.0,0.0,0.0,0.0,0.0
Reset,55,0,15,28/04/2026 09:06:52,100.00%,1600,1600,45,95,0.0,0,0,0,0,0,0,0,0,0,0,0,0,0,0,0,0,0,0,0,0,0,0,0,0,0,0,0,0,0,0.0,0.0,0.0,0.0,0.0
Reset,54,0,15,28/04/2026 08:56:36,100.00%,1600,1600,45,95,0.0,0,0,0,0,0,0,0,0,0,0,0,0,0,0,0,0,0,0,0,0,0,0,0,0,0,0,0,0,0,0.0,0.0,0.0,0.0,0.0
Reset,6,0,20,28/04/2026 08:52:59,100.00%,1750,800,45,120,0.0,0,0,0,0,0,0,0,0,0,0,0,0,0,0,0,0,0,0,0,0,0,0,0,0,0,0,0,0,0,0.0,0.0,0.0,0.0,0.0
Reset,5,2,20,28/04/2026 08:51:09,90.00%,1500,800,35,110,0.0,0,0,0,0,0,0,0,0,0,0,0,0,0,0,0,0,0,0,0,0,0,2,0,0,0,0,0,0,0,0.0,0.0,0.0,0.0,0.0
Reset,40,0,15,28/04/2026 08:50:54,100.00%,1600,1650,45,95,0.0,0,0,0,0,0,0,0,0,0,0,0,0,0,0,0,0,0,0,0,0,0,0,0,0,0,0,0,0,0,0.0,0.0,0.0,0.0,0.0
Reset,5,1,20,28/04/2026 08:48:32,95.00%,1500,800,35,110,0.0,0,0,0,0,0,0,0,0,0,0,0,0,0,0,0,0,0,0,0,0,0,1,0,0,0,0,0,0,0,0.0,0.0,0.0,0.0,0.0
Reset,3,0,20,28/04/2026 08:48:01,100.00%,1500,800,35,90,0.0,0,0,0,0,0,0,0,0,0,0,0,0,0,0,0,0,0,0,0,0,0,0,0,0,0,0,0,0,0,0.0,0.0,0.0,0.0,0.0
Reset,51,11,15,28/04/2026 08:45:30,26.67%,1600,1600,45,95,3.0,1,7,0,0,0,0,0,0,0,0,0,0,0,0,0,0,0,0,0,0,0,0,0,0,0,0,0,0,0,0.0,0.0,0.0,0.0,0.0
Reset,10,2,20,28/04/2026 08:44:54,90.00%,1550,800,35,120,0.0,0,0,0,0,0,0,0,0,0,0,0,0,0,0,0,0,0,0,0,0,0,2,0,0,0,0,0,0,0,0.0,0.0,0.0,0.0,0.0
Reset,2,2,20,28/04/2026 08:41:07,90.00%,1750,800,45,110,0.0,0,0,0,0,0,0,0,0,1,0,0,0,0,0,0,0,0,0,0,0,0,1,0,0,0,0,0,0,0,0.0,0.0,0.0,0.0,0.0
Reset,6,0,20,28/04/2026 08:40:15,100.00%,1750,800,45,120,0.0,0,0,0,0,0,0,0,0,0,0,0,0,0,0,0,0,0,0,0,0,0,0,0,0,0,0,0,0,0,0.0,0.0,0.0,0.0,0.0
Reset,8,5,20,28/04/2026 08:24:32,75.00%,1500,800,35,120,3.0,0,0,0,0,0,0,0,0,0,0,0,0,0,0,0,0,0,0,0,0,0,2,0,0,0,0,0,0,0,0.0,0.0,0.0,0.0,0.0
Reset,5,1,20,28/04/2026 08:21:28,95.00%,1500,800,35,110,0.0,0,0,0,0,0,0,0,0,1,0,0,0,0,0,0,0,0,0,0,0,0,0,0,0,0,0,0,0,0,0.0,0.0,0.0,0.0,0.0
Reset,7,0,20,28/04/2026 08:20:33,100.00%,1420,800,35,120,0.0,0,0,0,0,0,0,0,0,0,0,0,0,0,0,0,0,0,0,0,0,0,0,0,0,0,0,0,0,0,0.0,0.0,0.0,0.0,0.0
Reset,37,0,15,28/04/2026 08:20:31,100.00%,1620,1650,45,95,0.0,0,0,0,0,0,0,0,0,0,0,0,0,0,0,0,0,0,0,0,0,0,0,0,0,0,0,0,0,0,0.0,0.0,0.0,0.0,0.0
Reset,6,2,20,28/04/2026 08:19:15,90.00%,1750,800,45,120,0.0,0,0,0,0,0,0,0,0,0,0,0,0,0,0,0,0,0,0,0,0,0,2,0,0,0,0,0,0,0,0.0,0.0,0.0,0.0,0.0
Reset,36,0,15,28/04/2026 08:09:23,100.00%,1600,1650,45,95,0.0,0,0,0,0,0,0,0,0,0,0,0,0,0,0,0,0,0,0,0,0,0,0,0,0,0,0,0,0,0,0.0,0.0,0.0,0.0,0.0
Reset,36,7,15,28/04/2026 08:08:00,53.33%,1600,1650,45,95,0.0,0,2,0,0,0,0,0,0,1,0,0,0,0,0,0,0,0,0,0,0,0,0,0,4,0,0,0,0,0,0.0,0.0,0.0,0.0,0.0
Reset,53,2,15,28/04/2026 08:00:47,86.67%,1600,1600,45,95,0.0,0,0,0,0,0,0,0,0,0,0,0,0,0,0,0,0,0,0,0,0,0,0,0,2,0,0,0,0,0,0.0,0.0,0.0,0.0,0.0
Reset,55,1,15,28/04/2026 07:56:08,93.33%,1600,1600,45,95,0.0,0,1,0,0,0,0,0,0,0,0,0,0,0,0,0,0,0,0,0,0,0,0,0,0,0,0,0,0,0,0.0,0.0,0.0,0.0,0.0
Reset,54,0,15,28/04/2026 07:30:03,100.00%,1600,1600,45,95,0.0,0,0,0,0,0,0,0,0,0,0,0,0,0,0,0,0,0,0,0,0,0,0,0,0,0,0,0,0,0,0.0,0.0,0.0,0.0,0.0
Reset,7,2,20,28/04/2026 07:29:18,90.00%,1420,800,35,120,0.0,0,0,0,0,0,0,0,0,0,0,0,0,0,0,0,0,0,0,0,0,0,2,0,0,0,0,0,0,0,0.0,0.0,0.0,0.0,0.0
Reset,3,3,20,28/04/2026 07:27:36,85.00%,1500,800,35,90,2.0,0,0,0,0,0,0,0,0,0,0,0,0,0,0,0,0,0,0,0,0,0,1,0,0,0,0,0,0,0,0.0,0.0,0.0,0.0,0.0
Reset,39,2,15,28/04/2026 07:25:22,86.67%,1600,1650,50,95,0.0,0,2,0,0,0,0,0,0,0,0,0,0,0,0,0,0,0,0,0,0,0,0,0,0,0,0,0,0,0,0.0,0.0,0.0,0.0,0.0
Reset,37,1,15,28/04/2026 07:25:16,93.33%,1620,1650,45,95,0.0,0,1,0,0,0,0,0,0,0,0,0,0,0,0,0,0,0,0,0,0,0,0,0,0,0,0,0,0,0,0.0,0.0,0.0,0.0,0.0
Reset,3,1,20,28/04/2026 07:22:02,95.00%,1500,800,35,90,0.0,0,0,0,0,0,0,0,0,0,0,0,0,0,0,0,0,0,0,0,0,0,1,0,0,0,0,0,0,0,0.0,0.0,0.0,0.0,0.0
Reset,5,2,20,28/04/2026 07:17:55,90.00%,1500,800,35,110,0.0,0,0,0,0,0,0,0,0,0,0,0,0,0,0,0,0,0,0,0,0,0,2,0,0,0,0,0,0,0,0.0,0.0,0.0,0.0,0.0
Reset,10,1,20,28/04/2026 07:14:51,95.00%,1550,800,35,120,0.0,0,0,0,0,0,0,0,0,0,0,0,0,0,0,0,0,0,0,0,0,0,1,0,0,0,0,0,0,0,0.0,0.0,0.0,0.0,0.0
Reset,51,10,15,28/04/2026 07:01:44,33.33%,1600,1600,45,95,4.0,0,6,0,0,0,0,0,0,0,0,0,0,0,0,0,0,0,0,0,0,0,0,0,0,0,0,0,0,0,0.0,0.0,0.0,0.0,0.0
Reset,6,0,20,28/04/2026 06:56:51,100.00%,1750,800,45,120,0.0,0,0,0,0,0,0,0,0,0,0,0,0,0,0,0,0,0,0,0,0,0,0,0,0,0,0,0,0,0,0.0,0.0,0.0,0.0,0.0
Reset,40,6,15,28/04/2026 06:56:36,60.00%,1600,1650,45,95,0.0,1,4,0,0,0,0,0,0,0,0,0,0,0,0,0,0,0,0,0,0,0,1,0,0,0,0,0,0,0,0.0,0.0,0.0,0.0,0.0
Reset,7,0,20,27/04/2026 23:16:03,100.00%,1420,800,35,120,0.0,0,0,0,0,0,0,0,0,0,0,0,0,0,0,0,0,0,0,0,0,0,0,0,0,0,0,0,0,0,0.0,0.0,0.0,0.0,0.0
Reset,37,0,15,27/04/2026 23:11:27,100.00%,1620,1650,45,95,0.0,0,0,0,0,0,0,0,0,0,0,0,0,0,0,0,0,0,0,0,0,0,0,0,0,0,0,0,0,0,0.0,0.0,0.0,0.0,0.0
Reset,54,0,15,27/04/2026 23:06:32,100.00%,1600,1600,45,95,0.0,0,0,0,0,0,0,0,0,0,0,0,0,0,0,0,0,0,0,0,0,0,0,0,0,0,0,0,0,0,0.0,0.0,0.0,0.0,0.0
Reset,39,0,15,27/04/2026 22:53:57,100.00%,1600,1650,50,95,0.0,0,0,0,0,0,0,0,0,0,0,0,0,0,0,0,0,0,0,0,0,0,0,0,0,0,0,0,0,0,0.0,0.0,0.0,0.0,0.0
Reset,53,0,15,27/04/2026 22:50:19,100.00%,1600,1600,45,95,0.0,0,0,0,0,0,0,0,0,0,0,0,0,0,0,0,0,0,0,0,0,0,0,0,0,0,0,0,0,0,0.0,0.0,0.0,0.0,0.0
Reset,5,1,20,27/04/2026 22:36:43,95.00%,1500,800,35,110,0.0,0,0,0,0,0,0,0,0,0,0,0,0,0,1,0,0,0,0,0,0,0,0,0,0,0,0,0,0,0,0.0,0.0,0.0,0.0,0.0
Reset,3,0,20,27/04/2026 22:32:54,100.00%,1500,800,35,90,0.0,0,0,0,0,0,0,0,0,0,0,0,0,0,0,0,0,0,0,0,0,0,0,0,0,0,0,0,0,0,0.0,0.0,0.0,0.0,0.0
Reset,2,0,20,27/04/2026 22:29:48,100.00%,1750,800,45,110,0.0,0,0,0,0,0,0,0,0,0,0,0,0,0,0,0,0,0,0,0,0,0,0,0,0,0,0,0,0,0,0.0,0.0,0.0,0.0,0.0
Reset,40,0,15,27/04/2026 22:20:10,100.00%,1600,1650,45,95,0.0,0,0,0,0,0,0,0,0,0,0,0,0,0,0,0,0,0,0,0,0,0,0,0,0,0,0,0,0,0,0.0,0.0,0.0,0.0,0.0
Reset,5,2,20,27/04/2026 22:17:54,90.00%,1500,800,35,110,0.0,0,0,0,0,0,0,0,0,0,0,0,0,0,0,0,0,2,0,0,0,0,0,0,0,0,0,0,0,0,0.0,0.0,0.0,0.0,0.0
Reset,37,2,15,27/04/2026 22:16:55,86.67%,1620,1650,45,95,0.0,0,2,0,0,0,0,0,0,0,0,0,0,0,0,0,0,0,0,0,0,0,0,0,0,0,0,0,0,0,0.0,0.0,0.0,0.0,0.0
Reset,51,6,15,27/04/2026 22:13:46,60.00%,1600,1600,45,95,3.0,0,3,0,0,0,0,0,0,0,0,0,0,0,0,0,0,0,0,0,0,0,0,0,0,0,0,0,0,0,0.0,0.0,0.0,0.0,0.0
Reset,54,2,15,27/04/2026 22:11:20,86.67%,1600,1600,45,95,0.0,0,2,0,0,0,0,0,0,0,0,0,0,0,0,0,0,0,0,0,0,0,0,0,0,0,0,0,0,0,0.0,0.0,0.0,0.0,0.0
Reset,10,0,20,27/04/2026 21:56:29,100.00%,1550,800,35,120,0.0,0,0,0,0,0,0,0,0,0,0,0,0,0,0,0,0,0,0,0,0,0,0,0,0,0,0,0,0,0,0.0,0.0,0.0,0.0,0.0
Reset,7,0,20,27/04/2026 21:53:00,100.00%,1420,800,35,120,0.0,0,0,0,0,0,0,0,0,0,0,0,0,0,0,0,0,0,0,0,0,0,0,0,0,0,0,0,0,0,0.0,0.0,0.0,0.0,0.0
Reset,5,0,20,27/04/2026 21:49:31,100.00%,1500,800,35,110,0.0,0,0,0,0,0,0,0,0,0,0,0,0,0,0,0,0,0,0,0,0,0,0,0,0,0,0,0,0,0,0.0,0.0,0.0,0.0,0.0
Reset,39,0,15,27/04/2026 21:45:54,100.00%,1600,1650,50,95,0.0,0,0,0,0,0,0,0,0,0,0,0,0,0,0,0,0,0,0,0,0,0,0,0,0,0,0,0,0,0,0.0,0.0,0.0,0.0,0.0
Reset,53,0,15,27/04/2026 21:41:40,100.00%,1600,1600,45,95,0.0,0,0,0,0,0,0,0,0,0,0,0,0,0,0,0,0,0,0,0,0,0,0,0,0,0,0,0,0,0,0.0,0.0,0.0,0.0,0.0
Reset,3,0,20,27/04/2026 21:39:29,100.00%,1500,800,35,90,0.0,0,0,0,0,0,0,0,0,0,0,0,0,0,0,0,0,0,0,0,0,0,0,0,0,0,0,0,0,0,0.0,0.0,0.0,0.0,0.0
Reset,10,2,20,27/04/2026 21:30:29,90.00%,1550,800,35,120,2.0,0,0,0,0,0,0,0,0,0,0,0,0,0,0,0,0,0,0,0,0,0,0,0,0,0,0,0,0,0,0.0,0.0,0.0,0.0,0.0
Reset,3,1,20,27/04/2026 21:24:39,95.00%,1500,800,35,90,0.0,0,0,0,0,0,0,0,0,0,0,0,0,0,0,0,0,0,0,0,0,0,1,0,0,0,0,0,0,0,0.0,0.0,0.0,0.0,0.0
Reset,40,3,15,27/04/2026 21:19:49,80.00%,1600,1650,45,95,0.0,0,3,0,0,0,0,0,0,0,0,0,0,0,0,0,0,0,0,0,0,0,0,0,0,0,0,0,0,0,0.0,0.0,0.0,0.0,0.0
Reset,37,0,15,27/04/2026 21:17:31,100.00%,1620,1650,45,95,0.0,0,0,0,0,0,0,0,0,0,0,0,0,0,0,0,0,0,0,0,0,0,0,0,0,0,0,0,0,0,0.0,0.0,0.0,0.0,0.0
P10,135,0,40,27/04/2026 21:11:50,100.00%,1950,2000,45,50,0.0,0,0,0,0,0,0,0,0,0,0,0,0,0,0,0,0,0,0,0,0,0,0,0,0,0,0,0,0,0,0.0,0.0,0.0,0.0,0.0
Reset,5,0,20,27/04/2026 21:07:45,100.00%,1500,800,35,110,0.0,0,0,0,0,0,0,0,0,0,0,0,0,0,0,0,0,0,0,0,0,0,0,0,0,0,0,0,0,0,0.0,0.0,0.0,0.0,0.0
Reset,2,0,20,27/04/2026 20:40:59,100.00%,1750,800,45,110,0.0,0,0,0,0,0,0,0,0,0,0,0,0,0,0,0,0,0,0,0,0,0,0,0,0,0,0,0,0,0,0.0,0.0,0.0,0.0,0.0
Reset,39,0,15,27/04/2026 20:38:14,100.00%,1600,1650,50,95,0.0,0,0,0,0,0,0,0,0,0,0,0,0,0,0,0,0,0,0,0,0,0,0,0,0,0,0,0,0,0,0.0,0.0,0.0,0.0,0.0
P10,131,0,40,27/04/2026 20:34:47,100.00%,1800,2000,45,60,0.0,0,0,0,0,0,0,0,0,0,0,0,0,0,0,0,0,0,0,0,0,0,0,0,0,0,0,0,0,0,0.0,0.0,0.0,0.0,0.0
Reset,40,0,15,27/04/2026 20:29:14,100.00%,1600,1650,45,95,0.0,0,0,0,0,0,0,0,0,0,0,0,0,0,0,0,0,0,0,0,0,0,0,0,0,0,0,0,0,0,0.0,0.0,0.0,0.0,0.0
Reset,7,0,20,27/04/2026 20:25:32,100.00%,1420,800,35,120,0.0,0,0,0,0,0,0,0,0,0,0,0,0,0,0,0,0,0,0,0,0,0,0,0,0,0,0,0,0,0,0.0,0.0,0.0,0.0,0.0
Reset,51,4,15,27/04/2026 20:21:28,73.33%,1600,1600,45,95,0.0,0,4,0,0,0,0,0,0,0,0,0,0,0,0,0,0,0,0,0,0,0,0,0,0,0,0,0,0,0,0.0,0.0,0.0,0.0,0.0
Reset,6,0,20,27/04/2026 20:19:08,100.00%,1750,800,45,120,0.0,0,0,0,0,0,0,0,0,0,0,0,0,0,0,0,0,0,0,0,0,0,0,0,0,0,0,0,0,0,0.0,0.0,0.0,0.0,0.0
Reset,10,0,20,27/04/2026 20:08:12,100.00%,1550,800,35,120,0.0,0,0,0,0,0,0,0,0,0,0,0,0,0,0,0,0,0,0,0,0,0,0,0,0,0,0,0,0,0,0.0,0.0,0.0,0.0,0.0
Reset,5,0,20,27/04/2026 20:04:36,100.00%,1500,800,35,110,0.0,0,0,0,0,0,0,0,0,0,0,0,0,0,0,0,0,0,0,0,0,0,0,0,0,0,0,0,0,0,0.0,0.0,0.0,0.0,0.0
Reset,54,2,15,27/04/2026 19:56:15,86.67%,1600,1600,45,95,0.0,0,2,0,0,0,0,0,0,0,0,0,0,0,0,0,0,0,0,0,0,0,0,0,0,0,0,0,0,0,0.0,0.0,0.0,0.0,0.0
Reset,40,0,15,27/04/2026 19:48:23,100.00%,1600,1650,45,95,0.0,0,0,0,0,0,0,0,0,0,0,0,0,0,0,0,0,0,0,0,0,0,0,0,0,0,0,0,0,0,0.0,0.0,0.0,0.0,0.0
P10,135,0,40,27/04/2026 19:41:35,100.00%,1950,2000,45,50,0.0,0,0,0,0,0,0,0,0,0,0,0,0,0,0,0,0,0,0,0,0,0,0,0,0,0,0,0,0,0,0.0,0.0,0.0,0.0,0.0
P10,133,0,40,27/04/2026 19:39:15,100.00%,1950,2000,45,50,0.0,0,0,0,0,0,0,0,0,0,0,0,0,0,0,0,0,0,0,0,0,0,0,0,0,0,0,0,0,0,0.0,0.0,0.0,0.0,0.0
P10,135,0,40,27/04/2026 19:36:01,100.00%,1950,2000,45,50,0.0,0,0,0,0,0,0,0,0,0,0,0,0,0,0,0,0,0,0,0,0,0,0,0,0,0,0,0,0,0,0.0,0.0,0.0,0.0,0.0
P10,134,0,40,27/04/2026 19:31:54,100.00%,2000,1880,45,50,0.0,0,0,0,0,0,0,0,0,0,0,0,0,0,0,0,0,0,0,0,0,0,0,0,0,0,0,0,0,0,0.0,0.0,0.0,0.0,0.0
P10,133,10,40,27/04/2026 19:17:13,75.00%,1950,2000,45,50,10.0,0,0,0,0,0,0,0,0,0,0,0,0,0,0,0,0,0,0,0,0,0,0,0,0,0,0,0,0,0,0.0,0.0,0.0,0.0,0.0
P10,136,0,40,27/04/2026 19:15:56,100.00%,1950,2000,45,50,0.0,0,0,0,0,0,0,0,0,0,0,0,0,0,0,0,0,0,0,0,0,0,0,0,0,0,0,0,0,0,0.0,0.0,0.0,0.0,0.0
Reset,53,0,15,27/04/2026 19:13:54,100.00%,1600,1600,45,95,0.0,0,0,0,0,0,0,0,0,0,0,0,0,0,0,0,0,0,0,0,0,0,0,0,0,0,0,0,0,0,0.0,0.0,0.0,0.0,0.0
Reset,55,0,15,27/04/2026 19:09:46,100.00%,1600,1600,45,95,0.0,0,0,0,0,0,0,0,0,0,0,0,0,0,0,0,0,0,0,0,0,0,0,0,0,0,0,0,0,0,0.0,0.0,0.0,0.0,0.0
Reset,40,3,15,27/04/2026 18:06:17,80.00%,1600,1650,45,95,0.0,0,3,0,0,0,0,0,0,0,0,0,0,0,0,0,0,0,0,0,0,0,0,0,0,0,0,0,0,0,0.0,0.0,0.0,0.0,0.0
Reset,54,0,15,27/04/2026 18:04:41,100.00%,1600,1600,45,95,0.0,0,0,0,0,0,0,0,0,0,0,0,0,0,0,0,0,0,0,0,0,0,0,0,0,0,0,0,0,0,0.0,0.0,0.0,0.0,0.0
Reset,3,0,20,27/04/2026 17:44:58,100.00%,1500,800,35,90,0.0,0,0,0,0,0,0,0,0,0,0,0,0,0,0,0,0,0,0,0,0,0,0,0,0,0,0,0,0,0,0.0,0.0,0.0,0.0,0.0
P10,131,0,40,27/04/2026 17:40:19,100.00%,1800,2000,45,60,0.0,0,0,0,0,0,0,0,0,0,0,0,0,0,0,0,0,0,0,0,0,0,0,0,0,0,0,0,0,0,0.0,0.0,0.0,0.0,0.0
Reset,39,0,15,27/04/2026 17:37:53,100.00%,1600,1650,50,95,0.0,0,0,0,0,0,0,0,0,0,0,0,0,0,0,0,0,0,0,0,0,0,0,0,0,0,0,0,0,0,0.0,0.0,0.0,0.0,0.0
P10,134,0,40,27/04/2026 17:31:13,100.00%,2000,1880,45,50,0.0,0,0,0,0,0,0,0,0,0,0,0,0,0,0,0,0,0,0,0,0,0,0,0,0,0,0,0,0,0,0.0,0.0,0.0,0.0,0.0
Reset,37,2,15,27/04/2026 17:28:07,86.67%,1620,1650,45,95,0.0,0,2,0,0,0,0,0,0,0,0,0,0,0,0,0,0,0,0,0,0,0,0,0,0,0,0,0,0,0,0.0,0.0,0.0,0.0,0.0
Reset,10,0,20,27/04/2026 17:24:13,100.00%,1550,800,35,120,0.0,0,0,0,0,0,0,0,0,0,0,0,0,0,0,0,0,0,0,0,0,0,0,0,0,0,0,0,0,0,0.0,0.0,0.0,0.0,0.0
Reset,53,0,15,27/04/2026 17:22:02,100.00%,1600,1600,45,95,0.0,0,0,0,0,0,0,0,0,0,0,0,0,0,0,0,0,0,0,0,0,0,0,0,0,0,0,0,0,0,0.0,0.0,0.0,0.0,0.0
ROTOZIP,57,0,30,27/04/2026 17:14:27,100.00%,1530,800,50,100,0.0,0,0,0,0,0,0,0,0,0,0,0,0,0,0,0,0,0,0,0,0,0,0,0,0,0,0,0,0,0,0.0,0.0,0.0,0.0,0.0
Reset,51,5,15,27/04/2026 17:10:46,66.67%,1600,1600,45,95,0.0,2,3,0,0,0,0,0,0,0,0,0,0,0,0,0,0,0,0,0,0,0,0,0,0,0,0,0,0,0,0.0,0.0,0.0,0.0,0.0
Reset,55,0,15,27/04/2026 17:04:01,100.00%,1600,1600,45,95,0.0,0,0,0,0,0,0,0,0,0,0,0,0,0,0,0,0,0,0,0,0,0,0,0,0,0,0,0,0,0,0.0,0.0,0.0,0.0,0.0
Reset,40,1,15,27/04/2026 16:59:11,93.33%,1600,1650,45,95,0.0,0,1,0,0,0,0,0,0,0,0,0,0,0,0,0,0,0,0,0,0,0,0,0,0,0,0,0,0,0,0.0,0.0,0.0,0.0,0.0
P10,136,0,40,27/04/2026 16:54:50,100.00%,1950,2000,45,50,0.0,0,0,0,0,0,0,0,0,0,0,0,0,0,0,0,0,0,0,0,0,0,0,0,0,0,0,0,0,0,0.0,0.0,0.0,0.0,0.0
P10,133,0,40,27/04/2026 16:50:32,100.00%,1950,2000,45,50,0.0,0,0,0,0,0,0,0,0,0,0,0,0,0,0,0,0,0,0,0,0,0,0,0,0,0,0,0,0,0,0.0,0.0,0.0,0.0,0.0
P10,135,0,40,27/04/2026 16:48:28,100.00%,1950,2000,45,50,0.0,0,0,0,0,0,0,0,0,0,0,0,0,0,0,0,0,0,0,0,0,0,0,0,0,0,0,0,0,0,0.0,0.0,0.0,0.0,0.0
P10,132,0,40,27/04/2026 16:40:28,100.00%,1950,2000,45,50,0.0,0,0,0,0,0,0,0,0,0,0,0,0,0,0,0,0,0,0,0,0,0,0,0,0,0,0,0,0,0,0.0,0.0,0.0,0.0,0.0
P10,131,1,40,27/04/2026 16:40:16,97.50%,1800,2000,45,60,1.0,0,0,0,0,0,0,0,0,0,0,0,0,0,0,0,0,0,0,0,0,0,0,0,0,0,0,0,0,0,0.0,0.0,0.0,0.0,0.0
0,31,1,0,27/04/2026 16:38:46,0,0,0,0,0,1.0,0,0,0,0,0,0,0,0,0,0,0,0,0,0,0,0,0,0,0,0,0,0,0,0,0,0,0,0,0,0.0,0.0,0.0,0.0,0.0
0,31,1,0,27/04/2026 16:38:14,0,0,0,0,0,1.0,0,0,0,0,0,0,0,0,0,0,0,0,0,0,0,0,0,0,0,0,0,0,0,0,0,0,0,0,0,0.0,0.0,0.0,0.0,0.0
Reset,5,0,20,27/04/2026 16:31:26,100.00%,1500,800,35,110,0.0,0,0,0,0,0,0,0,0,0,0,0,0,0,0,0,0,0,0,0,0,0,0,0,0,0,0,0,0,0,0.0,0.0,0.0,0.0,0.0
Reset,7,0,20,27/04/2026 16:28:44,100.00%,1420,800,35,120,0.0,0,0,0,0,0,0,0,0,0,0,0,0,0,0,0,0,0,0,0,0,0,0,0,0,0,0,0,0,0,0.0,0.0,0.0,0.0,0.0
ROTOZIP,56,0,30,27/04/2026 16:23:11,100.00%,1530,800,50,100,0.0,0,0,0,0,0,0,0,0,0,0,0,0,0,0,0,0,0,0,0,0,0,0,0,0,0,0,0,0,0,0.0,0.0,0.0,0.0,0.0
Reset,54,2,15,27/04/2026 16:18:19,86.67%,1600,1600,45,95,0.0,0,2,0,0,0,0,0,0,0,0,0,0,0,0,0,0,0,0,0,0,0,0,0,0,0,0,0,0,0,0.0,0.0,0.0,0.0,0.0
Reset,6,0,20,27/04/2026 16:10:48,100.00%,1750,800,45,120,0.0,0,0,0,0,0,0,0,0,0,0,0,0,0,0,0,0,0,0,0,0,0,0,0,0,0,0,0,0,0,0.0,0.0,0.0,0.0,0.0
Reset,3,2,20,27/04/2026 15:47:34,90.00%,1500,800,35,90,0.0,0,0,0,0,0,0,0,0,0,0,0,0,0,0,0,0,0,0,0,0,0,2,0,0,0,0,0,0,0,0.0,0.0,0.0,0.0,0.0
ROTOZIP,56,0,30,27/04/2026 15:45:31,100.00%,1530,800,50,100,0.0,0,0,0,0,0,0,0,0,0,0,0,0,0,0,0,0,0,0,0,0,0,0,0,0,0,0,0,0,0,0.0,0.0,0.0,0.0,0.0
ROTOZIP,56,0,30,27/04/2026 15:42:05,100.00%,1530,800,50,100,0.0,0,0,0,0,0,0,0,0,0,0,0,0,0,0,0,0,0,0,0,0,0,0,0,0,0,0,0,0,0,0.0,0.0,0.0,0.0,0.0
P10,136,0,40,27/04/2026 15:41:47,100.00%,1950,2000,45,50,0.0,0,0,0,0,0,0,0,0,0,0,0,0,0,0,0,0,0,0,0,0,0,0,0,0,0,0,0,0,0,0.0,0.0,0.0,0.0,0.0
P10,132,4,40,27/04/2026 15:40:41,90.00%,1950,2000,45,50,0.0,0,4,0,0,0,0,0,0,0,0,0,0,0,0,0,0,0,0,0,0,0,0,0,0,0,0,0,0,0,0.0,0.0,0.0,0.0,0.0
P10,133,9,40,27/04/2026 15:39:40,77.50%,1950,2000,45,50,0.0,0,9,0,0,0,0,0,0,0,0,0,0,0,0,0,0,0,0,0,0,0,0,0,0,0,0,0,0,0,0.0,0.0,0.0,0.0,0.0
P10,135,3,40,27/04/2026 15:38:32,92.50%,1950,2000,45,50,0.0,0,3,0,0,0,0,0,0,0,0,0,0,0,0,0,0,0,0,0,0,0,0,0,0,0,0,0,0,0,0.0,0.0,0.0,0.0,0.0
Reset,5,0,20,27/04/2026 15:33:45,100.00%,1500,800,35,110,0.0,0,0,0,0,0,0,0,0,0,0,0,0,0,0,0,0,0,0,0,0,0,0,0,0,0,0,0,0,0,0.0,0.0,0.0,0.0,0.0
Reset,6,1,20,27/04/2026 15:30:08,95.00%,1750,800,45,120,0.0,0,0,0,0,0,0,0,0,0,0,0,0,0,0,0,0,0,0,0,0,0,1,0,0,0,0,0,0,0,0.0,0.0,0.0,0.0,0.0
P10,131,5,40,27/04/2026 14:10:04,87.50%,1800,2000,45,60,0.0,4,1,0,0,0,0,0,0,0,0,0,0,0,0,0,0,0,0,0,0,0,0,0,0,0,0,0,0,0,0.0,0.0,0.0,0.0,0.0
P10,134,10,40,27/04/2026 14:08:31,75.00%,2000,1880,45,50,0.0,2,6,0,0,0,0,0,0,0,0,0,2,0,0,0,0,0,0,0,0,0,0,0,0,0,0,0,0,0,0.0,0.0,0.0,0.0,0.0
P10,136,3,40,27/04/2026 13:59:20,92.50%,1950,2000,45,50,0.0,0,3,0,0,0,0,0,0,0,0,0,0,0,0,0,0,0,0,0,0,0,0,0,0,0,0,0,0,0,0.0,0.0,0.0,0.0,0.0
P10,132,9,40,27/04/2026 13:53:37,77.50%,1950,2000,45,50,0.0,0,9,0,0,0,0,0,0,0,0,0,0,0,0,0,0,0,0,0,0,0,0,0,0,0,0,0,0,0,0.0,0.0,0.0,0.0,0.0
P10,133,0,40,27/04/2026 13:46:38,100.00%,1950,2000,45,50,0.0,0,0,0,0,0,0,0,0,0,0,0,0,0,0,0,0,0,0,0,0,0,0,0,0,0,0,0,0,0,0.0,0.0,0.0,0.0,0.0
Reset,10,5,20,27/04/2026 13:37:26,75.00%,1550,800,35,120,0.0,0,0,0,0,0,0,0,0,0,0,0,0,0,0,0,0,0,0,0,0,0,5,0,0,0,0,0,0,0,0.0,0.0,0.0,0.0,0.0
P10,131,3,40,27/04/2026 13:36:43,92.50%,1800,2000,45,60,0.0,0,3,0,0,0,0,0,0,0,0,0,0,0,0,0,0,0,0,0,0,0,0,0,0,0,0,0,0,0,0.0,0.0,0.0,0.0,0.0
0,13,3,0,27/04/2026 13:36:34,0,0,0,0,0,0.0,0,3,0,0,0,0,0,0,0,0,0,0,0,0,0,0,0,0,0,0,0,0,0,0,0,0,0,0,0,0.0,0.0,0.0,0.0,0.0
P10,133,0,40,27/04/2026 13:35:17,100.00%,1950,2000,45,50,0.0,0,0,0,0,0,0,0,0,0,0,0,0,0,0,0,0,0,0,0,0,0,0,0,0,0,0,0,0,0,0.0,0.0,0.0,0.0,0.0
Reset,6,0,20,27/04/2026 13:34:41,100.00%,1750,800,45,120,0.0,0,0,0,0,0,0,0,0,0,0,0,0,0,0,0,0,0,0,0,0,0,0,0,0,0,0,0,0,0,0.0,0.0,0.0,0.0,0.0
P10,134,7,40,27/04/2026 13:34:35,82.50%,2000,1880,45,50,0.0,0,7,0,0,0,0,0,0,0,0,0,0,0,0,0,0,0,0,0,0,0,0,0,0,0,0,0,0,0,0.0,0.0,0.0,0.0,0.0
Reset,5,1,20,27/04/2026 13:30:39,95.00%,1500,800,35,110,0.0,0,0,0,0,0,0,0,0,0,0,0,0,0,0,0,0,0,0,0,0,0,1,0,0,0,0,0,0,0,0.0,0.0,0.0,0.0,0.0
Reset,3,0,20,27/04/2026 13:25:52,100.00%,1500,800,35,90,0.0,0,0,0,0,0,0,0,0,0,0,0,0,0,0,0,0,0,0,0,0,0,0,0,0,0,0,0,0,0,0.0,0.0,0.0,0.0,0.0
P10,136,3,40,27/04/2026 13:22:35,92.50%,1950,2000,45,50,0.0,0,3,0,0,0,0,0,0,0,0,0,0,0,0,0,0,0,0,0,0,0,0,0,0,0,0,0,0,0,0.0,0.0,0.0,0.0,0.0
Reset,7,0,20,27/04/2026 13:22:21,100.00%,1420,800,35,120,0.0,0,0,0,0,0,0,0,0,0,0,0,0,0,0,0,0,0,0,0,0,0,0,0,0,0,0,0,0,0,0.0,0.0,0.0,0.0,0.0
P10,132,4,40,27/04/2026 13:21:31,90.00%,1950,2000,45,50,0.0,0,4,0,0,0,0,0,0,0,0,0,0,0,0,0,0,0,0,0,0,0,0,0,0,0,0,0,0,0,0.0,0.0,0.0,0.0,0.0
ROTOZIP,57,0,30,27/04/2026 13:18:47,100.00%,1530,800,50,100,0.0,0,0,0,0,0,0,0,0,0,0,0,0,0,0,0,0,0,0,0,0,0,0,0,0,0,0,0,0,0,0.0,0.0,0.0,0.0,0.0
ROTOZIP,57,3,30,27/04/2026 13:15:07,90.00%,1530,800,50,100,3.0,0,0,0,0,0,0,0,0,0,0,0,0,0,0,0,0,0,0,0,0,0,0,0,0,0,0,0,0,0,0.0,0.0,0.0,0.0,0.0
Reset,2,0,20,27/04/2026 13:12:02,100.00%,1750,800,45,110,0.0,0,0,0,0,0,0,0,0,0,0,0,0,0,0,0,0,0,0,0,0,0,0,0,0,0,0,0,0,0,0.0,0.0,0.0,0.0,0.0
ROTOZIP,56,2,30,27/04/2026 13:10:58,93.33%,1530,800,50,100,1.0,0,0,0,0,0,0,0,0,1,0,0,0,0,0,0,0,0,0,0,0,0,0,0,0,0,0,0,0,0,0.0,0.0,0.0,0.0,0.0
ROTOZIP,56,0,30,27/04/2026 13:08:02,100.00%,1530,800,50,100,0.0,0,0,0,0,0,0,0,0,0,0,0,0,0,0,0,0,0,0,0,0,0,0,0,0,0,0,0,0,0,0.0,0.0,0.0,0.0,0.0
Reset,5,0,20,27/04/2026 13:03:22,100.00%,1500,800,35,110,0.0,0,0,0,0,0,0,0,0,0,0,0,0,0,0,0,0,0,0,0,0,0,0,0,0,0,0,0,0,0,0.0,0.0,0.0,0.0,0.0
P10,133,3,40,27/04/2026 13:00:33,92.50%,1950,2000,45,50,0.0,0,3,0,0,0,0,0,0,0,0,0,0,0,0,0,0,0,0,0,0,0,0,0,0,0,0,0,0,0,0.0,0.0,0.0,0.0,0.0
Reset,3,0,20,27/04/2026 12:59:35,100.00%,1500,800,35,90,0.0,0,0,0,0,0,0,0,0,0,0,0,0,0,0,0,0,0,0,0,0,0,0,0,0,0,0,0,0,0,0.0,0.0,0.0,0.0,0.0
Reset,10,1,20,27/04/2026 12:55:33,95.00%,1550,800,35,120,0.0,0,0,0,0,0,0,0,0,0,0,0,0,0,0,0,0,0,0,0,0,0,1,0,0,0,0,0,0,0,0.0,0.0,0.0,0.0,0.0
P10,131,9,40,27/04/2026 12:54:08,77.50%,1800,2000,45,60,3.0,0,6,0,0,0,0,0,0,0,0,0,0,0,0,0,0,0,0,0,0,0,0,0,0,0,0,0,0,0,0.0,0.0,0.0,0.0,0.0
P10,135,5,40,27/04/2026 12:52:44,87.50%,1950,2000,45,50,0.0,0,0,0,0,0,0,0,0,0,0,0,4,0,0,0,0,0,0,0,0,0,1,0,0,0,0,0,0,0,0.0,0.0,0.0,0.0,0.0
P10,136,33,40,27/04/2026 12:51:31,17.50%,1950,2000,45,50,20.0,0,13,0,0,0,0,0,0,0,0,0,0,0,0,0,0,0,0,0,0,0,0,0,0,0,0,0,0,0,0.0,0.0,0.0,0.0,0.0
Reset,6,0,20,27/04/2026 12:49:11,100.00%,1750,800,45,120,0.0,0,0,0,0,0,0,0,0,0,0,0,0,0,0,0,0,0,0,0,0,0,0,0,0,0,0,0,0,0,0.0,0.0,0.0,0.0,0.0
P10,134,5,40,27/04/2026 12:44:40,87.50%,2000,1880,45,50,0.0,0,5,0,0,0,0,0,0,0,0,0,0,0,0,0,0,0,0,0,0,0,0,0,0,0,0,0,0,0,0.0,0.0,0.0,0.0,0.0
P10,132,3,40,27/04/2026 12:31:31,92.50%,1950,2000,45,50,1.0,0,2,0,0,0,0,0,0,0,0,0,0,0,0,0,0,0,0,0,0,0,0,0,0,0,0,0,0,0,0.0,0.0,0.0,0.0,0.0
Reset,6,1,20,27/04/2026 11:38:19,95.00%,1750,800,45,120,0.0,0,0,0,0,0,0,0,0,0,0,0,0,0,0,0,0,0,0,0,0,0,1,0,0,0,0,0,0,0,0.0,0.0,0.0,0.0,0.0
P10,134,2,40,27/04/2026 11:18:03,95.00%,2000,1880,45,50,0.0,0,2,0,0,0,0,0,0,0,0,0,0,0,0,0,0,0,0,0,0,0,0,0,0,0,0,0,0,0,0.0,0.0,0.0,0.0,0.0
P10,136,1,40,27/04/2026 11:17:55,97.50%,1950,2000,45,50,0.0,0,1,0,0,0,0,0,0,0,0,0,0,0,0,0,0,0,0,0,0,0,0,0,0,0,0,0,0,0,0.0,0.0,0.0,0.0,0.0
P10,135,2,40,27/04/2026 11:13:04,95.00%,1950,2000,45,50,0.0,0,2,0,0,0,0,0,0,0,0,0,0,0,0,0,0,0,0,0,0,0,0,0,0,0,0,0,0,0,0.0,0.0,0.0,0.0,0.0
Reset,3,1,20,27/04/2026 11:12:20,95.00%,1500,800,35,90,0.0,0,0,0,0,0,0,0,0,0,0,0,0,0,0,0,0,0,0,0,0,0,1,0,0,0,0,0,0,0,0.0,0.0,0.0,0.0,0.0
P10,133,2,40,27/04/2026 11:07:41,95.00%,1950,2000,45,50,0.0,0,2,0,0,0,0,0,0,0,0,0,0,0,0,0,0,0,0,0,0,0,0,0,0,0,0,0,0,0,0.0,0.0,0.0,0.0,0.0
P10,131,1,40,27/04/2026 11:06:50,97.50%,1800,2000,45,60,0.0,0,1,0,0,0,0,0,0,0,0,0,0,0,0,0,0,0,0,0,0,0,0,0,0,0,0,0,0,0,0.0,0.0,0.0,0.0,0.0
ROTOZIP,56,1,30,27/04/2026 11:03:35,96.67%,1530,800,50,100,0.0,0,0,0,0,0,0,0,0,0,0,0,0,0,0,0,0,0,0,0,0,0,1,0,0,0,0,0,0,0,0.0,0.0,0.0,0.0,0.0
ROTOZIP,57,2,30,27/04/2026 11:00:39,93.33%,1530,800,50,100,2.0,0,0,0,0,0,0,0,0,0,0,0,0,0,0,0,0,0,0,0,0,0,0,0,0,0,0,0,0,0,0.0,0.0,0.0,0.0,0.0
ROTOZIP,57,0,30,27/04/2026 10:57:09,100.00%,1530,800,50,100,0.0,0,0,0,0,0,0,0,0,0,0,0,0,0,0,0,0,0,0,0,0,0,0,0,0,0,0,0,0,0,0.0,0.0,0.0,0.0,0.0
P10,132,1,40,27/04/2026 10:52:25,97.50%,1950,2000,45,50,0.0,0,1,0,0,0,0,0,0,0,0,0,0,0,0,0,0,0,0,0,0,0,0,0,0,0,0,0,0,0,0.0,0.0,0.0,0.0,0.0
P10,134,1,40,27/04/2026 10:43:22,97.50%,2000,1880,45,50,0.0,0,1,0,0,0,0,0,0,0,0,0,0,0,0,0,0,0,0,0,0,0,0,0,0,0,0,0,0,0,0.0,0.0,0.0,0.0,0.0
Reset,5,1,20,27/04/2026 10:40:29,95.00%,1500,800,35,110,0.0,0,0,0,0,0,0,0,0,0,0,0,0,0,0,0,0,0,0,0,0,0,1,0,0,0,0,0,0,0,0.0,0.0,0.0,0.0,0.0
P10,136,2,40,27/04/2026 10:40:19,95.00%,1950,2000,45,50,0.0,0,2,0,0,0,0,0,0,0,0,0,0,0,0,0,0,0,0,0,0,0,0,0,0,0,0,0,0,0,0.0,0.0,0.0,0.0,0.0
Reset,3,1,20,27/04/2026 10:37:36,95.00%,1500,800,35,90,0.0,0,0,0,0,0,0,0,0,0,0,0,0,0,0,0,0,0,0,0,0,0,1,0,0,0,0,0,0,0,0.0,0.0,0.0,0.0,0.0
P10,133,1,40,27/04/2026 10:37:26,97.50%,1950,2000,45,50,0.0,0,1,0,0,0,0,0,0,0,0,0,0,0,0,0,0,0,0,0,0,0,0,0,0,0,0,0,0,0,0.0,0.0,0.0,0.0,0.0
Reset,10,2,20,27/04/2026 10:33:08,90.00%,1550,800,35,120,0.0,0,0,0,0,0,0,0,0,0,0,0,0,0,0,0,0,0,0,0,0,0,2,0,0,0,0,0,0,0,0.0,0.0,0.0,0.0,0.0
Reset,6,2,20,27/04/2026 10:28:35,90.00%,1750,800,45,120,0.0,0,0,0,0,0,0,0,0,0,0,0,0,0,0,0,0,0,0,0,0,0,2,0,0,0,0,0,0,0,0.0,0.0,0.0,0.0,0.0
P10,134,3,40,27/04/2026 10:14:49,92.50%,2000,1880,45,50,0.0,0,3,0,0,0,0,0,0,0,0,0,0,0,0,0,0,0,0,0,0,0,0,0,0,0,0,0,0,0,0.0,0.0,0.0,0.0,0.0
P10,131,5,40,27/04/2026 10:13:54,87.50%,1800,2000,45,60,4.0,0,1,0,0,0,0,0,0,0,0,0,0,0,0,0,0,0,0,0,0,0,0,0,0,0,0,0,0,0,0.0,0.0,0.0,0.0,0.0
P10,133,1,40,27/04/2026 10:11:29,97.50%,1950,2000,45,50,0.0,0,1,0,0,0,0,0,0,0,0,0,0,0,0,0,0,0,0,0,0,0,0,0,0,0,0,0,0,0,0.0,0.0,0.0,0.0,0.0
Reset,5,2,20,27/04/2026 10:07:40,90.00%,1500,800,35,110,0.0,0,0,0,0,0,0,0,0,0,0,0,0,0,0,0,0,1,0,0,0,0,1,0,0,0,0,0,0,0,0.0,0.0,0.0,0.0,0.0
P10,132,2,40,27/04/2026 10:03:02,95.00%,1950,2000,45,50,0.0,0,2,0,0,0,0,0,0,0,0,0,0,0,0,0,0,0,0,0,0,0,0,0,0,0,0,0,0,0,0.0,0.0,0.0,0.0,0.0
ROTOZIP,57,1,30,27/04/2026 10:01:54,96.67%,1530,800,50,100,1.0,0,0,0,0,0,0,0,0,0,0,0,0,0,0,0,0,0,0,0,0,0,0,0,0,0,0,0,0,0,0.0,0.0,0.0,0.0,0.0
P10,136,0,40,27/04/2026 10:00:30,100.00%,1950,2000,45,50,0.0,0,0,0,0,0,0,0,0,0,0,0,0,0,0,0,0,0,0,0,0,0,0,0,0,0,0,0,0,0,0.0,0.0,0.0,0.0,0.0
P10,135,3,40,27/04/2026 09:54:59,92.50%,1950,2000,45,50,0.0,0,3,0,0,0,0,0,0,0,0,0,0,0,0,0,0,0,0,0,0,0,0,0,0,0,0,0,0,0,0.0,0.0,0.0,0.0,0.0
ROTOZIP,56,1,30,27/04/2026 09:54:50,96.67%,1530,800,50,100,1.0,0,0,0,0,0,0,0,0,0,0,0,0,0,0,0,0,0,0,0,0,0,0,0,0,0,0,0,0,0,0.0,0.0,0.0,0.0,0.0
Reset,6,0,20,27/04/2026 09:53:52,100.00%,1750,800,45,120,0.0,0,0,0,0,0,0,0,0,0,0,0,0,0,0,0,0,0,0,0,0,0,0,0,0,0,0,0,0,0,0.0,0.0,0.0,0.0,0.0
Reset,3,1,20,27/04/2026 09:50:55,95.00%,1500,800,35,90,1.0,0,0,0,0,0,0,0,0,0,0,0,0,0,0,0,0,0,0,0,0,0,0,0,0,0,0,0,0,0,0.0,0.0,0.0,0.0,0.0
ROTOZIP,56,0,30,27/04/2026 09:49:59,100.00%,1530,800,50,100,0.0,0,0,0,0,0,0,0,0,0,0,0,0,0,0,0,0,0,0,0,0,0,0,0,0,0,0,0,0,0,0.0,0.0,0.0,0.0,0.0
P10,134,9,40,27/04/2026 09:32:18,77.50%,2000,1880,45,50,0.0,0,9,0,0,0,0,0,0,0,0,0,0,0,0,0,0,0,0,0,0,0,0,0,0,0,0,0,0,0,0.0,0.0,0.0,0.0,0.0
P10,136,8,40,27/04/2026 09:32:03,80.00%,1950,2000,45,50,0.0,0,8,0,0,0,0,0,0,0,0,0,0,0,0,0,0,0,0,0,0,0,0,0,0,0,0,0,0,0,0.0,0.0,0.0,0.0,0.0
P10,131,6,40,27/04/2026 09:30:48,85.00%,1800,2000,45,60,0.0,1,5,0,0,0,0,0,0,0,0,0,0,0,0,0,0,0,0,0,0,0,0,0,0,0,0,0,0,0,0.0,0.0,0.0,0.0,0.0
Reset,10,0,20,27/04/2026 09:24:52,100.00%,1550,800,35,120,0.0,0,0,0,0,0,0,0,0,0,0,0,0,0,0,0,0,0,0,0,0,0,0,0,0,0,0,0,0,0,0.0,0.0,0.0,0.0,0.0
P10,133,8,40,27/04/2026 09:21:38,80.00%,1950,2000,45,50,0.0,0,8,0,0,0,0,0,0,0,0,0,0,0,0,0,0,0,0,0,0,0,0,0,0,0,0,0,0,0,0.0,0.0,0.0,0.0,0.0
P10,133,5,40,27/04/2026 09:20:41,87.50%,1950,2000,45,50,0.0,0,5,0,0,0,0,0,0,0,0,0,0,0,0,0,0,0,0,0,0,0,0,0,0,0,0,0,0,0,0.0,0.0,0.0,0.0,0.0
P10,132,4,40,27/04/2026 09:20:07,90.00%,1950,2000,45,50,0.0,0,4,0,0,0,0,0,0,0,0,0,0,0,0,0,0,0,0,0,0,0,0,0,0,0,0,0,0,0,0.0,0.0,0.0,0.0,0.0
P10,131,12,40,27/04/2026 09:16:34,70.00%,1800,2000,45,60,0.0,0,12,0,0,0,0,0,0,0,0,0,0,0,0,0,0,0,0,0,0,0,0,0,0,0,0,0,0,0,0.0,0.0,0.0,0.0,0.0
0,1347,7,0,27/04/2026 09:13:16,0,0,0,0,0,0.0,0,7,0,0,0,0,0,0,0,0,0,0,0,0,0,0,0,0,0,0,0,0,0,0,0,0,0,0,0,0.0,0.0,0.0,0.0,0.0
Reset,40,0,15,27/04/2026 09:10:36,100.00%,1600,1650,45,95,0.0,0,0,0,0,0,0,0,0,0,0,0,0,0,0,0,0,0,0,0,0,0,0,0,0,0,0,0,0,0,0.0,0.0,0.0,0.0,0.0
Reset,5,1,20,27/04/2026 09:10:17,95.00%,1500,800,35,110,0.0,0,0,0,0,0,0,0,0,0,0,0,0,0,0,0,0,0,0,0,0,0,1,0,0,0,0,0,0,0,0.0,0.0,0.0,0.0,0.0
P10,131,5,40,27/04/2026 09:09:05,87.50%,1800,2000,45,60,5.0,0,0,0,0,0,0,0,0,0,0,0,0,0,0,0,0,0,0,0,0,0,0,0,0,0,0,0,0,0,0.0,0.0,0.0,0.0,0.0
P10,134,10,40,27/04/2026 09:03:36,75.00%,2000,1880,45,50,0.0,0,10,0,0,0,0,0,0,0,0,0,0,0,0,0,0,0,0,0,0,0,0,0,0,0,0,0,0,0,0.0,0.0,0.0,0.0,0.0
Reset,6,3,20,27/04/2026 09:02:19,85.00%,1750,800,45,120,0.0,0,0,0,0,0,0,0,0,0,0,0,0,0,0,0,0,0,0,0,0,0,3,0,0,0,0,0,0,0,0.0,0.0,0.0,0.0,0.0
P10,131,5,40,27/04/2026 08:57:25,87.50%,1800,2000,45,60,0.0,0,5,0,0,0,0,0,0,0,0,0,0,0,0,0,0,0,0,0,0,0,0,0,0,0,0,0,0,0,0.0,0.0,0.0,0.0,0.0
P10,132,5,40,27/04/2026 08:55:52,87.50%,1950,2000,45,50,0.0,0,5,0,0,0,0,0,0,0,0,0,0,0,0,0,0,0,0,0,0,0,0,0,0,0,0,0,0,0,0.0,0.0,0.0,0.0,0.0
Reset,3,0,20,27/04/2026 08:52:46,100.00%,1500,800,35,90,0.0,0,0,0,0,0,0,0,0,0,0,0,0,0,0,0,0,0,0,0,0,0,0,0,0,0,0,0,0,0,0.0,0.0,0.0,0.0,0.0
P10,136,4,40,27/04/2026 08:49:43,90.00%,1950,2000,45,50,0.0,0,4,0,0,0,0,0,0,0,0,0,0,0,0,0,0,0,0,0,0,0,0,0,0,0,0,0,0,0,0.0,0.0,0.0,0.0,0.0
Reset,10,1,20,27/04/2026 08:46:03,95.00%,1550,800,35,120,0.0,0,0,0,0,0,0,0,0,0,0,0,0,0,0,0,0,0,0,0,0,0,1,0,0,0,0,0,0,0,0.0,0.0,0.0,0.0,0.0
Reset,5,1,20,27/04/2026 08:45:56,95.00%,1500,800,35,110,0.0,0,0,0,0,0,0,0,0,0,0,0,0,0,0,0,0,0,0,0,0,0,1,0,0,0,0,0,0,0,0.0,0.0,0.0,0.0,0.0
P10,135,3,40,27/04/2026 08:40:46,92.50%,1950,2000,45,50,0.0,0,3,0,0,0,0,0,0,0,0,0,0,0,0,0,0,0,0,0,0,0,0,0,0,0,0,0,0,0,0.0,0.0,0.0,0.0,0.0
P10,135,3,40,27/04/2026 08:40:13,92.50%,1950,2000,45,50,0.0,0,3,0,0,0,0,0,0,0,0,0,0,0,0,0,0,0,0,0,0,0,0,0,0,0,0,0,0,0,0.0,0.0,0.0,0.0,0.0
P10,136,4,40,27/04/2026 08:37:59,90.00%,1950,2000,45,50,0.0,0,4,0,0,0,0,0,0,0,0,0,0,0,0,0,0,0,0,0,0,0,0,0,0,0,0,0,0,0,0.0,0.0,0.0,0.0,0.0
P10,131,40,40,27/04/2026 08:28:54,0,1800,2000,45,60,40.0,0,0,0,0,0,0,0,0,0,0,0,0,0,0,0,0,0,0,0,0,0,0,0,0,0,0,0,0,0,0.0,0.0,0.0,0.0,0.0
Reset,6,0,20,27/04/2026 08:20:00,100.00%,1750,800,45,120,0.0,0,0,0,0,0,0,0,0,0,0,0,0,0,0,0,0,0,0,0,0,0,0,0,0,0,0,0,0,0,0.0,0.0,0.0,0.0,0.0
P10,132,4,40,27/04/2026 08:15:19,90.00%,1950,2000,45,50,0.0,0,3,0,0,0,0,0,0,0,0,0,0,0,0,0,0,0,0,0,0,0,1,0,0,0,0,0,0,0,0.0,0.0,0.0,0.0,0.0
Reset,10,2,20,27/04/2026 08:08:46,90.00%,1550,800,35,120,0.0,0,0,0,0,0,0,0,0,0,0,0,0,0,0,0,0,0,0,0,0,0,2,0,0,0,0,0,0,0,0.0,0.0,0.0,0.0,0.0
Reset,3,0,20,27/04/2026 08:06:36,100.00%,1500,800,35,90,0.0,0,0,0,0,0,0,0,0,0,0,0,0,0,0,0,0,0,0,0,0,0,0,0,0,0,0,0,0,0,0.0,0.0,0.0,0.0,0.0
P10,134,7,40,27/04/2026 08:05:35,82.50%,2000,1880,45,50,2.0,0,5,0,0,0,0,0,0,0,0,0,0,0,0,0,0,0,0,0,0,0,0,0,0,0,0,0,0,0,0.0,0.0,0.0,0.0,0.0
P10,135,5,40,27/04/2026 08:02:12,87.50%,1950,2000,45,50,0.0,0,5,0,0,0,0,0,0,0,0,0,0,0,0,0,0,0,0,0,0,0,0,0,0,0,0,0,0,0,0.0,0.0,0.0,0.0,0.0
P10,133,12,40,27/04/2026 08:00:40,70.00%,1950,2000,45,50,11.0,0,1,0,0,0,0,0,0,0,0,0,0,0,0,0,0,0,0,0,0,0,0,0,0,0,0,0,0,0,0.0,0.0,0.0,0.0,0.0
P10,135,5,40,27/04/2026 07:59:28,87.50%,1950,2000,45,50,0.0,0,5,0,0,0,0,0,0,0,0,0,0,0,0,0,0,0,0,0,0,0,0,0,0,0,0,0,0,0,0.0,0.0,0.0,0.0,0.0
P10,136,5,40,27/04/2026 07:58:10,87.50%,1950,2000,45,50,0.0,0,3,0,0,0,0,0,0,0,0,0,0,0,0,0,0,0,0,0,0,0,2,0,0,0,0,0,0,0,0.0,0.0,0.0,0.0,0.0
P10,133,15,40,27/04/2026 07:54:19,62.50%,1950,2000,45,50,15.0,0,0,0,0,0,0,0,0,0,0,0,0,0,0,0,0,0,0,0,0,0,0,0,0,0,0,0,0,0,0.0,0.0,0.0,0.0,0.0
Reset,5,0,20,27/04/2026 07:53:41,100.00%,1500,800,35,110,0.0,0,0,0,0,0,0,0,0,0,0,0,0,0,0,0,0,0,0,0,0,0,0,0,0,0,0,0,0,0,0.0,0.0,0.0,0.0,0.0
P10,131,7,40,27/04/2026 07:52:43,82.50%,1800,2000,45,60,2.0,0,5,0,0,0,0,0,0,0,0,0,0,0,0,0,0,0,0,0,0,0,0,0,0,0,0,0,0,0,0.0,0.0,0.0,0.0,0.0
Reset,51,4,15,27/04/2026 07:43:56,73.33%,1600,1600,45,95,1.0,0,3,0,0,0,0,0,0,0,0,0,0,0,0,0,0,0,0,0,0,0,0,0,0,0,0,0,0,0,0.0,0.0,0.0,0.0,0.0
Reset,39,1,15,27/04/2026 07:32:47,93.33%,1600,1650,50,95,0.0,0,1,0,0,0,0,0,0,0,0,0,0,0,0,0,0,0,0,0,0,0,0,0,0,0,0,0,0,0,0.0,0.0,0.0,0.0,0.0
Reset,40,1,15,27/04/2026 07:29:20,93.33%,1600,1650,45,95,0.0,0,1,0,0,0,0,0,0,0,0,0,0,0,0,0,0,0,0,0,0,0,0,0,0,0,0,0,0,0,0.0,0.0,0.0,0.0,0.0
Reset,55,0,15,27/04/2026 07:25:59,100.00%,1600,1600,45,95,0.0,0,0,0,0,0,0,0,0,0,0,0,0,0,0,0,0,0,0,0,0,0,0,0,0,0,0,0,0,0,0.0,0.0,0.0,0.0,0.0
Reset,6,0,20,27/04/2026 07:25:40,100.00%,1750,800,45,120,0.0,0,0,0,0,0,0,0,0,0,0,0,0,0,0,0,0,0,0,0,0,0,0,0,0,0,0,0,0,0,0.0,0.0,0.0,0.0,0.0
Reset,2,2,20,27/04/2026 07:21:24,90.00%,1750,800,45,110,0.0,0,0,0,0,0,0,0,0,0,0,0,0,0,0,0,0,1,0,0,0,0,1,0,0,0,0,0,0,0,0.0,0.0,0.0,0.0,0.0
ROTOZIP,56,1,30,27/04/2026 07:20:32,96.67%,1530,800,50,100,1.0,0,0,0,0,0,0,0,0,0,0,0,0,0,0,0,0,0,0,0,0,0,0,0,0,0,0,0,0,0,0.0,0.0,0.0,0.0,0.0
Reset,10,0,20,27/04/2026 07:16:44,100.00%,1550,800,35,120,0.0,0,0,0,0,0,0,0,0,0,0,0,0,0,0,0,0,0,0,0,0,0,0,0,0,0,0,0,0,0,0.0,0.0,0.0,0.0,0.0
ROTOZIP,56,5,30,27/04/2026 07:16:16,83.33%,1530,800,50,100,5.0,0,0,0,0,0,0,0,0,0,0,0,0,0,0,0,0,0,0,0,0,0,0,0,0,0,0,0,0,0,0.0,0.0,0.0,0.0,0.0
Reset,3,0,20,27/04/2026 07:14:41,100.00%,1500,800,35,90,0.0,0,0,0,0,0,0,0,0,0,0,0,0,0,0,0,0,0,0,0,0,0,0,0,0,0,0,0,0,0,0.0,0.0,0.0,0.0,0.0
Reset,5,2,20,27/04/2026 07:12:43,90.00%,1500,800,35,110,0.0,0,0,0,0,0,0,0,0,0,0,0,0,0,0,0,0,0,0,0,0,1,1,0,0,0,0,0,0,0,0.0,0.0,0.0,0.0,0.0
ROTOZIP,57,5,30,27/04/2026 07:10:24,83.33%,1530,800,50,100,5.0,0,0,0,0,0,0,0,0,0,0,0,0,0,0,0,0,0,0,0,0,0,0,0,0,0,0,0,0,0,0.0,0.0,0.0,0.0,0.0
Reset,37,2,15,27/04/2026 06:33:24,86.67%,1620,1650,45,95,0.0,0,2,0,0,0,0,0,0,0,0,0,0,0,0,0,0,0,0,0,0,0,0,0,0,0,0,0,0,0,0.0,0.0,0.0,0.0,0.0
Reset,54,0,15,27/04/2026 06:25:27,100.00%,1600,1600,45,95,0.0,0,0,0,0,0,0,0,0,0,0,0,0,0,0,0,0,0,0,0,0,0,0,0,0,0,0,0,0,0,0.0,0.0,0.0,0.0,0.0
P10,134,3,40,24/04/2026 23:04:29,92.50%,2000,1880,45,50,0.0,0,3,0,0,0,0,0,0,0,0,0,0,0,0,0,0,0,0,0,0,0,0,0,0,0,0,0,0,0,0.0,0.0,0.0,0.0,0.0
Reset,3,0,20,24/04/2026 23:02:35,100.00%,1500,800,35,90,0.0,0,0,0,0,0,0,0,0,0,0,0,0,0,0,0,0,0,0,0,0,0,0,0,0,0,0,0,0,0,0.0,0.0,0.0,0.0,0.0
Reset,10,0,20,24/04/2026 22:59:56,100.00%,1550,800,35,120,0.0,0,0,0,0,0,0,0,0,0,0,0,0,0,0,0,0,0,0,0,0,0,0,0,0,0,0,0,0,0,0.0,0.0,0.0,0.0,0.0
P10,135,11,40,24/04/2026 22:56:53,72.50%,1950,2000,45,50,10.0,0,1,0,0,0,0,0,0,0,0,0,0,0,0,0,0,0,0,0,0,0,0,0,0,0,0,0,0,0,0.0,0.0,0.0,0.0,0.0
Reset,7,9,20,24/04/2026 22:55:20,55.00%,1420,800,35,120,0.0,0,0,0,0,0,0,0,0,0,0,0,0,0,0,0,0,0,0,0,0,1,0,0,0,0,0,0,0,0,8.0,0.0,0.0,0.0,0.0
Reset,6,20,20,24/04/2026 22:54:14,0,1750,800,45,120,0.0,0,0,0,0,0,0,0,0,0,0,0,0,0,0,0,0,0,0,0,0,0,0,0,0,0,0,0,0,0,20.0,0.0,0.0,0.0,0.0
Reset,5,20,20,24/04/2026 22:54:06,0,1500,800,35,110,0.0,0,0,0,0,0,0,0,0,0,0,0,0,0,0,0,0,0,0,0,0,0,0,0,0,0,0,0,0,0,20.0,0.0,0.0,0.0,0.0
P10,133,4,40,24/04/2026 22:51:54,90.00%,1950,2000,45,50,0.0,0,4,0,0,0,0,0,0,0,0,0,0,0,0,0,0,0,0,0,0,0,0,0,0,0,0,0,0,0,0.0,0.0,0.0,0.0,0.0
Reset,74,10,20,24/04/2026 22:45:44,50.00%,800,1470,45,120,0.0,6,0,0,0,0,0,0,2,0,0,0,1,0,0,0,0,0,0,0,0,0,1,0,0,0,0,0,0,0,0.0,0.0,0.0,0.0,0.0
P10,131,40,40,24/04/2026 22:43:16,0,1800,2000,45,60,40.0,0,0,0,0,0,0,0,0,0,0,0,0,0,0,0,0,0,0,0,0,0,0,0,0,0,0,0,0,0,0.0,0.0,0.0,0.0,0.0
Reset,51,11,15,24/04/2026 22:28:54,26.67%,1600,1600,45,95,3.0,0,4,0,0,0,0,0,0,0,0,0,0,0,4,0,0,0,0,0,0,0,0,0,0,0,0,0,0,0,0.0,0.0,0.0,0.0,0.0
Reset,55,2,15,24/04/2026 22:23:24,86.67%,1600,1600,45,95,1.0,0,1,0,0,0,0,0,0,0,0,0,0,0,0,0,0,0,0,0,0,0,0,0,0,0,0,0,0,0,0.0,0.0,0.0,0.0,0.0
Reset,54,3,15,24/04/2026 22:20:13,80.00%,1600,1600,45,95,0.0,0,3,0,0,0,0,0,0,0,0,0,0,0,0,0,0,0,0,0,0,0,0,0,0,0,0,0,0,0,0.0,0.0,0.0,0.0,0.0
P10,132,38,40,24/04/2026 22:17:57,5.00%,1950,2000,45,50,0.0,0,0,0,0,0,0,0,0,0,0,0,0,0,0,0,0,0,0,0,0,0,0,0,0,0,0,0,0,0,38.0,0.0,0.0,0.0,0.0
ROTOZIP,57,3,30,24/04/2026 22:17:08,90.00%,1530,800,50,100,0.0,3,0,0,0,0,0,0,0,0,0,0,0,0,0,0,0,0,0,0,0,0,0,0,0,0,0,0,0,0,0.0,0.0,0.0,0.0,0.0
ROTOZIP,56,11,30,24/04/2026 22:11:47,63.33%,1530,800,50,100,0.0,11,0,0,0,0,0,0,0,0,0,0,0,0,0,0,0,0,0,0,0,0,0,0,0,0,0,0,0,0,0.0,0.0,0.0,0.0,0.0
Reset,10,1,20,24/04/2026 22:06:28,95.00%,1550,800,35,120,0.0,0,0,0,0,0,0,0,0,0,0,0,0,0,0,0,0,0,0,0,0,0,1,0,0,0,0,0,0,0,0.0,0.0,0.0,0.0,0.0
Reset,3,2,20,24/04/2026 22:04:08,90.00%,1500,800,35,90,0.0,0,0,0,0,0,0,0,0,0,0,0,0,0,0,0,0,0,0,0,0,0,2,0,0,0,0,0,0,0,0.0,0.0,0.0,0.0,0.0
Reset,2,2,20,24/04/2026 22:01:09,90.00%,1750,800,45,110,0.0,0,0,0,0,0,0,0,0,0,0,0,0,0,0,0,0,1,0,0,0,0,1,0,0,0,0,0,0,0,0.0,0.0,0.0,0.0,0.0
Reset,6,0,20,24/04/2026 21:59:08,100.00%,1750,800,45,120,0.0,0,0,0,0,0,0,0,0,0,0,0,0,0,0,0,0,0,0,0,0,0,0,0,0,0,0,0,0,0,0.0,0.0,0.0,0.0,0.0
Reset,5,1,20,24/04/2026 21:55:56,95.00%,1500,800,35,110,0.0,0,0,0,0,0,0,0,0,0,0,0,0,0,0,0,0,0,0,0,0,0,1,0,0,0,0,0,0,0,0.0,0.0,0.0,0.0,0.0
P10,136,15,40,24/04/2026 21:53:57,62.50%,1950,2000,45,50,0.0,0,15,0,0,0,0,0,0,0,0,0,0,0,0,0,0,0,0,0,0,0,0,0,0,0,0,0,0,0,0.0,0.0,0.0,0.0,0.0
P10,134,2,40,24/04/2026 21:48:19,95.00%,2000,1880,45,50,0.0,0,2,0,0,0,0,0,0,0,0,0,0,0,0,0,0,0,0,0,0,0,0,0,0,0,0,0,0,0,0.0,0.0,0.0,0.0,0.0
P10,135,2,40,24/04/2026 21:45:13,95.00%,1950,2000,45,50,0.0,0,2,0,0,0,0,0,0,0,0,0,0,0,0,0,0,0,0,0,0,0,0,0,0,0,0,0,0,0,0.0,0.0,0.0,0.0,0.0
Reset,37,2,15,24/04/2026 21:42:07,86.67%,1620,1650,45,95,0.0,0,2,0,0,0,0,0,0,0,0,0,0,0,0,0,0,0,0,0,0,0,0,0,0,0,0,0,0,0,0.0,0.0,0.0,0.0,0.0
Reset,53,1,15,24/04/2026 21:39:57,93.33%,1600,1600,45,95,0.0,0,0,0,0,0,0,0,1,0,0,0,0,0,0,0,0,0,0,0,0,0,0,0,0,0,0,0,0,0,0.0,0.0,0.0,0.0,0.0
P10,133,2,40,24/04/2026 21:34:52,95.00%,1950,2000,45,50,0.0,0,2,0,0,0,0,0,0,0,0,0,0,0,0,0,0,0,0,0,0,0,0,0,0,0,0,0,0,0,0.0,0.0,0.0,0.0,0.0
P10,132,40,40,24/04/2026 21:29:45,0,1950,2000,45,50,0.0,0,0,0,0,0,0,0,0,0,0,0,0,0,0,0,0,0,0,0,0,0,0,0,0,0,0,0,0,0,40.0,0.0,0.0,0.0,0.0
ROTOZIP,57,1,30,24/04/2026 21:26:21,96.67%,1530,800,50,100,1.0,0,0,0,0,0,0,0,0,0,0,0,0,0,0,0,0,0,0,0,0,0,0,0,0,0,0,0,0,0,0.0,0.0,0.0,0.0,0.0
Reset,10,0,20,24/04/2026 21:24:13,100.00%,1550,800,35,120,0.0,0,0,0,0,0,0,0,0,0,0,0,0,0,0,0,0,0,0,0,0,0,0,0,0,0,0,0,0,0,0.0,0.0,0.0,0.0,0.0
Reset,40,0,15,24/04/2026 21:19:47,100.00%,1600,1650,45,95,0.0,0,0,0,0,0,0,0,0,0,0,0,0,0,0,0,0,0,0,0,0,0,0,0,0,0,0,0,0,0,0.0,0.0,0.0,0.0,0.0
Reset,39,3,15,24/04/2026 21:17:30,80.00%,1600,1650,50,95,1.0,0,2,0,0,0,0,0,0,0,0,0,0,0,0,0,0,0,0,0,0,0,0,0,0,0,0,0,0,0,0.0,0.0,0.0,0.0,0.0
Reset,55,0,15,24/04/2026 21:14:35,100.00%,1600,1600,45,95,0.0,0,0,0,0,0,0,0,0,0,0,0,0,0,0,0,0,0,0,0,0,0,0,0,0,0,0,0,0,0,0.0,0.0,0.0,0.0,0.0
Reset,73,4,20,24/04/2026 21:14:24,80.00%,1400,800,50,120,0.0,0,0,0,1,1,0,0,0,0,0,0,0,2,0,0,0,0,0,0,0,0,0,0,0,0,0,0,0,0,0.0,0.0,0.0,0.0,0.0
Reset,2,1,20,24/04/2026 20:58:16,95.00%,1750,800,45,110,0.0,0,0,0,0,0,0,0,0,0,0,0,0,0,0,0,0,0,0,0,0,0,1,0,0,0,0,0,0,0,0.0,0.0,0.0,0.0,0.0
Reset,7,1,20,24/04/2026 20:55:52,95.00%,1420,800,35,120,0.0,0,0,0,0,0,0,0,0,0,0,0,0,0,0,0,0,0,0,0,0,0,1,0,0,0,0,0,0,0,0.0,0.0,0.0,0.0,0.0
P10,135,6,40,24/04/2026 20:54:15,85.00%,1950,2000,45,50,0.0,0,6,0,0,0,0,0,0,0,0,0,0,0,0,0,0,0,0,0,0,0,0,0,0,0,0,0,0,0,0.0,0.0,0.0,0.0,0.0
Reset,3,0,20,24/04/2026 20:53:24,100.00%,1500,800,35,90,0.0,0,0,0,0,0,0,0,0,0,0,0,0,0,0,0,0,0,0,0,0,0,0,0,0,0,0,0,0,0,0.0,0.0,0.0,0.0,0.0
Reset,37,3,15,24/04/2026 20:52:41,80.00%,1620,1650,45,95,0.0,0,3,0,0,0,0,0,0,0,0,0,0,0,0,0,0,0,0,0,0,0,0,0,0,0,0,0,0,0,0.0,0.0,0.0,0.0,0.0
Reset,5,1,20,24/04/2026 20:50:33,95.00%,1500,800,35,110,0.0,0,0,0,0,0,0,0,0,0,0,0,0,0,0,0,0,0,0,0,0,0,1,0,0,0,0,0,0,0,0.0,0.0,0.0,0.0,0.0
P10,132,14,40,24/04/2026 20:43:14,65.00%,1950,2000,45,50,0.0,0,7,0,0,0,0,0,0,0,7,0,0,0,0,0,0,0,0,0,0,0,0,0,0,0,0,0,0,0,0.0,0.0,0.0,0.0,0.0
P10,134,3,40,24/04/2026 20:41:02,92.50%,2000,1880,45,50,2.0,0,1,0,0,0,0,0,0,0,0,0,0,0,0,0,0,0,0,0,0,0,0,0,0,0,0,0,0,0,0.0,0.0,0.0,0.0,0.0
P10,131,5,40,24/04/2026 20:37:31,87.50%,1800,2000,45,60,2.0,0,3,0,0,0,0,0,0,0,0,0,0,0,0,0,0,0,0,0,0,0,0,0,0,0,0,0,0,0,0.0,0.0,0.0,0.0,0.0
Reset,6,0,20,24/04/2026 20:36:44,100.00%,1750,800,45,120,0.0,0,0,0,0,0,0,0,0,0,0,0,0,0,0,0,0,0,0,0,0,0,0,0,0,0,0,0,0,0,0.0,0.0,0.0,0.0,0.0
Reset,10,0,20,24/04/2026 20:34:14,100.00%,1550,800,35,120,0.0,0,0,0,0,0,0,0,0,0,0,0,0,0,0,0,0,0,0,0,0,0,0,0,0,0,0,0,0,0,0.0,0.0,0.0,0.0,0.0
ROTOZIP,57,0,30,24/04/2026 20:23:44,100.00%,1530,800,50,100,0.0,0,0,0,0,0,0,0,0,0,0,0,0,0,0,0,0,0,0,0,0,0,0,0,0,0,0,0,0,0,0.0,0.0,0.0,0.0,0.0
ROTOZIP,56,2,30,24/04/2026 20:21:17,93.33%,1530,800,50,100,2.0,0,0,0,0,0,0,0,0,0,0,0,0,0,0,0,0,0,0,0,0,0,0,0,0,0,0,0,0,0,0.0,0.0,0.0,0.0,0.0
Reset,53,0,15,24/04/2026 20:17:23,100.00%,1600,1600,45,95,0.0,0,0,0,0,0,0,0,0,0,0,0,0,0,0,0,0,0,0,0,0,0,0,0,0,0,0,0,0,0,0.0,0.0,0.0,0.0,0.0
Reset,54,1,15,24/04/2026 20:14:47,93.33%,1600,1600,45,95,0.0,0,1,0,0,0,0,0,0,0,0,0,0,0,0,0,0,0,0,0,0,0,0,0,0,0,0,0,0,0,0.0,0.0,0.0,0.0,0.0
P10,136,4,40,24/04/2026 20:10:58,90.00%,1950,2000,45,50,0.0,0,0,0,0,0,0,0,0,0,2,0,0,2,0,0,0,0,0,0,0,0,0,0,0,0,0,0,0,0,0.0,0.0,0.0,0.0,0.0
ROTOZIP,57,2,30,24/04/2026 20:09:23,93.33%,1530,800,50,100,2.0,0,0,0,0,0,0,0,0,0,0,0,0,0,0,0,0,0,0,0,0,0,0,0,0,0,0,0,0,0,0.0,0.0,0.0,0.0,0.0
Reset,40,1,15,24/04/2026 20:06:14,93.33%,1600,1650,45,95,0.0,0,1,0,0,0,0,0,0,0,0,0,0,0,0,0,0,0,0,0,0,0,0,0,0,0,0,0,0,0,0.0,0.0,0.0,0.0,0.0
Reset,55,0,15,24/04/2026 20:03:53,100.00%,1600,1600,45,95,0.0,0,0,0,0,0,0,0,0,0,0,0,0,0,0,0,0,0,0,0,0,0,0,0,0,0,0,0,0,0,0.0,0.0,0.0,0.0,0.0
Reset,39,2,15,24/04/2026 19:57:49,86.67%,1600,1650,50,95,1.0,0,1,0,0,0,0,0,0,0,0,0,0,0,0,0,0,0,0,0,0,0,0,0,0,0,0,0,0,0,0.0,0.0,0.0,0.0,0.0
Reset,2,0,20,24/04/2026 19:52:07,100.00%,1750,800,45,110,0.0,0,0,0,0,0,0,0,0,0,0,0,0,0,0,0,0,0,0,0,0,0,0,0,0,0,0,0,0,0,0.0,0.0,0.0,0.0,0.0
Reset,8,3,20,24/04/2026 19:49:16,85.00%,1500,800,35,120,3.0,0,0,0,0,0,0,0,0,0,0,0,0,0,0,0,0,0,0,0,0,0,0,0,0,0,0,0,0,0,0.0,0.0,0.0,0.0,0.0
Reset,7,0,20,24/04/2026 19:47:38,100.00%,1420,800,35,120,0.0,0,0,0,0,0,0,0,0,0,0,0,0,0,0,0,0,0,0,0,0,0,0,0,0,0,0,0,0,0,0.0,0.0,0.0,0.0,0.0
Reset,3,0,20,24/04/2026 19:46:16,100.00%,1500,800,35,90,0.0,0,0,0,0,0,0,0,0,0,0,0,0,0,0,0,0,0,0,0,0,0,0,0,0,0,0,0,0,0,0.0,0.0,0.0,0.0,0.0
P10,135,2,40,24/04/2026 19:42:23,95.00%,1950,2000,45,50,0.0,0,2,0,0,0,0,0,0,0,0,0,0,0,0,0,0,0,0,0,0,0,0,0,0,0,0,0,0,0,0.0,0.0,0.0,0.0,0.0
P10,131,3,40,24/04/2026 19:40:32,92.50%,1800,2000,45,60,0.0,0,3,0,0,0,0,0,0,0,0,0,0,0,0,0,0,0,0,0,0,0,0,0,0,0,0,0,0,0,0.0,0.0,0.0,0.0,0.0
Reset,51,8,15,24/04/2026 19:29:02,46.67%,1600,1600,45,95,1.0,1,5,0,0,0,0,0,0,0,0,0,0,0,1,0,0,0,0,0,0,0,0,0,0,0,0,0,0,0,0.0,0.0,0.0,0.0,0.0
Reset,5,0,20,24/04/2026 19:25:24,100.00%,1500,800,35,110,0.0,0,0,0,0,0,0,0,0,0,0,0,0,0,0,0,0,0,0,0,0,0,0,0,0,0,0,0,0,0,0.0,0.0,0.0,0.0,0.0
Reset,37,1,15,24/04/2026 19:24:46,93.33%,1620,1650,45,95,0.0,0,1,0,0,0,0,0,0,0,0,0,0,0,0,0,0,0,0,0,0,0,0,0,0,0,0,0,0,0,0.0,0.0,0.0,0.0,0.0
Reset,10,0,20,24/04/2026 19:23:17,100.00%,1550,800,35,120,0.0,0,0,0,0,0,0,0,0,0,0,0,0,0,0,0,0,0,0,0,0,0,0,0,0,0,0,0,0,0,0.0,0.0,0.0,0.0,0.0
Reset,54,0,15,24/04/2026 19:22:19,100.00%,1600,1600,45,95,0.0,0,0,0,0,0,0,0,0,0,0,0,0,0,0,0,0,0,0,0,0,0,0,0,0,0,0,0,0,0,0.0,0.0,0.0,0.0,0.0
Reset,6,0,20,24/04/2026 19:21:29,100.00%,1750,800,45,120,0.0,0,0,0,0,0,0,0,0,0,0,0,0,0,0,0,0,0,0,0,0,0,0,0,0,0,0,0,0,0,0.0,0.0,0.0,0.0,0.0
ROTOZIP,57,2,30,24/04/2026 19:10:23,93.33%,1530,800,50,100,1.0,0,0,0,0,0,0,0,0,1,0,0,0,0,0,0,0,0,0,0,0,0,0,0,0,0,0,0,0,0,0.0,0.0,0.0,0.0,0.0
P10,136,40,40,24/04/2026 19:02:49,0,1950,2000,45,50,0.0,0,0,0,0,0,0,0,0,0,0,0,0,0,0,0,0,0,0,0,0,0,0,0,0,0,0,0,0,0,40.0,0.0,0.0,0.0,0.0
P10,132,9,40,24/04/2026 18:14:12,77.50%,1950,2000,45,50,0.0,0,9,0,0,0,0,0,0,0,0,0,0,0,0,0,0,0,0,0,0,0,0,0,0,0,0,0,0,0,0.0,0.0,0.0,0.0,0.0
P10,135,0,40,24/04/2026 18:12:46,100.00%,1950,2000,45,50,0.0,0,0,0,0,0,0,0,0,0,0,0,0,0,0,0,0,0,0,0,0,0,0,0,0,0,0,0,0,0,0.0,0.0,0.0,0.0,0.0
ROTOZIP,56,1,30,24/04/2026 18:08:18,96.67%,1530,800,50,100,1.0,0,0,0,0,0,0,0,0,0,0,0,0,0,0,0,0,0,0,0,0,0,0,0,0,0,0,0,0,0,0.0,0.0,0.0,0.0,0.0
P10,134,2,40,24/04/2026 18:07:58,95.00%,2000,1880,45,50,0.0,0,2,0,0,0,0,0,0,0,0,0,0,0,0,0,0,0,0,0,0,0,0,0,0,0,0,0,0,0,0.0,0.0,0.0,0.0,0.0
Reset,40,2,15,24/04/2026 17:59:04,86.67%,1600,1650,45,95,0.0,0,2,0,0,0,0,0,0,0,0,0,0,0,0,0,0,0,0,0,0,0,0,0,0,0,0,0,0,0,0.0,0.0,0.0,0.0,0.0
Reset,37,2,15,24/04/2026 17:58:52,86.67%,1620,1650,45,95,0.0,0,2,0,0,0,0,0,0,0,0,0,0,0,0,0,0,0,0,0,0,0,0,0,0,0,0,0,0,0,0.0,0.0,0.0,0.0,0.0
Reset,39,0,15,24/04/2026 17:58:41,100.00%,1600,1650,50,95,0.0,0,0,0,0,0,0,0,0,0,0,0,0,0,0,0,0,0,0,0,0,0,0,0,0,0,0,0,0,0,0.0,0.0,0.0,0.0,0.0
ROTOZIP,56,1,30,24/04/2026 17:58:31,96.67%,1530,800,50,100,0.0,0,0,0,0,0,0,0,0,0,0,0,0,1,0,0,0,0,0,0,0,0,0,0,0,0,0,0,0,0,0.0,0.0,0.0,0.0,0.0
Reset,3,0,20,24/04/2026 17:47:21,100.00%,1500,800,35,90,0.0,0,0,0,0,0,0,0,0,0,0,0,0,0,0,0,0,0,0,0,0,0,0,0,0,0,0,0,0,0,0.0,0.0,0.0,0.0,0.0
P10,135,3,40,24/04/2026 17:44:55,92.50%,1950,2000,45,50,0.0,0,3,0,0,0,0,0,0,0,0,0,0,0,0,0,0,0,0,0,0,0,0,0,0,0,0,0,0,0,0.0,0.0,0.0,0.0,0.0
P10,133,2,40,24/04/2026 17:41:44,95.00%,1950,2000,45,50,0.0,0,2,0,0,0,0,0,0,0,0,0,0,0,0,0,0,0,0,0,0,0,0,0,0,0,0,0,0,0,0.0,0.0,0.0,0.0,0.0
Reset,8,4,20,24/04/2026 17:34:52,80.00%,1500,800,35,120,3.0,0,0,0,0,0,0,0,0,0,0,0,0,0,0,0,0,1,0,0,0,0,0,0,0,0,0,0,0,0,0.0,0.0,0.0,0.0,0.0
P10,134,3,40,24/04/2026 17:33:26,92.50%,2000,1880,45,50,0.0,0,3,0,0,0,0,0,0,0,0,0,0,0,0,0,0,0,0,0,0,0,0,0,0,0,0,0,0,0,0.0,0.0,0.0,0.0,0.0
P10,136,2,40,24/04/2026 17:31:14,95.00%,1950,2000,45,50,0.0,0,2,0,0,0,0,0,0,0,0,0,0,0,0,0,0,0,0,0,0,0,0,0,0,0,0,0,0,0,0.0,0.0,0.0,0.0,0.0
P10,132,2,40,24/04/2026 17:27:37,95.00%,1950,2000,45,50,0.0,0,2,0,0,0,0,0,0,0,0,0,0,0,0,0,0,0,0,0,0,0,0,0,0,0,0,0,0,0,0.0,0.0,0.0,0.0,0.0
Reset,10,0,20,24/04/2026 17:26:52,100.00%,1550,800,35,120,0.0,0,0,0,0,0,0,0,0,0,0,0,0,0,0,0,0,0,0,0,0,0,0,0,0,0,0,0,0,0,0.0,0.0,0.0,0.0,0.0
Reset,6,0,20,24/04/2026 17:24:28,100.00%,1750,800,45,120,0.0,0,0,0,0,0,0,0,0,0,0,0,0,0,0,0,0,0,0,0,0,0,0,0,0,0,0,0,0,0,0.0,0.0,0.0,0.0,0.0
P10,131,9,40,24/04/2026 17:14:53,77.50%,1800,2000,45,60,3.0,0,6,0,0,0,0,0,0,0,0,0,0,0,0,0,0,0,0,0,0,0,0,0,0,0,0,0,0,0,0.0,0.0,0.0,0.0,0.0
Reset,5,1,20,24/04/2026 17:11:45,95.00%,1500,800,35,110,0.0,0,0,0,0,0,0,0,0,0,0,0,0,0,0,0,0,0,0,0,0,0,1,0,0,0,0,0,0,0,0.0,0.0,0.0,0.0,0.0
P10,132,6,40,24/04/2026 17:11:28,85.00%,1950,2000,45,50,0.0,0,6,0,0,0,0,0,0,0,0,0,0,0,0,0,0,0,0,0,0,0,0,0,0,0,0,0,0,0,0.0,0.0,0.0,0.0,0.0
P10,135,3,40,24/04/2026 17:10:14,92.50%,1950,2000,45,50,0.0,0,3,0,0,0,0,0,0,0,0,0,0,0,0,0,0,0,0,0,0,0,0,0,0,0,0,0,0,0,0.0,0.0,0.0,0.0,0.0
Reset,3,1,20,24/04/2026 17:01:36,95.00%,1500,800,35,90,0.0,0,0,0,0,0,0,0,0,0,0,0,0,0,0,0,0,0,0,0,0,0,1,0,0,0,0,0,0,0,0.0,0.0,0.0,0.0,0.0
P10,131,8,40,24/04/2026 17:01:15,80.00%,1800,2000,45,60,4.0,0,4,0,0,0,0,0,0,0,0,0,0,0,0,0,0,0,0,0,0,0,0,0,0,0,0,0,0,0,0.0,0.0,0.0,0.0,0.0
Reset,73,2,20,24/04/2026 16:57:37,90.00%,1400,800,50,120,0.0,0,0,0,1,1,0,0,0,0,0,0,0,0,0,0,0,0,0,0,0,0,0,0,0,0,0,0,0,0,0.0,0.0,0.0,0.0,0.0
ROTOZIP,56,3,30,24/04/2026 16:55:01,90.00%,1530,800,50,100,3.0,0,0,0,0,0,0,0,0,0,0,0,0,0,0,0,0,0,0,0,0,0,0,0,0,0,0,0,0,0,0.0,0.0,0.0,0.0,0.0
ROTOZIP,57,0,30,24/04/2026 16:49:31,100.00%,1530,800,50,100,0.0,0,0,0,0,0,0,0,0,0,0,0,0,0,0,0,0,0,0,0,0,0,0,0,0,0,0,0,0,0,0.0,0.0,0.0,0.0,0.0
Reset,10,2,20,24/04/2026 16:43:34,90.00%,1550,800,35,120,0.0,0,0,0,0,0,0,0,0,0,0,0,0,0,0,0,0,0,0,0,0,0,2,0,0,0,0,0,0,0,0.0,0.0,0.0,0.0,0.0
Reset,6,0,20,24/04/2026 16:36:39,100.00%,1750,800,45,120,0.0,0,0,0,0,0,0,0,0,0,0,0,0,0,0,0,0,0,0,0,0,0,0,0,0,0,0,0,0,0,0.0,0.0,0.0,0.0,0.0
Reset,5,0,20,24/04/2026 16:24:49,100.00%,1500,800,35,110,0.0,0,0,0,0,0,0,0,0,0,0,0,0,0,0,0,0,0,0,0,0,0,0,0,0,0,0,0,0,0,0.0,0.0,0.0,0.0,0.0
Reset,8,3,20,24/04/2026 16:21:42,85.00%,1500,800,35,120,2.0,0,0,0,0,0,0,0,0,0,0,0,0,0,0,0,0,0,0,0,0,0,1,0,0,0,0,0,0,0,0.0,0.0,0.0,0.0,0.0
P10,134,8,40,24/04/2026 16:19:19,80.00%,2000,1880,45,50,0.0,0,7,0,0,1,0,0,0,0,0,0,0,0,0,0,0,0,0,0,0,0,0,0,0,0,0,0,0,0,0.0,0.0,0.0,0.0,0.0
Reset,3,0,20,24/04/2026 16:16:26,100.00%,1500,800,35,90,0.0,0,0,0,0,0,0,0,0,0,0,0,0,0,0,0,0,0,0,0,0,0,0,0,0,0,0,0,0,0,0.0,0.0,0.0,0.0,0.0
P10,136,19,40,24/04/2026 16:13:57,52.50%,1950,2000,45,50,0.0,0,18,0,0,0,0,0,0,0,0,0,0,0,0,0,0,0,0,0,0,0,1,0,0,0,0,0,0,0,0.0,0.0,0.0,0.0,0.0
P10,131,7,40,24/04/2026 16:11:03,82.50%,1800,2000,45,60,5.0,0,2,0,0,0,0,0,0,0,0,0,0,0,0,0,0,0,0,0,0,0,0,0,0,0,0,0,0,0,0.0,0.0,0.0,0.0,0.0
Reset,37,2,15,24/04/2026 16:03:13,86.67%,1620,1650,45,95,0.0,0,0,0,0,0,0,0,0,0,0,0,0,0,0,0,0,0,0,0,0,0,1,0,1,0,0,0,0,0,0.0,0.0,0.0,0.0,0.0
Reset,53,3,15,24/04/2026 15:59:06,80.00%,1600,1600,45,95,0.0,0,0,0,0,0,0,0,0,0,0,0,0,0,0,0,0,0,0,0,0,0,0,0,3,0,0,0,0,0,0.0,0.0,0.0,0.0,0.0
Reset,6,1,20,24/04/2026 15:52:50,95.00%,1750,800,45,120,0.0,0,0,0,0,0,0,0,0,0,0,0,0,0,0,0,0,0,0,0,0,0,1,0,0,0,0,0,0,0,0.0,0.0,0.0,0.0,0.0
Reset,10,4,20,24/04/2026 15:50:27,80.00%,1550,800,35,120,0.0,0,0,0,0,0,0,0,0,0,0,0,0,0,0,0,0,0,0,0,0,0,4,0,0,0,0,0,0,0,0.0,0.0,0.0,0.0,0.0
Reset,5,0,20,24/04/2026 15:47:57,100.00%,1500,800,35,110,0.0,0,0,0,0,0,0,0,0,0,0,0,0,0,0,0,0,0,0,0,0,0,0,0,0,0,0,0,0,0,0.0,0.0,0.0,0.0,0.0
Reset,3,0,20,24/04/2026 14:55:25,100.00%,1500,800,35,90,0.0,0,0,0,0,0,0,0,0,0,0,0,0,0,0,0,0,0,0,0,0,0,0,0,0,0,0,0,0,0,0.0,0.0,0.0,0.0,0.0
Reset,3,0,20,24/04/2026 14:54:13,100.00%,1500,800,35,90,0.0,0,0,0,0,0,0,0,0,0,0,0,0,0,0,0,0,0,0,0,0,0,0,0,0,0,0,0,0,0,0.0,0.0,0.0,0.0,0.0
Reset,8,2,20,24/04/2026 14:44:51,90.00%,1500,800,35,120,2.0,0,0,0,0,0,0,0,0,0,0,0,0,0,0,0,0,0,0,0,0,0,0,0,0,0,0,0,0,0,0.0,0.0,0.0,0.0,0.0
Reset,40,1,15,24/04/2026 14:38:22,93.33%,1600,1650,45,95,0.0,0,1,0,0,0,0,0,0,0,0,0,0,0,0,0,0,0,0,0,0,0,0,0,0,0,0,0,0,0,0.0,0.0,0.0,0.0,0.0
Reset,54,2,15,24/04/2026 14:35:39,86.67%,1600,1600,45,95,0.0,0,2,0,0,0,0,0,0,0,0,0,0,0,0,0,0,0,0,0,0,0,0,0,0,0,0,0,0,0,0.0,0.0,0.0,0.0,0.0
Reset,10,0,20,24/04/2026 14:21:00,100.00%,1550,800,35,120,0.0,0,0,0,0,0,0,0,0,0,0,0,0,0,0,0,0,0,0,0,0,0,0,0,0,0,0,0,0,0,0.0,0.0,0.0,0.0,0.0
Reset,37,1,15,24/04/2026 14:16:13,93.33%,1620,1650,45,95,0.0,0,1,0,0,0,0,0,0,0,0,0,0,0,0,0,0,0,0,0,0,0,0,0,0,0,0,0,0,0,0.0,0.0,0.0,0.0,0.0
Reset,6,1,20,24/04/2026 14:09:39,95.00%,1750,800,45,120,1.0,0,0,0,0,0,0,0,0,0,0,0,0,0,0,0,0,0,0,0,0,0,0,0,0,0,0,0,0,0,0.0,0.0,0.0,0.0,0.0
Reset,53,1,15,24/04/2026 14:06:00,93.33%,1600,1600,45,95,0.0,0,1,0,0,0,0,0,0,0,0,0,0,0,0,0,0,0,0,0,0,0,0,0,0,0,0,0,0,0,0.0,0.0,0.0,0.0,0.0
Reset,55,2,15,24/04/2026 13:59:37,86.67%,1600,1600,45,95,1.0,0,1,0,0,0,0,0,0,0,0,0,0,0,0,0,0,0,0,0,0,0,0,0,0,0,0,0,0,0,0.0,0.0,0.0,0.0,0.0
Reset,3,1,20,24/04/2026 13:55:31,95.00%,1500,800,35,90,0.0,0,0,0,0,0,0,0,0,0,0,0,0,0,0,0,0,0,0,0,0,0,1,0,0,0,0,0,0,0,0.0,0.0,0.0,0.0,0.0
Reset,2,2,20,24/04/2026 13:51:20,90.00%,1750,800,45,110,0.0,0,0,0,0,0,0,0,0,0,0,0,0,0,0,0,0,0,0,0,0,0,2,0,0,0,0,0,0,0,0.0,0.0,0.0,0.0,0.0
Reset,40,2,15,24/04/2026 13:48:20,86.67%,1600,1650,45,95,0.0,0,2,0,0,0,0,0,0,0,0,0,0,0,0,0,0,0,0,0,0,0,0,0,0,0,0,0,0,0,0.0,0.0,0.0,0.0,0.0
Reset,54,1,15,24/04/2026 13:44:47,93.33%,1600,1600,45,95,0.0,0,1,0,0,0,0,0,0,0,0,0,0,0,0,0,0,0,0,0,0,0,0,0,0,0,0,0,0,0,0.0,0.0,0.0,0.0,0.0
Reset,39,2,15,24/04/2026 13:32:20,86.67%,1600,1650,50,95,2.0,0,0,0,0,0,0,0,0,0,0,0,0,0,0,0,0,0,0,0,0,0,0,0,0,0,0,0,0,0,0.0,0.0,0.0,0.0,0.0
Reset,8,1,20,24/04/2026 13:30:52,95.00%,1500,800,35,120,1.0,0,0,0,0,0,0,0,0,0,0,0,0,0,0,0,0,0,0,0,0,0,0,0,0,0,0,0,0,0,0.0,0.0,0.0,0.0,0.0
Reset,5,0,20,24/04/2026 13:27:05,100.00%,1500,800,35,110,0.0,0,0,0,0,0,0,0,0,0,0,0,0,0,0,0,0,0,0,0,0,0,0,0,0,0,0,0,0,0,0.0,0.0,0.0,0.0,0.0
Reset,10,0,20,24/04/2026 13:23:52,100.00%,1550,800,35,120,0.0,0,0,0,0,0,0,0,0,0,0,0,0,0,0,0,0,0,0,0,0,0,0,0,0,0,0,0,0,0,0.0,0.0,0.0,0.0,0.0
Reset,37,0,15,24/04/2026 13:17:23,100.00%,1620,1650,45,95,0.0,0,0,0,0,0,0,0,0,0,0,0,0,0,0,0,0,0,0,0,0,0,0,0,0,0,0,0,0,0,0.0,0.0,0.0,0.0,0.0
Reset,53,1,15,24/04/2026 13:14:16,93.33%,1600,1600,45,95,0.0,0,1,0,0,0,0,0,0,0,0,0,0,0,0,0,0,0,0,0,0,0,0,0,0,0,0,0,0,0,0.0,0.0,0.0,0.0,0.0
Reset,55,1,15,24/04/2026 13:10:21,93.33%,1600,1600,45,95,1.0,0,0,0,0,0,0,0,0,0,0,0,0,0,0,0,0,0,0,0,0,0,0,0,0,0,0,0,0,0,0.0,0.0,0.0,0.0,0.0
Reset,6,1,20,24/04/2026 12:58:49,95.00%,1750,800,45,120,0.0,0,0,0,0,0,0,0,0,0,0,0,0,0,0,0,1,0,0,0,0,0,0,0,0,0,0,0,0,0,0.0,0.0,0.0,0.0,0.0
Reset,3,0,20,24/04/2026 12:56:05,100.00%,1500,800,35,90,0.0,0,0,0,0,0,0,0,0,0,0,0,0,0,0,0,0,0,0,0,0,0,0,0,0,0,0,0,0,0,0.0,0.0,0.0,0.0,0.0
Reset,54,0,15,24/04/2026 12:52:09,100.00%,1600,1600,45,95,0.0,0,0,0,0,0,0,0,0,0,0,0,0,0,0,0,0,0,0,0,0,0,0,0,0,0,0,0,0,0,0.0,0.0,0.0,0.0,0.0
P10,134,6,40,24/04/2026 12:39:34,85.00%,2000,1880,45,50,3.0,0,3,0,0,0,0,0,0,0,0,0,0,0,0,0,0,0,0,0,0,0,0,0,0,0,0,0,0,0,0.0,0.0,0.0,0.0,0.0
P10,136,9,40,24/04/2026 12:38:07,77.50%,1950,2000,45,50,0.0,0,9,0,0,0,0,0,0,0,0,0,0,0,0,0,0,0,0,0,0,0,0,0,0,0,0,0,0,0,0.0,0.0,0.0,0.0,0.0
Reset,5,0,20,24/04/2026 12:24:43,100.00%,1500,800,35,110,0.0,0,0,0,0,0,0,0,0,0,0,0,0,0,0,0,0,0,0,0,0,0,0,0,0,0,0,0,0,0,0.0,0.0,0.0,0.0,0.0
Reset,10,0,20,24/04/2026 12:21:49,100.00%,1550,800,35,120,0.0,0,0,0,0,0,0,0,0,0,0,0,0,0,0,0,0,0,0,0,0,0,0,0,0,0,0,0,0,0,0.0,0.0,0.0,0.0,0.0
Reset,39,3,15,24/04/2026 12:17:19,80.00%,1600,1650,50,95,0.0,0,3,0,0,0,0,0,0,0,0,0,0,0,0,0,0,0,0,0,0,0,0,0,0,0,0,0,0,0,0.0,0.0,0.0,0.0,0.0
Reset,37,0,15,24/04/2026 12:14:46,100.00%,1620,1650,45,95,0.0,0,0,0,0,0,0,0,0,0,0,0,0,0,0,0,0,0,0,0,0,0,0,0,0,0,0,0,0,0,0.0,0.0,0.0,0.0,0.0
Reset,40,1,15,24/04/2026 12:09:17,93.33%,1600,1650,45,95,0.0,0,1,0,0,0,0,0,0,0,0,0,0,0,0,0,0,0,0,0,0,0,0,0,0,0,0,0,0,0,0.0,0.0,0.0,0.0,0.0
Reset,55,1,15,24/04/2026 12:05:07,93.33%,1600,1600,45,95,1.0,0,0,0,0,0,0,0,0,0,0,0,0,0,0,0,0,0,0,0,0,0,0,0,0,0,0,0,0,0,0.0,0.0,0.0,0.0,0.0
P10,131,2,40,24/04/2026 12:04:53,95.00%,1800,2000,45,60,1.0,0,1,0,0,0,0,0,0,0,0,0,0,0,0,0,0,0,0,0,0,0,0,0,0,0,0,0,0,0,0.0,0.0,0.0,0.0,0.0
P10,134,4,40,24/04/2026 11:06:07,90.00%,2000,1880,45,50,3.0,0,1,0,0,0,0,0,0,0,0,0,0,0,0,0,0,0,0,0,0,0,0,0,0,0,0,0,0,0,0.0,0.0,0.0,0.0,0.0
P10,133,5,40,24/04/2026 11:03:20,87.50%,1950,2000,45,50,0.0,0,5,0,0,0,0,0,0,0,0,0,0,0,0,0,0,0,0,0,0,0,0,0,0,0,0,0,0,0,0.0,0.0,0.0,0.0,0.0
Reset,54,0,15,24/04/2026 11:00:48,100.00%,1600,1600,45,95,0.0,0,0,0,0,0,0,0,0,0,0,0,0,0,0,0,0,0,0,0,0,0,0,0,0,0,0,0,0,0,0.0,0.0,0.0,0.0,0.0
Reset,3,2,20,24/04/2026 10:51:40,90.00%,1500,800,35,90,0.0,0,0,0,0,0,0,0,0,0,0,0,0,0,0,0,0,0,0,0,0,0,2,0,0,0,0,0,0,0,0.0,0.0,0.0,0.0,0.0
Reset,53,1,15,24/04/2026 10:45:56,93.33%,1600,1600,45,95,1.0,0,0,0,0,0,0,0,0,0,0,0,0,0,0,0,0,0,0,0,0,0,0,0,0,0,0,0,0,0,0.0,0.0,0.0,0.0,0.0
Reset,10,0,20,24/04/2026 10:19:52,100.00%,1550,800,35,120,0.0,0,0,0,0,0,0,0,0,0,0,0,0,0,0,0,0,0,0,0,0,0,0,0,0,0,0,0,0,0,0.0,0.0,0.0,0.0,0.0
Reset,40,1,15,24/04/2026 10:16:40,93.33%,1600,1650,45,95,0.0,0,1,0,0,0,0,0,0,0,0,0,0,0,0,0,0,0,0,0,0,0,0,0,0,0,0,0,0,0,0.0,0.0,0.0,0.0,0.0
Reset,55,1,15,24/04/2026 10:06:54,93.33%,1600,1600,45,95,0.0,0,0,0,0,0,0,0,0,0,0,0,0,1,0,0,0,0,0,0,0,0,0,0,0,0,0,0,0,0,0.0,0.0,0.0,0.0,0.0
Reset,8,2,20,24/04/2026 10:03:26,90.00%,1500,800,35,120,2.0,0,0,0,0,0,0,0,0,0,0,0,0,0,0,0,0,0,0,0,0,0,0,0,0,0,0,0,0,0,0.0,0.0,0.0,0.0,0.0
Reset,51,3,15,24/04/2026 10:00:51,80.00%,1600,1600,45,95,0.0,0,3,0,0,0,0,0,0,0,0,0,0,0,0,0,0,0,0,0,0,0,0,0,0,0,0,0,0,0,0.0,0.0,0.0,0.0,0.0
Reset,54,0,15,24/04/2026 09:59:52,100.00%,1600,1600,45,95,0.0,0,0,0,0,0,0,0,0,0,0,0,0,0,0,0,0,0,0,0,0,0,0,0,0,0,0,0,0,0,0.0,0.0,0.0,0.0,0.0
0,54,0,0,24/04/2026 09:53:43,0,0,0,0,0,0.0,0,0,0,0,0,0,0,0,0,0,0,0,0,0,0,0,0,0,0,0,0,0,0,0,0,0,0,0,0,0.0,0.0,0.0,0.0,0.0
Reset,5,0,20,24/04/2026 09:48:42,100.00%,1500,800,35,110,0.0,0,0,0,0,0,0,0,0,0,0,0,0,0,0,0,0,0,0,0,0,0,0,0,0,0,0,0,0,0,0.0,0.0,0.0,0.0,0.0
Reset,3,0,20,24/04/2026 09:42:53,100.00%,1500,800,35,90,0.0,0,0,0,0,0,0,0,0,0,0,0,0,0,0,0,0,0,0,0,0,0,0,0,0,0,0,0,0,0,0.0,0.0,0.0,0.0,0.0
Reset,10,0,20,24/04/2026 09:28:59,100.00%,1550,800,35,120,0.0,0,0,0,0,0,0,0,0,0,0,0,0,0,0,0,0,0,0,0,0,0,0,0,0,0,0,0,0,0,0.0,0.0,0.0,0.0,0.0
Reset,53,1,15,24/04/2026 09:25:52,93.33%,1600,1600,45,95,1.0,0,0,0,0,0,0,0,0,0,0,0,0,0,0,0,0,0,0,0,0,0,0,0,0,0,0,0,0,0,0.0,0.0,0.0,0.0,0.0
Reset,40,0,15,24/04/2026 09:16:07,100.00%,1600,1650,45,95,0.0,0,0,0,0,0,0,0,0,0,0,0,0,0,0,0,0,0,0,0,0,0,0,0,0,0,0,0,0,0,0.0,0.0,0.0,0.0,0.0
Reset,6,0,20,24/04/2026 09:11:23,100.00%,1750,800,45,120,0.0,0,0,0,0,0,0,0,0,0,0,0,0,0,0,0,0,0,0,0,0,0,0,0,0,0,0,0,0,0,0.0,0.0,0.0,0.0,0.0
Reset,37,2,15,24/04/2026 09:06:38,86.67%,1620,1650,45,95,1.0,0,1,0,0,0,0,0,0,0,0,0,0,0,0,0,0,0,0,0,0,0,0,0,0,0,0,0,0,0,0.0,0.0,0.0,0.0,0.0
Reset,5,1,20,24/04/2026 09:04:01,95.00%,1500,800,35,110,0.0,0,0,0,0,0,0,0,0,0,0,0,0,0,0,0,0,0,0,0,0,0,1,0,0,0,0,0,0,0,0.0,0.0,0.0,0.0,0.0
Reset,3,1,20,24/04/2026 09:00:21,95.00%,1500,800,35,90,0.0,0,0,0,0,0,0,0,0,0,0,0,0,0,0,0,0,0,0,0,0,0,0,0,0,0,0,1,0,0,0.0,0.0,0.0,0.0,0.0
Reset,39,2,15,24/04/2026 08:56:19,86.67%,1600,1650,50,95,0.0,0,2,0,0,0,0,0,0,0,0,0,0,0,0,0,0,0,0,0,0,0,0,0,0,0,0,0,0,0,0.0,0.0,0.0,0.0,0.0
Reset,10,0,20,24/04/2026 08:46:41,100.00%,1550,800,35,120,0.0,0,0,0,0,0,0,0,0,0,0,0,0,0,0,0,0,0,0,0,0,0,0,0,0,0,0,0,0,0,0.0,0.0,0.0,0.0,0.0
Reset,40,2,15,24/04/2026 08:43:35,86.67%,1600,1650,45,95,0.0,0,2,0,0,0,0,0,0,0,0,0,0,0,0,0,0,0,0,0,0,0,0,0,0,0,0,0,0,0,0.0,0.0,0.0,0.0,0.0
Reset,6,0,20,24/04/2026 08:29:25,100.00%,1750,800,45,120,0.0,0,0,0,0,0,0,0,0,0,0,0,0,0,0,0,0,0,0,0,0,0,0,0,0,0,0,0,0,0,0.0,0.0,0.0,0.0,0.0
Reset,37,2,15,24/04/2026 08:24:24,86.67%,1620,1650,45,95,0.0,0,1,0,0,0,0,0,0,0,0,0,0,0,0,0,0,0,0,0,0,0,0,0,1,0,0,0,0,0,0.0,0.0,0.0,0.0,0.0
Reset,3,0,20,24/04/2026 08:17:54,100.00%,1500,800,35,90,0.0,0,0,0,0,0,0,0,0,0,0,0,0,0,0,0,0,0,0,0,0,0,0,0,0,0,0,0,0,0,0.0,0.0,0.0,0.0,0.0
Reset,39,0,15,24/04/2026 08:12:45,100.00%,1600,1650,50,95,0.0,0,0,0,0,0,0,0,0,0,0,0,0,0,0,0,0,0,0,0,0,0,0,0,0,0,0,0,0,0,0.0,0.0,0.0,0.0,0.0
ROTOZIP,57,2,30,24/04/2026 08:09:18,93.33%,1530,800,50,100,2.0,0,0,0,0,0,0,0,0,0,0,0,0,0,0,0,0,0,0,0,0,0,0,0,0,0,0,0,0,0,0.0,0.0,0.0,0.0,0.0
Reset,40,0,15,24/04/2026 08:02:27,100.00%,1600,1650,45,95,0.0,0,0,0,0,0,0,0,0,0,0,0,0,0,0,0,0,0,0,0,0,0,0,0,0,0,0,0,0,0,0.0,0.0,0.0,0.0,0.0
Reset,8,4,20,24/04/2026 07:55:24,80.00%,1500,800,35,120,4.0,0,0,0,0,0,0,0,0,0,0,0,0,0,0,0,0,0,0,0,0,0,0,0,0,0,0,0,0,0,0.0,0.0,0.0,0.0,0.0
Reset,37,2,15,24/04/2026 07:51:41,86.67%,1620,1650,45,95,0.0,0,1,0,0,0,0,0,0,0,0,0,0,0,0,0,0,0,0,0,0,0,0,0,1,0,0,0,0,0,0.0,0.0,0.0,0.0,0.0
Reset,10,0,20,24/04/2026 07:44:34,100.00%,1550,800,35,120,0.0,0,0,0,0,0,0,0,0,0,0,0,0,0,0,0,0,0,0,0,0,0,0,0,0,0,0,0,0,0,0.0,0.0,0.0,0.0,0.0
Reset,39,3,15,24/04/2026 07:41:33,80.00%,1600,1650,50,95,2.0,0,1,0,0,0,0,0,0,0,0,0,0,0,0,0,0,0,0,0,0,0,0,0,0,0,0,0,0,0,0.0,0.0,0.0,0.0,0.0
Reset,3,1,20,24/04/2026 07:32:47,95.00%,1500,800,35,90,0.0,0,0,0,0,0,0,0,0,0,0,0,0,0,0,0,0,0,0,0,0,0,1,0,0,0,0,0,0,0,0.0,0.0,0.0,0.0,0.0
Reset,136,5,40,24/04/2026 07:28:04,87.50%,1950,2000,45,50,0.0,0,5,0,0,0,0,0,0,0,0,0,0,0,0,0,0,0,0,0,0,0,0,0,0,0,0,0,0,0,0.0,0.0,0.0,0.0,0.0
Reset,135,6,40,24/04/2026 07:25:44,85.00%,1950,2000,45,50,0.0,0,6,0,0,0,0,0,0,0,0,0,0,0,0,0,0,0,0,0,0,0,0,0,0,0,0,0,0,0,0.0,0.0,0.0,0.0,0.0
Reset,6,0,20,24/04/2026 07:24:18,100.00%,1750,800,45,120,0.0,0,0,0,0,0,0,0,0,0,0,0,0,0,0,0,0,0,0,0,0,0,0,0,0,0,0,0,0,0,0.0,0.0,0.0,0.0,0.0
Reset,40,2,15,24/04/2026 07:19:23,86.67%,1600,1650,45,95,0.0,0,2,0,0,0,0,0,0,0,0,0,0,0,0,0,0,0,0,0,0,0,0,0,0,0,0,0,0,0,0.0,0.0,0.0,0.0,0.0
Reset,7,2,20,24/04/2026 07:13:59,90.00%,1420,800,35,120,0.0,0,1,0,0,0,0,0,0,0,0,0,0,0,0,0,0,0,0,0,0,0,1,0,0,0,0,0,0,0,0.0,0.0,0.0,0.0,0.0
Reset,131,5,40,24/04/2026 07:11:08,87.50%,1800,2000,45,60,1.0,0,4,0,0,0,0,0,0,0,0,0,0,0,0,0,0,0,0,0,0,0,0,0,0,0,0,0,0,0,0.0,0.0,0.0,0.0,0.0
Reset,135,4,40,24/04/2026 07:10:24,90.00%,1950,2000,45,50,0.0,0,4,0,0,0,0,0,0,0,0,0,0,0,0,0,0,0,0,0,0,0,0,0,0,0,0,0,0,0,0.0,0.0,0.0,0.0,0.0
Reset,134,11,40,24/04/2026 07:09:35,72.50%,2000,1880,45,50,5.0,0,6,0,0,0,0,0,0,0,0,0,0,0,0,0,0,0,0,0,0,0,0,0,0,0,0,0,0,0,0.0,0.0,0.0,0.0,0.0
Reset,37,2,15,24/04/2026 07:07:54,86.67%,1620,1650,45,95,0.0,0,2,0,0,0,0,0,0,0,0,0,0,0,0,0,0,0,0,0,0,0,0,0,0,0,0,0,0,0,0.0,0.0,0.0,0.0,0.0
Reset,8,2,20,24/04/2026 07:04:16,90.00%,1500,800,35,120,2.0,0,0,0,0,0,0,0,0,0,0,0,0,0,0,0,0,0,0,0,0,0,0,0,0,0,0,0,0,0,0.0,0.0,0.0,0.0,0.0
Reset,39,2,15,24/04/2026 07:01:03,86.67%,1600,1650,50,95,0.0,0,2,0,0,0,0,0,0,0,0,0,0,0,0,0,0,0,0,0,0,0,0,0,0,0,0,0,0,0,0.0,0.0,0.0,0.0,0.0
Reset,5,1,20,24/04/2026 06:57:59,95.00%,1500,800,35,110,0.0,0,0,0,0,0,0,0,0,0,0,0,0,0,0,0,0,0,0,0,0,0,1,0,0,0,0,0,0,0,0.0,0.0,0.0,0.0,0.0
Reset,132,3,40,24/04/2026 06:55:30,92.50%,1950,2000,45,50,0.0,0,3,0,0,0,0,0,0,0,0,0,0,0,0,0,0,0,0,0,0,0,0,0,0,0,0,0,0,0,0.0,0.0,0.0,0.0,0.0
Reset,10,1,20,24/04/2026 06:55:19,95.00%,1550,800,35,120,0.0,0,0,0,0,0,0,0,0,0,0,0,0,0,0,0,0,0,0,0,0,0,1,0,0,0,0,0,0,0,0.0,0.0,0.0,0.0,0.0
Reset,3,0,20,24/04/2026 06:53:35,100.00%,1500,800,35,90,0.0,0,0,0,0,0,0,0,0,0,0,0,0,0,0,0,0,0,0,0,0,0,0,0,0,0,0,0,0,0,0.0,0.0,0.0,0.0,0.0
Reset,136,5,40,24/04/2026 06:51:21,87.50%,1950,2000,45,50,1.0,0,4,0,0,0,0,0,0,0,0,0,0,0,0,0,0,0,0,0,0,0,0,0,0,0,0,0,0,0,0.0,0.0,0.0,0.0,0.0
Reset,132,2,40,24/04/2026 06:45:04,95.00%,1950,2000,45,50,0.0,0,2,0,0,0,0,0,0,0,0,0,0,0,0,0,0,0,0,0,0,0,0,0,0,0,0,0,0,0,0.0,0.0,0.0,0.0,0.0
ROTOZIP,56,1,30,24/04/2026 06:43:59,96.67%,1530,800,50,100,0.0,0,0,0,0,0,0,0,0,0,0,0,0,0,0,0,1,0,0,0,0,0,0,0,0,0,0,0,0,0,0.0,0.0,0.0,0.0,0.0
Reset,133,6,40,24/04/2026 06:43:10,85.00%,1950,2000,45,50,0.0,0,6,0,0,0,0,0,0,0,0,0,0,0,0,0,0,0,0,0,0,0,0,0,0,0,0,0,0,0,0.0,0.0,0.0,0.0,0.0
Reset,134,3,40,24/04/2026 06:36:46,92.50%,2000,1880,45,50,0.0,0,3,0,0,0,0,0,0,0,0,0,0,0,0,0,0,0,0,0,0,0,0,0,0,0,0,0,0,0,0.0,0.0,0.0,0.0,0.0
Reset,6,0,20,24/04/2026 06:34:34,100.00%,1750,800,45,120,0.0,0,0,0,0,0,0,0,0,0,0,0,0,0,0,0,0,0,0,0,0,0,0,0,0,0,0,0,0,0,0.0,0.0,0.0,0.0,0.0
Reset,133,3,40,24/04/2026 06:29:16,92.50%,1950,2000,45,50,0.0,0,3,0,0,0,0,0,0,0,0,0,0,0,0,0,0,0,0,0,0,0,0,0,0,0,0,0,0,0,0.0,0.0,0.0,0.0,0.0
Reset,131,2,40,24/04/2026 06:27:36,95.00%,1800,2000,45,60,1.0,0,1,0,0,0,0,0,0,0,0,0,0,0,0,0,0,0,0,0,0,0,0,0,0,0,0,0,0,0,0.0,0.0,0.0,0.0,0.0
Reset,5,0,20,23/04/2026 23:04:05,100.00%,1500,800,35,110,0.0,0,0,0,0,0,0,0,0,0,0,0,0,0,0,0,0,0,0,0,0,0,0,0,0,0,0,0,0,0,0.0,0.0,0.0,0.0,0.0
Reset,10,0,20,23/04/2026 22:53:43,100.00%,1550,800,35,120,0.0,0,0,0,0,0,0,0,0,0,0,0,0,0,0,0,0,0,0,0,0,0,0,0,0,0,0,0,0,0,0.0,0.0,0.0,0.0,0.0
Reset,2,1,20,23/04/2026 22:39:56,95.00%,1750,800,45,110,0.0,0,0,0,0,0,0,0,0,0,0,0,0,0,0,0,0,0,0,0,0,0,1,0,0,0,0,0,0,0,0.0,0.0,0.0,0.0,0.0
ROTOZIP,56,0,30,23/04/2026 22:28:03,100.00%,1530,800,50,100,0.0,0,0,0,0,0,0,0,0,0,0,0,0,0,0,0,0,0,0,0,0,0,0,0,0,0,0,0,0,0,0.0,0.0,0.0,0.0,0.0
Reset,5,0,20,23/04/2026 22:23:49,100.00%,1500,800,35,110,0.0,0,0,0,0,0,0,0,0,0,0,0,0,0,0,0,0,0,0,0,0,0,0,0,0,0,0,0,0,0,0.0,0.0,0.0,0.0,0.0
Reset,3,0,20,23/04/2026 22:18:55,100.00%,1500,800,35,90,0.0,0,0,0,0,0,0,0,0,0,0,0,0,0,0,0,0,0,0,0,0,0,0,0,0,0,0,0,0,0,0.0,0.0,0.0,0.0,0.0
Reset,132,3,40,23/04/2026 22:16:11,92.50%,1950,2000,45,50,0.0,0,3,0,0,0,0,0,0,0,0,0,0,0,0,0,0,0,0,0,0,0,0,0,0,0,0,0,0,0,0.0,0.0,0.0,0.0,0.0
Reset,135,5,40,23/04/2026 22:10:26,87.50%,1950,2000,45,50,0.0,0,5,0,0,0,0,0,0,0,0,0,0,0,0,0,0,0,0,0,0,0,0,0,0,0,0,0,0,0,0.0,0.0,0.0,0.0,0.0
Reset,6,0,20,23/04/2026 22:05:35,100.00%,1750,800,45,120,0.0,0,0,0,0,0,0,0,0,0,0,0,0,0,0,0,0,0,0,0,0,0,0,0,0,0,0,0,0,0,0.0,0.0,0.0,0.0,0.0
Reset,134,4,40,23/04/2026 22:05:06,90.00%,2000,1880,45,50,0.0,0,4,0,0,0,0,0,0,0,0,0,0,0,0,0,0,0,0,0,0,0,0,0,0,0,0,0,0,0,0.0,0.0,0.0,0.0,0.0
Reset,10,1,20,23/04/2026 21:54:54,95.00%,1550,800,35,120,0.0,0,0,0,0,0,0,0,0,0,0,0,0,0,0,0,0,0,0,0,0,0,1,0,0,0,0,0,0,0,0.0,0.0,0.0,0.0,0.0
Reset,136,3,40,23/04/2026 21:51:14,92.50%,1950,2000,45,50,0.0,0,2,0,0,0,0,0,0,1,0,0,0,0,0,0,0,0,0,0,0,0,0,0,0,0,0,0,0,0,0.0,0.0,0.0,0.0,0.0
Reset,5,2,20,23/04/2026 21:45:12,90.00%,1500,800,35,110,0.0,0,0,0,0,0,0,0,0,0,0,0,0,0,0,0,0,0,0,0,0,0,2,0,0,0,0,0,0,0,0.0,0.0,0.0,0.0,0.0
Reset,135,2,40,23/04/2026 21:42:34,95.00%,1950,2000,45,50,0.0,0,2,0,0,0,0,0,0,0,0,0,0,0,0,0,0,0,0,0,0,0,0,0,0,0,0,0,0,0,0.0,0.0,0.0,0.0,0.0
Reset,134,7,40,23/04/2026 21:40:03,82.50%,2000,1880,45,50,5.0,0,2,0,0,0,0,0,0,0,0,0,0,0,0,0,0,0,0,0,0,0,0,0,0,0,0,0,0,0,0.0,0.0,0.0,0.0,0.0
Reset,7,1,20,23/04/2026 21:35:16,95.00%,1420,800,35,120,0.0,0,0,0,0,0,0,0,0,0,0,0,0,0,0,0,0,0,0,0,0,0,1,0,0,0,0,0,0,0,0.0,0.0,0.0,0.0,0.0
Reset,73,2,20,23/04/2026 21:29:58,90.00%,1400,800,50,120,0.0,0,0,0,0,1,0,0,0,0,0,0,0,0,0,0,0,0,0,0,0,0,1,0,0,0,0,0,0,0,0.0,0.0,0.0,0.0,0.0
Reset,131,2,40,23/04/2026 21:23:06,95.00%,1800,2000,45,60,0.0,0,2,0,0,0,0,0,0,0,0,0,0,0,0,0,0,0,0,0,0,0,0,0,0,0,0,0,0,0,0.0,0.0,0.0,0.0,0.0
Reset,6,1,20,23/04/2026 21:22:38,95.00%,1750,800,45,120,0.0,0,0,0,0,0,0,0,0,0,0,0,0,0,0,0,0,0,0,0,0,1,0,0,0,0,0,0,0,0,0.0,0.0,0.0,0.0,0.0
Reset,3,0,20,23/04/2026 21:19:14,100.00%,1500,800,35,90,0.0,0,0,0,0,0,0,0,0,0,0,0,0,0,0,0,0,0,0,0,0,0,0,0,0,0,0,0,0,0,0.0,0.0,0.0,0.0,0.0
Reset,132,5,40,23/04/2026 21:13:45,87.50%,1950,2000,45,50,0.0,0,5,0,0,0,0,0,0,0,0,0,0,0,0,0,0,0,0,0,0,0,0,0,0,0,0,0,0,0,0.0,0.0,0.0,0.0,0.0
Reset,10,0,20,23/04/2026 21:11:48,100.00%,1550,800,35,120,0.0,0,0,0,0,0,0,0,0,0,0,0,0,0,0,0,0,0,0,0,0,0,0,0,0,0,0,0,0,0,0.0,0.0,0.0,0.0,0.0
Reset,136,3,40,23/04/2026 21:10:33,92.50%,1950,2000,45,50,0.0,0,3,0,0,0,0,0,0,0,0,0,0,0,0,0,0,0,0,0,0,0,0,0,0,0,0,0,0,0,0.0,0.0,0.0,0.0,0.0
Reset,135,3,40,23/04/2026 21:08:55,92.50%,1950,2000,45,50,0.0,0,3,0,0,0,0,0,0,0,0,0,0,0,0,0,0,0,0,0,0,0,0,0,0,0,0,0,0,0,0.0,0.0,0.0,0.0,0.0
Reset,133,5,40,23/04/2026 21:06:52,87.50%,1950,2000,45,50,0.0,0,5,0,0,0,0,0,0,0,0,0,0,0,0,0,0,0,0,0,0,0,0,0,0,0,0,0,0,0,0.0,0.0,0.0,0.0,0.0
Reset,5,1,20,23/04/2026 20:59:37,95.00%,1500,800,35,110,0.0,0,0,0,0,0,0,0,0,0,0,0,0,0,0,0,0,0,0,0,0,0,1,0,0,0,0,0,0,0,0.0,0.0,0.0,0.0,0.0
ROTOZIP,57,0,30,23/04/2026 20:55:30,100.00%,1530,800,50,100,0.0,0,0,0,0,0,0,0,0,0,0,0,0,0,0,0,0,0,0,0,0,0,0,0,0,0,0,0,0,0,0.0,0.0,0.0,0.0,0.0
Reset,6,0,20,23/04/2026 20:47:39,100.00%,1750,800,45,120,0.0,0,0,0,0,0,0,0,0,0,0,0,0,0,0,0,0,0,0,0,0,0,0,0,0,0,0,0,0,0,0.0,0.0,0.0,0.0,0.0
Reset,3,1,20,23/04/2026 20:39:33,95.00%,1500,800,35,90,0.0,0,0,0,0,0,0,0,0,0,0,0,0,0,0,0,0,0,0,0,0,0,1,0,0,0,0,0,0,0,0.0,0.0,0.0,0.0,0.0
ROTOZIP,57,3,30,23/04/2026 20:37:49,90.00%,1530,800,50,100,3.0,0,0,0,0,0,0,0,0,0,0,0,0,0,0,0,0,0,0,0,0,0,0,0,0,0,0,0,0,0,0.0,0.0,0.0,0.0,0.0
Reset,2,6,20,23/04/2026 20:36:38,70.00%,1750,800,45,110,0.0,2,0,0,0,0,0,0,0,0,0,0,0,0,3,0,0,0,0,0,0,0,1,0,0,0,0,0,0,0,0.0,0.0,0.0,0.0,0.0
Reset,135,2,40,23/04/2026 20:17:43,95.00%,1950,2000,45,50,0.0,0,2,0,0,0,0,0,0,0,0,0,0,0,0,0,0,0,0,0,0,0,0,0,0,0,0,0,0,0,0.0,0.0,0.0,0.0,0.0
Reset,132,3,40,23/04/2026 20:15:50,92.50%,1950,2000,45,50,0.0,0,3,0,0,0,0,0,0,0,0,0,0,0,0,0,0,0,0,0,0,0,0,0,0,0,0,0,0,0,0.0,0.0,0.0,0.0,0.0
Reset,136,3,40,23/04/2026 20:13:35,92.50%,1950,2000,45,50,0.0,0,3,0,0,0,0,0,0,0,0,0,0,0,0,0,0,0,0,0,0,0,0,0,0,0,0,0,0,0,0.0,0.0,0.0,0.0,0.0
Reset,133,8,40,23/04/2026 20:12:14,80.00%,1950,2000,45,50,5.0,0,3,0,0,0,0,0,0,0,0,0,0,0,0,0,0,0,0,0,0,0,0,0,0,0,0,0,0,0,0.0,0.0,0.0,0.0,0.0
Reset,131,3,40,23/04/2026 20:10:35,92.50%,1800,2000,45,60,0.0,0,3,0,0,0,0,0,0,0,0,0,0,0,0,0,0,0,0,0,0,0,0,0,0,0,0,0,0,0,0.0,0.0,0.0,0.0,0.0
Reset,6,0,20,23/04/2026 20:06:54,100.00%,1750,800,45,120,0.0,0,0,0,0,0,0,0,0,0,0,0,0,0,0,0,0,0,0,0,0,0,0,0,0,0,0,0,0,0,0.0,0.0,0.0,0.0,0.0
Reset,132,7,40,23/04/2026 20:04:21,82.50%,1950,2000,45,50,0.0,0,7,0,0,0,0,0,0,0,0,0,0,0,0,0,0,0,0,0,0,0,0,0,0,0,0,0,0,0,0.0,0.0,0.0,0.0,0.0
ROTOZIP,56,0,30,23/04/2026 20:01:28,100.00%,1530,800,50,100,0.0,0,0,0,0,0,0,0,0,0,0,0,0,0,0,0,0,0,0,0,0,0,0,0,0,0,0,0,0,0,0.0,0.0,0.0,0.0,0.0
Reset,3,1,20,23/04/2026 19:54:11,95.00%,1500,800,35,90,0.0,0,0,0,0,0,0,0,0,0,0,0,0,0,0,0,0,0,0,0,0,0,1,0,0,0,0,0,0,0,0.0,0.0,0.0,0.0,0.0
Reset,2,0,20,23/04/2026 19:31:54,100.00%,1750,800,45,110,0.0,0,0,0,0,0,0,0,0,0,0,0,0,0,0,0,0,0,0,0,0,0,0,0,0,0,0,0,0,0,0.0,0.0,0.0,0.0,0.0
Reset,10,0,20,23/04/2026 19:18:38,100.00%,1550,800,35,120,0.0,0,0,0,0,0,0,0,0,0,0,0,0,0,0,0,0,0,0,0,0,0,0,0,0,0,0,0,0,0,0.0,0.0,0.0,0.0,0.0
Reset,6,0,20,23/04/2026 19:16:21,100.00%,1750,800,45,120,0.0,0,0,0,0,0,0,0,0,0,0,0,0,0,0,0,0,0,0,0,0,0,0,0,0,0,0,0,0,0,0.0,0.0,0.0,0.0,0.0
Reset,136,5,40,23/04/2026 19:14:43,87.50%,1950,2000,45,50,0.0,0,5,0,0,0,0,0,0,0,0,0,0,0,0,0,0,0,0,0,0,0,0,0,0,0,0,0,0,0,0.0,0.0,0.0,0.0,0.0
Reset,5,0,20,23/04/2026 19:13:38,100.00%,1500,800,35,110,0.0,0,0,0,0,0,0,0,0,0,0,0,0,0,0,0,0,0,0,0,0,0,0,0,0,0,0,0,0,0,0.0,0.0,0.0,0.0,0.0
Reset,134,7,40,23/04/2026 19:08:56,82.50%,2000,1880,45,50,3.0,0,4,0,0,0,0,0,0,0,0,0,0,0,0,0,0,0,0,0,0,0,0,0,0,0,0,0,0,0,0.0,0.0,0.0,0.0,0.0
ROTOZIP,57,0,30,23/04/2026 19:05:42,100.00%,1530,800,50,100,0.0,0,0,0,0,0,0,0,0,0,0,0,0,0,0,0,0,0,0,0,0,0,0,0,0,0,0,0,0,0,0.0,0.0,0.0,0.0,0.0
ROTOZIP,57,3,30,23/04/2026 19:02:49,90.00%,1530,800,50,100,3.0,0,0,0,0,0,0,0,0,0,0,0,0,0,0,0,0,0,0,0,0,0,0,0,0,0,0,0,0,0,0.0,0.0,0.0,0.0,0.0
Reset,8,5,20,23/04/2026 18:53:46,75.00%,1500,800,35,120,4.0,0,0,0,0,0,0,0,0,0,0,0,0,0,0,0,0,0,0,0,0,0,1,0,0,0,0,0,0,0,0.0,0.0,0.0,0.0,0.0
Reset,135,6,40,23/04/2026 18:27:27,85.00%,1950,2000,45,50,0.0,0,6,0,0,0,0,0,0,0,0,0,0,0,0,0,0,0,0,0,0,0,0,0,0,0,0,0,0,0,0.0,0.0,0.0,0.0,0.0
Reset,133,5,40,23/04/2026 18:25:48,87.50%,1950,2000,45,50,0.0,0,5,0,0,0,0,0,0,0,0,0,0,0,0,0,0,0,0,0,0,0,0,0,0,0,0,0,0,0,0.0,0.0,0.0,0.0,0.0
Reset,131,9,40,23/04/2026 18:21:31,77.50%,1800,2000,45,60,4.0,0,5,0,0,0,0,0,0,0,0,0,0,0,0,0,0,0,0,0,0,0,0,0,0,0,0,0,0,0,0.0,0.0,0.0,0.0,0.0
Reset,7,0,20,23/04/2026 17:58:45,100.00%,1420,800,35,120,0.0,0,0,0,0,0,0,0,0,0,0,0,0,0,0,0,0,0,0,0,0,0,0,0,0,0,0,0,0,0,0.0,0.0,0.0,0.0,0.0
Reset,3,1,20,23/04/2026 17:54:47,95.00%,1500,800,35,90,0.0,0,0,0,0,0,0,0,0,0,0,0,0,0,0,0,0,0,0,0,0,0,1,0,0,0,0,0,0,0,0.0,0.0,0.0,0.0,0.0
Reset,2,20,20,23/04/2026 17:47:52,0,1750,800,45,110,0.0,0,0,0,0,0,0,0,0,0,0,0,0,0,0,0,20,0,0,0,0,0,0,0,0,0,0,0,0,0,0.0,0.0,0.0,0.0,0.0
Reset,10,0,20,23/04/2026 17:45:05,100.00%,1550,800,35,120,0.0,0,0,0,0,0,0,0,0,0,0,0,0,0,0,0,0,0,0,0,0,0,0,0,0,0,0,0,0,0,0.0,0.0,0.0,0.0,0.0
Reset,132,4,40,23/04/2026 17:40:45,90.00%,1950,2000,45,50,0.0,0,4,0,0,0,0,0,0,0,0,0,0,0,0,0,0,0,0,0,0,0,0,0,0,0,0,0,0,0,0.0,0.0,0.0,0.0,0.0
Reset,6,0,20,23/04/2026 17:38:57,100.00%,1750,800,45,120,0.0,0,0,0,0,0,0,0,0,0,0,0,0,0,0,0,0,0,0,0,0,0,0,0,0,0,0,0,0,0,0.0,0.0,0.0,0.0,0.0
Reset,5,0,20,23/04/2026 17:36:42,100.00%,1500,800,35,110,0.0,0,0,0,0,0,0,0,0,0,0,0,0,0,0,0,0,0,0,0,0,0,0,0,0,0,0,0,0,0,0.0,0.0,0.0,0.0,0.0
Reset,133,7,40,23/04/2026 17:34:05,82.50%,1950,2000,45,50,0.0,0,7,0,0,0,0,0,0,0,0,0,0,0,0,0,0,0,0,0,0,0,0,0,0,0,0,0,0,0,0.0,0.0,0.0,0.0,0.0
Reset,135,5,40,23/04/2026 17:29:24,87.50%,1950,2000,45,50,0.0,0,5,0,0,0,0,0,0,0,0,0,0,0,0,0,0,0,0,0,0,0,0,0,0,0,0,0,0,0,0.0,0.0,0.0,0.0,0.0
Reset,134,8,40,23/04/2026 17:26:12,80.00%,2000,1880,45,50,3.0,0,5,0,0,0,0,0,0,0,0,0,0,0,0,0,0,0,0,0,0,0,0,0,0,0,0,0,0,0,0.0,0.0,0.0,0.0,0.0
ROTOZIP,56,5,30,23/04/2026 17:08:23,83.33%,1530,800,50,100,4.0,0,0,0,0,0,0,0,0,0,0,0,0,0,0,0,0,0,0,0,0,0,1,0,0,0,0,0,0,0,0.0,0.0,0.0,0.0,0.0
Reset,3,0,20,23/04/2026 17:06:01,100.00%,1500,800,35,90,0.0,0,0,0,0,0,0,0,0,0,0,0,0,0,0,0,0,0,0,0,0,0,0,0,0,0,0,0,0,0,0.0,0.0,0.0,0.0,0.0
Reset,10,0,20,23/04/2026 16:58:59,100.00%,1550,800,35,120,0.0,0,0,0,0,0,0,0,0,0,0,0,0,0,0,0,0,0,0,0,0,0,0,0,0,0,0,0,0,0,0.0,0.0,0.0,0.0,0.0
Reset,7,3,20,23/04/2026 16:54:55,85.00%,1420,800,35,120,0.0,0,0,0,0,0,0,0,0,0,0,0,0,0,0,0,0,1,0,0,0,1,1,0,0,0,0,0,0,0,0.0,0.0,0.0,0.0,0.0
Reset,131,7,40,23/04/2026 16:44:19,82.50%,1800,2000,45,60,4.0,0,3,0,0,0,0,0,0,0,0,0,0,0,0,0,0,0,0,0,0,0,0,0,0,0,0,0,0,0,0.0,0.0,0.0,0.0,0.0
Reset,73,1,20,23/04/2026 16:35:07,95.00%,1400,800,50,120,0.0,0,0,0,0,1,0,0,0,0,0,0,0,0,0,0,0,0,0,0,0,0,0,0,0,0,0,0,0,0,0.0,0.0,0.0,0.0,0.0
Reset,132,6,40,23/04/2026 16:31:01,85.00%,1950,2000,45,50,0.0,0,3,0,0,0,0,0,0,0,0,0,0,0,3,0,0,0,0,0,0,0,0,0,0,0,0,0,0,0,0.0,0.0,0.0,0.0,0.0
Reset,136,4,40,23/04/2026 16:27:09,90.00%,1950,2000,45,50,0.0,0,0,0,0,0,0,0,0,0,0,0,0,0,4,0,0,0,0,0,0,0,0,0,0,0,0,0,0,0,0.0,0.0,0.0,0.0,0.0
Reset,5,2,20,23/04/2026 16:19:38,90.00%,1500,800,35,110,0.0,0,0,0,0,0,0,0,0,0,0,0,0,0,0,0,0,1,0,0,0,0,1,0,0,0,0,0,0,0,0.0,0.0,0.0,0.0,0.0
Reset,6,0,20,23/04/2026 16:16:47,100.00%,1750,800,45,120,0.0,0,0,0,0,0,0,0,0,0,0,0,0,0,0,0,0,0,0,0,0,0,0,0,0,0,0,0,0,0,0.0,0.0,0.0,0.0,0.0
Reset,134,19,40,23/04/2026 16:10:23,52.50%,2000,1880,45,50,0.0,0,5,0,0,0,0,0,0,0,0,0,0,0,14,0,0,0,0,0,0,0,0,0,0,0,0,0,0,0,0.0,0.0,0.0,0.0,0.0
Reset,10,1,20,23/04/2026 16:10:02,95.00%,1550,800,35,120,0.0,0,0,0,0,0,0,0,0,0,0,0,0,0,0,0,0,0,0,0,0,0,1,0,0,0,0,0,0,0,0.0,0.0,0.0,0.0,0.0
Reset,3,0,20,23/04/2026 16:07:17,100.00%,1500,800,35,90,0.0,0,0,0,0,0,0,0,0,0,0,0,0,0,0,0,0,0,0,0,0,0,0,0,0,0,0,0,0,0,0.0,0.0,0.0,0.0,0.0
Reset,131,8,40,23/04/2026 16:06:33,80.00%,1800,2000,45,60,0.0,0,2,0,0,0,0,0,0,0,0,0,0,0,6,0,0,0,0,0,0,0,0,0,0,0,0,0,0,0,0.0,0.0,0.0,0.0,0.0
Reset,131,17,40,23/04/2026 16:03:05,57.50%,1800,2000,45,60,0.0,0,8,0,0,0,0,0,0,0,0,0,0,0,9,0,0,0,0,0,0,0,0,0,0,0,0,0,0,0,0.0,0.0,0.0,0.0,0.0
Reset,131,7,40,23/04/2026 16:00:03,82.50%,1800,2000,45,60,0.0,0,3,0,0,0,0,0,0,0,0,0,0,0,4,0,0,0,0,0,0,0,0,0,0,0,0,0,0,0,0.0,0.0,0.0,0.0,0.0
ROTOZIP,56,0,30,23/04/2026 15:56:38,100.00%,1530,800,50,100,0.0,0,0,0,0,0,0,0,0,0,0,0,0,0,0,0,0,0,0,0,0,0,0,0,0,0,0,0,0,0,0.0,0.0,0.0,0.0,0.0
Reset,5,20,20,23/04/2026 15:54:46,0,1500,800,35,110,0.0,0,0,0,0,0,0,0,0,0,0,0,0,0,0,0,0,0,0,0,0,0,0,0,0,0,0,0,0,0,20.0,0.0,0.0,0.0,0.0
Reset,7,0,20,23/04/2026 15:53:00,100.00%,1420,800,35,120,0.0,0,0,0,0,0,0,0,0,0,0,0,0,0,0,0,0,0,0,0,0,0,0,0,0,0,0,0,0,0,0.0,0.0,0.0,0.0,0.0
ROTOZIP,57,9,30,23/04/2026 15:15:14,100.00%,1530,800,50,100,5.0,0,0,0,0,0,0,0,0,4,0,0,0,0,0,0,0,0,0,0,0,0,0,0,0,0,0,0,0,0,0.0,0.0,0.0,0.0,0.0
Reset,10,0,20,23/04/2026 14:53:51,100.00%,1550,800,35,120,0.0,0,0,0,0,0,0,0,0,0,0,0,0,0,0,0,0,0,0,0,0,0,0,0,0,0,0,0,0,0,0.0,0.0,0.0,0.0,0.0
Reset,6,3,20,23/04/2026 14:48:27,85.00%,1750,800,45,120,0.0,0,0,0,0,0,0,0,0,0,0,0,0,0,0,0,3,0,0,0,0,0,0,0,0,0,0,0,0,0,0.0,0.0,0.0,0.0,0.0
ROTOZIP,56,2,30,23/04/2026 14:45:26,93.33%,1530,800,50,100,2.0,0,0,0,0,0,0,0,0,0,0,0,0,0,0,0,0,0,0,0,0,0,0,0,0,0,0,0,0,0,0.0,0.0,0.0,0.0,0.0
Reset,3,0,20,23/04/2026 14:32:26,100.00%,1500,800,35,90,0.0,0,0,0,0,0,0,0,0,0,0,0,0,0,0,0,0,0,0,0,0,0,0,0,0,0,0,0,0,0,0.0,0.0,0.0,0.0,0.0
Reset,5,1,20,23/04/2026 14:29:29,95.00%,1500,800,35,110,0.0,0,0,0,0,0,0,0,0,0,0,0,0,0,0,0,0,0,0,0,0,0,1,0,0,0,0,0,0,0,0.0,0.0,0.0,0.0,0.0
Reset,10,0,20,23/04/2026 14:15:18,100.00%,1550,800,35,120,0.0,0,0,0,0,0,0,0,0,0,0,0,0,0,0,0,0,0,0,0,0,0,0,0,0,0,0,0,0,0,0.0,0.0,0.0,0.0,0.0
Reset,6,0,20,23/04/2026 14:03:38,100.00%,1750,800,45,120,0.0,0,0,0,0,0,0,0,0,0,0,0,0,0,0,0,0,0,0,0,0,0,0,0,0,0,0,0,0,0,0.0,0.0,0.0,0.0,0.0
Reset,2,2,20,23/04/2026 13:55:11,90.00%,1750,800,45,110,2.0,0,0,0,0,0,0,0,0,0,0,0,0,0,0,0,0,0,0,0,0,0,0,0,0,0,0,0,0,0,0.0,0.0,0.0,0.0,0.0
Reset,7,1,20,23/04/2026 13:51:49,95.00%,1420,800,35,120,0.0,0,0,0,0,0,0,0,0,0,0,0,0,0,0,0,0,0,0,0,0,0,1,0,0,0,0,0,0,0,0.0,0.0,0.0,0.0,0.0
Reset,3,0,20,23/04/2026 13:42:58,100.00%,1500,800,35,90,0.0,0,0,0,0,0,0,0,0,0,0,0,0,0,0,0,0,0,0,0,0,0,0,0,0,0,0,0,0,0,0.0,0.0,0.0,0.0,0.0
Reset,10,0,20,23/04/2026 13:40:12,100.00%,1550,800,35,120,0.0,0,0,0,0,0,0,0,0,0,0,0,0,0,0,0,0,0,0,0,0,0,0,0,0,0,0,0,0,0,0.0,0.0,0.0,0.0,0.0
Reset,5,0,20,23/04/2026 13:36:36,100.00%,1500,800,35,110,0.0,0,0,0,0,0,0,0,0,0,0,0,0,0,0,0,0,0,0,0,0,0,0,0,0,0,0,0,0,0,0.0,0.0,0.0,0.0,0.0
Reset,2,1,20,23/04/2026 13:25:28,95.00%,1750,800,45,110,0.0,0,0,0,0,0,0,0,0,0,0,0,0,0,0,0,0,0,0,0,0,1,0,0,0,0,0,0,0,0,0.0,0.0,0.0,0.0,0.0
Reset,6,0,20,23/04/2026 13:18:30,100.00%,1750,800,45,120,0.0,0,0,0,0,0,0,0,0,0,0,0,0,0,0,0,0,0,0,0,0,0,0,0,0,0,0,0,0,0,0.0,0.0,0.0,0.0,0.0
ROTOZIP,57,1,30,23/04/2026 13:15:17,96.67%,1530,800,50,100,0.0,0,0,0,0,0,0,0,0,0,0,0,1,0,0,0,0,0,0,0,0,0,0,0,0,0,0,0,0,0,0.0,0.0,0.0,0.0,0.0
Reset,7,0,20,23/04/2026 13:09:52,100.00%,1420,800,35,120,0.0,0,0,0,0,0,0,0,0,0,0,0,0,0,0,0,0,0,0,0,0,0,0,0,0,0,0,0,0,0,0.0,0.0,0.0,0.0,0.0
ROTOZIP,56,1,30,23/04/2026 13:06:31,96.67%,1530,800,50,100,1.0,0,0,0,0,0,0,0,0,0,0,0,0,0,0,0,0,0,0,0,0,0,0,0,0,0,0,0,0,0,0.0,0.0,0.0,0.0,0.0
Reset,3,0,20,23/04/2026 13:01:06,100.00%,1500,800,35,90,0.0,0,0,0,0,0,0,0,0,0,0,0,0,0,0,0,0,0,0,0,0,0,0,0,0,0,0,0,0,0,0.0,0.0,0.0,0.0,0.0
Reset,10,0,20,23/04/2026 12:57:59,100.00%,1550,800,35,120,0.0,0,0,0,0,0,0,0,0,0,0,0,0,0,0,0,0,0,0,0,0,0,0,0,0,0,0,0,0,0,0.0,0.0,0.0,0.0,0.0
Reset,5,1,20,23/04/2026 12:54:31,95.00%,1500,800,35,110,0.0,0,0,0,0,0,0,0,0,0,0,0,0,0,0,0,0,0,0,0,0,0,1,0,0,0,0,0,0,0,0.0,0.0,0.0,0.0,0.0
Reset,6,1,20,23/04/2026 12:48:28,95.00%,1750,800,45,120,0.0,0,0,0,0,0,0,0,0,0,0,0,0,0,0,0,0,0,0,0,0,0,1,0,0,0,0,0,0,0,0.0,0.0,0.0,0.0,0.0
Reset,2,3,20,23/04/2026 12:40:39,85.00%,1750,800,45,110,0.0,0,0,0,0,0,0,0,0,0,0,0,0,0,0,0,0,0,0,0,0,0,3,0,0,0,0,0,0,0,0.0,0.0,0.0,0.0,0.0
Reset,7,0,20,23/04/2026 12:26:33,100.00%,1420,800,35,120,0.0,0,0,0,0,0,0,0,0,0,0,0,0,0,0,0,0,0,0,0,0,0,0,0,0,0,0,0,0,0,0.0,0.0,0.0,0.0,0.0
Reset,3,0,20,23/04/2026 12:23:20,100.00%,1500,800,35,90,0.0,0,0,0,0,0,0,0,0,0,0,0,0,0,0,0,0,0,0,0,0,0,0,0,0,0,0,0,0,0,0.0,0.0,0.0,0.0,0.0
Reset,10,0,20,23/04/2026 12:20:52,100.00%,1550,800,35,120,0.0,0,0,0,0,0,0,0,0,0,0,0,0,0,0,0,0,0,0,0,0,0,0,0,0,0,0,0,0,0,0.0,0.0,0.0,0.0,0.0
Reset,5,0,20,23/04/2026 12:17:24,100.00%,1500,800,35,110,0.0,0,0,0,0,0,0,0,0,0,0,0,0,0,0,0,0,0,0,0,0,0,0,0,0,0,0,0,0,0,0.0,0.0,0.0,0.0,0.0
ROTOZIP,57,3,30,23/04/2026 12:11:09,90.00%,1530,800,50,100,3.0,0,0,0,0,0,0,0,0,0,0,0,0,0,0,0,0,0,0,0,0,0,0,0,0,0,0,0,0,0,0.0,0.0,0.0,0.0,0.0
Reset,2,2,20,23/04/2026 12:04:52,90.00%,1750,800,45,110,2.0,0,0,0,0,0,0,0,0,0,0,0,0,0,0,0,0,0,0,0,0,0,0,0,0,0,0,0,0,0,0.0,0.0,0.0,0.0,0.0
ROTOZIP,56,0,30,23/04/2026 12:01:57,100.00%,1530,800,50,100,0.0,0,0,0,0,0,0,0,0,0,0,0,0,0,0,0,0,0,0,0,0,0,0,0,0,0,0,0,0,0,0.0,0.0,0.0,0.0,0.0
Reset,5,0,20,23/04/2026 11:04:55,100.00%,1500,800,35,110,0.0,0,0,0,0,0,0,0,0,0,0,0,0,0,0,0,0,0,0,0,0,0,0,0,0,0,0,0,0,0,0.0,0.0,0.0,0.0,0.0
Reset,5,0,20,23/04/2026 11:03:49,100.00%,1500,800,35,110,0.0,0,0,0,0,0,0,0,0,0,0,0,0,0,0,0,0,0,0,0,0,0,0,0,0,0,0,0,0,0,0.0,0.0,0.0,0.0,0.0
Reset,3,0,20,23/04/2026 10:58:21,100.00%,1500,800,35,90,0.0,0,0,0,0,0,0,0,0,0,0,0,0,0,0,0,0,0,0,0,0,0,0,0,0,0,0,0,0,0,0.0,0.0,0.0,0.0,0.0
Reset,10,1,20,23/04/2026 10:52:23,95.00%,1550,800,35,120,0.0,0,0,0,0,0,0,0,0,0,0,0,0,0,0,0,0,0,0,0,0,0,1,0,0,0,0,0,0,0,0.0,0.0,0.0,0.0,0.0
Reset,7,0,20,23/04/2026 10:50:34,100.00%,1420,800,35,120,0.0,0,0,0,0,0,0,0,0,0,0,0,0,0,0,0,0,0,0,0,0,0,0,0,0,0,0,0,0,0,0.0,0.0,0.0,0.0,0.0
Reset,6,0,20,23/04/2026 10:47:57,100.00%,1750,800,45,120,0.0,0,0,0,0,0,0,0,0,0,0,0,0,0,0,0,0,0,0,0,0,0,0,0,0,0,0,0,0,0,0.0,0.0,0.0,0.0,0.0
Reset,2,0,20,23/04/2026 10:34:01,100.00%,1750,800,45,110,0.0,0,0,0,0,0,0,0,0,0,0,0,0,0,0,0,0,0,0,0,0,0,0,0,0,0,0,0,0,0,0.0,0.0,0.0,0.0,0.0
Reset,5,0,20,23/04/2026 10:30:36,100.00%,1500,800,35,110,0.0,0,0,0,0,0,0,0,0,0,0,0,0,0,0,0,0,0,0,0,0,0,0,0,0,0,0,0,0,0,0.0,0.0,0.0,0.0,0.0
Reset,3,0,20,23/04/2026 10:27:33,100.00%,1500,800,35,90,0.0,0,0,0,0,0,0,0,0,0,0,0,0,0,0,0,0,0,0,0,0,0,0,0,0,0,0,0,0,0,0.0,0.0,0.0,0.0,0.0
ROTOZIP,57,1,30,23/04/2026 10:20:46,96.67%,1530,800,50,100,1.0,0,0,0,0,0,0,0,0,0,0,0,0,0,0,0,0,0,0,0,0,0,0,0,0,0,0,0,0,0,0.0,0.0,0.0,0.0,0.0
Reset,10,0,20,23/04/2026 10:14:28,100.00%,1550,800,35,120,0.0,0,0,0,0,0,0,0,0,0,0,0,0,0,0,0,0,0,0,0,0,0,0,0,0,0,0,0,0,0,0.0,0.0,0.0,0.0,0.0
Reset,7,0,20,23/04/2026 10:10:40,100.00%,1420,800,35,120,0.0,0,0,0,0,0,0,0,0,0,0,0,0,0,0,0,0,0,0,0,0,0,0,0,0,0,0,0,0,0,0.0,0.0,0.0,0.0,0.0
ROTOZIP,56,4,30,23/04/2026 10:07:29,86.67%,1530,800,50,100,3.0,0,0,0,0,0,0,0,0,0,0,0,0,0,0,0,1,0,0,0,0,0,0,0,0,0,0,0,0,0,0.0,0.0,0.0,0.0,0.0
Reset,2,1,20,23/04/2026 09:59:18,95.00%,1750,800,45,110,1.0,0,0,0,0,0,0,0,0,0,0,0,0,0,0,0,0,0,0,0,0,0,0,0,0,0,0,0,0,0,0.0,0.0,0.0,0.0,0.0
ROTOZIP,57,0,30,23/04/2026 09:49:21,100.00%,1530,800,50,100,0.0,0,0,0,0,0,0,0,0,0,0,0,0,0,0,0,0,0,0,0,0,0,0,0,0,0,0,0,0,0,0.0,0.0,0.0,0.0,0.0
Reset,5,0,20,23/04/2026 09:45:16,100.00%,1500,800,35,110,0.0,0,0,0,0,0,0,0,0,0,0,0,0,0,0,0,0,0,0,0,0,0,0,0,0,0,0,0,0,0,0.0,0.0,0.0,0.0,0.0
Reset,10,0,20,23/04/2026 09:42:24,100.00%,1550,800,35,120,0.0,0,0,0,0,0,0,0,0,0,0,0,0,0,0,0,0,0,0,0,0,0,0,0,0,0,0,0,0,0,0.0,0.0,0.0,0.0,0.0
Reset,3,0,20,23/04/2026 09:36:01,100.00%,1500,800,35,90,0.0,0,0,0,0,0,0,0,0,0,0,0,0,0,0,0,0,0,0,0,0,0,0,0,0,0,0,0,0,0,0.0,0.0,0.0,0.0,0.0
Reset,7,1,20,23/04/2026 09:29:10,95.00%,1420,800,35,120,0.0,0,0,0,0,0,0,0,0,0,0,0,0,0,0,0,0,0,0,0,0,0,1,0,0,0,0,0,0,0,0.0,0.0,0.0,0.0,0.0
Reset,6,0,20,23/04/2026 09:25:59,100.00%,1750,800,45,120,0.0,0,0,0,0,0,0,0,0,0,0,0,0,0,0,0,0,0,0,0,0,0,0,0,0,0,0,0,0,0,0.0,0.0,0.0,0.0,0.0
ROTOZIP,57,6,30,23/04/2026 09:21:42,80.00%,1530,800,50,100,5.0,0,0,0,0,0,0,0,0,0,0,0,0,0,0,0,0,0,0,0,0,0,1,0,0,0,0,0,0,0,0.0,0.0,0.0,0.0,0.0
Reset,10,1,20,23/04/2026 09:14:16,95.00%,1550,800,35,120,0.0,0,0,0,0,0,0,0,0,0,0,0,0,0,0,0,0,0,0,0,0,0,1,0,0,0,0,0,0,0,0.0,0.0,0.0,0.0,0.0
Reset,3,0,20,23/04/2026 09:11:29,100.00%,1500,800,35,90,0.0,0,0,0,0,0,0,0,0,0,0,0,0,0,0,0,0,0,0,0,0,0,0,0,0,0,0,0,0,0,0.0,0.0,0.0,0.0,0.0
ROTOZIP,56,3,30,23/04/2026 09:08:34,90.00%,1530,800,50,100,2.0,0,0,0,0,0,0,0,0,0,0,0,0,0,0,0,1,0,0,0,0,0,0,0,0,0,0,0,0,0,0.0,0.0,0.0,0.0,0.0
Reset,5,20,20,23/04/2026 08:58:13,0,1500,800,35,110,0.0,0,0,0,0,0,0,0,0,0,0,0,0,0,0,0,0,0,0,0,0,0,0,0,0,0,0,0,0,0,20.0,0.0,0.0,0.0,0.0
Reset,7,2,20,23/04/2026 08:57:06,90.00%,1420,800,35,120,0.0,0,0,0,0,0,0,0,0,0,0,0,0,0,1,0,0,0,0,0,0,1,0,0,0,0,0,0,0,0,0.0,0.0,0.0,0.0,0.0
Reset,6,1,20,23/04/2026 08:45:48,95.00%,1750,800,45,120,0.0,0,0,0,0,0,0,0,0,0,0,0,0,0,0,0,1,0,0,0,0,0,0,0,0,0,0,0,0,0,0.0,0.0,0.0,0.0,0.0
Reset,3,0,20,23/04/2026 08:42:14,100.00%,1500,800,35,90,0.0,0,0,0,0,0,0,0,0,0,0,0,0,0,0,0,0,0,0,0,0,0,0,0,0,0,0,0,0,0,0.0,0.0,0.0,0.0,0.0
Reset,10,0,20,23/04/2026 08:38:14,100.00%,1550,800,35,120,0.0,0,0,0,0,0,0,0,0,0,0,0,0,0,0,0,0,0,0,0,0,0,0,0,0,0,0,0,0,0,0.0,0.0,0.0,0.0,0.0
Reset,40,5,15,23/04/2026 08:35:41,66.67%,1600,1650,45,95,0.0,0,2,0,0,0,0,0,0,0,2,0,0,0,0,0,0,0,0,0,0,0,0,0,1,0,0,0,0,0,0.0,0.0,0.0,0.0,0.0
ROTOZIP,57,2,30,23/04/2026 08:34:56,93.33%,1530,800,50,100,1.0,0,0,0,0,0,0,0,0,0,0,0,0,0,0,0,0,0,0,0,0,0,1,0,0,0,0,0,0,0,0.0,0.0,0.0,0.0,0.0
Reset,5,0,20,23/04/2026 08:27:29,100.00%,1500,800,35,110,0.0,0,0,0,0,0,0,0,0,0,0,0,0,0,0,0,0,0,0,0,0,0,0,0,0,0,0,0,0,0,0.0,0.0,0.0,0.0,0.0
Reset,37,3,15,23/04/2026 08:25:53,80.00%,1620,1650,45,95,1.0,0,2,0,0,0,0,0,0,0,0,0,0,0,0,0,0,0,0,0,0,0,0,0,0,0,0,0,0,0,0.0,0.0,0.0,0.0,0.0
Reset,7,4,20,23/04/2026 08:23:27,80.00%,1420,800,35,120,0.0,0,0,0,0,0,0,0,0,0,0,0,0,0,1,0,0,0,0,0,0,2,1,0,0,0,0,0,0,0,0.0,0.0,0.0,0.0,0.0
Reset,2,0,20,23/04/2026 08:17:29,100.00%,1750,800,45,110,0.0,0,0,0,0,0,0,0,0,0,0,0,0,0,0,0,0,0,0,0,0,0,0,0,0,0,0,0,0,0,0.0,0.0,0.0,0.0,0.0
ROTOZIP,56,1,30,23/04/2026 08:13:43,96.67%,1530,800,50,100,1.0,0,0,0,0,0,0,0,0,0,0,0,0,0,0,0,0,0,0,0,0,0,0,0,0,0,0,0,0,0,0.0,0.0,0.0,0.0,0.0
Reset,6,0,20,23/04/2026 08:05:55,100.00%,1750,800,45,120,0.0,0,0,0,0,0,0,0,0,0,0,0,0,0,0,0,0,0,0,0,0,0,0,0,0,0,0,0,0,0,0.0,0.0,0.0,0.0,0.0
Reset,5,21,20,23/04/2026 08:03:14,-5.00%,1500,800,35,110,0.0,0,0,0,0,0,0,0,0,0,0,0,0,0,0,0,0,0,0,0,0,0,0,0,0,0,0,0,0,0,21.0,0.0,0.0,0.0,0.0
Reset,37,4,15,23/04/2026 08:02:09,73.33%,1620,1650,45,95,0.0,0,4,0,0,0,0,0,0,0,0,0,0,0,0,0,0,0,0,0,0,0,0,0,0,0,0,0,0,0,0.0,0.0,0.0,0.0,0.0
Reset,3,2,20,23/04/2026 07:53:57,90.00%,1500,800,35,90,2.0,0,0,0,0,0,0,0,0,0,0,0,0,0,0,0,0,0,0,0,0,0,0,0,0,0,0,0,0,0,0.0,0.0,0.0,0.0,0.0
Reset,39,1,15,23/04/2026 07:51:52,93.33%,1600,1650,50,95,0.0,0,0,0,0,0,0,0,0,0,0,0,0,0,0,0,0,0,0,0,0,0,0,0,1,0,0,0,0,0,0.0,0.0,0.0,0.0,0.0
Reset,37,2,15,23/04/2026 07:48:14,86.67%,1620,1650,45,95,0.0,0,2,0,0,0,0,0,0,0,0,0,0,0,0,0,0,0,0,0,0,0,0,0,0,0,0,0,0,0,0.0,0.0,0.0,0.0,0.0
Reset,2,2,20,23/04/2026 07:46:14,90.00%,1750,800,45,110,0.0,0,0,0,0,0,0,0,0,0,0,0,0,0,1,0,0,0,0,0,0,1,0,0,0,0,0,0,0,0,0.0,0.0,0.0,0.0,0.0
ROTOZIP,57,3,30,23/04/2026 07:41:57,90.00%,1530,800,50,100,1.0,0,0,0,0,0,0,0,0,0,0,0,0,0,0,0,0,0,0,0,0,0,2,0,0,0,0,0,0,0,0.0,0.0,0.0,0.0,0.0
Reset,39,2,15,23/04/2026 07:38:04,86.67%,1600,1650,50,95,0.0,0,2,0,0,0,0,0,0,0,0,0,0,0,0,0,0,0,0,0,0,0,0,0,0,0,0,0,0,0,0.0,0.0,0.0,0.0,0.0
Reset,7,8,20,23/04/2026 07:35:16,60.00%,1420,800,35,120,0.0,0,0,0,0,0,0,0,0,0,0,0,0,0,2,0,0,0,0,0,0,6,0,0,0,0,0,0,0,0,0.0,0.0,0.0,0.0,0.0
Reset,5,0,20,23/04/2026 07:31:49,100.00%,1500,800,35,110,0.0,0,0,0,0,0,0,0,0,0,0,0,0,0,0,0,0,0,0,0,0,0,0,0,0,0,0,0,0,0,0.0,0.0,0.0,0.0,0.0
Reset,40,8,15,23/04/2026 07:29:06,46.67%,1600,1650,45,95,0.0,0,5,0,0,0,0,0,0,0,2,0,0,0,1,0,0,0,0,0,0,0,0,0,0,0,0,0,0,0,0.0,0.0,0.0,0.0,0.0
ROTOZIP,56,0,30,23/04/2026 07:27:13,100.00%,1530,800,50,100,0.0,0,0,0,0,0,0,0,0,0,0,0,0,0,0,0,0,0,0,0,0,0,0,0,0,0,0,0,0,0,0.0,0.0,0.0,0.0,0.0
Reset,6,0,20,23/04/2026 07:21:13,100.00%,1750,800,45,120,0.0,0,0,0,0,0,0,0,0,0,0,0,0,0,0,0,0,0,0,0,0,0,0,0,0,0,0,0,0,0,0.0,0.0,0.0,0.0,0.0
Reset,10,0,20,23/04/2026 07:19:11,100.00%,1550,800,35,120,0.0,0,0,0,0,0,0,0,0,0,0,0,0,0,0,0,0,0,0,0,0,0,0,0,0,0,0,0,0,0,0.0,0.0,0.0,0.0,0.0
Reset,134,5,40,23/04/2026 07:18:02,87.50%,2000,1880,45,50,4.0,0,1,0,0,0,0,0,0,0,0,0,0,0,0,0,0,0,0,0,0,0,0,0,0,0,0,0,0,0,0.0,0.0,0.0,0.0,0.0
Reset,3,0,20,23/04/2026 07:17:00,100.00%,1500,800,35,90,0.0,0,0,0,0,0,0,0,0,0,0,0,0,0,0,0,0,0,0,0,0,0,0,0,0,0,0,0,0,0,0.0,0.0,0.0,0.0,0.0
Reset,131,5,40,23/04/2026 07:09:12,87.50%,1800,2000,45,60,3.0,0,0,0,0,0,0,0,0,0,0,0,0,0,2,0,0,0,0,0,0,0,0,0,0,0,0,0,0,0,0.0,0.0,0.0,0.0,0.0
Reset,2,4,20,23/04/2026 07:08:29,80.00%,1750,800,45,110,0.0,0,0,0,0,0,0,0,0,0,0,0,0,0,0,0,0,0,0,0,0,4,0,0,0,0,0,0,0,0,0.0,0.0,0.0,0.0,0.0
Reset,131,8,40,23/04/2026 06:59:59,80.00%,1800,2000,45,60,3.0,0,0,0,0,0,0,0,0,0,0,0,0,0,5,0,0,0,0,0,0,0,0,0,0,0,0,0,0,0,0.0,0.0,0.0,0.0,0.0
Reset,134,15,40,23/04/2026 06:58:41,62.50%,2000,1880,45,50,5.0,0,10,0,0,0,0,0,0,0,0,0,0,0,0,0,0,0,0,0,0,0,0,0,0,0,0,0,0,0,0.0,0.0,0.0,0.0,0.0
Reset,7,1,20,23/04/2026 06:54:20,95.00%,1420,800,35,120,0.0,0,0,0,0,0,0,0,0,0,0,0,0,0,0,0,0,0,0,0,0,0,1,0,0,0,0,0,0,0,0.0,0.0,0.0,0.0,0.0
Reset,136,10,40,23/04/2026 06:51:46,75.00%,1950,2000,45,50,0.0,0,10,0,0,0,0,0,0,0,0,0,0,0,0,0,0,0,0,0,0,0,0,0,0,0,0,0,0,0,0.0,0.0,0.0,0.0,0.0
Reset,10,1,20,23/04/2026 06:44:32,95.00%,1550,800,35,120,0.0,0,0,0,0,0,0,0,0,0,0,0,0,0,0,0,0,0,0,0,0,0,1,0,0,0,0,0,0,0,0.0,0.0,0.0,0.0,0.0
Reset,133,4,40,23/04/2026 06:41:25,90.00%,1950,2000,45,50,1.0,0,0,0,0,0,0,0,0,0,0,0,0,0,3,0,0,0,0,0,0,0,0,0,0,0,0,0,0,0,0.0,0.0,0.0,0.0,0.0
ROTOZIP,57,1,30,23/04/2026 06:40:26,96.67%,1530,800,50,100,1.0,0,0,0,0,0,0,0,0,0,0,0,0,0,0,0,0,0,0,0,0,0,0,0,0,0,0,0,0,0,0.0,0.0,0.0,0.0,0.0
Reset,136,2,40,23/04/2026 06:38:29,95.00%,1950,2000,45,50,0.0,0,1,0,0,0,0,0,0,0,0,0,0,0,1,0,0,0,0,0,0,0,0,0,0,0,0,0,0,0,0.0,0.0,0.0,0.0,0.0
Reset,3,2,20,23/04/2026 06:33:54,90.00%,1500,800,35,90,0.0,0,0,0,0,0,0,0,0,0,0,0,0,0,2,0,0,0,0,0,0,0,0,0,0,0,0,0,0,0,0.0,0.0,0.0,0.0,0.0
ROTOZIP,56,4,30,23/04/2026 06:30:06,86.67%,1530,800,50,100,4.0,0,0,0,0,0,0,0,0,0,0,0,0,0,0,0,0,0,0,0,0,0,0,0,0,0,0,0,0,0,0.0,0.0,0.0,0.0,0.0
Reset,133,3,40,22/04/2026 23:03:11,92.50%,1950,2000,45,50,0.0,0,3,0,0,0,0,0,0,0,0,0,0,0,0,0,0,0,0,0,0,0,0,0,0,0,0,0,0,0,0.0,0.0,0.0,0.0,0.0
Reset,5,3,20,22/04/2026 22:59:02,85.00%,1500,800,35,110,0.0,0,0,0,0,0,0,0,0,0,0,0,0,0,3,0,0,0,0,0,0,0,0,0,0,0,0,0,0,0,0.0,0.0,0.0,0.0,0.0
Reset,10,0,20,22/04/2026 22:45:09,100.00%,1550,800,35,120,0.0,0,0,0,0,0,0,0,0,0,0,0,0,0,0,0,0,0,0,0,0,0,0,0,0,0,0,0,0,0,0.0,0.0,0.0,0.0,0.0
ROTOZIP,57,2,30,22/04/2026 22:42:06,93.33%,1530,800,50,100,2.0,0,0,0,0,0,0,0,0,0,0,0,0,0,0,0,0,0,0,0,0,0,0,0,0,0,0,0,0,0,0.0,0.0,0.0,0.0,0.0
Reset,3,1,20,22/04/2026 22:39:35,95.00%,1500,800,35,90,0.0,0,0,0,0,0,0,0,0,0,0,0,0,0,1,0,0,0,0,0,0,0,0,0,0,0,0,0,0,0,0.0,0.0,0.0,0.0,0.0
Reset,6,0,20,22/04/2026 22:35:06,100.00%,1750,800,45,120,0.0,0,0,0,0,0,0,0,0,0,0,0,0,0,0,0,0,0,0,0,0,0,0,0,0,0,0,0,0,0,0.0,0.0,0.0,0.0,0.0
Reset,7,5,20,22/04/2026 22:32:18,75.00%,1420,800,35,120,0.0,0,1,0,0,0,0,0,0,0,0,0,0,0,1,0,0,0,0,0,0,2,1,0,0,0,0,0,0,0,0.0,0.0,0.0,0.0,0.0
ROTOZIP,56,0,30,22/04/2026 22:21:02,100.00%,1530,800,50,100,0.0,0,0,0,0,0,0,0,0,0,0,0,0,0,0,0,0,0,0,0,0,0,0,0,0,0,0,0,0,0,0.0,0.0,0.0,0.0,0.0
Reset,2,4,20,22/04/2026 22:09:01,80.00%,1750,800,45,110,0.0,0,0,0,0,0,0,0,0,0,0,0,0,0,3,0,0,0,0,0,0,1,0,0,0,0,0,0,0,0,0.0,0.0,0.0,0.0,0.0
ROTOZIP,57,7,30,22/04/2026 22:06:25,76.67%,1530,800,50,100,7.0,0,0,0,0,0,0,0,0,0,0,0,0,0,0,0,0,0,0,0,0,0,0,0,0,0,0,0,0,0,0.0,0.0,0.0,0.0,0.0
Reset,10,1,20,22/04/2026 22:02:56,95.00%,1550,800,35,120,0.0,0,0,0,0,0,0,0,0,0,0,0,0,0,0,0,0,0,0,0,0,0,1,0,0,0,0,0,0,0,0.0,0.0,0.0,0.0,0.0
ROTOZIP,57,4,30,22/04/2026 22:02:28,86.67%,1530,800,50,100,4.0,0,0,0,0,0,0,0,0,0,0,0,0,0,0,0,0,0,0,0,0,0,0,0,0,0,0,0,0,0,0.0,0.0,0.0,0.0,0.0
Reset,5,1,20,22/04/2026 22:00:35,95.00%,1500,800,35,110,0.0,0,0,0,0,0,0,0,0,0,0,0,0,0,0,0,0,0,0,0,0,0,1,0,0,0,0,0,0,0,0.0,0.0,0.0,0.0,0.0
ROTOZIP,56,3,30,22/04/2026 21:56:12,90.00%,1530,800,50,100,3.0,0,0,0,0,0,0,0,0,0,0,0,0,0,0,0,0,0,0,0,0,0,0,0,0,0,0,0,0,0,0.0,0.0,0.0,0.0,0.0
Reset,3,1,20,22/04/2026 21:53:36,95.00%,1500,800,35,90,0.0,0,0,0,0,0,0,0,0,0,0,0,0,0,0,0,0,0,0,0,0,0,1,0,0,0,0,0,0,0,0.0,0.0,0.0,0.0,0.0
ROTOZIP,56,2,30,22/04/2026 21:51:35,93.33%,1530,800,50,100,2.0,0,0,0,0,0,0,0,0,0,0,0,0,0,0,0,0,0,0,0,0,0,0,0,0,0,0,0,0,0,0.0,0.0,0.0,0.0,0.0
ROTOZIP,57,0,30,22/04/2026 21:47:55,100.00%,1530,800,50,100,0.0,0,0,0,0,0,0,0,0,0,0,0,0,0,0,0,0,0,0,0,0,0,0,0,0,0,0,0,0,0,0.0,0.0,0.0,0.0,0.0
Reset,7,3,20,22/04/2026 21:45:59,85.00%,1420,800,35,120,0.0,0,1,0,0,0,0,0,0,0,0,0,0,0,1,0,0,0,0,0,0,0,1,0,0,0,0,0,0,0,0.0,0.0,0.0,0.0,0.0
Reset,73,8,20,22/04/2026 21:41:47,60.00%,1400,800,50,120,0.0,0,0,0,0,0,0,0,0,0,0,0,0,0,0,0,0,0,0,0,0,0,0,0,0,0,0,0,0,0,8.0,0.0,0.0,0.0,0.0
Reset,131,12,40,22/04/2026 21:36:41,70.00%,1800,2000,45,60,7.0,0,5,0,0,0,0,0,0,0,0,0,0,0,0,0,0,0,0,0,0,0,0,0,0,0,0,0,0,0,0.0,0.0,0.0,0.0,0.0
Reset,132,20,40,22/04/2026 21:32:08,50.00%,1950,2000,45,50,0.0,0,0,0,0,0,0,0,0,0,0,0,0,0,0,0,0,0,0,0,0,0,0,0,0,0,0,0,0,0,20.0,0.0,0.0,0.0,0.0
Reset,5,20,20,22/04/2026 21:31:50,0,1500,800,35,110,0.0,0,0,0,0,0,0,0,0,0,0,0,0,0,0,0,0,0,0,0,0,0,0,0,0,0,0,0,0,0,20.0,0.0,0.0,0.0,0.0
Reset,134,7,40,22/04/2026 21:28:36,82.50%,2000,1880,45,50,0.0,0,7,0,0,0,0,0,0,0,0,0,0,0,0,0,0,0,0,0,0,0,0,0,0,0,0,0,0,0,0.0,0.0,0.0,0.0,0.0
Reset,10,2,20,22/04/2026 21:24:15,90.00%,1550,800,35,120,0.0,0,0,0,0,0,0,0,0,0,0,0,0,0,0,0,0,0,0,0,0,0,2,0,0,0,0,0,0,0,0.0,0.0,0.0,0.0,0.0
Reset,135,5,40,22/04/2026 21:19:50,87.50%,1950,2000,45,50,0.0,0,5,0,0,0,0,0,0,0,0,0,0,0,0,0,0,0,0,0,0,0,0,0,0,0,0,0,0,0,0.0,0.0,0.0,0.0,0.0
Reset,3,0,20,22/04/2026 21:12:14,100.00%,1500,800,35,90,0.0,0,0,0,0,0,0,0,0,0,0,0,0,0,0,0,0,0,0,0,0,0,0,0,0,0,0,0,0,0,0.0,0.0,0.0,0.0,0.0
Reset,133,24,40,22/04/2026 21:06:14,40.00%,1950,2000,45,50,16.0,0,8,0,0,0,0,0,0,0,0,0,0,0,0,0,0,0,0,0,0,0,0,0,0,0,0,0,0,0,0.0,0.0,0.0,0.0,0.0
Reset,7,2,20,22/04/2026 21:00:28,90.00%,1420,800,35,120,0.0,0,0,0,0,0,0,0,0,0,0,0,0,0,1,0,0,0,0,0,0,0,1,0,0,0,0,0,0,0,0.0,0.0,0.0,0.0,0.0
Reset,136,5,40,22/04/2026 20:59:03,87.50%,1950,2000,45,50,0.0,0,5,0,0,0,0,0,0,0,0,0,0,0,0,0,0,0,0,0,0,0,0,0,0,0,0,0,0,0,0.0,0.0,0.0,0.0,0.0
Reset,135,5,40,22/04/2026 20:56:19,87.50%,1950,2000,45,50,0.0,0,5,0,0,0,0,0,0,0,0,0,0,0,0,0,0,0,0,0,0,0,0,0,0,0,0,0,0,0,0.0,0.0,0.0,0.0,0.0
Reset,5,0,20,22/04/2026 20:50:31,100.00%,1500,800,35,110,0.0,0,0,0,0,0,0,0,0,0,0,0,0,0,0,0,0,0,0,0,0,0,0,0,0,0,0,0,0,0,0.0,0.0,0.0,0.0,0.0
Reset,132,40,40,22/04/2026 20:44:11,0,1950,2000,45,50,0.0,0,0,0,0,0,0,0,0,0,0,0,0,0,0,0,0,0,0,0,0,0,0,0,0,0,0,0,0,0,40.0,0.0,0.0,0.0,0.0
Reset,10,1,20,22/04/2026 20:42:33,95.00%,1550,800,35,120,0.0,0,0,0,0,0,0,0,0,0,0,0,0,0,0,0,0,0,0,0,0,0,1,0,0,0,0,0,0,0,0.0,0.0,0.0,0.0,0.0
Reset,3,2,20,22/04/2026 20:37:30,90.00%,1500,800,35,90,0.0,0,0,0,0,0,0,0,0,0,0,0,0,0,0,0,0,0,0,0,0,0,2,0,0,0,0,0,0,0,0.0,0.0,0.0,0.0,0.0
Reset,131,17,40,22/04/2026 20:36:25,57.50%,1800,2000,45,60,12.0,0,5,0,0,0,0,0,0,0,0,0,0,0,0,0,0,0,0,0,0,0,0,0,0,0,0,0,0,0,0.0,0.0,0.0,0.0,0.0
Reset,73,3,20,22/04/2026 20:32:39,85.00%,1400,800,50,120,0.0,0,1,0,0,1,0,0,0,1,0,0,0,0,0,0,0,0,0,0,0,0,0,0,0,0,0,0,0,0,0.0,0.0,0.0,0.0,0.0
Reset,131,16,40,22/04/2026 20:27:14,60.00%,1800,2000,45,60,13.0,0,3,0,0,0,0,0,0,0,0,0,0,0,0,0,0,0,0,0,0,0,0,0,0,0,0,0,0,0,0.0,0.0,0.0,0.0,0.0
Reset,7,4,20,22/04/2026 20:21:02,80.00%,1420,800,35,120,0.0,0,1,0,0,0,0,0,0,0,0,0,0,0,2,0,0,0,0,0,0,1,0,0,0,0,0,0,0,0,0.0,0.0,0.0,0.0,0.0
Reset,136,2,40,22/04/2026 20:18:14,95.00%,1950,2000,45,50,0.0,0,2,0,0,0,0,0,0,0,0,0,0,0,0,0,0,0,0,0,0,0,0,0,0,0,0,0,0,0,0.0,0.0,0.0,0.0,0.0
Reset,135,4,40,22/04/2026 20:16:12,90.00%,1950,2000,45,50,0.0,0,4,0,0,0,0,0,0,0,0,0,0,0,0,0,0,0,0,0,0,0,0,0,0,0,0,0,0,0,0.0,0.0,0.0,0.0,0.0
Reset,132,19,40,22/04/2026 20:12:40,52.50%,1950,2000,45,50,14.0,0,5,0,0,0,0,0,0,0,0,0,0,0,0,0,0,0,0,0,0,0,0,0,0,0,0,0,0,0,0.0,0.0,0.0,0.0,0.0
Reset,132,40,40,22/04/2026 20:00:23,0,1950,2000,45,50,0.0,0,0,0,0,0,0,0,0,0,0,0,0,0,0,0,0,0,0,0,0,0,0,0,0,0,0,0,0,0,40.0,0.0,0.0,0.0,0.0
Reset,134,6,40,22/04/2026 19:59:13,85.00%,2000,1880,45,50,0.0,0,6,0,0,0,0,0,0,0,0,0,0,0,0,0,0,0,0,0,0,0,0,0,0,0,0,0,0,0,0.0,0.0,0.0,0.0,0.0
Reset,5,0,20,22/04/2026 19:52:34,100.00%,1500,800,35,110,0.0,0,0,0,0,0,0,0,0,0,0,0,0,0,0,0,0,0,0,0,0,0,0,0,0,0,0,0,0,0,0.0,0.0,0.0,0.0,0.0
Reset,3,0,20,22/04/2026 19:46:49,100.00%,1500,800,35,90,0.0,0,0,0,0,0,0,0,0,0,0,0,0,0,0,0,0,0,0,0,0,0,0,0,0,0,0,0,0,0,0.0,0.0,0.0,0.0,0.0
Reset,10,1,20,22/04/2026 19:34:10,95.00%,1550,800,35,120,0.0,0,0,0,0,0,0,0,0,0,0,0,0,0,0,0,0,0,0,0,0,0,1,0,0,0,0,0,0,0,0.0,0.0,0.0,0.0,0.0
Reset,2,3,20,22/04/2026 19:31:07,85.00%,1750,800,45,110,0.0,0,0,0,0,0,0,0,0,0,0,0,0,0,2,0,0,0,0,0,0,1,0,0,0,0,0,0,0,0,0.0,0.0,0.0,0.0,0.0
Reset,7,2,20,22/04/2026 19:20:54,90.00%,1420,800,35,120,0.0,0,0,0,0,0,0,0,0,0,0,0,0,0,2,0,0,0,0,0,0,0,0,0,0,0,0,0,0,0,0.0,0.0,0.0,0.0,0.0
Reset,5,3,20,22/04/2026 19:17:57,85.00%,1500,800,35,110,0.0,0,0,0,0,0,0,0,0,0,0,0,0,0,0,0,0,0,0,0,0,0,3,0,0,0,0,0,0,0,0.0,0.0,0.0,0.0,0.0
Reset,3,0,20,22/04/2026 19:05:16,100.00%,1500,800,35,90,0.0,0,0,0,0,0,0,0,0,0,0,0,0,0,0,0,0,0,0,0,0,0,0,0,0,0,0,0,0,0,0.0,0.0,0.0,0.0,0.0
Reset,72,39,20,22/04/2026 19:04:47,-100.00%,800,1400,50,120,21.0,0,0,0,0,18,0,0,0,0,0,0,0,0,0,0,0,0,0,0,0,0,0,0,0,0,0,0,0,0,0.0,0.0,0.0,0.0,0.0
ROTOZIP,56,1,30,22/04/2026 18:04:37,96.67%,1530,800,50,100,1.0,0,0,0,0,0,0,0,0,0,0,0,0,0,0,0,0,0,0,0,0,0,0,0,0,0,0,0,0,0,0.0,0.0,0.0,0.0,0.0
ROTOZIP,57,3,30,22/04/2026 18:00:57,90.00%,1530,800,50,100,1.0,2,0,0,0,0,0,0,0,0,0,0,0,0,0,0,0,0,0,0,0,0,0,0,0,0,0,0,0,0,0.0,0.0,0.0,0.0,0.0
Reset,10,0,20,22/04/2026 18:00:29,100.00%,1550,800,35,120,0.0,0,0,0,0,0,0,0,0,0,0,0,0,0,0,0,0,0,0,0,0,0,0,0,0,0,0,0,0,0,0.0,0.0,0.0,0.0,0.0
Reset,7,0,20,22/04/2026 17:58:40,100.00%,1420,800,35,120,0.0,0,0,0,0,0,0,0,0,0,0,0,0,0,0,0,0,0,0,0,0,0,0,0,0,0,0,0,0,0,0.0,0.0,0.0,0.0,0.0
Reset,132,40,40,22/04/2026 17:51:43,0,1950,2000,45,50,0.0,0,0,0,0,0,0,0,0,0,0,0,0,0,0,0,0,0,0,0,0,0,0,0,0,0,0,0,0,0,40.0,0.0,0.0,0.0,0.0
Reset,5,2,20,22/04/2026 17:45:29,90.00%,1500,800,35,110,0.0,0,0,0,0,0,0,0,0,0,0,0,0,0,2,0,0,0,0,0,0,0,0,0,0,0,0,0,0,0,0.0,0.0,0.0,0.0,0.0
Reset,136,40,40,22/04/2026 17:41:27,0,1950,2000,45,50,0.0,0,0,0,0,0,0,0,0,0,0,0,0,0,0,0,0,0,0,0,0,0,0,0,0,0,0,0,0,0,40.0,0.0,0.0,0.0,0.0
Reset,134,9,40,22/04/2026 17:37:26,77.50%,2000,1880,45,50,7.0,0,0,0,0,0,0,0,0,0,0,0,0,0,2,0,0,0,0,0,0,0,0,0,0,0,0,0,0,0,0.0,0.0,0.0,0.0,0.0
Reset,133,5,40,22/04/2026 17:36:38,87.50%,1950,2000,45,50,0.0,0,5,0,0,0,0,0,0,0,0,0,0,0,0,0,0,0,0,0,0,0,0,0,0,0,0,0,0,0,0.0,0.0,0.0,0.0,0.0
Reset,3,0,20,22/04/2026 17:34:19,100.00%,1500,800,35,90,0.0,0,0,0,0,0,0,0,0,0,0,0,0,0,0,0,0,0,0,0,0,0,0,0,0,0,0,0,0,0,0.0,0.0,0.0,0.0,0.0
Reset,131,7,40,22/04/2026 17:32:01,82.50%,1800,2000,45,60,7.0,0,0,0,0,0,0,0,0,0,0,0,0,0,0,0,0,0,0,0,0,0,0,0,0,0,0,0,0,0,0.0,0.0,0.0,0.0,0.0
Reset,10,0,20,22/04/2026 17:27:37,100.00%,1550,800,35,120,0.0,0,0,0,0,0,0,0,0,0,0,0,0,0,0,0,0,0,0,0,0,0,0,0,0,0,0,0,0,0,0.0,0.0,0.0,0.0,0.0
Reset,135,8,40,22/04/2026 17:25:14,80.00%,1950,2000,45,50,0.0,0,8,0,0,0,0,0,0,0,0,0,0,0,0,0,0,0,0,0,0,0,0,0,0,0,0,0,0,0,0.0,0.0,0.0,0.0,0.0
Reset,132,7,40,22/04/2026 17:17:21,82.50%,1950,2000,45,50,0.0,0,5,0,0,0,0,0,0,0,0,0,0,0,0,0,0,0,0,0,0,0,2,0,0,0,0,0,0,0,0.0,0.0,0.0,0.0,0.0
Reset,7,2,20,22/04/2026 17:14:56,90.00%,1420,800,35,120,0.0,0,0,0,0,0,0,0,0,0,0,0,0,0,2,0,0,0,0,0,0,0,0,0,0,0,0,0,0,0,0.0,0.0,0.0,0.0,0.0
Reset,73,2,20,22/04/2026 17:11:42,90.00%,1400,800,50,120,0.0,2,0,0,0,0,0,0,0,0,0,0,0,0,0,0,0,0,0,0,0,0,0,0,0,0,0,0,0,0,0.0,0.0,0.0,0.0,0.0
Reset,134,9,40,22/04/2026 17:08:21,77.50%,2000,1880,45,50,5.0,0,4,0,0,0,0,0,0,0,0,0,0,0,0,0,0,0,0,0,0,0,0,0,0,0,0,0,0,0,0.0,0.0,0.0,0.0,0.0
Reset,136,13,40,22/04/2026 17:07:35,67.50%,1950,2000,45,50,0.0,0,8,0,0,0,0,0,0,0,0,0,0,0,5,0,0,0,0,0,0,0,0,0,0,0,0,0,0,0,0.0,0.0,0.0,0.0,0.0
Reset,135,10,40,22/04/2026 17:04:09,75.00%,1950,2000,45,50,0.0,0,10,0,0,0,0,0,0,0,0,0,0,0,0,0,0,0,0,0,0,0,0,0,0,0,0,0,0,0,0.0,0.0,0.0,0.0,0.0
Reset,5,1,20,22/04/2026 17:01:54,95.00%,1500,800,35,110,0.0,0,0,0,0,0,0,0,0,0,0,0,0,0,0,0,0,0,0,0,0,0,1,0,0,0,0,0,0,0,0.0,0.0,0.0,0.0,0.0
Reset,136,4,40,22/04/2026 16:59:55,90.00%,1950,2000,45,50,0.0,0,4,0,0,0,0,0,0,0,0,0,0,0,0,0,0,0,0,0,0,0,0,0,0,0,0,0,0,0,0.0,0.0,0.0,0.0,0.0
Reset,132,4,40,22/04/2026 16:57:41,90.00%,1950,2000,45,50,0.0,0,4,0,0,0,0,0,0,0,0,0,0,0,0,0,0,0,0,0,0,0,0,0,0,0,0,0,0,0,0.0,0.0,0.0,0.0,0.0
Reset,132,16,40,22/04/2026 16:53:50,60.00%,1950,2000,45,50,8.0,0,5,0,0,0,0,0,0,0,0,0,0,0,3,0,0,0,0,0,0,0,0,0,0,0,0,0,0,0,0.0,0.0,0.0,0.0,0.0
Reset,3,0,20,22/04/2026 16:52:14,100.00%,1500,800,35,90,0.0,0,0,0,0,0,0,0,0,0,0,0,0,0,0,0,0,0,0,0,0,0,0,0,0,0,0,0,0,0,0.0,0.0,0.0,0.0,0.0
Reset,133,6,40,22/04/2026 16:51:42,85.00%,1950,2000,45,50,0.0,0,6,0,0,0,0,0,0,0,0,0,0,0,0,0,0,0,0,0,0,0,0,0,0,0,0,0,0,0,0.0,0.0,0.0,0.0,0.0
Reset,131,7,40,22/04/2026 16:49:19,82.50%,1800,2000,45,60,7.0,0,0,0,0,0,0,0,0,0,0,0,0,0,0,0,0,0,0,0,0,0,0,0,0,0,0,0,0,0,0.0,0.0,0.0,0.0,0.0
Reset,6,0,20,22/04/2026 16:48:43,100.00%,1750,800,45,120,0.0,0,0,0,0,0,0,0,0,0,0,0,0,0,0,0,0,0,0,0,0,0,0,0,0,0,0,0,0,0,0.0,0.0,0.0,0.0,0.0
Reset,136,5,40,22/04/2026 16:44:34,87.50%,1950,2000,45,50,0.0,0,5,0,0,0,0,0,0,0,0,0,0,0,0,0,0,0,0,0,0,0,0,0,0,0,0,0,0,0,0.0,0.0,0.0,0.0,0.0
Reset,135,7,40,22/04/2026 16:41:37,82.50%,1950,2000,45,50,0.0,0,7,0,0,0,0,0,0,0,0,0,0,0,0,0,0,0,0,0,0,0,0,0,0,0,0,0,0,0,0.0,0.0,0.0,0.0,0.0
Reset,72,20,20,22/04/2026 16:40:22,0,800,1400,50,120,20.0,0,0,0,0,0,0,0,0,0,0,0,0,0,0,0,0,0,0,0,0,0,0,0,0,0,0,0,0,0,0.0,0.0,0.0,0.0,0.0
Reset,134,5,40,22/04/2026 16:39:01,87.50%,2000,1880,45,50,3.0,0,2,0,0,0,0,0,0,0,0,0,0,0,0,0,0,0,0,0,0,0,0,0,0,0,0,0,0,0,0.0,0.0,0.0,0.0,0.0
Reset,10,0,20,22/04/2026 16:36:58,100.00%,1550,800,35,120,0.0,0,0,0,0,0,0,0,0,0,0,0,0,0,0,0,0,0,0,0,0,0,0,0,0,0,0,0,0,0,0.0,0.0,0.0,0.0,0.0
Reset,134,9,40,22/04/2026 16:33:44,77.50%,2000,1880,45,50,6.0,0,3,0,0,0,0,0,0,0,0,0,0,0,0,0,0,0,0,0,0,0,0,0,0,0,0,0,0,0,0.0,0.0,0.0,0.0,0.0
Reset,7,7,20,22/04/2026 16:30:11,65.00%,1420,800,35,120,0.0,0,0,0,0,0,0,0,0,0,0,0,0,0,0,0,0,0,0,0,0,6,1,0,0,0,0,0,0,0,0.0,0.0,0.0,0.0,0.0
Reset,132,23,40,22/04/2026 16:26:39,42.50%,1950,2000,45,50,14.0,0,5,0,0,0,0,0,0,0,0,0,0,0,4,0,0,0,0,0,0,0,0,0,0,0,0,0,0,0,0.0,0.0,0.0,0.0,0.0
Reset,133,11,40,22/04/2026 16:22:45,72.50%,1950,2000,45,50,0.0,0,6,0,0,0,0,0,0,0,0,0,0,0,5,0,0,0,0,0,0,0,0,0,0,0,0,0,0,0,0.0,0.0,0.0,0.0,0.0
Reset,5,2,20,22/04/2026 16:18:30,90.00%,1500,800,35,110,0.0,0,0,0,0,0,0,0,0,0,0,0,0,0,0,0,0,0,0,0,0,0,2,0,0,0,0,0,0,0,0.0,0.0,0.0,0.0,0.0
Reset,3,1,20,22/04/2026 16:15:37,95.00%,1500,800,35,90,0.0,0,0,0,0,0,0,0,0,0,0,0,0,0,0,0,0,0,0,0,0,0,1,0,0,0,0,0,0,0,0.0,0.0,0.0,0.0,0.0
Reset,134,18,40,22/04/2026 16:13:03,55.00%,2000,1880,45,50,13.0,0,4,0,0,0,0,0,0,0,1,0,0,0,0,0,0,0,0,0,0,0,0,0,0,0,0,0,0,0,0.0,0.0,0.0,0.0,0.0
Reset,73,2,20,22/04/2026 16:09:10,90.00%,1400,800,50,120,0.0,0,1,0,0,0,0,0,0,0,0,0,0,1,0,0,0,0,0,0,0,0,0,0,0,0,0,0,0,0,0.0,0.0,0.0,0.0,0.0
Reset,10,0,20,22/04/2026 15:57:01,100.00%,1550,800,35,120,0.0,0,0,0,0,0,0,0,0,0,0,0,0,0,0,0,0,0,0,0,0,0,0,0,0,0,0,0,0,0,0.0,0.0,0.0,0.0,0.0
Reset,7,3,20,22/04/2026 15:47:42,85.00%,1420,800,35,120,0.0,0,0,0,0,0,0,0,0,0,0,0,0,0,1,0,0,0,0,0,0,2,0,0,0,0,0,0,0,0,0.0,0.0,0.0,0.0,0.0
Reset,134,11,40,22/04/2026 15:35:42,72.50%,2000,1880,45,50,10.0,0,1,0,0,0,0,0,0,0,0,0,0,0,0,0,0,0,0,0,0,0,0,0,0,0,0,0,0,0,0.0,0.0,0.0,0.0,0.0
Reset,131,11,40,22/04/2026 14:55:39,72.50%,1800,2000,45,60,11.0,0,0,0,0,0,0,0,0,0,0,0,0,0,0,0,0,0,0,0,0,0,0,0,0,0,0,0,0,0,0.0,0.0,0.0,0.0,0.0
Reset,135,6,40,22/04/2026 14:53:43,85.00%,1950,2000,45,50,0.0,0,6,0,0,0,0,0,0,0,0,0,0,0,0,0,0,0,0,0,0,0,0,0,0,0,0,0,0,0,0.0,0.0,0.0,0.0,0.0
Reset,136,1,40,22/04/2026 14:51:23,97.50%,1950,2000,45,50,0.0,0,1,0,0,0,0,0,0,0,0,0,0,0,0,0,0,0,0,0,0,0,0,0,0,0,0,0,0,0,0.0,0.0,0.0,0.0,0.0
Reset,132,2,40,22/04/2026 14:42:38,95.00%,1950,2000,45,50,2.0,0,0,0,0,0,0,0,0,0,0,0,0,0,0,0,0,0,0,0,0,0,0,0,0,0,0,0,0,0,0.0,0.0,0.0,0.0,0.0
Reset,133,4,40,22/04/2026 14:38:16,90.00%,1950,2000,45,50,0.0,0,4,0,0,0,0,0,0,0,0,0,0,0,0,0,0,0,0,0,0,0,0,0,0,0,0,0,0,0,0.0,0.0,0.0,0.0,0.0
Reset,134,16,40,22/04/2026 14:35:33,60.00%,2000,1880,45,50,16.0,0,0,0,0,0,0,0,0,0,0,0,0,0,0,0,0,0,0,0,0,0,0,0,0,0,0,0,0,0,0.0,0.0,0.0,0.0,0.0
Reset,131,15,40,22/04/2026 14:31:47,62.50%,1800,2000,45,60,13.0,0,2,0,0,0,0,0,0,0,0,0,0,0,0,0,0,0,0,0,0,0,0,0,0,0,0,0,0,0,0.0,0.0,0.0,0.0,0.0
Reset,135,8,40,22/04/2026 14:28:32,80.00%,1950,2000,45,50,1.0,0,7,0,0,0,0,0,0,0,0,0,0,0,0,0,0,0,0,0,0,0,0,0,0,0,0,0,0,0,0.0,0.0,0.0,0.0,0.0
Reset,136,3,40,22/04/2026 14:22:50,92.50%,1950,2000,45,50,0.0,0,3,0,0,0,0,0,0,0,0,0,0,0,0,0,0,0,0,0,0,0,0,0,0,0,0,0,0,0,0.0,0.0,0.0,0.0,0.0
Reset,133,5,40,22/04/2026 14:18:36,87.50%,1950,2000,45,50,0.0,0,5,0,0,0,0,0,0,0,0,0,0,0,0,0,0,0,0,0,0,0,0,0,0,0,0,0,0,0,0.0,0.0,0.0,0.0,0.0
Reset,134,19,40,22/04/2026 14:14:15,52.50%,2000,1880,45,50,14.0,0,5,0,0,0,0,0,0,0,0,0,0,0,0,0,0,0,0,0,0,0,0,0,0,0,0,0,0,0,0.0,0.0,0.0,0.0,0.0
Reset,131,16,40,22/04/2026 14:10:36,60.00%,1800,2000,45,60,14.0,0,2,0,0,0,0,0,0,0,0,0,0,0,0,0,0,0,0,0,0,0,0,0,0,0,0,0,0,0,0.0,0.0,0.0,0.0,0.0
Reset,135,13,40,22/04/2026 14:07:29,67.50%,1950,2000,45,50,9.0,0,4,0,0,0,0,0,0,0,0,0,0,0,0,0,0,0,0,0,0,0,0,0,0,0,0,0,0,0,0.0,0.0,0.0,0.0,0.0
Reset,5,0,20,22/04/2026 14:04:23,100.00%,1500,800,35,110,0.0,0,0,0,0,0,0,0,0,0,0,0,0,0,0,0,0,0,0,0,0,0,0,0,0,0,0,0,0,0,0.0,0.0,0.0,0.0,0.0
Reset,136,2,40,22/04/2026 14:00:34,95.00%,1950,2000,45,50,0.0,0,2,0,0,0,0,0,0,0,0,0,0,0,0,0,0,0,0,0,0,0,0,0,0,0,0,0,0,0,0.0,0.0,0.0,0.0,0.0
Reset,132,29,40,22/04/2026 13:58:46,27.50%,1950,2000,45,50,0.0,0,0,0,0,0,0,0,0,0,0,0,0,0,0,0,0,0,0,0,0,0,0,0,0,0,0,0,0,0,29.0,0.0,0.0,0.0,0.0
Reset,133,8,40,22/04/2026 13:58:06,80.00%,1950,2000,45,50,1.0,0,7,0,0,0,0,0,0,0,0,0,0,0,0,0,0,0,0,0,0,0,0,0,0,0,0,0,0,0,0.0,0.0,0.0,0.0,0.0
Reset,7,6,20,22/04/2026 13:49:08,70.00%,1420,800,35,120,0.0,0,1,0,0,0,0,0,0,0,0,0,0,0,0,0,0,0,0,0,0,4,1,0,0,0,0,0,0,0,0.0,0.0,0.0,0.0,0.0
Reset,131,11,40,22/04/2026 13:42:25,72.50%,1800,2000,45,60,11.0,0,0,0,0,0,0,0,0,0,0,0,0,0,0,0,0,0,0,0,0,0,0,0,0,0,0,0,0,0,0.0,0.0,0.0,0.0,0.0
Reset,133,2,40,22/04/2026 13:35:39,95.00%,1950,2000,45,50,0.0,0,2,0,0,0,0,0,0,0,0,0,0,0,0,0,0,0,0,0,0,0,0,0,0,0,0,0,0,0,0.0,0.0,0.0,0.0,0.0
Reset,136,2,40,22/04/2026 13:33:26,95.00%,1950,2000,45,50,0.0,0,2,0,0,0,0,0,0,0,0,0,0,0,0,0,0,0,0,0,0,0,0,0,0,0,0,0,0,0,0.0,0.0,0.0,0.0,0.0
Reset,134,14,40,22/04/2026 13:30:40,65.00%,2000,1880,45,50,14.0,0,0,0,0,0,0,0,0,0,0,0,0,0,0,0,0,0,0,0,0,0,0,0,0,0,0,0,0,0,0.0,0.0,0.0,0.0,0.0
Reset,5,0,20,22/04/2026 13:28:05,100.00%,1500,800,35,110,0.0,0,0,0,0,0,0,0,0,0,0,0,0,0,0,0,0,0,0,0,0,0,0,0,0,0,0,0,0,0,0.0,0.0,0.0,0.0,0.0
Reset,132,25,40,22/04/2026 13:22:18,37.50%,1950,800,45,50,0.0,0,0,0,0,0,0,0,0,0,0,0,0,0,0,0,0,0,0,0,0,0,0,0,0,0,0,0,0,0,25.0,0.0,0.0,0.0,0.0
Reset,2,2,20,22/04/2026 13:13:04,90.00%,1750,800,45,110,0.0,0,1,0,0,0,0,0,0,0,0,0,0,0,0,0,0,0,0,0,0,1,0,0,0,0,0,0,0,0,0.0,0.0,0.0,0.0,0.0
Reset,133,0,40,22/04/2026 13:08:35,100.00%,1950,2000,45,50,0.0,0,0,0,0,0,0,0,0,0,0,0,0,0,0,0,0,0,0,0,0,0,0,0,0,0,0,0,0,0,0.0,0.0,0.0,0.0,0.0
Reset,7,4,20,22/04/2026 13:06:51,80.00%,1420,800,35,120,0.0,0,1,0,0,0,0,0,0,0,0,0,0,0,0,0,0,0,0,0,0,3,0,0,0,0,0,0,0,0,0.0,0.0,0.0,0.0,0.0
Reset,136,1,40,22/04/2026 13:04:29,97.50%,1950,2000,45,50,0.0,0,1,0,0,0,0,0,0,0,0,0,0,0,0,0,0,0,0,0,0,0,0,0,0,0,0,0,0,0,0.0,0.0,0.0,0.0,0.0
Reset,131,10,40,22/04/2026 13:03:05,75.00%,1800,2000,45,60,10.0,0,0,0,0,0,0,0,0,0,0,0,0,0,0,0,0,0,0,0,0,0,0,0,0,0,0,0,0,0,0.0,0.0,0.0,0.0,0.0
Reset,134,2,40,22/04/2026 13:02:09,95.00%,2000,1880,45,50,0.0,0,2,0,0,0,0,0,0,0,0,0,0,0,0,0,0,0,0,0,0,0,0,0,0,0,0,0,0,0,0.0,0.0,0.0,0.0,0.0
Reset,5,1,20,22/04/2026 12:59:45,95.00%,1500,800,35,110,0.0,0,0,0,0,0,0,0,0,0,0,0,0,0,0,0,1,0,0,0,0,0,0,0,0,0,0,0,0,0,0.0,0.0,0.0,0.0,0.0
Reset,5,1,20,22/04/2026 12:56:26,95.00%,1500,800,35,110,0.0,0,0,0,0,0,0,0,0,0,0,0,0,0,1,0,0,0,0,0,0,0,0,0,0,0,0,0,0,0,0.0,0.0,0.0,0.0,0.0
Reset,10,2,20,22/04/2026 12:53:44,90.00%,1550,800,35,120,0.0,0,0,0,0,0,0,0,0,0,0,0,0,0,0,0,0,0,0,0,0,0,2,0,0,0,0,0,0,0,0.0,0.0,0.0,0.0,0.0
Reset,3,0,20,22/04/2026 11:05:16,100.00%,1500,800,35,90,0.0,0,0,0,0,0,0,0,0,0,0,0,0,0,0,0,0,0,0,0,0,0,0,0,0,0,0,0,0,0,0.0,0.0,0.0,0.0,0.0
Reset,2,0,20,22/04/2026 10:56:50,100.00%,1750,800,45,110,0.0,0,0,0,0,0,0,0,0,0,0,0,0,0,0,0,0,0,0,0,0,0,0,0,0,0,0,0,0,0,0.0,0.0,0.0,0.0,0.0
Reset,6,0,20,22/04/2026 10:41:40,100.00%,1750,800,45,120,0.0,0,0,0,0,0,0,0,0,0,0,0,0,0,0,0,0,0,0,0,0,0,0,0,0,0,0,0,0,0,0.0,0.0,0.0,0.0,0.0
Reset,10,0,20,22/04/2026 10:32:34,100.00%,1550,800,35,120,0.0,0,0,0,0,0,0,0,0,0,0,0,0,0,0,0,0,0,0,0,0,0,0,0,0,0,0,0,0,0,0.0,0.0,0.0,0.0,0.0
Reset,3,1,20,22/04/2026 10:18:32,95.00%,1500,800,35,90,1.0,0,0,0,0,0,0,0,0,0,0,0,0,0,0,0,0,0,0,0,0,0,0,0,0,0,0,0,0,0,0.0,0.0,0.0,0.0,0.0
Reset,2,1,20,22/04/2026 10:04:28,95.00%,1750,800,45,110,0.0,0,0,0,0,0,0,0,0,0,0,0,0,0,0,0,0,0,0,0,0,1,0,0,0,0,0,0,0,0,0.0,0.0,0.0,0.0,0.0
Reset,6,0,20,22/04/2026 09:54:05,100.00%,1750,800,45,120,0.0,0,0,0,0,0,0,0,0,0,0,0,0,0,0,0,0,0,0,0,0,0,0,0,0,0,0,0,0,0,0.0,0.0,0.0,0.0,0.0
Reset,10,0,20,22/04/2026 09:36:01,100.00%,1550,800,35,120,0.0,0,0,0,0,0,0,0,0,0,0,0,0,0,0,0,0,0,0,0,0,0,0,0,0,0,0,0,0,0,0.0,0.0,0.0,0.0,0.0
Reset,5,8,20,22/04/2026 09:21:30,60.00%,1500,800,35,110,0.0,0,0,0,0,0,0,0,0,0,0,0,0,0,0,0,0,0,0,0,0,0,0,0,0,0,0,0,0,0,8.0,0.0,0.0,0.0,0.0
Reset,2,5,20,22/04/2026 08:53:03,75.00%,1750,800,45,110,0.0,0,0,0,0,0,0,0,0,0,0,0,0,0,0,0,1,0,0,0,0,4,0,0,0,0,0,0,0,0,0.0,0.0,0.0,0.0,0.0
Reset,10,1,20,22/04/2026 08:41:16,95.00%,1550,800,35,120,0.0,0,0,0,0,0,0,0,0,0,0,0,0,0,0,0,0,0,0,0,0,0,1,0,0,0,0,0,0,0,0.0,0.0,0.0,0.0,0.0
Reset,6,0,20,22/04/2026 08:23:20,100.00%,1750,800,45,120,0.0,0,0,0,0,0,0,0,0,0,0,0,0,0,0,0,0,0,0,0,0,0,0,0,0,0,0,0,0,0,0.0,0.0,0.0,0.0,0.0
Reset,5,0,20,22/04/2026 08:12:48,100.00%,1500,800,35,110,0.0,0,0,0,0,0,0,0,0,0,0,0,0,0,0,0,0,0,0,0,0,0,0,0,0,0,0,0,0,0,0.0,0.0,0.0,0.0,0.0
Reset,3,0,20,22/04/2026 08:02:40,100.00%,1500,800,35,90,0.0,0,0,0,0,0,0,0,0,0,0,0,0,0,0,0,0,0,0,0,0,0,0,0,0,0,0,0,0,0,0.0,0.0,0.0,0.0,0.0
Reset,2,3,20,22/04/2026 07:46:28,85.00%,1750,800,45,110,0.0,0,1,0,0,0,0,0,0,0,0,0,0,0,0,0,0,0,0,0,0,2,0,0,0,0,0,0,0,0,0.0,0.0,0.0,0.0,0.0
Reset,8,3,20,22/04/2026 07:31:48,85.00%,1500,800,35,120,3.0,0,0,0,0,0,0,0,0,0,0,0,0,0,0,0,0,0,0,0,0,0,0,0,0,0,0,0,0,0,0.0,0.0,0.0,0.0,0.0
Reset,10,0,20,22/04/2026 07:19:16,100.00%,1550,800,35,120,0.0,0,0,0,0,0,0,0,0,0,0,0,0,0,0,0,0,0,0,0,0,0,0,0,0,0,0,0,0,0,0.0,0.0,0.0,0.0,0.0
Reset,6,1,20,22/04/2026 07:15:41,95.00%,1750,800,45,120,0.0,0,0,0,0,0,0,0,0,0,0,0,0,0,0,0,0,0,0,0,0,0,1,0,0,0,0,0,0,0,0.0,0.0,0.0,0.0,0.0
Reset,5,0,20,22/04/2026 06:54:46,100.00%,1500,800,35,110,0.0,0,0,0,0,0,0,0,0,0,0,0,0,0,0,0,0,0,0,0,0,0,0,0,0,0,0,0,0,0,0.0,0.0,0.0,0.0,0.0
Reset,10,1,20,22/04/2026 06:51:40,95.00%,1550,800,35,120,0.0,0,0,0,0,0,0,0,0,0,0,0,0,0,0,0,1,0,0,0,0,0,0,0,0,0,0,0,0,0,0.0,0.0,0.0,0.0,0.0
Reset,8,3,20,22/04/2026 06:48:16,85.00%,1500,800,35,120,3.0,0,0,0,0,0,0,0,0,0,0,0,0,0,0,0,0,0,0,0,0,0,0,0,0,0,0,0,0,0,0.0,0.0,0.0,0.0,0.0
Reset,3,0,20,22/04/2026 06:34:25,100.00%,1500,800,35,90,0.0,0,0,0,0,0,0,0,0,0,0,0,0,0,0,0,0,0,0,0,0,0,0,0,0,0,0,0,0,0,0.0,0.0,0.0,0.0,0.0
Reset,2,5,20,22/04/2026 06:30:09,75.00%,1750,800,45,110,0.0,0,0,0,0,0,0,0,0,0,0,0,0,0,2,0,0,0,0,0,0,2,1,0,0,0,0,0,0,0,0.0,0.0,0.0,0.0,0.0
Reset,10,0,20,21/04/2026 22:55:54,100.00%,1550,800,35,120,0.0,0,0,0,0,0,0,0,0,0,0,0,0,0,0,0,0,0,0,0,0,0,0,0,0,0,0,0,0,0,0.0,0.0,0.0,0.0,0.0
Reset,8,2,20,21/04/2026 22:45:22,90.00%,1500,800,35,120,1.0,0,0,0,0,0,0,0,0,0,0,0,0,0,0,0,0,1,0,0,0,0,0,0,0,0,0,0,0,0,0.0,0.0,0.0,0.0,0.0
Reset,3,1,20,21/04/2026 22:34:52,95.00%,1500,800,35,90,0.0,0,0,0,0,0,0,0,0,0,0,0,0,0,0,0,0,0,0,0,0,0,1,0,0,0,0,0,0,0,0.0,0.0,0.0,0.0,0.0
Reset,2,4,20,21/04/2026 22:25:35,80.00%,1750,800,45,110,0.0,0,0,0,0,0,0,0,0,0,0,0,0,0,0,0,0,0,0,0,0,0,4,0,0,0,0,0,0,0,0.0,0.0,0.0,0.0,0.0
Reset,37,3,15,21/04/2026 22:22:44,80.00%,1620,1650,45,95,0.0,0,2,0,0,0,0,0,0,0,0,0,0,0,0,0,0,0,0,0,0,0,1,0,0,0,0,0,0,0,0.0,0.0,0.0,0.0,0.0
Reset,7,5,20,21/04/2026 22:15:46,75.00%,1420,800,35,120,0.0,0,1,0,0,0,0,0,0,0,0,0,0,0,0,0,0,0,0,0,0,4,0,0,0,0,0,0,0,0,0.0,0.0,0.0,0.0,0.0
Reset,10,2,20,21/04/2026 22:05:49,90.00%,1550,800,35,120,0.0,0,0,0,0,0,0,0,0,0,0,0,0,0,0,0,0,1,0,0,0,0,1,0,0,0,0,0,0,0,0.0,0.0,0.0,0.0,0.0
Reset,37,4,15,21/04/2026 21:56:38,73.33%,1620,1650,45,95,0.0,0,4,0,0,0,0,0,0,0,0,0,0,0,0,0,0,0,0,0,0,0,0,0,0,0,0,0,0,0,0.0,0.0,0.0,0.0,0.0
Reset,6,1,20,21/04/2026 21:52:23,95.00%,1750,800,45,120,0.0,0,0,0,0,0,0,0,0,0,0,0,0,0,0,0,0,0,0,0,0,0,1,0,0,0,0,0,0,0,0.0,0.0,0.0,0.0,0.0
0,93,3,0,21/04/2026 21:47:42,0,0,0,0,0,0.0,0,0,0,0,0,0,0,0,0,0,0,0,0,0,0,0,0,0,0,0,0,3,0,0,0,0,0,0,0,0.0,0.0,0.0,0.0,0.0
Reset,8,3,20,21/04/2026 21:40:45,85.00%,1500,800,35,120,3.0,0,0,0,0,0,0,0,0,0,0,0,0,0,0,0,0,0,0,0,0,0,0,0,0,0,0,0,0,0,0.0,0.0,0.0,0.0,0.0
ROTOZIP,56,2,30,21/04/2026 21:34:07,93.33%,1530,800,50,100,1.0,0,0,0,0,0,0,0,0,0,0,0,0,0,0,0,0,0,0,0,0,1,0,0,0,0,0,0,0,0,0.0,0.0,0.0,0.0,0.0
Reset,10,1,20,21/04/2026 21:31:13,95.00%,1550,800,35,120,0.0,0,0,0,0,0,0,0,0,0,0,0,0,0,0,0,0,0,0,0,0,0,1,0,0,0,0,0,0,0,0.0,0.0,0.0,0.0,0.0
Reset,40,1,15,21/04/2026 21:30:37,93.33%,1600,1650,45,95,0.0,0,0,0,0,0,0,0,0,0,0,0,0,0,0,0,0,0,0,0,0,0,1,0,0,0,0,0,0,0,0.0,0.0,0.0,0.0,0.0
0,67,0,0,21/04/2026 21:17:17,0,0,0,0,0,0.0,0,0,0,0,0,0,0,0,0,0,0,0,0,0,0,0,0,0,0,0,0,0,0,0,0,0,0,0,0,0.0,0.0,0.0,0.0,0.0
Reset,8,2,20,21/04/2026 21:15:11,90.00%,1500,800,35,120,2.0,0,0,0,0,0,0,0,0,0,0,0,0,0,0,0,0,0,0,0,0,0,0,0,0,0,0,0,0,0,0.0,0.0,0.0,0.0,0.0
Reset,37,1,15,21/04/2026 21:15:01,93.33%,1620,1650,45,95,1.0,0,0,0,0,0,0,0,0,0,0,0,0,0,0,0,0,0,0,0,0,0,0,0,0,0,0,0,0,0,0.0,0.0,0.0,0.0,0.0
Reset,37,2,15,21/04/2026 21:12:01,86.67%,1620,1650,45,95,0.0,0,0,0,0,0,0,0,0,0,0,0,0,1,0,0,0,0,0,0,0,0,1,0,0,0,0,0,0,0,0.0,0.0,0.0,0.0,0.0
Reset,37,0,15,21/04/2026 21:11:24,100.00%,1620,1650,45,95,0.0,0,0,0,0,0,0,0,0,0,0,0,0,0,0,0,0,0,0,0,0,0,0,0,0,0,0,0,0,0,0.0,0.0,0.0,0.0,0.0
Reset,3,0,20,21/04/2026 21:09:10,100.00%,1500,800,35,90,0.0,0,0,0,0,0,0,0,0,0,0,0,0,0,0,0,0,0,0,0,0,0,0,0,0,0,0,0,0,0,0.0,0.0,0.0,0.0,0.0
ROTOZIP,56,1,30,21/04/2026 20:56:27,96.67%,1530,800,50,100,1.0,0,0,0,0,0,0,0,0,0,0,0,0,0,0,0,0,0,0,0,0,0,0,0,0,0,0,0,0,0,0.0,0.0,0.0,0.0,0.0
Reset,10,0,20,21/04/2026 20:54:37,100.00%,1550,800,35,120,0.0,0,0,0,0,0,0,0,0,0,0,0,0,0,0,0,0,0,0,0,0,0,0,0,0,0,0,0,0,0,0.0,0.0,0.0,0.0,0.0
Reset,39,0,15,21/04/2026 20:53:01,100.00%,1600,1650,50,95,0.0,0,0,0,0,0,0,0,0,0,0,0,0,0,0,0,0,0,0,0,0,0,0,0,0,0,0,0,0,0,0.0,0.0,0.0,0.0,0.0
Reset,40,3,15,21/04/2026 20:52:43,80.00%,1600,1650,45,95,0.0,0,0,0,0,0,0,0,0,0,0,0,0,0,0,0,0,0,0,0,0,0,3,0,0,0,0,0,0,0,0.0,0.0,0.0,0.0,0.0
Reset,8,2,20,21/04/2026 20:47:24,90.00%,1500,800,35,120,2.0,0,0,0,0,0,0,0,0,0,0,0,0,0,0,0,0,0,0,0,0,0,0,0,0,0,0,0,0,0,0.0,0.0,0.0,0.0,0.0
ROTOZIP,57,0,30,21/04/2026 20:42:34,100.00%,1530,800,50,100,0.0,0,0,0,0,0,0,0,0,0,0,0,0,0,0,0,0,0,0,0,0,0,0,0,0,0,0,0,0,0,0.0,0.0,0.0,0.0,0.0
ROTOZIP,57,2,30,21/04/2026 20:38:47,93.33%,1530,800,50,100,2.0,0,0,0,0,0,0,0,0,0,0,0,0,0,0,0,0,0,0,0,0,0,0,0,0,0,0,0,0,0,0.0,0.0,0.0,0.0,0.0
Reset,3,1,20,21/04/2026 20:35:47,95.00%,1500,800,35,90,0.0,0,0,0,0,0,0,0,0,0,0,0,0,0,0,0,0,0,0,0,0,0,1,0,0,0,0,0,0,0,0.0,0.0,0.0,0.0,0.0
ROTOZIP,56,0,30,21/04/2026 20:30:06,100.00%,1530,800,50,100,0.0,0,0,0,0,0,0,0,0,0,0,0,0,0,0,0,0,0,0,0,0,0,0,0,0,0,0,0,0,0,0.0,0.0,0.0,0.0,0.0
Reset,6,0,20,21/04/2026 20:23:57,100.00%,1750,800,45,120,0.0,0,0,0,0,0,0,0,0,0,0,0,0,0,0,0,0,0,0,0,0,0,0,0,0,0,0,0,0,0,0.0,0.0,0.0,0.0,0.0
Reset,10,0,20,21/04/2026 20:14:14,100.00%,1550,800,35,120,0.0,0,0,0,0,0,0,0,0,0,0,0,0,0,0,0,0,0,0,0,0,0,0,0,0,0,0,0,0,0,0.0,0.0,0.0,0.0,0.0
ROTOZIP,56,2,30,21/04/2026 20:13:47,93.33%,1530,800,50,100,2.0,0,0,0,0,0,0,0,0,0,0,0,0,0,0,0,0,0,0,0,0,0,0,0,0,0,0,0,0,0,0.0,0.0,0.0,0.0,0.0
Reset,8,2,20,21/04/2026 20:11:33,90.00%,1500,800,35,120,2.0,0,0,0,0,0,0,0,0,0,0,0,0,0,0,0,0,0,0,0,0,0,0,0,0,0,0,0,0,0,0.0,0.0,0.0,0.0,0.0
ROTOZIP,57,3,30,21/04/2026 20:10:47,90.00%,1530,800,50,100,3.0,0,0,0,0,0,0,0,0,0,0,0,0,0,0,0,0,0,0,0,0,0,0,0,0,0,0,0,0,0,0.0,0.0,0.0,0.0,0.0
ROTOZIP,57,0,30,21/04/2026 20:06:16,100.00%,1530,800,50,100,0.0,0,0,0,0,0,0,0,0,0,0,0,0,0,0,0,0,0,0,0,0,0,0,0,0,0,0,0,0,0,0.0,0.0,0.0,0.0,0.0
Reset,3,0,20,21/04/2026 20:05:27,100.00%,1500,800,35,90,0.0,0,0,0,0,0,0,0,0,0,0,0,0,0,0,0,0,0,0,0,0,0,0,0,0,0,0,0,0,0,0.0,0.0,0.0,0.0,0.0
ROTOZIP,57,2,30,21/04/2026 20:02:15,93.33%,1530,800,50,100,2.0,0,0,0,0,0,0,0,0,0,0,0,0,0,0,0,0,0,0,0,0,0,0,0,0,0,0,0,0,0,0.0,0.0,0.0,0.0,0.0
Reset,10,0,20,21/04/2026 19:44:48,100.00%,1550,800,35,120,0.0,0,0,0,0,0,0,0,0,0,0,0,0,0,0,0,0,0,0,0,0,0,0,0,0,0,0,0,0,0,0.0,0.0,0.0,0.0,0.0
Reset,8,4,20,21/04/2026 19:34:28,80.00%,1500,800,35,120,3.0,0,0,0,0,0,0,0,0,0,0,0,0,0,0,0,0,0,0,0,0,0,1,0,0,0,0,0,0,0,0.0,0.0,0.0,0.0,0.0
Reset,5,1,20,21/04/2026 19:28:50,95.00%,1500,800,35,110,0.0,0,0,0,0,0,0,0,0,0,0,0,0,0,0,0,0,0,0,0,0,0,1,0,0,0,0,0,0,0,0.0,0.0,0.0,0.0,0.0
Reset,5,13,20,21/04/2026 19:27:08,35.00%,1500,800,35,110,0.0,0,0,0,0,0,0,0,0,0,0,0,0,0,0,0,0,0,0,0,0,0,0,0,0,0,0,0,0,0,13.0,0.0,0.0,0.0,0.0
Reset,3,0,20,21/04/2026 19:13:39,100.00%,1500,800,35,90,0.0,0,0,0,0,0,0,0,0,0,0,0,0,0,0,0,0,0,0,0,0,0,0,0,0,0,0,0,0,0,0.0,0.0,0.0,0.0,0.0
Reset,10,1,20,21/04/2026 19:09:57,95.00%,1550,800,35,120,0.0,0,0,0,0,0,0,0,0,0,0,0,0,0,0,0,0,0,0,0,0,0,1,0,0,0,0,0,0,0,0.0,0.0,0.0,0.0,0.0
Reset,8,3,20,21/04/2026 19:06:48,85.00%,1500,800,35,120,3.0,0,0,0,0,0,0,0,0,0,0,0,0,0,0,0,0,0,0,0,0,0,0,0,0,0,0,0,0,0,0.0,0.0,0.0,0.0,0.0
ROTOZIP,57,2,30,21/04/2026 19:03:23,93.33%,1530,800,50,100,2.0,0,0,0,0,0,0,0,0,0,0,0,0,0,0,0,0,0,0,0,0,0,0,0,0,0,0,0,0,0,0.0,0.0,0.0,0.0,0.0
Reset,5,0,20,21/04/2026 19:02:43,100.00%,1500,800,35,110,0.0,0,0,0,0,0,0,0,0,0,0,0,0,0,0,0,0,0,0,0,0,0,0,0,0,0,0,0,0,0,0.0,0.0,0.0,0.0,0.0
Reset,73,2,20,21/04/2026 17:54:22,90.00%,1400,800,50,120,0.0,0,0,0,2,0,0,0,0,0,0,0,0,0,0,0,0,0,0,0,0,0,0,0,0,0,0,0,0,0,0.0,0.0,0.0,0.0,0.0
Reset,131,3,40,21/04/2026 17:47:42,92.50%,1800,2000,45,60,0.0,0,3,0,0,0,0,0,0,0,0,0,0,0,0,0,0,0,0,0,0,0,0,0,0,0,0,0,0,0,0.0,0.0,0.0,0.0,0.0
Reset,10,2,20,21/04/2026 17:45:07,90.00%,1550,800,35,120,0.0,0,0,0,0,0,0,0,0,0,0,0,0,0,0,0,0,0,0,0,0,0,2,0,0,0,0,0,0,0,0.0,0.0,0.0,0.0,0.0
Reset,135,2,40,21/04/2026 17:43:35,95.00%,2000,880,45,50,0.0,0,2,0,0,0,0,0,0,0,0,0,0,0,0,0,0,0,0,0,0,0,0,0,0,0,0,0,0,0,0.0,0.0,0.0,0.0,0.0
ROTOZIP,56,1,30,21/04/2026 17:37:23,96.67%,1530,800,50,100,1.0,0,0,0,0,0,0,0,0,0,0,0,0,0,0,0,0,0,0,0,0,0,0,0,0,0,0,0,0,0,0.0,0.0,0.0,0.0,0.0
Reset,8,2,20,21/04/2026 17:34:47,90.00%,1500,800,35,120,2.0,0,0,0,0,0,0,0,0,0,0,0,0,0,0,0,0,0,0,0,0,0,0,0,0,0,0,0,0,0,0.0,0.0,0.0,0.0,0.0
ROTOZIP,57,2,30,21/04/2026 17:32:26,93.33%,1530,800,50,100,2.0,0,0,0,0,0,0,0,0,0,0,0,0,0,0,0,0,0,0,0,0,0,0,0,0,0,0,0,0,0,0.0,0.0,0.0,0.0,0.0
Reset,3,5,20,21/04/2026 17:32:11,75.00%,1500,800,35,90,4.0,0,0,0,0,0,0,0,0,0,0,0,0,0,0,0,0,0,0,0,0,0,1,0,0,0,0,0,0,0,0.0,0.0,0.0,0.0,0.0
0,357,5,0,21/04/2026 17:30:11,0,0,0,0,0,4.0,0,0,0,0,0,0,0,0,0,0,0,0,0,0,0,0,0,0,0,0,0,1,0,0,0,0,0,0,0,0.0,0.0,0.0,0.0,0.0
Reset,10,0,20,21/04/2026 17:17:19,100.00%,1550,800,35,120,0.0,0,0,0,0,0,0,0,0,0,0,0,0,0,0,0,0,0,0,0,0,0,0,0,0,0,0,0,0,0,0.0,0.0,0.0,0.0,0.0
Reset,5,9,20,21/04/2026 17:07:04,55.00%,1500,800,35,110,0.0,0,0,0,0,0,0,0,0,0,0,0,0,0,0,0,0,0,0,0,0,0,0,0,0,0,0,0,0,0,9.0,0.0,0.0,0.0,0.0
ROTOZIP,57,0,30,21/04/2026 16:57:15,100.00%,1530,800,50,100,0.0,0,0,0,0,0,0,0,0,0,0,0,0,0,0,0,0,0,0,0,0,0,0,0,0,0,0,0,0,0,0.0,0.0,0.0,0.0,0.0
Reset,8,4,20,21/04/2026 16:53:42,80.00%,1500,800,35,120,4.0,0,0,0,0,0,0,0,0,0,0,0,0,0,0,0,0,0,0,0,0,0,0,0,0,0,0,0,0,0,0.0,0.0,0.0,0.0,0.0
ROTOZIP,56,2,30,21/04/2026 16:53:32,93.33%,1530,800,50,100,0.0,0,0,0,0,2,0,0,0,0,0,0,0,0,0,0,0,0,0,0,0,0,0,0,0,0,0,0,0,0,0.0,0.0,0.0,0.0,0.0
ROTOZIP,57,5,30,21/04/2026 16:49:19,83.33%,1530,800,50,100,0.0,0,0,0,0,0,0,0,0,0,0,0,0,0,0,0,0,0,0,0,0,0,5,0,0,0,0,0,0,0,0.0,0.0,0.0,0.0,0.0
Reset,3,1,20,21/04/2026 16:46:37,95.00%,1500,800,35,90,0.0,0,0,0,0,0,0,0,0,0,0,0,0,0,0,0,0,1,0,0,0,0,0,0,0,0,0,0,0,0,0.0,0.0,0.0,0.0,0.0
Reset,73,0,20,21/04/2026 16:44:25,100.00%,1400,800,50,120,0.0,0,0,0,0,0,0,0,0,0,0,0,0,0,0,0,0,0,0,0,0,0,0,0,0,0,0,0,0,0,0.0,0.0,0.0,0.0,0.0
Reset,10,0,20,21/04/2026 16:35:08,100.00%,1550,800,35,120,0.0,0,0,0,0,0,0,0,0,0,0,0,0,0,0,0,0,0,0,0,0,0,0,0,0,0,0,0,0,0,0.0,0.0,0.0,0.0,0.0
Reset,8,3,20,21/04/2026 16:26:02,85.00%,1500,800,35,120,3.0,0,0,0,0,0,0,0,0,0,0,0,0,0,0,0,0,0,0,0,0,0,0,0,0,0,0,0,0,0,0.0,0.0,0.0,0.0,0.0
Reset,5,1,20,21/04/2026 16:23:56,95.00%,1500,800,35,110,0.0,0,0,0,0,0,0,0,0,0,0,0,0,0,0,0,0,0,0,0,0,0,1,0,0,0,0,0,0,0,0.0,0.0,0.0,0.0,0.0
Reset,10,0,20,21/04/2026 16:23:38,100.00%,1550,800,35,120,0.0,0,0,0,0,0,0,0,0,0,0,0,0,0,0,0,0,0,0,0,0,0,0,0,0,0,0,0,0,0,0.0,0.0,0.0,0.0,0.0
Reset,3,0,20,21/04/2026 16:23:30,100.00%,1500,800,35,90,0.0,0,0,0,0,0,0,0,0,0,0,0,0,0,0,0,0,0,0,0,0,0,0,0,0,0,0,0,0,0,0.0,0.0,0.0,0.0,0.0
Reset,2,0,20,21/04/2026 15:58:14,100.00%,1750,800,45,110,0.0,0,0,0,0,0,0,0,0,0,0,0,0,0,0,0,0,0,0,0,0,0,0,0,0,0,0,0,0,0,0.0,0.0,0.0,0.0,0.0
Reset,8,3,20,21/04/2026 15:53:23,85.00%,1500,800,35,120,3.0,0,0,0,0,0,0,0,0,0,0,0,0,0,0,0,0,0,0,0,0,0,0,0,0,0,0,0,0,0,0.0,0.0,0.0,0.0,0.0
Reset,6,0,20,21/04/2026 15:53:11,100.00%,1750,800,45,120,0.0,0,0,0,0,0,0,0,0,0,0,0,0,0,0,0,0,0,0,0,0,0,0,0,0,0,0,0,0,0,0.0,0.0,0.0,0.0,0.0
Reset,5,0,20,21/04/2026 15:35:28,100.00%,1500,800,35,110,0.0,0,0,0,0,0,0,0,0,0,0,0,0,0,0,0,0,0,0,0,0,0,0,0,0,0,0,0,0,0,0.0,0.0,0.0,0.0,0.0
Reset,133,3,40,21/04/2026 14:51:37,92.50%,2000,880,45,50,0.0,0,3,0,0,0,0,0,0,0,0,0,0,0,0,0,0,0,0,0,0,0,0,0,0,0,0,0,0,0,0.0,0.0,0.0,0.0,0.0
Reset,132,7,40,21/04/2026 14:48:12,82.50%,1800,2000,45,50,7.0,0,0,0,0,0,0,0,0,0,0,0,0,0,0,0,0,0,0,0,0,0,0,0,0,0,0,0,0,0,0.0,0.0,0.0,0.0,0.0
Reset,7,2,20,21/04/2026 14:45:27,90.00%,0,0,0,0,0.0,0,1,0,0,0,0,0,0,0,0,0,0,0,0,0,0,0,0,0,0,1,0,0,0,0,0,0,0,0,0.0,0.0,0.0,0.0,0.0
Reset,3,0,20,21/04/2026 14:42:03,100.00%,1500,800,35,90,0.0,0,0,0,0,0,0,0,0,0,0,0,0,0,0,0,0,0,0,0,0,0,0,0,0,0,0,0,0,0,0.0,0.0,0.0,0.0,0.0
Reset,134,1,40,21/04/2026 14:37:38,97.50%,2000,1880,45,50,0.0,0,1,0,0,0,0,0,0,0,0,0,0,0,0,0,0,0,0,0,0,0,0,0,0,0,0,0,0,0,0.0,0.0,0.0,0.0,0.0
Reset,135,8,40,21/04/2026 14:35:26,80.00%,2000,880,45,50,6.0,0,2,0,0,0,0,0,0,0,0,0,0,0,0,0,0,0,0,0,0,0,0,0,0,0,0,0,0,0,0.0,0.0,0.0,0.0,0.0
Reset,10,1,20,21/04/2026 14:27:09,95.00%,1550,100,35,120,0.0,0,0,0,0,0,0,0,0,0,0,0,0,0,0,0,0,0,0,0,0,0,1,0,0,0,0,0,0,0,0.0,0.0,0.0,0.0,0.0
Reset,5,0,20,21/04/2026 14:24:19,100.00%,0,0,0,0,0.0,0,0,0,0,0,0,0,0,0,0,0,0,0,0,0,0,0,0,0,0,0,0,0,0,0,0,0,0,0,0.0,0.0,0.0,0.0,0.0
ROTOZIP,57,3,30,21/04/2026 14:21:13,90.00%,0,0,0,0,2.0,0,0,0,0,0,0,0,0,1,0,0,0,0,0,0,0,0,0,0,0,0,0,0,0,0,0,0,0,0,0.0,0.0,0.0,0.0,0.0
Reset,2,0,20,21/04/2026 14:16:12,100.00%,1750,100,35,110,0.0,0,0,0,0,0,0,0,0,0,0,0,0,0,0,0,0,0,0,0,0,0,0,0,0,0,0,0,0,0,0.0,0.0,0.0,0.0,0.0
Reset,8,3,20,21/04/2026 14:12:27,85.00%,0,0,0,0,3.0,0,0,0,0,0,0,0,0,0,0,0,0,0,0,0,0,0,0,0,0,0,0,0,0,0,0,0,0,0,0.0,0.0,0.0,0.0,0.0
Reset,6,0,20,21/04/2026 14:08:17,100.00%,1750,800,45,90,0.0,0,0,0,0,0,0,0,0,0,0,0,0,0,0,0,0,0,0,0,0,0,0,0,0,0,0,0,0,0,0.0,0.0,0.0,0.0,0.0
Reset,133,1,40,21/04/2026 14:03:01,97.50%,2000,880,45,50,0.0,0,1,0,0,0,0,0,0,0,0,0,0,0,0,0,0,0,0,0,0,0,0,0,0,0,0,0,0,0,0.0,0.0,0.0,0.0,0.0
Reset,3,1,20,21/04/2026 14:00:44,95.00%,1500,800,35,90,0.0,0,0,0,0,0,0,0,0,0,0,0,0,0,0,0,0,0,0,0,0,0,1,0,0,0,0,0,0,0,0.0,0.0,0.0,0.0,0.0
Reset,134,2,40,21/04/2026 13:56:27,95.00%,2000,1880,45,50,0.0,0,2,0,0,0,0,0,0,0,0,0,0,0,0,0,0,0,0,0,0,0,0,0,0,0,0,0,0,0,0.0,0.0,0.0,0.0,0.0
Reset,131,5,40,21/04/2026 13:53:42,87.50%,2000,880,45,50,0.0,0,5,0,0,0,0,0,0,0,0,0,0,0,0,0,0,0,0,0,0,0,0,0,0,0,0,0,0,0,0.0,0.0,0.0,0.0,0.0
Reset,7,2,20,21/04/2026 13:52:35,90.00%,0,0,0,0,0.0,1,0,0,0,0,0,0,0,0,0,0,0,0,1,0,0,0,0,0,0,0,0,0,0,0,0,0,0,0,0.0,0.0,0.0,0.0,0.0
Reset,132,6,40,21/04/2026 13:45:33,85.00%,1800,2000,45,50,6.0,0,0,0,0,0,0,0,0,0,0,0,0,0,0,0,0,0,0,0,0,0,0,0,0,0,0,0,0,0,0.0,0.0,0.0,0.0,0.0
Reset,10,1,20,21/04/2026 13:41:24,95.00%,1550,100,35,120,1.0,0,0,0,0,0,0,0,0,0,0,0,0,0,0,0,0,0,0,0,0,0,0,0,0,0,0,0,0,0,0.0,0.0,0.0,0.0,0.0
Reset,136,2,40,21/04/2026 13:34:36,95.00%,1950,2000,45,50,0.0,0,2,0,0,0,0,0,0,0,0,0,0,0,0,0,0,0,0,0,0,0,0,0,0,0,0,0,0,0,0.0,0.0,0.0,0.0,0.0
Reset,135,6,40,21/04/2026 13:33:09,85.00%,2000,880,45,50,6.0,0,0,0,0,0,0,0,0,0,0,0,0,0,0,0,0,0,0,0,0,0,0,0,0,0,0,0,0,0,0.0,0.0,0.0,0.0,0.0
Reset,2,3,20,21/04/2026 13:32:19,85.00%,1750,100,35,110,1.0,0,0,0,0,0,0,0,0,0,0,0,0,0,0,0,0,0,0,0,0,1,1,0,0,0,0,0,0,0,0.0,0.0,0.0,0.0,0.0
ROTOZIP,57,4,30,21/04/2026 13:28:47,86.67%,0,0,0,0,3.0,0,0,0,0,0,0,0,0,0,0,0,0,0,0,0,0,0,0,0,0,0,1,0,0,0,0,0,0,0,0.0,0.0,0.0,0.0,0.0
Reset,8,3,20,21/04/2026 13:20:36,85.00%,0,0,0,0,3.0,0,0,0,0,0,0,0,0,0,0,0,0,0,0,0,0,0,0,0,0,0,0,0,0,0,0,0,0,0,0.0,0.0,0.0,0.0,0.0
Reset,134,2,40,21/04/2026 13:15:09,95.00%,2000,1880,45,50,0.0,0,2,0,0,0,0,0,0,0,0,0,0,0,0,0,0,0,0,0,0,0,0,0,0,0,0,0,0,0,0.0,0.0,0.0,0.0,0.0
Reset,136,1,40,21/04/2026 13:02:17,97.50%,1950,2000,45,50,0.0,0,1,0,0,0,0,0,0,0,0,0,0,0,0,0,0,0,0,0,0,0,0,0,0,0,0,0,0,0,0.0,0.0,0.0,0.0,0.0
Reset,7,3,20,21/04/2026 13:00:41,85.00%,0,0,0,0,0.0,0,3,0,0,0,0,0,0,0,0,0,0,0,0,0,0,0,0,0,0,0,0,0,0,0,0,0,0,0,0.0,0.0,0.0,0.0,0.0
Reset,131,1,40,21/04/2026 12:53:58,97.50%,2000,880,45,50,0.0,0,0,0,0,0,0,0,0,0,0,0,0,0,1,0,0,0,0,0,0,0,0,0,0,0,0,0,0,0,0.0,0.0,0.0,0.0,0.0
Reset,5,0,20,21/04/2026 12:51:03,100.00%,0,0,0,0,0.0,0,0,0,0,0,0,0,0,0,0,0,0,0,0,0,0,0,0,0,0,0,0,0,0,0,0,0,0,0,0.0,0.0,0.0,0.0,0.0
Reset,133,1,40,21/04/2026 12:47:53,97.50%,2000,880,45,50,0.0,0,1,0,0,0,0,0,0,0,0,0,0,0,0,0,0,0,0,0,0,0,0,0,0,0,0,0,0,0,0.0,0.0,0.0,0.0,0.0
Reset,10,0,20,21/04/2026 12:46:46,100.00%,1550,100,35,120,0.0,0,0,0,0,0,0,0,0,0,0,0,0,0,0,0,0,0,0,0,0,0,0,0,0,0,0,0,0,0,0.0,0.0,0.0,0.0,0.0
Reset,132,9,40,21/04/2026 12:43:05,77.50%,1800,2000,45,50,8.0,0,1,0,0,0,0,0,0,0,0,0,0,0,0,0,0,0,0,0,0,0,0,0,0,0,0,0,0,0,0.0,0.0,0.0,0.0,0.0
Reset,135,5,40,21/04/2026 12:41:12,87.50%,2000,880,45,50,5.0,0,0,0,0,0,0,0,0,0,0,0,0,0,0,0,0,0,0,0,0,0,0,0,0,0,0,0,0,0,0.0,0.0,0.0,0.0,0.0
Reset,2,3,20,21/04/2026 12:39:41,85.00%,1750,100,35,110,0.0,0,1,0,0,0,0,0,0,0,0,0,0,0,0,0,0,0,0,0,0,2,0,0,0,0,0,0,0,0,0.0,0.0,0.0,0.0,0.0
Reset,8,3,20,21/04/2026 12:36:09,85.00%,0,0,0,0,2.0,0,0,0,0,0,0,0,0,0,0,0,0,0,0,0,0,0,0,0,0,0,1,0,0,0,0,0,0,0,0.0,0.0,0.0,0.0,0.0
Reset,134,1,40,21/04/2026 12:33:08,97.50%,2000,1880,45,50,0.0,0,1,0,0,0,0,0,0,0,0,0,0,0,0,0,0,0,0,0,0,0,0,0,0,0,0,0,0,0,0.0,0.0,0.0,0.0,0.0
Reset,3,1,20,21/04/2026 12:32:25,95.00%,1500,800,35,90,0.0,0,0,0,0,0,0,0,0,0,0,0,0,0,0,0,0,0,0,0,0,0,1,0,0,0,0,0,0,0,0.0,0.0,0.0,0.0,0.0
Reset,6,0,20,21/04/2026 12:29:30,100.00%,1750,800,45,90,0.0,0,0,0,0,0,0,0,0,0,0,0,0,0,0,0,0,0,0,0,0,0,0,0,0,0,0,0,0,0,0.0,0.0,0.0,0.0,0.0
DC-I,69,1,16,21/04/2026 12:25:57,93.75%,0,0,0,0,0.0,0,1,0,0,0,0,0,0,0,0,0,0,0,0,0,0,0,0,0,0,0,0,0,0,0,0,0,0,0,0.0,0.0,0.0,0.0,0.0
Reset,7,1,20,21/04/2026 12:22:25,95.00%,0,0,0,0,0.0,0,1,0,0,0,0,0,0,0,0,0,0,0,0,0,0,0,0,0,0,0,0,0,0,0,0,0,0,0,0.0,0.0,0.0,0.0,0.0
Reset,5,0,20,21/04/2026 12:19:25,100.00%,0,0,0,0,0.0,0,0,0,0,0,0,0,0,0,0,0,0,0,0,0,0,0,0,0,0,0,0,0,0,0,0,0,0,0,0.0,0.0,0.0,0.0,0.0
Reset,132,13,40,21/04/2026 12:14:45,67.50%,1800,2000,45,50,13.0,0,0,0,0,0,0,0,0,0,0,0,0,0,0,0,0,0,0,0,0,0,0,0,0,0,0,0,0,0,0.0,0.0,0.0,0.0,0.0
Reset,133,2,40,21/04/2026 12:09:47,95.00%,2000,880,45,50,0.0,0,2,0,0,0,0,0,0,0,0,0,0,0,0,0,0,0,0,0,0,0,0,0,0,0,0,0,0,0,0.0,0.0,0.0,0.0,0.0
Reset,131,2,40,21/04/2026 12:08:00,95.00%,2000,880,45,50,1.0,0,1,0,0,0,0,0,0,0,0,0,0,0,0,0,0,0,0,0,0,0,0,0,0,0,0,0,0,0,0.0,0.0,0.0,0.0,0.0
Reset,136,2,40,21/04/2026 12:05:31,95.00%,1950,2000,45,50,0.0,0,2,0,0,0,0,0,0,0,0,0,0,0,0,0,0,0,0,0,0,0,0,0,0,0,0,0,0,0,0.0,0.0,0.0,0.0,0.0
Reset,135,3,40,21/04/2026 12:03:21,92.50%,2000,880,45,50,3.0,0,0,0,0,0,0,0,0,0,0,0,0,0,0,0,0,0,0,0,0,0,0,0,0,0,0,0,0,0,0.0,0.0,0.0,0.0,0.0
DC-I,65,2,16,21/04/2026 11:58:51,87.50%,1420,1500,45,90,0.0,0,2,0,0,0,0,0,0,0,0,0,0,0,0,0,0,0,0,0,0,0,0,0,0,0,0,0,0,0,0.0,0.0,0.0,0.0,0.0
DC-I,68,2,16,21/04/2026 11:54:54,87.50%,0,0,0,0,0.0,0,2,0,0,0,0,0,0,0,0,0,0,0,0,0,0,0,0,0,0,0,0,0,0,0,0,0,0,0,0.0,0.0,0.0,0.0,0.0
Reset,2,0,20,21/04/2026 11:05:55,100.00%,1750,100,35,110,0.0,0,0,0,0,0,0,0,0,0,0,0,0,0,0,0,0,0,0,0,0,0,0,0,0,0,0,0,0,0,0.0,0.0,0.0,0.0,0.0
DC-I,69,4,16,21/04/2026 11:01:37,75.00%,0,0,0,0,0.0,0,4,0,0,0,0,0,0,0,0,0,0,0,0,0,0,0,0,0,0,0,0,0,0,0,0,0,0,0,0.0,0.0,0.0,0.0,0.0
Reset,5,0,20,21/04/2026 11:00:09,100.00%,0,0,0,0,0.0,0,0,0,0,0,0,0,0,0,0,0,0,0,0,0,0,0,0,0,0,0,0,0,0,0,0,0,0,0,0.0,0.0,0.0,0.0,0.0
Reset,8,1,20,21/04/2026 10:56:39,95.00%,0,0,0,0,1.0,0,0,0,0,0,0,0,0,0,0,0,0,0,0,0,0,0,0,0,0,0,0,0,0,0,0,0,0,0,0.0,0.0,0.0,0.0,0.0
Reset,6,0,20,21/04/2026 10:53:36,100.00%,1750,800,45,90,0.0,0,0,0,0,0,0,0,0,0,0,0,0,0,0,0,0,0,0,0,0,0,0,0,0,0,0,0,0,0,0.0,0.0,0.0,0.0,0.0
Reset,3,0,20,21/04/2026 10:51:08,100.00%,1500,800,35,90,0.0,0,0,0,0,0,0,0,0,0,0,0,0,0,0,0,0,0,0,0,0,0,0,0,0,0,0,0,0,0,0.0,0.0,0.0,0.0,0.0
Reset,7,3,20,21/04/2026 10:47:44,85.00%,0,0,0,0,0.0,0,0,0,0,0,0,0,0,0,0,0,0,0,0,0,0,0,0,0,0,3,0,0,0,0,0,0,0,0,0.0,0.0,0.0,0.0,0.0
Reset,134,0,40,21/04/2026 10:41:31,100.00%,2000,1880,45,50,0.0,0,0,0,0,0,0,0,0,0,0,0,0,0,0,0,0,0,0,0,0,0,0,0,0,0,0,0,0,0,0.0,0.0,0.0,0.0,0.0
Reset,132,5,40,21/04/2026 10:38:27,87.50%,1800,2000,45,50,4.0,0,1,0,0,0,0,0,0,0,0,0,0,0,0,0,0,0,0,0,0,0,0,0,0,0,0,0,0,0,0.0,0.0,0.0,0.0,0.0
Reset,6,0,20,21/04/2026 10:21:40,100.00%,1750,800,45,90,0.0,0,0,0,0,0,0,0,0,0,0,0,0,0,0,0,0,0,0,0,0,0,0,0,0,0,0,0,0,0,0.0,0.0,0.0,0.0,0.0
Reset,5,1,20,21/04/2026 10:19:01,95.00%,0,0,0,0,0.0,0,0,0,0,0,0,0,0,0,0,0,0,0,0,0,0,0,0,0,0,0,1,0,0,0,0,0,0,0,0.0,0.0,0.0,0.0,0.0
Reset,131,1,40,21/04/2026 10:12:26,97.50%,2000,880,45,50,0.0,0,1,0,0,0,0,0,0,0,0,0,0,0,0,0,0,0,0,0,0,0,0,0,0,0,0,0,0,0,0.0,0.0,0.0,0.0,0.0
Reset,136,2,40,21/04/2026 10:11:11,95.00%,1950,2000,45,50,0.0,0,2,0,0,0,0,0,0,0,0,0,0,0,0,0,0,0,0,0,0,0,0,0,0,0,0,0,0,0,0.0,0.0,0.0,0.0,0.0
Reset,10,3,20,21/04/2026 10:10:23,85.00%,1550,100,35,120,3.0,0,0,0,0,0,0,0,0,0,0,0,0,0,0,0,0,0,0,0,0,0,0,0,0,0,0,0,0,0,0.0,0.0,0.0,0.0,0.0
Reset,3,0,20,21/04/2026 10:06:49,100.00%,1500,800,35,90,0.0,0,0,0,0,0,0,0,0,0,0,0,0,0,0,0,0,0,0,0,0,0,0,0,0,0,0,0,0,0,0.0,0.0,0.0,0.0,0.0
Reset,135,6,40,21/04/2026 10:03:37,85.00%,2000,880,45,50,3.0,0,3,0,0,0,0,0,0,0,0,0,0,0,0,0,0,0,0,0,0,0,0,0,0,0,0,0,0,0,0.0,0.0,0.0,0.0,0.0
Reset,133,4,40,21/04/2026 10:02:24,90.00%,2000,880,45,50,0.0,0,4,0,0,0,0,0,0,0,0,0,0,0,0,0,0,0,0,0,0,0,0,0,0,0,0,0,0,0,0.0,0.0,0.0,0.0,0.0
DC-I,65,2,16,21/04/2026 09:57:50,87.50%,1420,1500,45,90,0.0,0,2,0,0,0,0,0,0,0,0,0,0,0,0,0,0,0,0,0,0,0,0,0,0,0,0,0,0,0,0.0,0.0,0.0,0.0,0.0
Reset,2,3,20,21/04/2026 09:56:06,85.00%,1750,100,35,110,0.0,0,0,0,0,0,0,0,0,0,0,0,0,0,0,0,0,0,0,0,0,3,0,0,0,0,0,0,0,0,0.0,0.0,0.0,0.0,0.0
DC-I,68,4,16,21/04/2026 09:52:51,75.00%,0,0,0,0,0.0,0,4,0,0,0,0,0,0,0,0,0,0,0,0,0,0,0,0,0,0,0,0,0,0,0,0,0,0,0,0.0,0.0,0.0,0.0,0.0
Reset,8,2,20,21/04/2026 09:51:02,90.00%,0,0,0,0,2.0,0,0,0,0,0,0,0,0,0,0,0,0,0,0,0,0,0,0,0,0,0,0,0,0,0,0,0,0,0,0.0,0.0,0.0,0.0,0.0
DC-I,69,0,16,21/04/2026 09:46:52,100.00%,0,0,0,0,0.0,0,0,0,0,0,0,0,0,0,0,0,0,0,0,0,0,0,0,0,0,0,0,0,0,0,0,0,0,0,0.0,0.0,0.0,0.0,0.0
Reset,134,4,40,21/04/2026 09:43:56,90.00%,2000,1880,45,50,0.0,0,4,0,0,0,0,0,0,0,0,0,0,0,0,0,0,0,0,0,0,0,0,0,0,0,0,0,0,0,0.0,0.0,0.0,0.0,0.0
Reset,7,1,20,21/04/2026 09:42:48,95.00%,0,0,0,0,0.0,0,0,0,0,0,0,0,0,0,0,0,0,0,1,0,0,0,0,0,0,0,0,0,0,0,0,0,0,0,0.0,0.0,0.0,0.0,0.0
Reset,5,1,20,21/04/2026 09:39:17,95.00%,0,0,0,0,0.0,0,0,0,0,0,0,0,0,0,0,0,0,0,0,0,0,0,0,0,0,0,1,0,0,0,0,0,0,0,0.0,0.0,0.0,0.0,0.0
Reset,6,0,20,21/04/2026 09:36:15,100.00%,1750,800,45,90,0.0,0,0,0,0,0,0,0,0,0,0,0,0,0,0,0,0,0,0,0,0,0,0,0,0,0,0,0,0,0,0.0,0.0,0.0,0.0,0.0
Reset,135,7,40,21/04/2026 09:31:07,82.50%,2000,880,45,50,4.0,0,3,0,0,0,0,0,0,0,0,0,0,0,0,0,0,0,0,0,0,0,0,0,0,0,0,0,0,0,0.0,0.0,0.0,0.0,0.0
Reset,132,7,40,21/04/2026 09:27:36,82.50%,1800,2000,45,50,7.0,0,0,0,0,0,0,0,0,0,0,0,0,0,0,0,0,0,0,0,0,0,0,0,0,0,0,0,0,0,0.0,0.0,0.0,0.0,0.0
Reset,131,3,40,21/04/2026 09:23:29,92.50%,2000,880,45,50,0.0,0,3,0,0,0,0,0,0,0,0,0,0,0,0,0,0,0,0,0,0,0,0,0,0,0,0,0,0,0,0.0,0.0,0.0,0.0,0.0
Reset,10,0,20,21/04/2026 09:21:20,100.00%,1550,100,35,120,0.0,0,0,0,0,0,0,0,0,0,0,0,0,0,0,0,0,0,0,0,0,0,0,0,0,0,0,0,0,0,0.0,0.0,0.0,0.0,0.0
Reset,136,0,40,21/04/2026 09:18:05,100.00%,1950,2000,45,50,0.0,0,0,0,0,0,0,0,0,0,0,0,0,0,0,0,0,0,0,0,0,0,0,0,0,0,0,0,0,0,0.0,0.0,0.0,0.0,0.0
Reset,133,6,40,21/04/2026 09:17:22,85.00%,2000,880,45,50,0.0,0,6,0,0,0,0,0,0,0,0,0,0,0,0,0,0,0,0,0,0,0,0,0,0,0,0,0,0,0,0.0,0.0,0.0,0.0,0.0
Reset,3,0,20,21/04/2026 09:16:25,100.00%,1500,800,35,90,0.0,0,0,0,0,0,0,0,0,0,0,0,0,0,0,0,0,0,0,0,0,0,0,0,0,0,0,0,0,0,0.0,0.0,0.0,0.0,0.0
Reset,2,2,20,21/04/2026 09:12:35,90.00%,1750,100,35,110,0.0,0,1,0,0,0,0,0,0,0,0,0,0,0,0,0,0,0,0,0,0,0,1,0,0,0,0,0,0,0,0.0,0.0,0.0,0.0,0.0
Reset,8,2,20,21/04/2026 09:05:57,90.00%,0,0,0,0,2.0,0,0,0,0,0,0,0,0,0,0,0,0,0,0,0,0,0,0,0,0,0,0,0,0,0,0,0,0,0,0.0,0.0,0.0,0.0,0.0
Reset,7,2,20,21/04/2026 09:02:33,90.00%,0,0,0,0,0.0,0,2,0,0,0,0,0,0,0,0,0,0,0,0,0,0,0,0,0,0,0,0,0,0,0,0,0,0,0,0.0,0.0,0.0,0.0,0.0
Reset,132,11,40,21/04/2026 08:56:38,72.50%,1800,2000,45,50,6.0,0,5,0,0,0,0,0,0,0,0,0,0,0,0,0,0,0,0,0,0,0,0,0,0,0,0,0,0,0,0.0,0.0,0.0,0.0,0.0
DC-I,65,3,16,21/04/2026 08:51:44,81.25%,1420,1500,45,90,0.0,0,3,0,0,0,0,0,0,0,0,0,0,0,0,0,0,0,0,0,0,0,0,0,0,0,0,0,0,0,0.0,0.0,0.0,0.0,0.0
Reset,5,0,20,21/04/2026 08:50:17,100.00%,0,0,0,0,0.0,0,0,0,0,0,0,0,0,0,0,0,0,0,0,0,0,0,0,0,0,0,0,0,0,0,0,0,0,0,0.0,0.0,0.0,0.0,0.0
DC-I,68,3,16,21/04/2026 08:47:13,81.25%,0,0,0,0,0.0,0,3,0,0,0,0,0,0,0,0,0,0,0,0,0,0,0,0,0,0,0,0,0,0,0,0,0,0,0,0.0,0.0,0.0,0.0,0.0
Reset,6,0,20,21/04/2026 08:45:54,100.00%,1750,800,45,90,0.0,0,0,0,0,0,0,0,0,0,0,0,0,0,0,0,0,0,0,0,0,0,0,0,0,0,0,0,0,0,0.0,0.0,0.0,0.0,0.0
DC-I,69,3,16,21/04/2026 08:40:06,81.25%,0,0,0,0,0.0,0,3,0,0,0,0,0,0,0,0,0,0,0,0,0,0,0,0,0,0,0,0,0,0,0,0,0,0,0,0.0,0.0,0.0,0.0,0.0
Reset,136,2,40,21/04/2026 08:35:59,95.00%,1950,2000,45,50,0.0,0,2,0,0,0,0,0,0,0,0,0,0,0,0,0,0,0,0,0,0,0,0,0,0,0,0,0,0,0,0.0,0.0,0.0,0.0,0.0
Reset,131,4,40,21/04/2026 08:33:53,90.00%,2000,880,45,50,0.0,0,4,0,0,0,0,0,0,0,0,0,0,0,0,0,0,0,0,0,0,0,0,0,0,0,0,0,0,0,0.0,0.0,0.0,0.0,0.0
Reset,135,6,40,21/04/2026 08:32:44,85.00%,2000,880,45,50,0.0,0,6,0,0,0,0,0,0,0,0,0,0,0,0,0,0,0,0,0,0,0,0,0,0,0,0,0,0,0,0.0,0.0,0.0,0.0,0.0
Reset,3,0,20,21/04/2026 08:28:50,100.00%,1500,800,35,90,0.0,0,0,0,0,0,0,0,0,0,0,0,0,0,0,0,0,0,0,0,0,0,0,0,0,0,0,0,0,0,0.0,0.0,0.0,0.0,0.0
Reset,10,0,20,21/04/2026 08:26:02,100.00%,1550,100,35,120,0.0,0,0,0,0,0,0,0,0,0,0,0,0,0,0,0,0,0,0,0,0,0,0,0,0,0,0,0,0,0,0.0,0.0,0.0,0.0,0.0
Reset,8,4,20,21/04/2026 08:23:06,80.00%,0,0,0,0,4.0,0,0,0,0,0,0,0,0,0,0,0,0,0,0,0,0,0,0,0,0,0,0,0,0,0,0,0,0,0,0.0,0.0,0.0,0.0,0.0
Reset,134,7,40,21/04/2026 08:15:26,82.50%,2000,1880,45,50,0.0,0,7,0,0,0,0,0,0,0,0,0,0,0,0,0,0,0,0,0,0,0,0,0,0,0,0,0,0,0,0.0,0.0,0.0,0.0,0.0
Reset,133,5,40,21/04/2026 08:13:02,87.50%,2000,880,45,50,0.0,0,5,0,0,0,0,0,0,0,0,0,0,0,0,0,0,0,0,0,0,0,0,0,0,0,0,0,0,0,0.0,0.0,0.0,0.0,0.0
Reset,134,6,40,21/04/2026 08:11:03,85.00%,2000,1880,45,50,0.0,0,3,0,0,0,0,0,0,0,0,0,0,0,3,0,0,0,0,0,0,0,0,0,0,0,0,0,0,0,0.0,0.0,0.0,0.0,0.0
DC-I,65,2,16,21/04/2026 08:06:28,87.50%,1420,1500,45,90,0.0,0,2,0,0,0,0,0,0,0,0,0,0,0,0,0,0,0,0,0,0,0,0,0,0,0,0,0,0,0,0.0,0.0,0.0,0.0,0.0
Reset,7,0,20,21/04/2026 08:04:42,100.00%,0,0,0,0,0.0,0,0,0,0,0,0,0,0,0,0,0,0,0,0,0,0,0,0,0,0,0,0,0,0,0,0,0,0,0,0.0,0.0,0.0,0.0,0.0
Reset,5,0,20,21/04/2026 08:01:27,100.00%,0,0,0,0,0.0,0,0,0,0,0,0,0,0,0,0,0,0,0,0,0,0,0,0,0,0,0,0,0,0,0,0,0,0,0,0.0,0.0,0.0,0.0,0.0
DC-I,68,3,16,21/04/2026 07:55:09,81.25%,0,0,0,0,0.0,0,3,0,0,0,0,0,0,0,0,0,0,0,0,0,0,0,0,0,0,0,0,0,0,0,0,0,0,0,0.0,0.0,0.0,0.0,0.0
DC-I,69,1,16,21/04/2026 07:50:39,93.75%,0,0,0,0,0.0,0,1,0,0,0,0,0,0,0,0,0,0,0,0,0,0,0,0,0,0,0,0,0,0,0,0,0,0,0,0.0,0.0,0.0,0.0,0.0
Reset,136,3,40,21/04/2026 07:45:42,92.50%,1950,2000,45,50,0.0,0,3,0,0,0,0,0,0,0,0,0,0,0,0,0,0,0,0,0,0,0,0,0,0,0,0,0,0,0,0.0,0.0,0.0,0.0,0.0
Reset,131,4,40,21/04/2026 07:44:33,90.00%,2000,880,45,50,0.0,0,4,0,0,0,0,0,0,0,0,0,0,0,0,0,0,0,0,0,0,0,0,0,0,0,0,0,0,0,0.0,0.0,0.0,0.0,0.0
Reset,131,3,40,21/04/2026 07:44:04,92.50%,2000,880,45,50,0.0,0,3,0,0,0,0,0,0,0,0,0,0,0,0,0,0,0,0,0,0,0,0,0,0,0,0,0,0,0,0.0,0.0,0.0,0.0,0.0
Reset,6,0,20,21/04/2026 07:43:44,100.00%,1750,800,45,90,0.0,0,0,0,0,0,0,0,0,0,0,0,0,0,0,0,0,0,0,0,0,0,0,0,0,0,0,0,0,0,0.0,0.0,0.0,0.0,0.0
Reset,3,1,20,21/04/2026 07:39:54,95.00%,1500,800,35,90,0.0,0,0,0,0,0,0,0,0,0,0,0,0,0,0,0,0,0,0,0,0,0,1,0,0,0,0,0,0,0,0.0,0.0,0.0,0.0,0.0
Reset,135,6,40,21/04/2026 07:36:18,85.00%,2000,880,45,50,3.0,0,3,0,0,0,0,0,0,0,0,0,0,0,0,0,0,0,0,0,0,0,0,0,0,0,0,0,0,0,0.0,0.0,0.0,0.0,0.0
Reset,8,2,20,21/04/2026 07:35:01,90.00%,0,0,0,0,2.0,0,0,0,0,0,0,0,0,0,0,0,0,0,0,0,0,0,0,0,0,0,0,0,0,0,0,0,0,0,0.0,0.0,0.0,0.0,0.0
Reset,132,6,40,21/04/2026 07:30:11,85.00%,1800,2000,45,50,3.0,0,3,0,0,0,0,0,0,0,0,0,0,0,0,0,0,0,0,0,0,0,0,0,0,0,0,0,0,0,0.0,0.0,0.0,0.0,0.0
Reset,10,1,20,21/04/2026 07:29:05,95.00%,1550,100,35,120,0.0,0,0,0,0,0,0,0,0,0,0,0,0,0,0,0,1,0,0,0,0,0,0,0,0,0,0,0,0,0,0.0,0.0,0.0,0.0,0.0
Reset,2,0,20,21/04/2026 07:26:20,100.00%,1750,100,35,110,0.0,0,0,0,0,0,0,0,0,0,0,0,0,0,0,0,0,0,0,0,0,0,0,0,0,0,0,0,0,0,0.0,0.0,0.0,0.0,0.0
Reset,7,5,20,21/04/2026 07:23:35,75.00%,0,0,0,0,0.0,0,1,0,0,0,0,0,0,0,0,0,0,0,2,0,0,0,0,0,0,1,1,0,0,0,0,0,0,0,0.0,0.0,0.0,0.0,0.0
Reset,134,7,40,21/04/2026 07:17:37,82.50%,2000,1880,45,50,0.0,0,7,0,0,0,0,0,0,0,0,0,0,0,0,0,0,0,0,0,0,0,0,0,0,0,0,0,0,0,0.0,0.0,0.0,0.0,0.0
Reset,133,6,40,21/04/2026 07:15:59,85.00%,2000,880,45,50,0.0,0,6,0,0,0,0,0,0,0,0,0,0,0,0,0,0,0,0,0,0,0,0,0,0,0,0,0,0,0,0.0,0.0,0.0,0.0,0.0
Reset,5,3,20,21/04/2026 07:14:44,85.00%,0,0,0,0,0.0,0,0,0,0,0,0,0,0,0,0,0,0,0,0,0,0,0,0,0,0,0,3,0,0,0,0,0,0,0,0.0,0.0,0.0,0.0,0.0
DC-I,66,16,16,21/04/2026 07:09:42,0,0,0,0,0,16.0,0,0,0,0,0,0,0,0,0,0,0,0,0,0,0,0,0,0,0,0,0,0,0,0,0,0,0,0,0,0.0,0.0,0.0,0.0,0.0
Reset,135,9,40,21/04/2026 07:07:53,77.50%,2000,880,45,50,7.0,0,2,0,0,0,0,0,0,0,0,0,0,0,0,0,0,0,0,0,0,0,0,0,0,0,0,0,0,0,0.0,0.0,0.0,0.0,0.0
DC-I,65,2,16,21/04/2026 07:06:15,-350.00%,1420,1500,45,90,0.0,0,72,0,0,0,0,0,0,0,0,0,0,0,0,0,0,0,0,0,0,0,0,0,0,0,0,0,0,0,0.0,0.0,0.0,0.0,0.0
DC-I,68,2,16,21/04/2026 07:01:36,87.50%,0,0,0,0,0.0,0,2,0,0,0,0,0,0,0,0,0,0,0,0,0,0,0,0,0,0,0,0,0,0,0,0,0,0,0,0.0,0.0,0.0,0.0,0.0
Reset,6,1,20,21/04/2026 06:59:45,95.00%,1750,800,45,90,0.0,0,0,0,0,0,0,0,0,0,0,0,0,0,0,0,0,0,0,0,0,0,1,0,0,0,0,0,0,0,0.0,0.0,0.0,0.0,0.0
ROTOZIP,57,3,30,21/04/2026 06:54:31,90.00%,0,0,0,0,3.0,0,0,0,0,0,0,0,0,0,0,0,0,0,0,0,0,0,0,0,0,0,0,0,0,0,0,0,0,0,0.0,0.0,0.0,0.0,0.0
Reset,10,2,20,21/04/2026 06:48:47,90.00%,1550,100,35,120,0.0,0,0,0,0,0,0,0,0,0,0,0,0,0,1,0,0,0,0,0,0,0,1,0,0,0,0,0,0,0,0.0,0.0,0.0,0.0,0.0
Reset,2,5,20,21/04/2026 06:43:26,75.00%,1750,100,35,110,0.0,0,0,0,0,0,0,0,0,0,0,0,0,0,3,0,0,0,0,0,0,1,1,0,0,0,0,0,0,0,0.0,0.0,0.0,0.0,0.0
Reset,5,4,20,21/04/2026 06:39:11,80.00%,0,0,0,0,3.0,0,0,0,0,0,0,0,0,0,0,0,0,0,0,0,0,0,0,0,0,0,1,0,0,0,0,0,0,0,0.0,0.0,0.0,0.0,0.0
Reset,131,4,40,21/04/2026 06:38:17,90.00%,2000,880,45,50,0.0,0,0,0,0,0,0,0,0,0,0,0,0,0,4,0,0,0,0,0,0,0,0,0,0,0,0,0,0,0,0.0,0.0,0.0,0.0,0.0
Reset,132,27,40,21/04/2026 06:37:55,32.50%,1800,2000,45,50,20.0,0,3,0,0,0,0,0,0,0,0,0,0,0,4,0,0,0,0,0,0,0,0,0,0,0,0,0,0,0,0.0,0.0,0.0,0.0,0.0
Reset,10,3,20,21/04/2026 06:35:56,85.00%,1550,100,35,120,0.0,0,0,0,0,0,0,0,0,0,0,0,0,0,0,0,0,0,0,0,0,0,3,0,0,0,0,0,0,0,0.0,0.0,0.0,0.0,0.0
Reset,133,4,40,21/04/2026 06:32:43,90.00%,2000,880,45,50,0.0,0,1,0,0,0,0,0,0,0,0,0,0,0,3,0,0,0,0,0,0,0,0,0,0,0,0,0,0,0,0.0,0.0,0.0,0.0,0.0
ROTOZIP,56,1,30,21/04/2026 06:32:08,96.67%,0,0,0,0,1.0,0,0,0,0,0,0,0,0,0,0,0,0,0,0,0,0,0,0,0,0,0,0,0,0,0,0,0,0,0,0.0,0.0,0.0,0.0,0.0
DC-I,68,1,16,20/04/2026 23:07:16,93.75%,0,0,0,0,0.0,0,1,0,0,0,0,0,0,0,0,0,0,0,0,0,0,0,0,0,0,0,0,0,0,0,0,0,0,0,0.0,0.0,0.0,0.0,0.0
DC-I,65,4,16,20/04/2026 23:05:30,75.00%,1420,1500,45,90,0.0,0,4,0,0,0,0,0,0,0,0,0,0,0,0,0,0,0,0,0,0,0,0,0,0,0,0,0,0,0,0.0,0.0,0.0,0.0,0.0
Reset,73,4,20,20/04/2026 22:49:37,80.00%,0,0,0,0,4.0,0,0,0,0,0,0,0,0,0,0,0,0,0,0,0,0,0,0,0,0,0,0,0,0,0,0,0,0,0,0.0,0.0,0.0,0.0,0.0
Reset,8,3,20,20/04/2026 22:29:10,85.00%,0,0,0,0,3.0,0,0,0,0,0,0,0,0,0,0,0,0,0,0,0,0,0,0,0,0,0,0,0,0,0,0,0,0,0,0.0,0.0,0.0,0.0,0.0
Reset,6,3,20,20/04/2026 22:26:09,85.00%,1750,800,45,90,0.0,0,0,0,0,0,0,0,0,0,0,0,0,0,0,0,0,0,0,0,0,0,3,0,0,0,0,0,0,0,0.0,0.0,0.0,0.0,0.0
Reset,134,4,40,20/04/2026 22:15:07,90.00%,2000,1880,45,50,0.0,0,4,0,0,0,0,0,0,0,0,0,0,0,0,0,0,0,0,0,0,0,0,0,0,0,0,0,0,0,0.0,0.0,0.0,0.0,0.0
Reset,10,0,20,20/04/2026 22:12:27,100.00%,1550,100,35,120,0.0,0,0,0,0,0,0,0,0,0,0,0,0,0,0,0,0,0,0,0,0,0,0,0,0,0,0,0,0,0,0.0,0.0,0.0,0.0,0.0
Reset,136,2,40,20/04/2026 22:12:22,95.00%,1950,2000,45,50,0.0,0,2,0,0,0,0,0,0,0,0,0,0,0,0,0,0,0,0,0,0,0,0,0,0,0,0,0,0,0,0.0,0.0,0.0,0.0,0.0
Reset,131,0,40,20/04/2026 22:10:42,100.00%,2000,880,45,50,0.0,0,0,0,0,0,0,0,0,0,0,0,0,0,0,0,0,0,0,0,0,0,0,0,0,0,0,0,0,0,0.0,0.0,0.0,0.0,0.0
Reset,3,3,20,20/04/2026 22:04:37,85.00%,1500,800,35,90,0.0,0,0,0,0,0,0,0,0,0,0,0,0,0,0,0,0,0,0,0,0,0,3,0,0,0,0,0,0,0,0.0,0.0,0.0,0.0,0.0
ROTOZIP,57,0,30,20/04/2026 21:57:20,100.00%,0,0,0,0,0.0,0,0,0,0,0,0,0,0,0,0,0,0,0,0,0,0,0,0,0,0,0,0,0,0,0,0,0,0,0,0.0,0.0,0.0,0.0,0.0
Reset,132,10,40,20/04/2026 21:51:49,75.00%,1800,2000,45,50,5.0,0,4,0,0,0,0,0,0,1,0,0,0,0,0,0,0,0,0,0,0,0,0,0,0,0,0,0,0,0,0.0,0.0,0.0,0.0,0.0
Reset,5,1,20,20/04/2026 21:49:22,95.00%,0,0,0,0,0.0,0,0,0,0,0,0,0,0,0,0,0,0,0,0,0,0,1,0,0,0,0,0,0,0,0,0,0,0,0,0.0,0.0,0.0,0.0,0.0
Reset,2,4,20,20/04/2026 21:43:47,80.00%,1750,100,35,110,0.0,0,0,0,0,0,0,0,0,0,0,0,0,0,0,0,0,1,0,0,0,0,3,0,0,0,0,0,0,0,0.0,0.0,0.0,0.0,0.0
Reset,6,3,20,20/04/2026 21:36:22,85.00%,1750,800,45,90,0.0,0,0,0,0,0,0,0,0,0,0,0,0,0,0,0,0,0,0,0,0,0,3,0,0,0,0,0,0,0,0.0,0.0,0.0,0.0,0.0
Reset,74,7,20,20/04/2026 21:28:05,65.00%,800,1220,45,120,2.0,1,4,0,0,0,0,0,0,0,0,0,0,0,0,0,0,0,0,0,0,0,0,0,0,0,0,0,0,0,0.0,0.0,0.0,0.0,0.0
Reset,134,4,40,20/04/2026 21:22:45,90.00%,2000,1880,45,50,0.0,0,2,0,0,0,0,0,0,0,0,0,0,0,2,0,0,0,0,0,0,0,0,0,0,0,0,0,0,0,0.0,0.0,0.0,0.0,0.0
Reset,10,1,20,20/04/2026 21:21:14,95.00%,1550,100,35,120,0.0,0,0,0,0,0,0,0,0,0,0,0,0,0,0,0,0,0,0,0,0,0,1,0,0,0,0,0,0,0,0.0,0.0,0.0,0.0,0.0
Reset,136,3,40,20/04/2026 21:20:40,92.50%,1950,2000,45,50,0.0,0,1,0,0,0,0,0,0,0,0,0,0,0,2,0,0,0,0,0,0,0,0,0,0,0,0,0,0,0,0.0,0.0,0.0,0.0,0.0
Reset,135,5,40,20/04/2026 21:18:56,87.50%,2000,880,45,50,0.0,0,5,0,0,0,0,0,0,0,0,0,0,0,0,0,0,0,0,0,0,0,0,0,0,0,0,0,0,0,0.0,0.0,0.0,0.0,0.0
Reset,8,3,20,20/04/2026 21:15:41,85.00%,0,0,0,0,3.0,0,0,0,0,0,0,0,0,0,0,0,0,0,0,0,0,0,0,0,0,0,0,0,0,0,0,0,0,0,0.0,0.0,0.0,0.0,0.0
DC-I,69,5,16,20/04/2026 21:15:27,68.75%,0,0,0,0,0.0,0,5,0,0,0,0,0,0,0,0,0,0,0,0,0,0,0,0,0,0,0,0,0,0,0,0,0,0,0,0.0,0.0,0.0,0.0,0.0
Reset,7,5,20,20/04/2026 21:08:38,75.00%,0,0,0,0,0.0,0,1,0,0,0,0,0,0,0,0,0,0,0,1,0,0,0,0,0,0,0,3,0,0,0,0,0,0,0,0.0,0.0,0.0,0.0,0.0
Reset,72,1,20,20/04/2026 21:06:59,95.00%,0,0,0,0,1.0,0,0,0,0,0,0,0,0,0,0,0,0,0,0,0,0,0,0,0,0,0,0,0,0,0,0,0,0,0,0.0,0.0,0.0,0.0,0.0
DC-I,68,8,16,20/04/2026 20:59:24,50.00%,0,0,0,0,0.0,0,8,0,0,0,0,0,0,0,0,0,0,0,0,0,0,0,0,0,0,0,0,0,0,0,0,0,0,0,0.0,0.0,0.0,0.0,0.0
DC-I,65,1,16,20/04/2026 20:56:39,93.75%,1420,1500,45,90,0.0,0,1,0,0,0,0,0,0,0,0,0,0,0,0,0,0,0,0,0,0,0,0,0,0,0,0,0,0,0,0.0,0.0,0.0,0.0,0.0
Reset,131,0,40,20/04/2026 20:52:45,100.00%,2000,880,45,50,0.0,0,0,0,0,0,0,0,0,0,0,0,0,0,0,0,0,0,0,0,0,0,0,0,0,0,0,0,0,0,0.0,0.0,0.0,0.0,0.0
Reset,3,1,20,20/04/2026 20:52:02,95.00%,1500,800,35,90,0.0,0,0,0,0,0,0,0,0,0,0,0,0,0,0,0,0,0,0,0,0,0,1,0,0,0,0,0,0,0,0.0,0.0,0.0,0.0,0.0
Reset,132,12,40,20/04/2026 20:51:24,70.00%,1800,2000,45,50,8.0,0,4,0,0,0,0,0,0,0,0,0,0,0,0,0,0,0,0,0,0,0,0,0,0,0,0,0,0,0,0.0,0.0,0.0,0.0,0.0
Reset,6,2,20,20/04/2026 20:40:37,90.00%,1750,800,45,90,0.0,0,0,0,0,0,0,0,0,0,0,0,0,0,0,0,0,2,0,0,0,0,0,0,0,0,0,0,0,0,0.0,0.0,0.0,0.0,0.0
Reset,133,4,40,20/04/2026 20:40:12,90.00%,2000,880,45,50,0.0,0,4,0,0,0,0,0,0,0,0,0,0,0,0,0,0,0,0,0,0,0,0,0,0,0,0,0,0,0,0.0,0.0,0.0,0.0,0.0
Reset,10,0,20,20/04/2026 20:36:58,100.00%,1550,100,35,120,0.0,0,0,0,0,0,0,0,0,0,0,0,0,0,0,0,0,0,0,0,0,0,0,0,0,0,0,0,0,0,0.0,0.0,0.0,0.0,0.0
Reset,8,3,20,20/04/2026 20:18:00,85.00%,0,0,0,0,2.0,0,0,0,0,0,0,0,0,0,0,0,0,0,0,0,0,0,0,0,0,0,1,0,0,0,0,0,0,0,0.0,0.0,0.0,0.0,0.0
Reset,135,2,40,20/04/2026 20:16:52,95.00%,2000,880,45,50,2.0,0,0,0,0,0,0,0,0,0,0,0,0,0,0,0,0,0,0,0,0,0,0,0,0,0,0,0,0,0,0.0,0.0,0.0,0.0,0.0
Reset,136,3,40,20/04/2026 20:14:44,92.50%,1950,2000,45,50,0.0,0,3,0,0,0,0,0,0,0,0,0,0,0,0,0,0,0,0,0,0,0,0,0,0,0,0,0,0,0,0.0,0.0,0.0,0.0,0.0
Reset,7,1,20,20/04/2026 20:12:34,95.00%,0,0,0,0,0.0,0,1,0,0,0,0,0,0,0,0,0,0,0,0,0,0,0,0,0,0,0,0,0,0,0,0,0,0,0,0.0,0.0,0.0,0.0,0.0
DC-I,68,3,16,20/04/2026 20:11:19,81.25%,0,0,0,0,0.0,0,3,0,0,0,0,0,0,0,0,0,0,0,0,0,0,0,0,0,0,0,0,0,0,0,0,0,0,0,0.0,0.0,0.0,0.0,0.0
Reset,3,0,20,20/04/2026 20:06:22,100.00%,1500,800,35,90,0.0,0,0,0,0,0,0,0,0,0,0,0,0,0,0,0,0,0,0,0,0,0,0,0,0,0,0,0,0,0,0.0,0.0,0.0,0.0,0.0
ROTOZIP,57,6,30,20/04/2026 20:00:50,80.00%,0,0,0,0,5.0,0,0,0,0,0,0,0,0,1,0,0,0,0,0,0,0,0,0,0,0,0,0,0,0,0,0,0,0,0,0.0,0.0,0.0,0.0,0.0
ROTOZIP,57,1,30,20/04/2026 19:53:49,96.67%,0,0,0,0,0.0,0,0,0,0,0,0,0,0,1,0,0,0,0,0,0,0,0,0,0,0,0,0,0,0,0,0,0,0,0,0.0,0.0,0.0,0.0,0.0
Reset,134,3,40,20/04/2026 19:46:52,92.50%,2000,1880,45,50,0.0,0,2,0,0,0,0,0,0,0,0,0,0,0,1,0,0,0,0,0,0,0,0,0,0,0,0,0,0,0,0.0,0.0,0.0,0.0,0.0
ROTOZIP,57,0,30,20/04/2026 19:45:06,100.00%,0,0,0,0,0.0,0,0,0,0,0,0,0,0,0,0,0,0,0,0,0,0,0,0,0,0,0,0,0,0,0,0,0,0,0,0.0,0.0,0.0,0.0,0.0
DC-I,68,5,16,20/04/2026 19:39:08,68.75%,0,0,0,0,0.0,0,5,0,0,0,0,0,0,0,0,0,0,0,0,0,0,0,0,0,0,0,0,0,0,0,0,0,0,0,0.0,0.0,0.0,0.0,0.0
Reset,8,3,20,20/04/2026 19:37:48,85.00%,0,0,0,0,2.0,0,0,0,0,0,0,0,0,0,0,0,0,0,1,0,0,0,0,0,0,0,0,0,0,0,0,0,0,0,0.0,0.0,0.0,0.0,0.0
DC-I,65,0,16,20/04/2026 19:34:58,100.00%,1420,1500,45,90,0.0,0,0,0,0,0,0,0,0,0,0,0,0,0,0,0,0,0,0,0,0,0,0,0,0,0,0,0,0,0,0.0,0.0,0.0,0.0,0.0
DC-I,69,2,16,20/04/2026 19:23:29,87.50%,0,0,0,0,0.0,0,2,0,0,0,0,0,0,0,0,0,0,0,0,0,0,0,0,0,0,0,0,0,0,0,0,0,0,0,0.0,0.0,0.0,0.0,0.0
Reset,3,0,20,20/04/2026 19:22:31,100.00%,1500,800,35,90,0.0,0,0,0,0,0,0,0,0,0,0,0,0,0,0,0,0,0,0,0,0,0,0,0,0,0,0,0,0,0,0.0,0.0,0.0,0.0,0.0
Reset,131,1,40,20/04/2026 19:19:30,97.50%,2000,880,45,50,0.0,0,1,0,0,0,0,0,0,0,0,0,0,0,0,0,0,0,0,0,0,0,0,0,0,0,0,0,0,0,0.0,0.0,0.0,0.0,0.0
Reset,132,6,40,20/04/2026 19:17:14,85.00%,1800,2000,45,50,1.0,0,5,0,0,0,0,0,0,0,0,0,0,0,0,0,0,0,0,0,0,0,0,0,0,0,0,0,0,0,0.0,0.0,0.0,0.0,0.0
Reset,6,0,20,20/04/2026 19:16:22,100.00%,1750,800,45,90,0.0,0,0,0,0,0,0,0,0,0,0,0,0,0,0,0,0,0,0,0,0,0,0,0,0,0,0,0,0,0,0.0,0.0,0.0,0.0,0.0
Reset,2,2,20,20/04/2026 19:10:22,90.00%,1750,100,35,110,0.0,0,1,0,0,0,0,0,0,0,0,0,0,0,0,0,0,0,0,0,0,1,0,0,0,0,0,0,0,0,0.0,0.0,0.0,0.0,0.0
DC-I,65,1,16,20/04/2026 19:07:16,93.75%,1420,1500,45,90,0.0,0,1,0,0,0,0,0,0,0,0,0,0,0,0,0,0,0,0,0,0,0,0,0,0,0,0,0,0,0,0.0,0.0,0.0,0.0,0.0
Reset,10,0,20,20/04/2026 19:04:30,100.00%,1550,100,35,120,0.0,0,0,0,0,0,0,0,0,0,0,0,0,0,0,0,0,0,0,0,0,0,0,0,0,0,0,0,0,0,0.0,0.0,0.0,0.0,0.0
Reset,72,2,20,20/04/2026 19:02:03,90.00%,0,0,0,0,2.0,0,0,0,0,0,0,0,0,0,0,0,0,0,0,0,0,0,0,0,0,0,0,0,0,0,0,0,0,0,0.0,0.0,0.0,0.0,0.0
Reset,8,10,20,20/04/2026 18:59:07,50.00%,0,0,0,0,10.0,0,0,0,0,0,0,0,0,0,0,0,0,0,0,0,0,0,0,0,0,0,0,0,0,0,0,0,0,0,0.0,0.0,0.0,0.0,0.0
Reset,3,12,20,20/04/2026 18:57:36,40.00%,1500,800,35,90,12.0,0,0,0,0,0,0,0,0,0,0,0,0,0,0,0,0,0,0,0,0,0,0,0,0,0,0,0,0,0,0.0,0.0,0.0,0.0,0.0
Reset,133,7,40,20/04/2026 17:52:32,82.50%,2000,880,45,50,0.0,0,7,0,0,0,0,0,0,0,0,0,0,0,0,0,0,0,0,0,0,0,0,0,0,0,0,0,0,0,0.0,0.0,0.0,0.0,0.0
ROTOZIP,56,8,30,20/04/2026 17:49:10,73.33%,0,0,0,0,8.0,0,0,0,0,0,0,0,0,0,0,0,0,0,0,0,0,0,0,0,0,0,0,0,0,0,0,0,0,0,0.0,0.0,0.0,0.0,0.0
ROTOZIP,57,0,30,20/04/2026 17:43:22,100.00%,0,0,0,0,0.0,0,0,0,0,0,0,0,0,0,0,0,0,0,0,0,0,0,0,0,0,0,0,0,0,0,0,0,0,0,0.0,0.0,0.0,0.0,0.0
Reset,5,0,20,20/04/2026 17:42:42,100.00%,0,0,0,0,0.0,0,0,0,0,0,0,0,0,0,0,0,0,0,0,0,0,0,0,0,0,0,0,0,0,0,0,0,0,0,0.0,0.0,0.0,0.0,0.0
ROTOZIP,57,4,30,20/04/2026 17:39:41,86.67%,0,0,0,0,4.0,0,0,0,0,0,0,0,0,0,0,0,0,0,0,0,0,0,0,0,0,0,0,0,0,0,0,0,0,0,0.0,0.0,0.0,0.0,0.0
Reset,131,3,40,20/04/2026 17:34:21,92.50%,2000,880,45,50,0.0,0,3,0,0,0,0,0,0,0,0,0,0,0,0,0,0,0,0,0,0,0,0,0,0,0,0,0,0,0,0.0,0.0,0.0,0.0,0.0
Reset,134,2,40,20/04/2026 17:31:39,95.00%,2000,1880,45,50,0.0,0,2,0,0,0,0,0,0,0,0,0,0,0,0,0,0,0,0,0,0,0,0,0,0,0,0,0,0,0,0.0,0.0,0.0,0.0,0.0
Reset,3,2,20,20/04/2026 17:24:01,90.00%,1500,800,35,90,0.0,0,0,0,0,0,0,0,0,0,0,0,0,0,0,0,0,0,0,0,0,0,2,0,0,0,0,0,0,0,0.0,0.0,0.0,0.0,0.0
Reset,136,4,40,20/04/2026 17:17:42,90.00%,1950,2000,45,50,0.0,0,1,0,0,0,0,0,0,0,0,0,0,0,3,0,0,0,0,0,0,0,0,0,0,0,0,0,0,0,0.0,0.0,0.0,0.0,0.0
Reset,135,7,40,20/04/2026 17:16:23,82.50%,2000,880,45,50,0.0,0,7,0,0,0,0,0,0,0,0,0,0,0,0,0,0,0,0,0,0,0,0,0,0,0,0,0,0,0,0.0,0.0,0.0,0.0,0.0
Reset,2,0,20,20/04/2026 17:13:18,100.00%,1750,100,35,110,0.0,0,0,0,0,0,0,0,0,0,0,0,0,0,0,0,0,0,0,0,0,0,0,0,0,0,0,0,0,0,0.0,0.0,0.0,0.0,0.0
Reset,132,7,40,20/04/2026 17:09:32,82.50%,1800,2000,45,50,0.0,0,5,0,0,0,0,0,0,2,0,0,0,0,0,0,0,0,0,0,0,0,0,0,0,0,0,0,0,0,0.0,0.0,0.0,0.0,0.0
Reset,131,3,40,20/04/2026 17:01:00,92.50%,2000,880,45,50,0.0,0,3,0,0,0,0,0,0,0,0,0,0,0,0,0,0,0,0,0,0,0,0,0,0,0,0,0,0,0,0.0,0.0,0.0,0.0,0.0
Reset,136,3,40,20/04/2026 16:59:23,92.50%,1950,2000,45,50,0.0,0,3,0,0,0,0,0,0,0,0,0,0,0,0,0,0,0,0,0,0,0,0,0,0,0,0,0,0,0,0.0,0.0,0.0,0.0,0.0
Reset,6,1,20,20/04/2026 16:57:16,95.00%,1750,800,45,90,0.0,0,0,0,0,0,0,0,0,0,0,0,0,0,0,0,0,0,0,0,0,0,1,0,0,0,0,0,0,0,0.0,0.0,0.0,0.0,0.0
ROTOZIP,56,1,30,20/04/2026 16:57:04,96.67%,0,0,0,0,1.0,0,0,0,0,0,0,0,0,0,0,0,0,0,0,0,0,0,0,0,0,0,0,0,0,0,0,0,0,0,0.0,0.0,0.0,0.0,0.0
ROTOZIP,57,4,30,20/04/2026 16:50:36,86.67%,0,0,0,0,4.0,0,0,0,0,0,0,0,0,0,0,0,0,0,0,0,0,0,0,0,0,0,0,0,0,0,0,0,0,0,0.0,0.0,0.0,0.0,0.0
Reset,3,3,20,20/04/2026 16:45:40,85.00%,1500,800,35,90,0.0,0,0,0,0,0,0,0,0,0,0,0,0,0,0,0,0,1,0,0,0,0,2,0,0,0,0,0,0,0,0.0,0.0,0.0,0.0,0.0
ROTOZIP,56,0,30,20/04/2026 16:43:31,100.00%,0,0,0,0,0.0,0,0,0,0,0,0,0,0,0,0,0,0,0,0,0,0,0,0,0,0,0,0,0,0,0,0,0,0,0,0.0,0.0,0.0,0.0,0.0
Reset,5,2,20,20/04/2026 16:43:25,90.00%,0,0,0,0,0.0,0,0,0,0,0,0,0,0,0,0,0,0,0,0,0,0,0,0,0,0,0,2,0,0,0,0,0,0,0,0.0,0.0,0.0,0.0,0.0
Reset,131,3,40,20/04/2026 16:36:26,92.50%,2000,880,45,50,0.0,0,3,0,0,0,0,0,0,0,0,0,0,0,0,0,0,0,0,0,0,0,0,0,0,0,0,0,0,0,0.0,0.0,0.0,0.0,0.0
Reset,8,4,20,20/04/2026 16:34:25,80.00%,0,0,0,0,3.0,0,0,0,0,0,0,0,0,0,0,0,0,0,0,0,0,0,0,0,0,0,1,0,0,0,0,0,0,0,0.0,0.0,0.0,0.0,0.0
Reset,133,5,40,20/04/2026 16:33:40,87.50%,2000,880,45,50,0.0,0,5,0,0,0,0,0,0,0,0,0,0,0,0,0,0,0,0,0,0,0,0,0,0,0,0,0,0,0,0.0,0.0,0.0,0.0,0.0
Reset,134,3,40,20/04/2026 16:30:51,92.50%,2000,1880,45,50,0.0,0,1,0,0,0,0,0,0,0,0,0,0,0,2,0,0,0,0,0,0,0,0,0,0,0,0,0,0,0,0.0,0.0,0.0,0.0,0.0
Reset,135,9,40,20/04/2026 16:28:27,77.50%,2000,880,45,50,1.0,0,6,0,0,0,0,0,0,0,0,0,0,0,2,0,0,0,0,0,0,0,0,0,0,0,0,0,0,0,0.0,0.0,0.0,0.0,0.0
Reset,132,7,40,20/04/2026 16:22:31,82.50%,1800,2000,45,50,0.0,0,2,0,0,0,0,0,0,5,0,0,0,0,0,0,0,0,0,0,0,0,0,0,0,0,0,0,0,0,0.0,0.0,0.0,0.0,0.0
Reset,6,0,20,20/04/2026 16:19:55,100.00%,1750,800,45,90,0.0,0,0,0,0,0,0,0,0,0,0,0,0,0,0,0,0,0,0,0,0,0,0,0,0,0,0,0,0,0,0.0,0.0,0.0,0.0,0.0
Reset,3,0,20,20/04/2026 16:14:23,100.00%,1500,800,35,90,0.0,0,0,0,0,0,0,0,0,0,0,0,0,0,0,0,0,0,0,0,0,0,0,0,0,0,0,0,0,0,0.0,0.0,0.0,0.0,0.0
Reset,131,9,40,20/04/2026 16:10:31,77.50%,2000,880,45,50,0.0,0,4,0,0,0,0,0,0,0,0,0,0,0,5,0,0,0,0,0,0,0,0,0,0,0,0,0,0,0,0.0,0.0,0.0,0.0,0.0
Reset,136,5,40,20/04/2026 16:04:58,87.50%,1950,2000,45,50,0.0,0,2,0,0,0,0,0,0,0,0,0,0,0,3,0,0,0,0,0,0,0,0,0,0,0,0,0,0,0,0.0,0.0,0.0,0.0,0.0
Reset,5,0,20,20/04/2026 16:02:01,100.00%,0,0,0,0,0.0,0,0,0,0,0,0,0,0,0,0,0,0,0,0,0,0,0,0,0,0,0,0,0,0,0,0,0,0,0,0.0,0.0,0.0,0.0,0.0
Reset,7,6,20,20/04/2026 15:51:03,70.00%,0,0,0,0,0.0,0,2,0,0,0,0,0,0,0,0,0,0,0,0,0,0,0,0,0,0,4,0,0,0,0,0,0,0,0,0.0,0.0,0.0,0.0,0.0
Reset,6,0,20,20/04/2026 14:53:37,100.00%,1750,800,45,90,0.0,0,0,0,0,0,0,0,0,0,0,0,0,0,0,0,0,0,0,0,0,0,0,0,0,0,0,0,0,0,0.0,0.0,0.0,0.0,0.0
Reset,3,1,20,20/04/2026 14:50:50,95.00%,1500,800,35,90,0.0,0,0,0,0,0,0,0,0,0,0,0,0,0,0,0,0,0,0,0,0,0,1,0,0,0,0,0,0,0,0.0,0.0,0.0,0.0,0.0
Reset,8,4,20,20/04/2026 14:46:55,80.00%,0,0,0,0,0.0,0,0,0,0,0,0,0,0,0,0,0,0,0,0,0,2,0,0,0,0,0,2,0,0,0,0,0,0,0,0.0,0.0,0.0,0.0,0.0
Reset,5,0,20,20/04/2026 14:42:52,100.00%,0,0,0,0,0.0,0,0,0,0,0,0,0,0,0,0,0,0,0,0,0,0,0,0,0,0,0,0,0,0,0,0,0,0,0,0.0,0.0,0.0,0.0,0.0
Reset,7,3,20,20/04/2026 14:31:44,85.00%,0,0,0,0,0.0,0,2,0,0,0,0,0,0,0,0,0,0,0,0,0,0,0,0,0,0,1,0,0,0,0,0,0,0,0,0.0,0.0,0.0,0.0,0.0
Reset,10,0,20,20/04/2026 14:23:14,100.00%,1550,100,35,120,0.0,0,0,0,0,0,0,0,0,0,0,0,0,0,0,0,0,0,0,0,0,0,0,0,0,0,0,0,0,0,0.0,0.0,0.0,0.0,0.0
Reset,6,1,20,20/04/2026 14:19:12,95.00%,1750,800,45,90,0.0,0,0,0,0,0,0,0,0,0,0,0,0,0,0,0,1,0,0,0,0,0,0,0,0,0,0,0,0,0,0.0,0.0,0.0,0.0,0.0
Reset,3,1,20,20/04/2026 14:16:31,95.00%,1500,800,35,90,0.0,0,0,0,0,0,0,0,0,0,0,0,0,0,0,0,0,0,0,0,0,0,1,0,0,0,0,0,0,0,0.0,0.0,0.0,0.0,0.0
Reset,8,4,20,20/04/2026 14:11:48,80.00%,0,0,0,0,3.0,0,0,0,0,0,0,0,0,0,0,0,0,0,0,0,0,0,0,0,0,0,1,0,0,0,0,0,0,0,0.0,0.0,0.0,0.0,0.0
Reset,7,3,20,20/04/2026 14:04:10,85.00%,0,0,0,0,1.0,0,0,0,0,0,0,0,0,0,0,0,0,0,0,0,0,0,0,0,0,1,1,0,0,0,0,0,0,0,0.0,0.0,0.0,0.0,0.0
Reset,5,4,20,20/04/2026 13:58:27,80.00%,0,0,0,0,4.0,0,0,0,0,0,0,0,0,0,0,0,0,0,0,0,0,0,0,0,0,0,0,0,0,0,0,0,0,0,0.0,0.0,0.0,0.0,0.0
Reset,10,2,20,20/04/2026 13:43:30,90.00%,1550,100,35,120,0.0,0,0,0,0,0,0,0,0,0,0,0,0,0,0,0,0,0,0,0,0,0,2,0,0,0,0,0,0,0,0.0,0.0,0.0,0.0,0.0
Reset,6,1,20,20/04/2026 13:35:48,95.00%,1750,800,45,90,0.0,0,0,0,0,0,0,0,0,0,0,0,0,0,0,0,0,0,0,0,0,0,1,0,0,0,0,0,0,0,0.0,0.0,0.0,0.0,0.0
Reset,3,1,20,20/04/2026 13:31:58,95.00%,1500,800,35,90,0.0,0,0,0,0,0,0,0,0,0,0,0,0,0,0,0,0,0,0,0,0,0,1,0,0,0,0,0,0,0,0.0,0.0,0.0,0.0,0.0
Reset,8,4,20,20/04/2026 13:28:40,80.00%,0,0,0,0,2.0,0,0,0,0,0,0,0,0,0,0,0,0,0,0,0,0,0,0,0,0,0,2,0,0,0,0,0,0,0,0.0,0.0,0.0,0.0,0.0
Reset,39,3,15,20/04/2026 13:25:51,80.00%,0,0,0,0,0.0,0,1,0,0,0,0,0,0,0,0,0,0,0,0,0,0,0,0,0,0,0,1,0,1,0,0,0,0,0,0.0,0.0,0.0,0.0,0.0
Reset,7,2,20,20/04/2026 13:10:03,90.00%,0,0,0,0,0.0,0,1,0,0,0,0,0,0,0,0,0,0,0,0,0,0,0,0,0,0,0,1,0,0,0,0,0,0,0,0.0,0.0,0.0,0.0,0.0
Reset,37,1,15,20/04/2026 13:02:53,93.33%,0,0,0,0,0.0,0,0,0,0,0,0,0,1,0,0,0,0,0,0,0,0,0,0,0,0,0,0,0,0,0,0,0,0,0,0.0,0.0,0.0,0.0,0.0
Reset,10,0,20,20/04/2026 12:55:39,100.00%,1550,100,35,120,0.0,0,0,0,0,0,0,0,0,0,0,0,0,0,0,0,0,0,0,0,0,0,0,0,0,0,0,0,0,0,0.0,0.0,0.0,0.0,0.0
Reset,3,0,20,20/04/2026 12:52:56,100.00%,1500,800,35,90,0.0,0,0,0,0,0,0,0,0,0,0,0,0,0,0,0,0,0,0,0,0,0,0,0,0,0,0,0,0,0,0.0,0.0,0.0,0.0,0.0
Reset,40,3,15,20/04/2026 12:49:53,80.00%,0,0,0,0,0.0,0,3,0,0,0,0,0,0,0,0,0,0,0,0,0,0,0,0,0,0,0,0,0,0,0,0,0,0,0,0.0,0.0,0.0,0.0,0.0
Reset,5,1,20,20/04/2026 12:36:29,95.00%,0,0,0,0,0.0,0,0,0,0,0,0,0,0,0,0,0,0,1,0,0,0,0,0,0,0,0,0,0,0,0,0,0,0,0,0.0,0.0,0.0,0.0,0.0
Reset,6,0,20,20/04/2026 12:33:33,100.00%,1750,800,45,90,0.0,0,0,0,0,0,0,0,0,0,0,0,0,0,0,0,0,0,0,0,0,0,0,0,0,0,0,0,0,0,0.0,0.0,0.0,0.0,0.0
Reset,7,1,20,20/04/2026 12:25:27,95.00%,0,0,0,0,0.0,0,1,0,0,0,0,0,0,0,0,0,0,0,0,0,0,0,0,0,0,0,0,0,0,0,0,0,0,0,0.0,0.0,0.0,0.0,0.0
Reset,8,5,20,20/04/2026 12:20:17,75.00%,0,0,0,0,5.0,0,0,0,0,0,0,0,0,0,0,0,0,0,0,0,0,0,0,0,0,0,0,0,0,0,0,0,0,0,0.0,0.0,0.0,0.0,0.0
Reset,10,2,20,20/04/2026 12:13:42,90.00%,1550,100,35,120,0.0,0,0,0,0,0,0,0,0,0,0,0,0,0,0,0,1,0,0,0,0,0,1,0,0,0,0,0,0,0,0.0,0.0,0.0,0.0,0.0
Reset,37,1,15,20/04/2026 12:10:47,93.33%,0,0,0,0,1.0,0,0,0,0,0,0,0,0,0,0,0,0,0,0,0,0,0,0,0,0,0,0,0,0,0,0,0,0,0,0.0,0.0,0.0,0.0,0.0
Reset,39,1,15,20/04/2026 12:01:27,93.33%,0,0,0,0,0.0,0,1,0,0,0,0,0,0,0,0,0,0,0,0,0,0,0,0,0,0,0,0,0,0,0,0,0,0,0,0.0,0.0,0.0,0.0,0.0
Reset,8,0,20,20/04/2026 11:53:33,100.00%,0,0,0,0,0.0,0,0,0,0,0,0,0,0,0,0,0,0,0,0,0,0,0,0,0,0,0,0,0,0,0,0,0,0,0,0.0,0.0,0.0,0.0,0.0
Reset,10,2,20,20/04/2026 10:55:48,90.00%,1550,100,35,120,0.0,0,0,0,0,0,0,0,0,0,0,0,0,0,0,0,0,0,0,0,0,0,2,0,0,0,0,0,0,0,0.0,0.0,0.0,0.0,0.0
Reset,7,2,20,20/04/2026 10:37:18,90.00%,0,0,0,0,0.0,0,2,0,0,0,0,0,0,0,0,0,0,0,0,0,0,0,0,0,0,0,0,0,0,0,0,0,0,0,0.0,0.0,0.0,0.0,0.0
Reset,8,2,20,20/04/2026 10:27:26,90.00%,0,0,0,0,1.0,0,0,0,0,0,0,0,0,0,0,0,0,0,0,0,0,0,0,0,0,0,1,0,0,0,0,0,0,0,0.0,0.0,0.0,0.0,0.0
Reset,10,1,20,20/04/2026 10:14:20,95.00%,1550,100,35,120,0.0,0,0,0,0,0,0,0,0,0,0,0,0,0,0,0,0,0,0,0,0,0,1,0,0,0,0,0,0,0,0.0,0.0,0.0,0.0,0.0
Reset,40,1,15,20/04/2026 10:06:41,93.33%,0,0,0,0,0.0,0,1,0,0,0,0,0,0,0,0,0,0,0,0,0,0,0,0,0,0,0,0,0,0,0,0,0,0,0,0.0,0.0,0.0,0.0,0.0
Reset,3,0,20,20/04/2026 09:58:58,100.00%,1500,800,35,90,0.0,0,0,0,0,0,0,0,0,0,0,0,0,0,0,0,0,0,0,0,0,0,0,0,0,0,0,0,0,0,0.0,0.0,0.0,0.0,0.0
Reset,39,3,15,20/04/2026 09:54:27,80.00%,0,0,0,0,0.0,0,3,0,0,0,0,0,0,0,0,0,0,0,0,0,0,0,0,0,0,0,0,0,0,0,0,0,0,0,0.0,0.0,0.0,0.0,0.0
Reset,8,3,20,20/04/2026 09:47:43,85.00%,0,0,0,0,3.0,0,0,0,0,0,0,0,0,0,0,0,0,0,0,0,0,0,0,0,0,0,0,0,0,0,0,0,0,0,0.0,0.0,0.0,0.0,0.0
Reset,37,0,15,20/04/2026 09:44:12,100.00%,0,0,0,0,0.0,0,0,0,0,0,0,0,0,0,0,0,0,0,0,0,0,0,0,0,0,0,0,0,0,0,0,0,0,0,0.0,0.0,0.0,0.0,0.0
Reset,5,1,20,20/04/2026 09:36:57,95.00%,0,0,0,0,0.0,0,0,0,0,0,0,0,0,0,0,0,0,0,0,0,0,0,0,0,0,0,1,0,0,0,0,0,0,0,0.0,0.0,0.0,0.0,0.0
Reset,10,0,20,20/04/2026 09:34:28,100.00%,1550,100,35,120,0.0,0,0,0,0,0,0,0,0,0,0,0,0,0,0,0,0,0,0,0,0,0,0,0,0,0,0,0,0,0,0.0,0.0,0.0,0.0,0.0
Reset,10,1,20,20/04/2026 09:31:39,95.00%,1550,100,35,120,0.0,0,0,0,0,0,0,0,0,0,0,0,0,0,0,0,1,0,0,0,0,0,0,0,0,0,0,0,0,0,0.0,0.0,0.0,0.0,0.0
Reset,7,1,20,20/04/2026 09:27:40,95.00%,0,0,0,0,0.0,0,1,0,0,0,0,0,0,0,0,0,0,0,0,0,0,0,0,0,0,0,0,0,0,0,0,0,0,0,0.0,0.0,0.0,0.0,0.0
Reset,6,0,20,20/04/2026 09:23:42,100.00%,1750,800,45,90,0.0,0,0,0,0,0,0,0,0,0,0,0,0,0,0,0,0,0,0,0,0,0,0,0,0,0,0,0,0,0,0.0,0.0,0.0,0.0,0.0
Reset,2,5,20,20/04/2026 09:20:51,75.00%,1750,100,35,110,5.0,0,0,0,0,0,0,0,0,0,0,0,0,0,0,0,0,0,0,0,0,0,0,0,0,0,0,0,0,0,0.0,0.0,0.0,0.0,0.0
Reset,40,1,15,20/04/2026 09:17:08,93.33%,0,0,0,0,0.0,0,1,0,0,0,0,0,0,0,0,0,0,0,0,0,0,0,0,0,0,0,0,0,0,0,0,0,0,0,0.0,0.0,0.0,0.0,0.0
Reset,39,3,15,20/04/2026 08:54:39,80.00%,0,0,0,0,3.0,0,0,0,0,0,0,0,0,0,0,0,0,0,0,0,0,0,0,0,0,0,0,0,0,0,0,0,0,0,0.0,0.0,0.0,0.0,0.0
Reset,5,0,20,20/04/2026 08:51:15,100.00%,0,0,0,0,0.0,0,0,0,0,0,0,0,0,0,0,0,0,0,0,0,0,0,0,0,0,0,0,0,0,0,0,0,0,0,0.0,0.0,0.0,0.0,0.0
Reset,56,1,30,20/04/2026 08:43:33,96.67%,0,0,0,0,1.0,0,0,0,0,0,0,0,0,0,0,0,0,0,0,0,0,0,0,0,0,0,0,0,0,0,0,0,0,0,0.0,0.0,0.0,0.0,0.0
Reset,37,2,15,20/04/2026 08:36:09,86.67%,0,0,0,0,0.0,0,2,0,0,0,0,0,0,0,0,0,0,0,0,0,0,0,0,0,0,0,0,0,0,0,0,0,0,0,0.0,0.0,0.0,0.0,0.0
Reset,10,0,20,20/04/2026 08:30:49,100.00%,1550,100,35,120,0.0,0,0,0,0,0,0,0,0,0,0,0,0,0,0,0,0,0,0,0,0,0,0,0,0,0,0,0,0,0,0.0,0.0,0.0,0.0,0.0
Reset,57,2,30,20/04/2026 08:25:45,93.33%,0,0,0,0,2.0,0,0,0,0,0,0,0,0,0,0,0,0,0,0,0,0,0,0,0,0,0,0,0,0,0,0,0,0,0,0.0,0.0,0.0,0.0,0.0
Reset,3,0,20,20/04/2026 08:17:18,100.00%,1500,800,35,90,0.0,0,0,0,0,0,0,0,0,0,0,0,0,0,0,0,0,0,0,0,0,0,0,0,0,0,0,0,0,0,0.0,0.0,0.0,0.0,0.0
Reset,2,6,20,20/04/2026 08:12:58,70.00%,1750,100,35,110,6.0,0,0,0,0,0,0,0,0,0,0,0,0,0,0,0,0,0,0,0,0,0,0,0,0,0,0,0,0,0,0.0,0.0,0.0,0.0,0.0
Reset,7,1,20,20/04/2026 08:04:14,95.00%,0,0,0,0,0.0,0,1,0,0,0,0,0,0,0,0,0,0,0,0,0,0,0,0,0,0,0,0,0,0,0,0,0,0,0,0.0,0.0,0.0,0.0,0.0
Reset,10,0,20,20/04/2026 08:00:14,100.00%,1550,100,35,120,0.0,0,0,0,0,0,0,0,0,0,0,0,0,0,0,0,0,0,0,0,0,0,0,0,0,0,0,0,0,0,0.0,0.0,0.0,0.0,0.0
Reset,39,4,15,20/04/2026 07:54:11,73.33%,0,0,0,0,0.0,0,1,0,0,0,0,0,0,0,0,0,0,3,0,0,0,0,0,0,0,0,0,0,0,0,0,0,0,0,0.0,0.0,0.0,0.0,0.0
Reset,40,0,15,20/04/2026 07:48:16,100.00%,0,0,0,0,0.0,0,0,0,0,0,0,0,0,0,0,0,0,0,0,0,0,0,0,0,0,0,0,0,0,0,0,0,0,0,0.0,0.0,0.0,0.0,0.0
Reset,37,0,15,20/04/2026 07:47:37,100.00%,0,0,0,0,0.0,0,0,0,0,0,0,0,0,0,0,0,0,0,0,0,0,0,0,0,0,0,0,0,0,0,0,0,0,0,0.0,0.0,0.0,0.0,0.0
Reset,57,24,30,20/04/2026 07:44:27,20.00%,0,0,0,0,0.0,0,0,0,0,0,0,0,0,0,0,0,0,0,0,0,24,0,0,0,0,0,0,0,0,0,0,0,0,0,0.0,0.0,0.0,0.0,0.0
Reset,3,0,20,20/04/2026 07:40:07,100.00%,1500,800,35,90,0.0,0,0,0,0,0,0,0,0,0,0,0,0,0,0,0,0,0,0,0,0,0,0,0,0,0,0,0,0,0,0.0,0.0,0.0,0.0,0.0
Reset,5,1,20,20/04/2026 07:38:35,95.00%,0,0,0,0,0.0,0,0,0,0,0,0,0,0,0,0,0,0,0,0,0,0,0,0,0,0,0,1,0,0,0,0,0,0,0,0.0,0.0,0.0,0.0,0.0
Reset,56,2,30,20/04/2026 07:30:10,93.33%,0,0,0,0,2.0,0,0,0,0,0,0,0,0,0,0,0,0,0,0,0,0,0,0,0,0,0,0,0,0,0,0,0,0,0,0.0,0.0,0.0,0.0,0.0
Reset,8,5,20,20/04/2026 07:10:33,75.00%,0,0,0,0,3.0,0,0,0,0,0,0,0,0,0,0,0,0,0,0,0,0,0,0,0,0,0,2,0,0,0,0,0,0,0,0.0,0.0,0.0,0.0,0.0
Reset,57,3,30,20/04/2026 07:03:32,90.00%,0,0,0,0,3.0,0,0,0,0,0,0,0,0,0,0,0,0,0,0,0,0,0,0,0,0,0,0,0,0,0,0,0,0,0,0.0,0.0,0.0,0.0,0.0
Reset,10,1,20,20/04/2026 06:59:13,95.00%,1550,100,35,120,0.0,0,0,0,0,0,0,0,0,0,0,0,0,0,0,0,0,0,0,0,0,0,1,0,0,0,0,0,0,0,0.0,0.0,0.0,0.0,0.0
Reset,6,1,20,20/04/2026 06:56:04,95.00%,1750,800,45,90,0.0,0,0,0,0,0,0,0,0,0,0,0,0,0,0,0,0,0,0,0,0,0,1,0,0,0,0,0,0,0,0.0,0.0,0.0,0.0,0.0
Reset,3,1,20,20/04/2026 06:50:28,95.00%,1500,800,35,90,0.0,0,0,0,0,0,0,0,0,0,0,0,0,0,0,0,1,0,0,0,0,0,0,0,0,0,0,0,0,0,0.0,0.0,0.0,0.0,0.0
Reset,39,4,15,20/04/2026 06:50:16,73.33%,0,0,0,0,1.0,0,3,0,0,0,0,0,0,0,0,0,0,0,0,0,0,0,0,0,0,0,0,0,0,0,0,0,0,0,0.0,0.0,0.0,0.0,0.0
Reset,5,0,20,20/04/2026 06:47:49,100.00%,0,0,0,0,0.0,0,0,0,0,0,0,0,0,0,0,0,0,0,0,0,0,0,0,0,0,0,0,0,0,0,0,0,0,0,0.0,0.0,0.0,0.0,0.0
Reset,56,1,30,20/04/2026 06:45:09,96.67%,0,0,0,0,0.0,0,0,0,0,0,0,0,0,0,0,0,0,0,0,0,0,0,0,0,0,0,1,0,0,0,0,0,0,0,0.0,0.0,0.0,0.0,0.0
Reset,40,4,15,20/04/2026 06:37:03,73.33%,0,0,0,0,0.0,0,4,0,0,0,0,0,0,0,0,0,0,0,0,0,0,0,0,0,0,0,0,0,0,0,0,0,0,0,0.0,0.0,0.0,0.0,0.0
Reset,68,2,16,20/04/2026 06:33:47,87.50%,0,0,0,0,0.0,0,2,0,0,0,0,0,0,0,0,0,0,0,0,0,0,0,0,0,0,0,0,0,0,0,0,0,0,0,0.0,0.0,0.0,0.0,0.0
Reset,8,9,20,20/04/2026 06:31:36,55.00%,0,0,0,0,7.0,0,0,0,0,0,0,0,0,0,0,0,0,0,0,0,0,0,0,0,0,0,2,0,0,0,0,0,0,0,0.0,0.0,0.0,0.0,0.0
Reset,5,3,20,18/04/2026 14:46:43,85.00%,0,0,0,0,0.0,0,0,0,0,0,0,0,0,0,0,0,0,0,0,0,0,0,0,0,0,0,3,0,0,0,0,0,0,0,0.0,0.0,0.0,0.0,0.0
Reset,65,1,16,18/04/2026 14:41:41,93.75%,1420,1500,45,90,0.0,0,1,0,0,0,0,0,0,0,0,0,0,0,0,0,0,0,0,0,0,0,0,0,0,0,0,0,0,0,0.0,0.0,0.0,0.0,0.0
Reset,69,1,16,18/04/2026 14:38:32,93.75%,0,0,0,0,0.0,0,1,0,0,0,0,0,0,0,0,0,0,0,0,0,0,0,0,0,0,0,0,0,0,0,0,0,0,0,0.0,0.0,0.0,0.0,0.0
Reset,3,0,20,18/04/2026 14:36:54,100.00%,1500,800,35,90,0.0,0,0,0,0,0,0,0,0,0,0,0,0,0,0,0,0,0,0,0,0,0,0,0,0,0,0,0,0,0,0.0,0.0,0.0,0.0,0.0
Reset,68,2,16,18/04/2026 14:28:03,87.50%,0,0,0,0,0.0,0,2,0,0,0,0,0,0,0,0,0,0,0,0,0,0,0,0,0,0,0,0,0,0,0,0,0,0,0,0.0,0.0,0.0,0.0,0.0
Reset,56,0,30,18/04/2026 14:24:34,100.00%,0,0,0,0,0.0,0,0,0,0,0,0,0,0,0,0,0,0,0,0,0,0,0,0,0,0,0,0,0,0,0,0,0,0,0,0.0,0.0,0.0,0.0,0.0
Reset,8,1,20,18/04/2026 14:20:50,95.00%,0,0,0,0,1.0,0,0,0,0,0,0,0,0,0,0,0,0,0,0,0,0,0,0,0,0,0,0,0,0,0,0,0,0,0,0.0,0.0,0.0,0.0,0.0
Reset,39,1,15,18/04/2026 14:17:12,93.33%,0,0,0,0,0.0,0,0,0,0,0,0,0,0,0,0,0,0,0,0,0,0,0,0,0,0,0,0,0,0,0,0,0,0,0,0.0,0.0,0.0,0.0,1.0
Reset,5,0,20,18/04/2026 13:57:49,100.00%,0,0,0,0,0.0,0,0,0,0,0,0,0,0,0,0,0,0,0,0,0,0,0,0,0,0,0,0,0,0,0,0,0,0,0,0.0,0.0,0.0,0.0,0.0
Reset,68,5,16,18/04/2026 13:55:07,68.75%,0,0,0,0,0.0,0,5,0,0,0,0,0,0,0,0,0,0,0,0,0,0,0,0,0,0,0,0,0,0,0,0,0,0,0,0.0,0.0,0.0,0.0,0.0
Reset,69,0,16,18/04/2026 13:53:48,100.00%,0,0,0,0,0.0,0,0,0,0,0,0,0,0,0,0,0,0,0,0,0,0,0,0,0,0,0,0,0,0,0,0,0,0,0,0.0,0.0,0.0,0.0,0.0
Reset,3,1,20,18/04/2026 13:51:29,95.00%,1500,800,35,90,0.0,0,0,0,0,0,0,0,0,0,0,0,0,0,0,0,0,0,0,0,0,0,1,0,0,0,0,0,0,0,0.0,0.0,0.0,0.0,0.0
Reset,65,0,16,18/04/2026 13:46:24,100.00%,1420,1500,45,90,0.0,0,0,0,0,0,0,0,0,0,0,0,0,0,0,0,0,0,0,0,0,0,0,0,0,0,0,0,0,0,0.0,0.0,0.0,0.0,0.0
Reset,57,1,30,18/04/2026 13:40:59,96.67%,0,0,0,0,1.0,0,0,0,0,0,0,0,0,0,0,0,0,0,0,0,0,0,0,0,0,0,0,0,0,0,0,0,0,0,0.0,0.0,0.0,0.0,0.0
Reset,8,3,20,18/04/2026 13:26:15,85.00%,0,0,0,0,3.0,0,0,0,0,0,0,0,0,0,0,0,0,0,0,0,0,0,0,0,0,0,0,0,0,0,0,0,0,0,0.0,0.0,0.0,0.0,0.0
Reset,5,2,20,18/04/2026 13:15:58,90.00%,0,0,0,0,0.0,0,0,0,0,0,0,0,0,0,0,0,0,0,0,0,0,0,0,0,0,0,2,0,0,0,0,0,0,0,0.0,0.0,0.0,0.0,0.0
Reset,69,2,16,18/04/2026 13:13:09,87.50%,0,0,0,0,0.0,0,2,0,0,0,0,0,0,0,0,0,0,0,0,0,0,0,0,0,0,0,0,0,0,0,0,0,0,0,0.0,0.0,0.0,0.0,0.0
Reset,68,2,16,18/04/2026 13:10:52,87.50%,0,0,0,0,0.0,0,2,0,0,0,0,0,0,0,0,0,0,0,0,0,0,0,0,0,0,0,0,0,0,0,0,0,0,0,0.0,0.0,0.0,0.0,0.0
Reset,3,0,20,18/04/2026 13:03:31,100.00%,1500,800,35,90,0.0,0,0,0,0,0,0,0,0,0,0,0,0,0,0,0,0,0,0,0,0,0,0,0,0,0,0,0,0,0,0.0,0.0,0.0,0.0,0.0
Reset,8,4,20,18/04/2026 12:49:10,80.00%,0,0,0,0,2.0,0,0,0,0,0,0,0,0,0,0,0,0,0,0,0,1,0,0,0,0,0,1,0,0,0,0,0,0,0,0.0,0.0,0.0,0.0,0.0
Reset,7,0,20,18/04/2026 12:41:38,100.00%,0,0,0,0,0.0,0,0,0,0,0,0,0,0,0,0,0,0,0,0,0,0,0,0,0,0,0,0,0,0,0,0,0,0,0,0.0,0.0,0.0,0.0,0.0
Reset,10,2,20,18/04/2026 12:35:10,90.00%,1550,100,35,120,0.0,0,0,0,0,0,0,0,0,0,0,0,0,0,0,0,0,0,0,0,0,0,2,0,0,0,0,0,0,0,0.0,0.0,0.0,0.0,0.0
Reset,56,0,30,18/04/2026 12:23:54,100.00%,0,0,0,0,0.0,0,0,0,0,0,0,0,0,0,0,0,0,0,0,0,0,0,0,0,0,0,0,0,0,0,0,0,0,0,0.0,0.0,0.0,0.0,0.0
Reset,5,1,20,18/04/2026 12:19:10,95.00%,0,0,0,0,0.0,0,0,0,0,0,0,0,0,0,0,0,0,0,0,0,0,0,0,0,0,0,1,0,0,0,0,0,0,0,0.0,0.0,0.0,0.0,0.0
Reset,3,1,20,18/04/2026 12:16:10,95.00%,1500,800,35,90,0.0,0,0,0,0,0,0,0,0,0,0,0,0,0,0,0,0,0,0,0,0,0,1,0,0,0,0,0,0,0,0.0,0.0,0.0,0.0,0.0
Reset,65,2,16,18/04/2026 12:12:29,87.50%,1420,1500,45,90,0.0,0,2,0,0,0,0,0,0,0,0,0,0,0,0,0,0,0,0,0,0,0,0,0,0,0,0,0,0,0,0.0,0.0,0.0,0.0,0.0
Reset,68,3,16,18/04/2026 12:10:37,81.25%,0,0,0,0,0.0,0,3,0,0,0,0,0,0,0,0,0,0,0,0,0,0,0,0,0,0,0,0,0,0,0,0,0,0,0,0.0,0.0,0.0,0.0,0.0
Reset,69,4,16,18/04/2026 12:08:55,75.00%,0,0,0,0,0.0,0,4,0,0,0,0,0,0,0,0,0,0,0,0,0,0,0,0,0,0,0,0,0,0,0,0,0,0,0,0.0,0.0,0.0,0.0,0.0
Reset,57,3,30,18/04/2026 12:06:14,90.00%,0,0,0,0,2.0,0,0,0,0,0,0,0,0,0,0,0,0,1,0,0,0,0,0,0,0,0,0,0,0,0,0,0,0,0,0.0,0.0,0.0,0.0,0.0
Reset,6,4,20,18/04/2026 12:00:59,80.00%,1750,800,45,90,0.0,0,0,0,0,0,0,0,0,0,0,0,0,0,0,0,0,0,4,0,0,0,0,0,0,0,0,0,0,0,0.0,0.0,0.0,0.0,0.0
Reset,7,8,20,18/04/2026 10:59:24,60.00%,0,0,0,0,0.0,0,0,0,0,0,0,0,0,0,0,0,0,0,0,0,0,0,8,0,0,0,0,0,0,0,0,0,0,0,0.0,0.0,0.0,0.0,0.0
Reset,69,1,16,18/04/2026 10:50:31,93.75%,0,0,0,0,0.0,0,1,0,0,0,0,0,0,0,0,0,0,0,0,0,0,0,0,0,0,0,0,0,0,0,0,0,0,0,0.0,0.0,0.0,0.0,0.0
Reset,68,2,16,18/04/2026 10:41:39,87.50%,0,0,0,0,0.0,0,2,0,0,0,0,0,0,0,0,0,0,0,0,0,0,0,0,0,0,0,0,0,0,0,0,0,0,0,0.0,0.0,0.0,0.0,0.0
Reset,57,3,30,18/04/2026 10:36:56,90.00%,0,0,0,0,2.0,0,0,0,0,0,0,0,0,0,0,0,0,0,0,0,0,0,0,0,0,0,1,0,0,0,0,0,0,0,0.0,0.0,0.0,0.0,0.0
Reset,5,1,20,18/04/2026 10:30:47,95.00%,0,0,0,0,0.0,0,0,0,0,0,0,0,0,0,0,0,0,0,0,0,0,0,0,0,0,0,1,0,0,0,0,0,0,0,0.0,0.0,0.0,0.0,0.0
Reset,8,4,20,18/04/2026 10:17:07,80.00%,0,0,0,0,4.0,0,0,0,0,0,0,0,0,0,0,0,0,0,0,0,0,0,0,0,0,0,0,0,0,0,0,0,0,0,0.0,0.0,0.0,0.0,0.0
Reset,68,3,16,18/04/2026 10:12:38,81.25%,0,0,0,0,0.0,0,3,0,0,0,0,0,0,0,0,0,0,0,0,0,0,0,0,0,0,0,0,0,0,0,0,0,0,0,0.0,0.0,0.0,0.0,0.0
Reset,69,2,16,18/04/2026 10:08:21,87.50%,0,0,0,0,0.0,0,2,0,0,0,0,0,0,0,0,0,0,0,0,0,0,0,0,0,0,0,0,0,0,0,0,0,0,0,0.0,0.0,0.0,0.0,0.0
Reset,3,3,20,18/04/2026 10:03:18,85.00%,1500,800,35,90,0.0,0,0,0,0,0,0,0,0,0,0,0,0,0,0,0,1,0,0,0,0,0,2,0,0,0,0,0,0,0,0.0,0.0,0.0,0.0,0.0
Reset,56,1,30,18/04/2026 09:53:48,96.67%,0,0,0,0,0.0,0,0,0,0,0,0,0,0,0,0,0,0,0,0,0,0,0,0,0,0,0,1,0,0,0,0,0,0,0,0.0,0.0,0.0,0.0,0.0
Reset,5,0,20,18/04/2026 09:47:38,100.00%,0,0,0,0,0.0,0,0,0,0,0,0,0,0,0,0,0,0,0,0,0,0,0,0,0,0,0,0,0,0,0,0,0,0,0,0.0,0.0,0.0,0.0,0.0
Reset,65,0,16,18/04/2026 09:44:30,100.00%,1420,1500,45,90,0.0,0,0,0,0,0,0,0,0,0,0,0,0,0,0,0,0,0,0,0,0,0,0,0,0,0,0,0,0,0,0.0,0.0,0.0,0.0,0.0
Reset,10,0,20,18/04/2026 09:40:28,100.00%,1550,100,35,120,0.0,0,0,0,0,0,0,0,0,0,0,0,0,0,0,0,0,0,0,0,0,0,0,0,0,0,0,0,0,0,0.0,0.0,0.0,0.0,0.0
Reset,8,3,20,18/04/2026 09:36:33,85.00%,0,0,0,0,3.0,0,0,0,0,0,0,0,0,0,0,0,0,0,0,0,0,0,0,0,0,0,0,0,0,0,0,0,0,0,0.0,0.0,0.0,0.0,0.0
Reset,69,1,16,18/04/2026 09:33:13,93.75%,0,0,0,0,0.0,0,1,0,0,0,0,0,0,0,0,0,0,0,0,0,0,0,0,0,0,0,0,0,0,0,0,0,0,0,0.0,0.0,0.0,0.0,0.0
Reset,68,0,16,18/04/2026 09:31:58,100.00%,0,0,0,0,0.0,0,0,0,0,0,0,0,0,0,0,0,0,0,0,0,0,0,0,0,0,0,0,0,0,0,0,0,0,0,0.0,0.0,0.0,0.0,0.0
Reset,57,1,30,18/04/2026 09:20:35,96.67%,0,0,0,0,1.0,0,0,0,0,0,0,0,0,0,0,0,0,0,0,0,0,0,0,0,0,0,0,0,0,0,0,0,0,0,0.0,0.0,0.0,0.0,0.0
Reset,3,0,20,18/04/2026 09:12:13,100.00%,1500,800,35,90,0.0,0,0,0,0,0,0,0,0,0,0,0,0,0,0,0,0,0,0,0,0,0,0,0,0,0,0,0,0,0,0.0,0.0,0.0,0.0,0.0
Reset,65,1,16,18/04/2026 09:01:51,93.75%,1420,1500,45,90,0.0,0,1,0,0,0,0,0,0,0,0,0,0,0,0,0,0,0,0,0,0,0,0,0,0,0,0,0,0,0,0.0,0.0,0.0,0.0,0.0
Reset,2,6,20,18/04/2026 08:58:07,70.00%,1750,100,35,110,6.0,0,0,0,0,0,0,0,0,0,0,0,0,0,0,0,0,0,0,0,0,0,0,0,0,0,0,0,0,0,0.0,0.0,0.0,0.0,0.0
Reset,68,3,16,18/04/2026 08:53:08,81.25%,0,0,0,0,0.0,0,3,0,0,0,0,0,0,0,0,0,0,0,0,0,0,0,0,0,0,0,0,0,0,0,0,0,0,0,0.0,0.0,0.0,0.0,0.0
Reset,69,0,16,18/04/2026 08:45:57,100.00%,0,0,0,0,0.0,0,0,0,0,0,0,0,0,0,0,0,0,0,0,0,0,0,0,0,0,0,0,0,0,0,0,0,0,0,0.0,0.0,0.0,0.0,0.0
Reset,8,3,20,18/04/2026 08:39:12,85.00%,0,0,0,0,2.0,0,0,0,0,0,0,0,0,0,0,0,0,0,0,0,0,0,0,0,0,0,1,0,0,0,0,0,0,0,0.0,0.0,0.0,0.0,0.0
Reset,10,1,20,18/04/2026 08:32:48,95.00%,1550,100,35,120,0.0,0,0,0,0,0,0,0,0,0,0,0,0,0,0,0,1,0,0,0,0,0,0,0,0,0,0,0,0,0,0.0,0.0,0.0,0.0,0.0
Reset,65,1,16,18/04/2026 08:29:57,93.75%,1420,1500,45,90,0.0,0,1,0,0,0,0,0,0,0,0,0,0,0,0,0,0,0,0,0,0,0,0,0,0,0,0,0,0,0,0.0,0.0,0.0,0.0,0.0
Reset,3,0,20,18/04/2026 08:28:41,100.00%,1500,800,35,90,0.0,0,0,0,0,0,0,0,0,0,0,0,0,0,0,0,0,0,0,0,0,0,0,0,0,0,0,0,0,0,0.0,0.0,0.0,0.0,0.0
Reset,69,1,16,18/04/2026 08:09:31,93.75%,0,0,0,0,0.0,0,1,0,0,0,0,0,0,0,0,0,0,0,0,0,0,0,0,0,0,0,0,0,0,0,0,0,0,0,0.0,0.0,0.0,0.0,0.0
Reset,68,2,16,18/04/2026 08:07:32,87.50%,0,0,0,0,0.0,0,2,0,0,0,0,0,0,0,0,0,0,0,0,0,0,0,0,0,0,0,0,0,0,0,0,0,0,0,0.0,0.0,0.0,0.0,0.0
Reset,57,1,30,18/04/2026 08:05:07,96.67%,0,0,0,0,1.0,0,0,0,0,0,0,0,0,0,0,0,0,0,0,0,0,0,0,0,0,0,0,0,0,0,0,0,0,0,0.0,0.0,0.0,0.0,0.0
Reset,8,1,20,18/04/2026 07:59:46,95.00%,0,0,0,0,1.0,0,0,0,0,0,0,0,0,0,0,0,0,0,0,0,0,0,0,0,0,0,0,0,0,0,0,0,0,0,0.0,0.0,0.0,0.0,0.0
Reset,10,0,20,18/04/2026 07:53:45,100.00%,1550,100,35,120,0.0,0,0,0,0,0,0,0,0,0,0,0,0,0,0,0,0,0,0,0,0,0,0,0,0,0,0,0,0,0,0.0,0.0,0.0,0.0,0.0
Reset,65,1,16,18/04/2026 07:28:48,93.75%,1420,1500,45,90,0.0,0,1,0,0,0,0,0,0,0,0,0,0,0,0,0,0,0,0,0,0,0,0,0,0,0,0,0,0,0,0.0,0.0,0.0,0.0,0.0
Reset,3,1,20,18/04/2026 07:26:19,95.00%,1500,800,35,90,0.0,0,0,0,0,0,0,0,0,0,0,0,0,0,0,0,0,0,0,0,0,0,1,0,0,0,0,0,0,0,0.0,0.0,0.0,0.0,0.0
Reset,68,1,16,18/04/2026 07:22:48,93.75%,0,0,0,0,0.0,0,1,0,0,0,0,0,0,0,0,0,0,0,0,0,0,0,0,0,0,0,0,0,0,0,0,0,0,0,0.0,0.0,0.0,0.0,0.0
Reset,69,1,16,18/04/2026 07:20:32,93.75%,0,0,0,0,0.0,0,1,0,0,0,0,0,0,0,0,0,0,0,0,0,0,0,0,0,0,0,0,0,0,0,0,0,0,0,0.0,0.0,0.0,0.0,0.0
Reset,8,6,20,18/04/2026 07:11:26,70.00%,0,0,0,0,6.0,0,0,0,0,0,0,0,0,0,0,0,0,0,0,0,0,0,0,0,0,0,0,0,0,0,0,0,0,0,0.0,0.0,0.0,0.0,0.0
Reset,68,2,16,18/04/2026 06:56:12,87.50%,0,0,0,0,0.0,0,2,0,0,0,0,0,0,0,0,0,0,0,0,0,0,0,0,0,0,0,0,0,0,0,0,0,0,0,0.0,0.0,0.0,0.0,0.0
Reset,5,2,20,18/04/2026 06:54:50,90.00%,0,0,0,0,0.0,0,0,0,0,0,0,0,0,0,0,0,0,0,2,0,0,0,0,0,0,0,0,0,0,0,0,0,0,0,0.0,0.0,0.0,0.0,0.0
Reset,65,0,16,18/04/2026 06:52:57,100.00%,1420,1500,45,90,0.0,0,0,0,0,0,0,0,0,0,0,0,0,0,0,0,0,0,0,0,0,0,0,0,0,0,0,0,0,0,0.0,0.0,0.0,0.0,0.0
Reset,69,2,16,18/04/2026 06:46:12,87.50%,0,0,0,0,0.0,0,2,0,0,0,0,0,0,0,0,0,0,0,0,0,0,0,0,0,0,0,0,0,0,0,0,0,0,0,0.0,0.0,0.0,0.0,0.0
Reset,10,3,20,18/04/2026 06:44:26,85.00%,1550,100,35,120,0.0,0,0,0,0,0,0,0,0,0,0,0,0,0,0,0,0,0,0,0,0,0,3,0,0,0,0,0,0,0,0.0,0.0,0.0,0.0,0.0
Reset,3,1,20,18/04/2026 06:41:16,95.00%,1500,800,35,90,0.0,0,0,0,0,0,0,0,0,0,0,0,0,0,0,0,1,0,0,0,0,0,0,0,0,0,0,0,0,0,0.0,0.0,0.0,0.0,0.0
Reset,37,2,15,18/04/2026 06:33:00,86.67%,0,0,0,0,0.0,0,2,0,0,0,0,0,0,0,0,0,0,0,0,0,0,0,0,0,0,0,0,0,0,0,0,0,0,0,0.0,0.0,0.0,0.0,0.0
Reset,8,1,20,18/04/2026 06:28:27,95.00%,0,0,0,0,1.0,0,0,0,0,0,0,0,0,0,0,0,0,0,0,0,0,0,0,0,0,0,0,0,0,0,0,0,0,0,0.0,0.0,0.0,0.0,0.0
Reset,5,0,20,17/04/2026 23:07:05,100.00%,0,0,0,0,0.0,0,0,0,0,0,0,0,0,0,0,0,0,0,0,0,0,0,0,0,0,0,0,0,0,0,0,0,0,0,0.0,0.0,0.0,0.0,0.0
Reset,52,3,15,17/04/2026 23:07:00,80.00%,1600,1600,45,95,0.0,0,0,0,0,0,0,0,0,0,0,0,0,3,0,0,0,0,0,0,0,0,0,0,0,0,0,0,0,0,0.0,0.0,0.0,0.0,0.0
Reset,39,1,15,17/04/2026 23:01:05,93.33%,0,0,0,0,0.0,0,1,0,0,0,0,0,0,0,0,0,0,0,0,0,0,0,0,0,0,0,0,0,0,0,0,0,0,0,0.0,0.0,0.0,0.0,0.0
Reset,10,0,20,17/04/2026 22:57:03,100.00%,1550,100,35,120,0.0,0,0,0,0,0,0,0,0,0,0,0,0,0,0,0,0,0,0,0,0,0,0,0,0,0,0,0,0,0,0.0,0.0,0.0,0.0,0.0
Reset,72,7,20,17/04/2026 22:50:37,65.00%,0,0,0,0,7.0,0,0,0,0,0,0,0,0,0,0,0,0,0,0,0,0,0,0,0,0,0,0,0,0,0,0,0,0,0,0.0,0.0,0.0,0.0,0.0
Reset,3,1,20,17/04/2026 22:45:38,95.00%,1500,800,35,90,0.0,0,0,0,0,0,0,0,0,0,0,0,0,0,0,0,0,0,0,0,0,0,1,0,0,0,0,0,0,0,0.0,0.0,0.0,0.0,0.0
Reset,8,0,20,17/04/2026 22:39:27,100.00%,0,0,0,0,0.0,0,0,0,0,0,0,0,0,0,0,0,0,0,0,0,0,0,0,0,0,0,0,0,0,0,0,0,0,0,0.0,0.0,0.0,0.0,0.0
Reset,5,0,20,17/04/2026 22:29:39,100.00%,0,0,0,0,0.0,0,0,0,0,0,0,0,0,0,0,0,0,0,0,0,0,0,0,0,0,0,0,0,0,0,0,0,0,0,0.0,0.0,0.0,0.0,0.0
Reset,74,7,20,17/04/2026 22:27:26,65.00%,800,1220,45,120,2.0,4,1,0,0,0,0,0,0,0,0,0,0,0,0,0,0,0,0,0,0,0,0,0,0,0,0,0,0,0,0.0,0.0,0.0,0.0,0.0
Reset,39,4,15,17/04/2026 22:24:38,73.33%,0,0,0,0,0.0,0,1,0,0,0,0,0,0,0,0,0,0,3,0,0,0,0,0,0,0,0,0,0,0,0,0,0,0,0,0.0,0.0,0.0,0.0,0.0
Reset,39,1,15,17/04/2026 22:22:52,93.33%,0,0,0,0,0.0,0,1,0,0,0,0,0,0,0,0,0,0,0,0,0,0,0,0,0,0,0,0,0,0,0,0,0,0,0,0.0,0.0,0.0,0.0,0.0
Reset,10,0,20,17/04/2026 22:21:20,100.00%,1550,100,35,120,0.0,0,0,0,0,0,0,0,0,0,0,0,0,0,0,0,0,0,0,0,0,0,0,0,0,0,0,0,0,0,0.0,0.0,0.0,0.0,0.0
Reset,8,0,20,17/04/2026 22:06:05,100.00%,0,0,0,0,0.0,0,0,0,0,0,0,0,0,0,0,0,0,0,0,0,0,0,0,0,0,0,0,0,0,0,0,0,0,0,0.0,0.0,0.0,0.0,0.0
Reset,73,2,20,17/04/2026 22:04:25,90.00%,0,0,0,0,0.0,1,0,0,0,0,0,0,0,1,0,0,0,0,0,0,0,0,0,0,0,0,0,0,0,0,0,0,0,0,0.0,0.0,0.0,0.0,0.0
0,53,2,0,17/04/2026 21:57:15,0,0,0,0,0,0.0,0,1,0,0,0,0,0,0,0,0,0,0,0,0,0,0,0,0,0,0,0,0,0,1,0,0,0,0,0,0.0,0.0,0.0,0.0,0.0
Reset,5,0,20,17/04/2026 21:56:38,100.00%,0,0,0,0,0.0,0,0,0,0,0,0,0,0,0,0,0,0,0,0,0,0,0,0,0,0,0,0,0,0,0,0,0,0,0,0.0,0.0,0.0,0.0,0.0
Reset,10,1,20,17/04/2026 21:46:01,95.00%,1550,100,35,120,0.0,0,0,0,0,0,0,0,0,0,0,0,0,0,0,0,0,1,0,0,0,0,0,0,0,0,0,0,0,0,0.0,0.0,0.0,0.0,0.0
Reset,39,0,15,17/04/2026 21:44:27,100.00%,0,0,0,0,0.0,0,0,0,0,0,0,0,0,0,0,0,0,0,0,0,0,0,0,0,0,0,0,0,0,0,0,0,0,0,0.0,0.0,0.0,0.0,0.0
Reset,3,0,20,17/04/2026 21:32:26,100.00%,1500,800,35,90,0.0,0,0,0,0,0,0,0,0,0,0,0,0,0,0,0,0,0,0,0,0,0,0,0,0,0,0,0,0,0,0.0,0.0,0.0,0.0,0.0
Reset,72,2,20,17/04/2026 21:30:04,90.00%,0,0,0,0,2.0,0,0,0,0,0,0,0,0,0,0,0,0,0,0,0,0,0,0,0,0,0,0,0,0,0,0,0,0,0,0.0,0.0,0.0,0.0,0.0
Reset,37,1,15,17/04/2026 21:29:53,93.33%,0,0,0,0,0.0,0,1,0,0,0,0,0,0,0,0,0,0,0,0,0,0,0,0,0,0,0,0,0,0,0,0,0,0,0,0.0,0.0,0.0,0.0,0.0
Reset,8,1,20,17/04/2026 21:26:23,95.00%,0,0,0,0,1.0,0,0,0,0,0,0,0,0,0,0,0,0,0,0,0,0,0,0,0,0,0,0,0,0,0,0,0,0,0,0.0,0.0,0.0,0.0,0.0
Reset,2,8,20,17/04/2026 21:18:02,60.00%,1750,100,35,110,6.0,0,0,0,0,0,0,0,0,0,0,0,0,0,0,0,0,0,0,0,0,2,0,0,0,0,0,0,0,0,0.0,0.0,0.0,0.0,0.0
Reset,10,2,20,17/04/2026 21:07:41,90.00%,1550,100,35,120,0.0,0,0,0,0,0,0,0,0,0,0,0,0,0,0,0,0,0,0,0,0,0,2,0,0,0,0,0,0,0,0.0,0.0,0.0,0.0,0.0
Reset,40,3,15,17/04/2026 21:06:53,80.00%,0,0,0,0,0.0,0,1,0,0,0,0,0,1,0,0,0,0,1,0,0,0,0,0,0,0,0,0,0,0,0,0,0,0,0,0.0,0.0,0.0,0.0,0.0
Reset,3,0,20,17/04/2026 20:50:36,100.00%,1500,800,35,90,0.0,0,0,0,0,0,0,0,0,0,0,0,0,0,0,0,0,0,0,0,0,0,0,0,0,0,0,0,0,0,0.0,0.0,0.0,0.0,0.0
Reset,73,0,20,17/04/2026 20:46:23,100.00%,0,0,0,0,0.0,0,0,0,0,0,0,0,0,0,0,0,0,0,0,0,0,0,0,0,0,0,0,0,0,0,0,0,0,0,0.0,0.0,0.0,0.0,0.0
Reset,37,2,15,17/04/2026 20:38:42,86.67%,0,0,0,0,0.0,0,2,0,0,0,0,0,0,0,0,0,0,0,0,0,0,0,0,0,0,0,0,0,0,0,0,0,0,0,0.0,0.0,0.0,0.0,0.0
Reset,6,0,20,17/04/2026 20:34:51,100.00%,1750,800,45,90,0.0,0,0,0,0,0,0,0,0,0,0,0,0,0,0,0,0,0,0,0,0,0,0,0,0,0,0,0,0,0,0.0,0.0,0.0,0.0,0.0
Reset,51,4,15,17/04/2026 20:29:54,73.33%,0,0,0,0,0.0,0,3,0,0,0,0,0,0,0,0,0,0,0,0,0,0,0,0,0,0,0,0,0,1,0,0,0,0,0,0.0,0.0,0.0,0.0,0.0
Reset,8,0,20,17/04/2026 20:29:12,100.00%,0,0,0,0,0.0,0,0,0,0,0,0,0,0,0,0,0,0,0,0,0,0,0,0,0,0,0,0,0,0,0,0,0,0,0,0.0,0.0,0.0,0.0,0.0
Reset,39,5,15,17/04/2026 20:15:20,66.67%,0,0,0,0,0.0,0,1,0,0,0,0,0,0,0,0,0,0,0,0,0,0,0,0,0,0,4,0,0,0,0,0,0,0,0,0.0,0.0,0.0,0.0,0.0
Reset,3,1,20,17/04/2026 20:14:38,95.00%,1500,800,35,90,0.0,0,0,0,0,0,0,0,0,0,0,0,0,0,0,0,0,0,0,0,0,1,0,0,0,0,0,0,0,0,0.0,0.0,0.0,0.0,0.0
Reset,40,3,15,17/04/2026 20:12:52,80.00%,0,0,0,0,0.0,0,3,0,0,0,0,0,0,0,0,0,0,0,0,0,0,0,0,0,0,0,0,0,0,0,0,0,0,0,0.0,0.0,0.0,0.0,0.0
Reset,72,9,20,17/04/2026 20:11:33,55.00%,0,0,0,0,7.0,0,0,0,0,2,0,0,0,0,0,0,0,0,0,0,0,0,0,0,0,0,0,0,0,0,0,0,0,0,0.0,0.0,0.0,0.0,0.0
Reset,7,9,20,17/04/2026 20:03:40,55.00%,0,0,0,0,1.0,0,1,0,0,0,0,0,0,0,0,0,0,0,1,0,0,0,0,0,0,6,0,0,0,0,0,0,0,0,0.0,0.0,0.0,0.0,0.0
Reset,56,2,30,17/04/2026 19:57:16,93.33%,0,0,0,0,2.0,0,0,0,0,0,0,0,0,0,0,0,0,0,0,0,0,0,0,0,0,0,0,0,0,0,0,0,0,0,0.0,0.0,0.0,0.0,0.0
Reset,6,0,20,17/04/2026 19:55:41,100.00%,1750,800,45,90,0.0,0,0,0,0,0,0,0,0,0,0,0,0,0,0,0,0,0,0,0,0,0,0,0,0,0,0,0,0,0,0.0,0.0,0.0,0.0,0.0
Reset,8,3,20,17/04/2026 19:53:09,85.00%,0,0,0,0,2.0,0,0,0,0,0,0,0,0,0,0,0,0,0,0,0,0,0,0,0,0,0,1,0,0,0,0,0,0,0,0.0,0.0,0.0,0.0,0.0
Reset,51,5,15,17/04/2026 19:52:53,66.67%,0,0,0,0,0.0,2,0,0,0,0,0,0,0,0,0,0,0,0,0,0,0,0,0,0,0,0,0,0,3,0,0,0,0,0,0.0,0.0,0.0,0.0,0.0
Reset,37,3,15,17/04/2026 19:50:08,80.00%,0,0,0,0,0.0,0,3,0,0,0,0,0,0,0,0,0,0,0,0,0,0,0,0,0,0,0,0,0,0,0,0,0,0,0,0.0,0.0,0.0,0.0,0.0
Reset,52,1,15,17/04/2026 19:49:55,93.33%,1600,1600,45,95,0.0,0,1,0,0,0,0,0,0,0,0,0,0,0,0,0,0,0,0,0,0,0,0,0,0,0,0,0,0,0,0.0,0.0,0.0,0.0,0.0
Reset,10,0,20,17/04/2026 19:49:30,100.00%,1550,100,35,120,0.0,0,0,0,0,0,0,0,0,0,0,0,0,0,0,0,0,0,0,0,0,0,0,0,0,0,0,0,0,0,0.0,0.0,0.0,0.0,0.0
Reset,3,0,20,17/04/2026 19:46:31,100.00%,1500,800,35,90,0.0,0,0,0,0,0,0,0,0,0,0,0,0,0,0,0,0,0,0,0,0,0,0,0,0,0,0,0,0,0,0.0,0.0,0.0,0.0,0.0
Reset,39,2,15,17/04/2026 19:46:21,86.67%,0,0,0,0,0.0,0,2,0,0,0,0,0,0,0,0,0,0,0,0,0,0,0,0,0,0,0,0,0,0,0,0,0,0,0,0.0,0.0,0.0,0.0,0.0
Reset,2,6,20,17/04/2026 19:42:01,70.00%,1750,100,35,110,6.0,0,0,0,0,0,0,0,0,0,0,0,0,0,0,0,0,0,0,0,0,0,0,0,0,0,0,0,0,0,0.0,0.0,0.0,0.0,0.0
Reset,5,3,20,17/04/2026 19:38:36,85.00%,0,0,0,0,0.0,0,0,0,0,0,0,0,0,0,0,0,0,0,0,0,0,0,0,0,0,0,3,0,0,0,0,0,0,0,0.0,0.0,0.0,0.0,0.0
Reset,73,0,20,17/04/2026 19:33:07,100.00%,0,0,0,0,0.0,0,0,0,0,0,0,0,0,0,0,0,0,0,0,0,0,0,0,0,0,0,0,0,0,0,0,0,0,0,0.0,0.0,0.0,0.0,0.0
Reset,74,3,20,17/04/2026 19:29:41,85.00%,800,1220,45,120,1.0,0,2,0,0,0,0,0,0,0,0,0,0,0,0,0,0,0,0,0,0,0,0,0,0,0,0,0,0,0,0.0,0.0,0.0,0.0,0.0
Reset,72,9,20,17/04/2026 19:29:10,55.00%,0,0,0,0,9.0,0,0,0,0,0,0,0,0,0,0,0,0,0,0,0,0,0,0,0,0,0,0,0,0,0,0,0,0,0,0.0,0.0,0.0,0.0,0.0
Reset,37,2,15,17/04/2026 19:26:27,86.67%,0,0,0,0,1.0,0,0,0,0,0,0,0,0,0,0,0,0,0,0,0,0,0,0,0,0,0,1,0,0,0,0,0,0,0,0.0,0.0,0.0,0.0,0.0
Reset,6,0,20,17/04/2026 19:15:27,100.00%,1750,800,45,90,0.0,0,0,0,0,0,0,0,0,0,0,0,0,0,0,0,0,0,0,0,0,0,0,0,0,0,0,0,0,0,0.0,0.0,0.0,0.0,0.0
Reset,7,4,20,17/04/2026 19:13:14,80.00%,0,0,0,0,0.0,0,0,0,0,0,0,0,0,0,0,0,0,0,0,0,0,0,0,0,0,4,0,0,0,0,0,0,0,0,0.0,0.0,0.0,0.0,0.0
0,53,0,0,17/04/2026 19:10:57,0,0,0,0,0,0.0,0,0,0,0,0,0,0,0,0,0,0,0,0,0,0,0,0,0,0,0,0,0,0,0,0,0,0,0,0,0.0,0.0,0.0,0.0,0.0
Reset,8,2,20,17/04/2026 19:10:14,90.00%,0,0,0,0,1.0,0,0,0,0,0,0,0,0,0,0,0,0,0,0,0,0,0,0,0,0,1,0,0,0,0,0,0,0,0,0.0,0.0,0.0,0.0,0.0
Reset,51,4,15,17/04/2026 19:00:48,73.33%,0,0,0,0,0.0,0,4,0,0,0,0,0,0,0,0,0,0,0,0,0,0,0,0,0,0,0,0,0,0,0,0,0,0,0,0.0,0.0,0.0,0.0,0.0
Reset,136,10,40,17/04/2026 18:47:54,75.00%,1950,2000,45,50,0.0,0,10,0,0,0,0,0,0,0,0,0,0,0,0,0,0,0,0,0,0,0,0,0,0,0,0,0,0,0,0.0,0.0,0.0,0.0,0.0
Reset,131,6,40,17/04/2026 18:47:14,85.00%,2000,880,45,50,0.0,0,6,0,0,0,0,0,0,0,0,0,0,0,0,0,0,0,0,0,0,0,0,0,0,0,0,0,0,0,0.0,0.0,0.0,0.0,0.0
Reset,134,5,40,17/04/2026 18:46:53,87.50%,2000,1880,45,50,0.0,0,5,0,0,0,0,0,0,0,0,0,0,0,0,0,0,0,0,0,0,0,0,0,0,0,0,0,0,0,0.0,0.0,0.0,0.0,0.0
Reset,52,5,15,17/04/2026 18:06:06,66.67%,1600,1600,45,95,0.0,0,0,0,0,0,0,0,0,0,1,0,0,0,0,0,0,0,0,0,0,0,0,0,4,0,0,0,0,0,0.0,0.0,0.0,0.0,0.0
Reset,39,4,15,17/04/2026 17:43:06,73.33%,0,0,0,0,0.0,0,3,0,0,0,0,0,0,0,0,0,0,0,0,0,0,0,0,0,0,0,1,0,0,0,0,0,0,0,0.0,0.0,0.0,0.0,0.0
Reset,7,8,20,17/04/2026 17:36:25,60.00%,0,0,0,0,0.0,0,0,0,0,0,0,0,0,0,0,0,0,0,1,0,0,0,0,0,0,7,0,0,0,0,0,0,0,0,0.0,0.0,0.0,0.0,0.0
Reset,57,1,30,17/04/2026 17:35:07,96.67%,0,0,0,0,0.0,0,0,0,0,0,0,0,0,0,0,0,0,0,0,0,0,1,0,0,0,0,0,0,0,0,0,0,0,0,0.0,0.0,0.0,0.0,0.0
Reset,56,5,30,17/04/2026 17:29:49,83.33%,0,0,0,0,3.0,0,0,0,0,0,0,0,0,0,0,0,0,0,0,0,0,0,0,0,0,0,2,0,0,0,0,0,0,0,0.0,0.0,0.0,0.0,0.0
0,53,1,0,17/04/2026 17:25:44,0,0,0,0,0,0.0,0,0,0,0,0,0,0,0,0,0,0,0,0,0,0,0,0,0,0,0,0,1,0,0,0,0,0,0,0,0.0,0.0,0.0,0.0,0.0
Reset,8,2,20,17/04/2026 17:22:11,90.00%,0,0,0,0,2.0,0,0,0,0,0,0,0,0,0,0,0,0,0,0,0,0,0,0,0,0,0,0,0,0,0,0,0,0,0,0.0,0.0,0.0,0.0,0.0
Reset,132,3,40,17/04/2026 17:20:39,92.50%,1800,2000,45,50,0.0,0,3,0,0,0,0,0,0,0,0,0,0,0,0,0,0,0,0,0,0,0,0,0,0,0,0,0,0,0,0.0,0.0,0.0,0.0,0.0
Reset,6,0,20,17/04/2026 17:20:20,100.00%,1750,800,45,90,0.0,0,0,0,0,0,0,0,0,0,0,0,0,0,0,0,0,0,0,0,0,0,0,0,0,0,0,0,0,0,0.0,0.0,0.0,0.0,0.0
Reset,10,0,20,17/04/2026 17:19:03,100.00%,1550,100,35,120,0.0,0,0,0,0,0,0,0,0,0,0,0,0,0,0,0,0,0,0,0,0,0,0,0,0,0,0,0,0,0,0.0,0.0,0.0,0.0,0.0
Reset,7,6,20,17/04/2026 16:56:44,70.00%,0,0,0,0,0.0,0,0,0,0,0,0,0,0,0,0,0,0,0,1,0,0,0,0,0,0,5,0,0,0,0,0,0,0,0,0.0,0.0,0.0,0.0,0.0
Reset,40,1,15,17/04/2026 16:55:14,93.33%,0,0,0,0,0.0,0,1,0,0,0,0,0,0,0,0,0,0,0,0,0,0,0,0,0,0,0,0,0,0,0,0,0,0,0,0.0,0.0,0.0,0.0,0.0
Reset,3,1,20,17/04/2026 16:53:14,95.00%,1500,800,35,90,0.0,0,0,0,0,0,0,0,0,0,0,0,0,0,0,0,0,0,0,0,0,1,0,0,0,0,0,0,0,0,0.0,0.0,0.0,0.0,0.0
Reset,5,0,20,17/04/2026 16:50:15,100.00%,0,0,0,0,0.0,0,0,0,0,0,0,0,0,0,0,0,0,0,0,0,0,0,0,0,0,0,0,0,0,0,0,0,0,0,0.0,0.0,0.0,0.0,0.0
Reset,2,12,20,17/04/2026 16:48:17,40.00%,1750,100,35,110,10.0,0,0,0,0,0,0,0,0,0,0,0,0,0,0,0,0,0,0,0,0,2,0,0,0,0,0,0,0,0,0.0,0.0,0.0,0.0,0.0
Reset,73,0,20,17/04/2026 16:45:10,100.00%,0,0,0,0,0.0,0,0,0,0,0,0,0,0,0,0,0,0,0,0,0,0,0,0,0,0,0,0,0,0,0,0,0,0,0,0.0,0.0,0.0,0.0,0.0
Reset,37,2,15,17/04/2026 16:44:28,86.67%,0,0,0,0,0.0,0,2,0,0,0,0,0,0,0,0,0,0,0,0,0,0,0,0,0,0,0,0,0,0,0,0,0,0,0,0.0,0.0,0.0,0.0,0.0
Reset,8,2,20,17/04/2026 16:39:46,90.00%,0,0,0,0,1.0,0,0,0,0,0,0,0,0,0,0,0,0,0,0,0,0,0,0,0,0,0,1,0,0,0,0,0,0,0,0.0,0.0,0.0,0.0,0.0
Reset,5,0,20,17/04/2026 16:23:39,100.00%,0,0,0,0,0.0,0,0,0,0,0,0,0,0,0,0,0,0,0,0,0,0,0,0,0,0,0,0,0,0,0,0,0,0,0,0.0,0.0,0.0,0.0,0.0
Reset,10,1,20,17/04/2026 16:21:52,95.00%,1550,100,35,120,0.0,0,0,0,0,0,0,0,0,0,0,0,0,0,0,0,0,0,0,0,0,0,1,0,0,0,0,0,0,0,0.0,0.0,0.0,0.0,0.0
Reset,6,0,20,17/04/2026 16:19:05,100.00%,1750,800,45,90,0.0,0,0,0,0,0,0,0,0,0,0,0,0,0,0,0,0,0,0,0,0,0,0,0,0,0,0,0,0,0,0.0,0.0,0.0,0.0,0.0
Reset,7,9,20,17/04/2026 15:34:17,55.00%,0,0,0,0,0.0,0,0,0,0,0,0,0,0,1,0,0,0,0,0,0,0,0,0,0,0,8,0,0,0,0,0,0,0,0,0.0,0.0,0.0,0.0,0.0
Reset,37,4,15,17/04/2026 14:49:41,73.33%,0,0,0,0,4.0,0,0,0,0,0,0,0,0,0,0,0,0,0,0,0,0,0,0,0,0,0,0,0,0,0,0,0,0,0,0.0,0.0,0.0,0.0,0.0
Reset,5,2,20,17/04/2026 14:33:56,90.00%,0,0,0,0,1.0,0,0,0,0,0,0,0,0,0,0,0,0,0,0,0,1,0,0,0,0,0,0,0,0,0,0,0,0,0,0.0,0.0,0.0,0.0,0.0
Reset,56,4,30,17/04/2026 14:31:20,86.67%,0,0,0,0,4.0,0,0,0,0,0,0,0,0,0,0,0,0,0,0,0,0,0,0,0,0,0,0,0,0,0,0,0,0,0,0.0,0.0,0.0,0.0,0.0
Reset,65,6,16,17/04/2026 14:25:15,62.50%,1420,1500,45,90,6.0,0,0,0,0,0,0,0,0,0,0,0,0,0,0,0,0,0,0,0,0,0,0,0,0,0,0,0,0,0,0.0,0.0,0.0,0.0,0.0
Reset,65,4,16,17/04/2026 14:22:54,75.00%,1420,1500,45,90,0.0,0,4,0,0,0,0,0,0,0,0,0,0,0,0,0,0,0,0,0,0,0,0,0,0,0,0,0,0,0,0.0,0.0,0.0,0.0,0.0
Reset,69,0,16,17/04/2026 14:21:47,100.00%,0,0,0,0,0.0,0,0,0,0,0,0,0,0,0,0,0,0,0,0,0,0,0,0,0,0,0,0,0,0,0,0,0,0,0,0.0,0.0,0.0,0.0,0.0
Reset,10,2,20,17/04/2026 14:16:44,90.00%,1550,100,35,120,0.0,0,0,0,0,0,0,0,0,0,0,0,0,0,0,0,0,1,0,0,0,0,1,0,0,0,0,0,0,0,0.0,0.0,0.0,0.0,0.0
Reset,35,1,8,17/04/2026 14:13:46,87.50%,0,0,0,0,0.0,0,1,0,0,0,0,0,0,0,0,0,0,0,0,0,0,0,0,0,0,0,0,0,0,0,0,0,0,0,0.0,0.0,0.0,0.0,0.0
Reset,3,2,20,17/04/2026 14:11:37,90.00%,1500,800,35,90,0.0,0,0,0,0,0,0,0,0,0,0,0,0,0,0,0,0,1,0,0,0,0,1,0,0,0,0,0,0,0,0.0,0.0,0.0,0.0,0.0
Reset,57,6,30,17/04/2026 14:08:50,80.00%,0,0,0,0,6.0,0,0,0,0,0,0,0,0,0,0,0,0,0,0,0,0,0,0,0,0,0,0,0,0,0,0,0,0,0,0.0,0.0,0.0,0.0,0.0
Reset,3,2,20,17/04/2026 13:25:32,90.00%,1500,800,35,90,0.0,1,0,0,0,0,0,0,0,0,0,0,0,0,0,0,0,0,0,0,0,0,1,0,0,0,0,0,0,0,0.0,0.0,0.0,0.0,0.0
Reset,57,3,30,17/04/2026 13:22:42,90.00%,0,0,0,0,3.0,0,0,0,0,0,0,0,0,0,0,0,0,0,0,0,0,0,0,0,0,0,0,0,0,0,0,0,0,0,0.0,0.0,0.0,0.0,0.0
Reset,8,0,20,17/04/2026 13:09:02,100.00%,0,0,0,0,0.0,0,0,0,0,0,0,0,0,0,0,0,0,0,0,0,0,0,0,0,0,0,0,0,0,0,0,0,0,0,0.0,0.0,0.0,0.0,0.0
Reset,56,2,30,17/04/2026 12:55:01,93.33%,0,0,0,0,0.0,1,0,0,0,0,0,0,0,0,0,0,0,0,1,0,0,0,0,0,0,0,0,0,0,0,0,0,0,0,0.0,0.0,0.0,0.0,0.0
Reset,3,1,20,17/04/2026 12:27:22,95.00%,1500,800,35,90,0.0,0,0,0,0,0,0,0,0,0,0,0,0,0,1,0,0,0,0,0,0,0,0,0,0,0,0,0,0,0,0.0,0.0,0.0,0.0,0.0
Reset,10,0,20,17/04/2026 12:24:03,100.00%,1550,100,35,120,0.0,0,0,0,0,0,0,0,0,0,0,0,0,0,0,0,0,0,0,0,0,0,0,0,0,0,0,0,0,0,0.0,0.0,0.0,0.0,0.0
Reset,69,1,16,17/04/2026 12:16:37,93.75%,0,0,0,0,0.0,0,1,0,0,0,0,0,0,0,0,0,0,0,0,0,0,0,0,0,0,0,0,0,0,0,0,0,0,0,0.0,0.0,0.0,0.0,0.0
Reset,56,3,30,17/04/2026 11:56:53,90.00%,0,0,0,0,3.0,0,0,0,0,0,0,0,0,0,0,0,0,0,0,0,0,0,0,0,0,0,0,0,0,0,0,0,0,0,0.0,0.0,0.0,0.0,0.0
Reset,57,3,30,17/04/2026 11:52:16,90.00%,0,0,0,0,3.0,0,0,0,0,0,0,0,0,0,0,0,0,0,0,0,0,0,0,0,0,0,0,0,0,0,0,0,0,0,0.0,0.0,0.0,0.0,0.0
Reset,65,1,16,17/04/2026 11:04:13,93.75%,1420,1500,45,90,0.0,0,1,0,0,0,0,0,0,0,0,0,0,0,0,0,0,0,0,0,0,0,0,0,0,0,0,0,0,0,0.0,0.0,0.0,0.0,0.0
Reset,6,8,20,17/04/2026 11:01:06,60.00%,1750,800,45,90,8.0,0,0,0,0,0,0,0,0,0,0,0,0,0,0,0,0,0,0,0,0,0,0,0,0,0,0,0,0,0,0.0,0.0,0.0,0.0,0.0
Reset,131,40,40,17/04/2026 10:41:12,0,2000,880,45,50,40.0,0,0,0,0,0,0,0,0,0,0,0,0,0,0,0,0,0,0,0,0,0,0,0,0,0,0,0,0,0,0.0,0.0,0.0,0.0,0.0
Reset,136,40,40,17/04/2026 10:40:58,0,1950,2000,45,50,40.0,0,0,0,0,0,0,0,0,0,0,0,0,0,0,0,0,0,0,0,0,0,0,0,0,0,0,0,0,0,0.0,0.0,0.0,0.0,0.0
Reset,7,9,20,17/04/2026 10:38:12,55.00%,0,0,0,0,6.0,0,0,0,0,0,0,0,0,0,0,0,0,0,0,0,0,0,2,0,0,0,1,0,0,0,0,0,0,0,0.0,0.0,0.0,0.0,0.0
Reset,56,5,30,17/04/2026 10:34:26,83.33%,0,0,0,0,2.0,0,0,0,0,0,0,0,0,0,0,0,0,0,0,0,0,0,0,0,0,0,3,0,0,0,0,0,0,0,0.0,0.0,0.0,0.0,0.0
Reset,57,3,30,17/04/2026 10:28:25,90.00%,0,0,0,0,1.0,0,0,0,0,0,0,0,0,0,0,0,0,0,0,0,0,0,0,0,0,0,2,0,0,0,0,0,0,0,0.0,0.0,0.0,0.0,0.0
Reset,10,1,20,17/04/2026 10:22:11,95.00%,1550,100,35,120,0.0,0,0,0,0,0,0,0,0,0,0,0,0,0,0,0,0,0,0,0,0,0,1,0,0,0,0,0,0,0,0.0,0.0,0.0,0.0,0.0
Reset,8,1,20,17/04/2026 10:19:20,95.00%,0,0,0,0,0.0,0,0,0,0,0,0,0,0,0,0,0,0,0,0,0,0,0,0,0,0,0,1,0,0,0,0,0,0,0,0.0,0.0,0.0,0.0,0.0
Reset,3,1,20,17/04/2026 10:17:38,95.00%,1500,800,35,90,0.0,0,0,0,0,0,0,0,0,0,0,0,0,0,0,0,0,0,0,0,0,0,1,0,0,0,0,0,0,0,0.0,0.0,0.0,0.0,0.0
Reset,131,6,40,17/04/2026 10:03:32,85.00%,2000,880,45,50,0.0,0,5,0,0,0,0,0,0,0,0,0,0,0,1,0,0,0,0,0,0,0,0,0,0,0,0,0,0,0,0.0,0.0,0.0,0.0,0.0
Reset,132,6,40,17/04/2026 10:01:47,85.00%,1800,2000,45,50,4.0,0,2,0,0,0,0,0,0,0,0,0,0,0,0,0,0,0,0,0,0,0,0,0,0,0,0,0,0,0,0.0,0.0,0.0,0.0,0.0
Reset,133,2,40,17/04/2026 09:57:21,95.00%,2000,880,45,50,0.0,0,2,0,0,0,0,0,0,0,0,0,0,0,0,0,0,0,0,0,0,0,0,0,0,0,0,0,0,0,0.0,0.0,0.0,0.0,0.0
Reset,69,2,16,17/04/2026 09:56:09,87.50%,0,0,0,0,0.0,0,2,0,0,0,0,0,0,0,0,0,0,0,0,0,0,0,0,0,0,0,0,0,0,0,0,0,0,0,0.0,0.0,0.0,0.0,0.0
Reset,6,10,20,17/04/2026 09:51:52,50.00%,1750,800,45,90,10.0,0,0,0,0,0,0,0,0,0,0,0,0,0,0,0,0,0,0,0,0,0,0,0,0,0,0,0,0,0,0.0,0.0,0.0,0.0,0.0
Reset,136,40,40,17/04/2026 09:31:25,0,1950,2000,45,50,40.0,0,0,0,0,0,0,0,0,0,0,0,0,0,0,0,0,0,0,0,0,0,0,0,0,0,0,0,0,0,0.0,0.0,0.0,0.0,0.0
Reset,56,6,30,17/04/2026 09:29:41,80.00%,0,0,0,0,4.0,0,0,0,0,0,0,0,0,0,0,0,0,0,0,0,0,0,0,0,0,0,2,0,0,0,0,0,0,0,0.0,0.0,0.0,0.0,0.0
Reset,7,9,20,17/04/2026 09:23:52,55.00%,0,0,0,0,9.0,0,0,0,0,0,0,0,0,0,0,0,0,0,0,0,0,0,0,0,0,0,0,0,0,0,0,0,0,0,0.0,0.0,0.0,0.0,0.0
Reset,5,1,20,17/04/2026 09:19:15,95.00%,0,0,0,0,1.0,0,0,0,0,0,0,0,0,0,0,0,0,0,0,0,0,0,0,0,0,0,0,0,0,0,0,0,0,0,0.0,0.0,0.0,0.0,0.0
Reset,57,2,30,17/04/2026 09:16:14,93.33%,0,0,0,0,2.0,0,0,0,0,0,0,0,0,0,0,0,0,0,0,0,0,0,0,0,0,0,0,0,0,0,0,0,0,0,0.0,0.0,0.0,0.0,0.0
Reset,8,5,20,17/04/2026 09:04:01,75.00%,0,0,0,0,3.0,0,0,0,0,0,0,0,0,0,0,0,0,0,0,0,2,0,0,0,0,0,0,0,0,0,0,0,0,0,0.0,0.0,0.0,0.0,0.0
Reset,10,2,20,17/04/2026 08:44:06,90.00%,1550,100,35,120,0.0,0,0,0,0,0,0,0,0,0,0,0,0,0,0,0,1,0,0,0,0,0,1,0,0,0,0,0,0,0,0.0,0.0,0.0,0.0,0.0
Reset,68,8,16,17/04/2026 08:41:18,50.00%,0,0,0,0,0.0,0,8,0,0,0,0,0,0,0,0,0,0,0,0,0,0,0,0,0,0,0,0,0,0,0,0,0,0,0,0.0,0.0,0.0,0.0,0.0
Reset,69,3,16,17/04/2026 08:39:18,81.25%,0,0,0,0,0.0,0,3,0,0,0,0,0,0,0,0,0,0,0,0,0,0,0,0,0,0,0,0,0,0,0,0,0,0,0,0.0,0.0,0.0,0.0,0.0
Reset,3,1,20,17/04/2026 08:36:23,95.00%,1500,800,35,90,0.0,0,0,0,0,0,0,0,0,0,0,0,0,0,0,0,0,0,0,0,0,0,1,0,0,0,0,0,0,0,0.0,0.0,0.0,0.0,0.0
Reset,65,4,16,17/04/2026 08:30:18,75.00%,1420,1500,45,90,0.0,0,0,0,0,0,0,0,0,0,0,0,0,0,0,0,0,0,0,0,0,0,0,0,4,0,0,0,0,0,0.0,0.0,0.0,0.0,0.0
Reset,131,3,40,17/04/2026 08:24:28,92.50%,2000,880,45,50,0.0,0,2,0,0,0,0,0,0,0,0,0,0,0,1,0,0,0,0,0,0,0,0,0,0,0,0,0,0,0,0.0,0.0,0.0,0.0,0.0
Reset,135,7,40,17/04/2026 08:23:06,82.50%,2000,880,45,50,5.0,0,2,0,0,0,0,0,0,0,0,0,0,0,0,0,0,0,0,0,0,0,0,0,0,0,0,0,0,0,0.0,0.0,0.0,0.0,0.0
Reset,132,10,40,17/04/2026 08:19:52,75.00%,1800,2000,45,50,7.0,0,3,0,0,0,0,0,0,0,0,0,0,0,0,0,0,0,0,0,0,0,0,0,0,0,0,0,0,0,0.0,0.0,0.0,0.0,0.0
Reset,134,5,40,17/04/2026 08:15:58,87.50%,2000,1880,45,50,0.0,0,5,0,0,0,0,0,0,0,0,0,0,0,0,0,0,0,0,0,0,0,0,0,0,0,0,0,0,0,0.0,0.0,0.0,0.0,0.0
Reset,133,7,40,17/04/2026 08:14:12,82.50%,2000,880,45,50,0.0,0,7,0,0,0,0,0,0,0,0,0,0,0,0,0,0,0,0,0,0,0,0,0,0,0,0,0,0,0,0.0,0.0,0.0,0.0,0.0
Reset,8,2,20,17/04/2026 08:12:31,90.00%,0,0,0,0,2.0,0,0,0,0,0,0,0,0,0,0,0,0,0,0,0,0,0,0,0,0,0,0,0,0,0,0,0,0,0,0.0,0.0,0.0,0.0,0.0
Reset,57,5,30,17/04/2026 08:09:35,83.33%,0,0,0,0,3.0,0,0,0,0,0,0,0,0,0,0,0,0,0,0,0,0,0,0,0,0,0,2,0,0,0,0,0,0,0,0.0,0.0,0.0,0.0,0.0
0,53,0,0,17/04/2026 08:00:46,0,0,0,0,0,0.0,0,0,0,0,0,0,0,0,0,0,0,0,0,0,0,0,0,0,0,0,0,0,0,0,0,0,0,0,0,0.0,0.0,0.0,0.0,0.0
Reset,136,12,40,17/04/2026 07:58:13,70.00%,1950,2000,45,50,0.0,0,12,0,0,0,0,0,0,0,0,0,0,0,0,0,0,0,0,0,0,0,0,0,0,0,0,0,0,0,0.0,0.0,0.0,0.0,0.0
Reset,56,3,30,17/04/2026 07:56:33,90.00%,0,0,0,0,1.0,0,0,0,0,0,0,0,0,0,0,0,0,0,0,0,0,0,0,0,0,0,2,0,0,0,0,0,0,0,0.0,0.0,0.0,0.0,0.0
Reset,52,0,15,17/04/2026 07:51:59,100.00%,1600,1600,45,95,0.0,0,0,0,0,0,0,0,0,0,0,0,0,0,0,0,0,0,0,0,0,0,0,0,0,0,0,0,0,0,0.0,0.0,0.0,0.0,0.0
Reset,131,5,40,17/04/2026 07:49:29,87.50%,2000,880,45,50,4.0,0,1,0,0,0,0,0,0,0,0,0,0,0,0,0,0,0,0,0,0,0,0,0,0,0,0,0,0,0,0.0,0.0,0.0,0.0,0.0
Reset,135,5,40,17/04/2026 07:47:26,87.50%,2000,880,45,50,2.0,0,3,0,0,0,0,0,0,0,0,0,0,0,0,0,0,0,0,0,0,0,0,0,0,0,0,0,0,0,0.0,0.0,0.0,0.0,0.0
Reset,10,1,20,17/04/2026 07:44:29,95.00%,1550,100,35,120,0.0,0,0,0,0,0,0,0,0,0,0,0,0,0,0,0,0,0,0,0,0,0,1,0,0,0,0,0,0,0,0.0,0.0,0.0,0.0,0.0
Reset,134,7,40,17/04/2026 07:41:28,82.50%,2000,1880,45,50,1.0,0,6,0,0,0,0,0,0,0,0,0,0,0,0,0,0,0,0,0,0,0,0,0,0,0,0,0,0,0,0.0,0.0,0.0,0.0,0.0
Reset,3,0,20,17/04/2026 07:40:41,100.00%,1500,800,35,90,0.0,0,0,0,0,0,0,0,0,0,0,0,0,0,0,0,0,0,0,0,0,0,0,0,0,0,0,0,0,0,0.0,0.0,0.0,0.0,0.0
Reset,37,9,15,17/04/2026 07:37:37,40.00%,0,0,0,0,9.0,0,0,0,0,0,0,0,0,0,0,0,0,0,0,0,0,0,0,0,0,0,0,0,0,0,0,0,0,0,0.0,0.0,0.0,0.0,0.0
Reset,69,0,16,17/04/2026 07:31:32,100.00%,0,0,0,0,0.0,0,0,0,0,0,0,0,0,0,0,0,0,0,0,0,0,0,0,0,0,0,0,0,0,0,0,0,0,0,0.0,0.0,0.0,0.0,0.0
Reset,68,3,16,17/04/2026 07:28:51,81.25%,0,0,0,0,0.0,0,3,0,0,0,0,0,0,0,0,0,0,0,0,0,0,0,0,0,0,0,0,0,0,0,0,0,0,0,0.0,0.0,0.0,0.0,0.0
Reset,65,0,16,17/04/2026 07:26:29,100.00%,1420,1500,45,90,0.0,0,0,0,0,0,0,0,0,0,0,0,0,0,0,0,0,0,0,0,0,0,0,0,0,0,0,0,0,0,0.0,0.0,0.0,0.0,0.0
Reset,56,3,30,17/04/2026 07:24:12,90.00%,0,0,0,0,1.0,0,0,0,0,0,0,0,0,0,0,0,0,0,0,0,0,0,0,0,0,0,2,0,0,0,0,0,0,0,0.0,0.0,0.0,0.0,0.0
Reset,131,3,40,17/04/2026 07:15:19,92.50%,2000,880,45,50,0.0,0,3,0,0,0,0,0,0,0,0,0,0,0,0,0,0,0,0,0,0,0,0,0,0,0,0,0,0,0,0.0,0.0,0.0,0.0,0.0
Reset,136,9,40,17/04/2026 07:13:18,77.50%,1950,2000,45,50,0.0,0,9,0,0,0,0,0,0,0,0,0,0,0,0,0,0,0,0,0,0,0,0,0,0,0,0,0,0,0,0.0,0.0,0.0,0.0,0.0
Reset,73,15,20,17/04/2026 07:11:08,25.00%,0,0,0,0,1.0,0,0,0,0,14,0,0,0,0,0,0,0,0,0,0,0,0,0,0,0,0,0,0,0,0,0,0,0,0,0.0,0.0,0.0,0.0,0.0
Reset,133,5,40,17/04/2026 07:04:51,87.50%,2000,880,45,50,0.0,1,4,0,0,0,0,0,0,0,0,0,0,0,0,0,0,0,0,0,0,0,0,0,0,0,0,0,0,0,0.0,0.0,0.0,0.0,0.0
Reset,135,11,40,17/04/2026 07:02:54,72.50%,2000,880,45,50,6.0,0,5,0,0,0,0,0,0,0,0,0,0,0,0,0,0,0,0,0,0,0,0,0,0,0,0,0,0,0,0.0,0.0,0.0,0.0,0.0
Reset,132,27,40,17/04/2026 07:00:17,32.50%,1800,2000,45,50,27.0,0,0,0,0,0,0,0,0,0,0,0,0,0,0,0,0,0,0,0,0,0,0,0,0,0,0,0,0,0,0.0,0.0,0.0,0.0,0.0
Reset,57,7,30,17/04/2026 06:57:33,76.67%,0,0,0,0,7.0,0,0,0,0,0,0,0,0,0,0,0,0,0,0,0,0,0,0,0,0,0,0,0,0,0,0,0,0,0,0.0,0.0,0.0,0.0,0.0
Reset,5,20,20,17/04/2026 06:52:52,0,0,0,0,0,20.0,0,0,0,0,0,0,0,0,0,0,0,0,0,0,0,0,0,0,0,0,0,0,0,0,0,0,0,0,0,0.0,0.0,0.0,0.0,0.0
Reset,10,0,20,17/04/2026 06:49:18,100.00%,1550,100,35,120,0.0,0,0,0,0,0,0,0,0,0,0,0,0,0,0,0,0,0,0,0,0,0,0,0,0,0,0,0,0,0,0.0,0.0,0.0,0.0,0.0
Reset,72,5,20,17/04/2026 06:44:51,75.00%,0,0,0,0,4.0,0,0,0,0,1,0,0,0,0,0,0,0,0,0,0,0,0,0,0,0,0,0,0,0,0,0,0,0,0,0.0,0.0,0.0,0.0,0.0
Reset,40,4,15,17/04/2026 06:37:24,73.33%,0,0,0,0,0.0,1,2,0,0,0,0,0,0,0,0,0,0,0,0,0,0,0,0,0,0,0,1,0,0,0,0,0,0,0,0.0,0.0,0.0,0.0,0.0
Reset,51,9,15,17/04/2026 06:33:13,40.00%,0,0,0,0,0.0,4,4,0,0,0,0,0,0,0,0,0,0,0,0,0,0,0,0,0,0,0,0,0,1,0,0,0,0,0,0.0,0.0,0.0,0.0,0.0
Reset,37,1,15,17/04/2026 06:29:59,93.33%,0,0,0,0,0.0,0,1,0,0,0,0,0,0,0,0,0,0,0,0,0,0,0,0,0,0,0,0,0,0,0,0,0,0,0,0.0,0.0,0.0,0.0,0.0
Reset,57,3,30,16/04/2026 23:03:33,90.00%,0,0,0,0,2.0,0,0,0,0,0,0,0,0,0,0,0,0,0,0,0,0,1,0,0,0,0,0,0,0,0,0,0,0,0,0.0,0.0,0.0,0.0,0.0
Reset,6,7,20,16/04/2026 23:03:00,65.00%,1750,800,45,90,7.0,0,0,0,0,0,0,0,0,0,0,0,0,0,0,0,0,0,0,0,0,0,0,0,0,0,0,0,0,0,0.0,0.0,0.0,0.0,0.0
Reset,5,0,20,16/04/2026 23:00:50,100.00%,0,0,0,0,0.0,0,0,0,0,0,0,0,0,0,0,0,0,0,0,0,0,0,0,0,0,0,0,0,0,0,0,0,0,0,0.0,0.0,0.0,0.0,0.0
Reset,3,2,20,16/04/2026 22:57:50,90.00%,1500,800,35,90,0.0,0,0,0,0,0,0,0,0,0,0,0,0,0,0,0,0,0,0,0,0,0,2,0,0,0,0,0,0,0,0.0,0.0,0.0,0.0,0.0
Reset,8,3,20,16/04/2026 22:54:37,85.00%,0,0,0,0,3.0,0,0,0,0,0,0,0,0,0,0,0,0,0,0,0,0,0,0,0,0,0,0,0,0,0,0,0,0,0,0.0,0.0,0.0,0.0,0.0
Reset,10,0,20,16/04/2026 22:52:39,100.00%,1550,100,35,120,0.0,0,0,0,0,0,0,0,0,0,0,0,0,0,0,0,0,0,0,0,0,0,0,0,0,0,0,0,0,0,0.0,0.0,0.0,0.0,0.0
Reset,40,3,15,16/04/2026 22:49:42,80.00%,0,0,0,0,0.0,0,3,0,0,0,0,0,0,0,0,0,0,0,0,0,0,0,0,0,0,0,0,0,0,0,0,0,0,0,0.0,0.0,0.0,0.0,0.0
Reset,51,4,15,16/04/2026 22:45:01,73.33%,0,0,0,0,0.0,0,4,0,0,0,0,0,0,0,0,0,0,0,0,0,0,0,0,0,0,0,0,0,0,0,0,0,0,0,0.0,0.0,0.0,0.0,0.0
Reset,56,6,30,16/04/2026 22:03:03,80.00%,0,0,0,0,2.0,0,0,0,0,0,0,0,0,1,0,0,0,0,0,0,0,3,0,0,0,0,0,0,0,0,0,0,0,0,0.0,0.0,0.0,0.0,0.0
Reset,10,0,20,16/04/2026 21:47:26,100.00%,1550,100,35,120,0.0,0,0,0,0,0,0,0,0,0,0,0,0,0,0,0,0,0,0,0,0,0,0,0,0,0,0,0,0,0,0.0,0.0,0.0,0.0,0.0
Reset,8,2,20,16/04/2026 21:41:26,90.00%,0,0,0,0,2.0,0,0,0,0,0,0,0,0,0,0,0,0,0,0,0,0,0,0,0,0,0,0,0,0,0,0,0,0,0,0.0,0.0,0.0,0.0,0.0
Reset,56,0,30,16/04/2026 21:29:29,100.00%,0,0,0,0,0.0,0,0,0,0,0,0,0,0,0,0,0,0,0,0,0,0,0,0,0,0,0,0,0,0,0,0,0,0,0,0.0,0.0,0.0,0.0,0.0
Reset,5,1,20,16/04/2026 21:23:21,95.00%,0,0,0,0,0.0,0,0,0,0,0,0,0,0,0,0,0,0,0,0,0,0,1,0,0,0,0,0,0,0,0,0,0,0,0,0.0,0.0,0.0,0.0,0.0
Reset,57,0,30,16/04/2026 21:16:02,100.00%,0,0,0,0,0.0,0,0,0,0,0,0,0,0,0,0,0,0,0,0,0,0,0,0,0,0,0,0,0,0,0,0,0,0,0,0.0,0.0,0.0,0.0,0.0
Reset,7,11,20,16/04/2026 21:10:15,45.00%,0,0,0,0,7.0,0,0,0,0,0,0,0,0,0,0,0,0,0,0,0,0,0,0,0,0,0,4,0,0,0,0,0,0,0,0.0,0.0,0.0,0.0,0.0
Reset,37,3,15,16/04/2026 21:09:59,80.00%,0,0,0,0,0.0,0,3,0,0,0,0,0,0,0,0,0,0,0,0,0,0,0,0,0,0,0,0,0,0,0,0,0,0,0,0.0,0.0,0.0,0.0,0.0
Reset,3,1,20,16/04/2026 21:07:43,95.00%,1500,800,35,90,0.0,0,0,0,0,0,0,0,0,0,0,0,0,0,0,0,0,0,0,0,0,0,1,0,0,0,0,0,0,0,0.0,0.0,0.0,0.0,0.0
Reset,51,4,15,16/04/2026 21:06:42,73.33%,0,0,0,0,0.0,0,4,0,0,0,0,0,0,0,0,0,0,0,0,0,0,0,0,0,0,0,0,0,0,0,0,0,0,0,0.0,0.0,0.0,0.0,0.0
INHEMETER,50,1,8,16/04/2026 21:00:32,87.50%,0,0,0,0,0.0,0,1,0,0,0,0,0,0,0,0,0,0,0,0,0,0,0,0,0,0,0,0,0,0,0,0,0,0,0,0.0,0.0,0.0,0.0,0.0
0,53,1,0,16/04/2026 20:58:22,0,0,0,0,0,0.0,0,1,0,0,0,0,0,0,0,0,0,0,0,0,0,0,0,0,0,0,0,0,0,0,0,0,0,0,0,0.0,0.0,0.0,0.0,0.0
Reset,51,3,15,16/04/2026 20:54:50,80.00%,0,0,0,0,0.0,0,3,0,0,0,0,0,0,0,0,0,0,0,0,0,0,0,0,0,0,0,0,0,0,0,0,0,0,0,0.0,0.0,0.0,0.0,0.0
Reset,8,3,20,16/04/2026 20:50:34,85.00%,0,0,0,0,3.0,0,0,0,0,0,0,0,0,0,0,0,0,0,0,0,0,0,0,0,0,0,0,0,0,0,0,0,0,0,0.0,0.0,0.0,0.0,0.0
Reset,10,0,20,16/04/2026 20:48:04,100.00%,1550,100,35,120,0.0,0,0,0,0,0,0,0,0,0,0,0,0,0,0,0,0,0,0,0,0,0,0,0,0,0,0,0,0,0,0.0,0.0,0.0,0.0,0.0
Reset,5,0,20,16/04/2026 20:43:16,100.00%,0,0,0,0,0.0,0,0,0,0,0,0,0,0,0,0,0,0,0,0,0,0,0,0,0,0,0,0,0,0,0,0,0,0,0,0.0,0.0,0.0,0.0,0.0
Reset,39,3,15,16/04/2026 20:42:12,80.00%,0,0,0,0,0.0,0,3,0,0,0,0,0,0,0,0,0,0,0,0,0,0,0,0,0,0,0,0,0,0,0,0,0,0,0,0.0,0.0,0.0,0.0,0.0
Reset,51,3,15,16/04/2026 20:39:41,80.00%,0,0,0,0,0.0,0,3,0,0,0,0,0,0,0,0,0,0,0,0,0,0,0,0,0,0,0,0,0,0,0,0,0,0,0,0.0,0.0,0.0,0.0,0.0
Reset,72,20,20,16/04/2026 20:39:31,0,0,0,0,0,5.0,0,0,0,0,0,0,0,0,0,0,0,0,0,0,0,0,0,0,0,0,15,0,0,0,0,0,0,0,0,0.0,0.0,0.0,0.0,0.0
Reset,39,2,15,16/04/2026 20:33:26,86.67%,0,0,0,0,0.0,0,1,0,0,0,0,0,0,0,0,0,0,0,0,0,0,0,0,0,0,0,1,0,0,0,0,0,0,0,0.0,0.0,0.0,0.0,0.0
Reset,6,8,20,16/04/2026 20:30:38,60.00%,1750,800,45,90,8.0,0,0,0,0,0,0,0,0,0,0,0,0,0,0,0,0,0,0,0,0,0,0,0,0,0,0,0,0,0,0.0,0.0,0.0,0.0,0.0
Reset,133,4,40,16/04/2026 20:26:06,90.00%,2000,880,45,50,0.0,0,4,0,0,0,0,0,0,0,0,0,0,0,0,0,0,0,0,0,0,0,0,0,0,0,0,0,0,0,0.0,0.0,0.0,0.0,0.0
Reset,3,1,20,16/04/2026 20:21:46,95.00%,1500,800,35,90,0.0,0,0,0,0,0,0,0,0,0,0,0,0,0,1,0,0,0,0,0,0,0,0,0,0,0,0,0,0,0,0.0,0.0,0.0,0.0,0.0
Reset,131,0,40,16/04/2026 20:16:53,100.00%,2000,880,45,50,0.0,0,0,0,0,0,0,0,0,0,0,0,0,0,0,0,0,0,0,0,0,0,0,0,0,0,0,0,0,0,0.0,0.0,0.0,0.0,0.0
Reset,135,5,40,16/04/2026 20:07:43,87.50%,2000,880,45,50,0.0,0,5,0,0,0,0,0,0,0,0,0,0,0,0,0,0,0,0,0,0,0,0,0,0,0,0,0,0,0,0.0,0.0,0.0,0.0,0.0
Reset,10,1,20,16/04/2026 20:02:30,95.00%,1550,100,35,120,0.0,0,0,0,0,0,0,0,0,0,0,0,0,0,0,0,0,0,0,0,0,0,1,0,0,0,0,0,0,0,0.0,0.0,0.0,0.0,0.0
Reset,7,11,20,16/04/2026 19:48:56,45.00%,0,0,0,0,7.0,0,0,0,0,0,0,0,0,0,0,0,0,0,0,0,0,0,0,0,0,3,1,0,0,0,0,0,0,0,0.0,0.0,0.0,0.0,0.0
Reset,5,1,20,16/04/2026 19:45:22,95.00%,0,0,0,0,0.0,0,0,0,0,0,0,0,0,0,0,0,0,0,0,0,0,0,0,0,0,0,1,0,0,0,0,0,0,0,0.0,0.0,0.0,0.0,0.0
Reset,10,2,20,16/04/2026 19:30:40,90.00%,1550,100,35,120,0.0,0,0,0,0,0,0,0,0,0,0,0,0,0,0,0,0,0,0,0,0,0,2,0,0,0,0,0,0,0,0.0,0.0,0.0,0.0,0.0
Reset,6,8,20,16/04/2026 19:27:14,60.00%,1750,800,45,90,8.0,0,0,0,0,0,0,0,0,0,0,0,0,0,0,0,0,0,0,0,0,0,0,0,0,0,0,0,0,0,0.0,0.0,0.0,0.0,0.0
Reset,73,2,20,16/04/2026 18:57:45,90.00%,0,0,0,0,0.0,0,1,0,1,0,0,0,0,0,0,0,0,0,0,0,0,0,0,0,0,0,0,0,0,0,0,0,0,0,0.0,0.0,0.0,0.0,0.0
Reset,37,1,15,16/04/2026 18:06:31,93.33%,0,0,0,0,0.0,0,1,0,0,0,0,0,0,0,0,0,0,0,0,0,0,0,0,0,0,0,0,0,0,0,0,0,0,0,0.0,0.0,0.0,0.0,0.0
Reset,72,6,20,16/04/2026 17:57:07,70.00%,0,0,0,0,5.0,0,0,0,0,0,0,0,0,0,0,0,0,1,0,0,0,0,0,0,0,0,0,0,0,0,0,0,0,0,0.0,0.0,0.0,0.0,0.0
Reset,74,9,20,16/04/2026 17:52:00,55.00%,800,1220,45,120,4.0,3,2,0,0,0,0,0,0,0,0,0,0,0,0,0,0,0,0,0,0,0,0,0,0,0,0,0,0,0,0.0,0.0,0.0,0.0,0.0
Reset,40,1,15,16/04/2026 17:47:44,93.33%,0,0,0,0,0.0,0,1,0,0,0,0,0,0,0,0,0,0,0,0,0,0,0,0,0,0,0,0,0,0,0,0,0,0,0,0.0,0.0,0.0,0.0,0.0
Reset,132,4,40,16/04/2026 17:47:35,90.00%,1800,2000,45,50,0.0,0,4,0,0,0,0,0,0,0,0,0,0,0,0,0,0,0,0,0,0,0,0,0,0,0,0,0,0,0,0.0,0.0,0.0,0.0,0.0
Reset,10,9,20,16/04/2026 17:47:20,55.00%,1550,100,35,120,8.0,0,0,0,0,0,0,0,0,0,0,0,0,0,0,0,0,0,0,0,0,0,1,0,0,0,0,0,0,0,0.0,0.0,0.0,0.0,0.0
Reset,56,1,30,16/04/2026 17:42:27,96.67%,0,0,0,0,0.0,0,0,0,0,0,0,0,1,0,0,0,0,0,0,0,0,0,0,0,0,0,0,0,0,0,0,0,0,0,0.0,0.0,0.0,0.0,0.0
Reset,7,8,20,16/04/2026 17:42:07,60.00%,0,0,0,0,8.0,0,0,0,0,0,0,0,0,0,0,0,0,0,0,0,0,0,0,0,0,0,0,0,0,0,0,0,0,0,0.0,0.0,0.0,0.0,0.0
Reset,51,9,15,16/04/2026 17:25:59,40.00%,0,0,0,0,0.0,0,9,0,0,0,0,0,0,0,0,0,0,0,0,0,0,0,0,0,0,0,0,0,0,0,0,0,0,0,0.0,0.0,0.0,0.0,0.0
Reset,56,5,30,16/04/2026 17:21:01,83.33%,0,0,0,0,2.0,0,0,0,0,0,0,0,0,0,0,0,0,0,0,0,0,0,0,0,0,0,3,0,0,0,0,0,0,0,0.0,0.0,0.0,0.0,0.0
Reset,8,0,20,16/04/2026 17:19:50,100.00%,0,0,0,0,0.0,0,0,0,0,0,0,0,0,0,0,0,0,0,0,0,0,0,0,0,0,0,0,0,0,0,0,0,0,0,0.0,0.0,0.0,0.0,0.0
0,53,0,0,16/04/2026 17:18:35,0,0,0,0,0,0.0,0,0,0,0,0,0,0,0,0,0,0,0,0,0,0,0,0,0,0,0,0,0,0,0,0,0,0,0,0,0.0,0.0,0.0,0.0,0.0
Reset,6,8,20,16/04/2026 17:17:03,60.00%,1750,800,45,90,8.0,0,0,0,0,0,0,0,0,0,0,0,0,0,0,0,0,0,0,0,0,0,0,0,0,0,0,0,0,0,0.0,0.0,0.0,0.0,0.0
Reset,5,0,20,16/04/2026 17:14:37,100.00%,0,0,0,0,0.0,0,0,0,0,0,0,0,0,0,0,0,0,0,0,0,0,0,0,0,0,0,0,0,0,0,0,0,0,0,0.0,0.0,0.0,0.0,0.0
Reset,136,6,40,16/04/2026 16:50:52,85.00%,1950,2000,45,50,0.0,0,6,0,0,0,0,0,0,0,0,0,0,0,0,0,0,0,0,0,0,0,0,0,0,0,0,0,0,0,0.0,0.0,0.0,0.0,0.0
Reset,3,1,20,16/04/2026 16:49:55,95.00%,1500,800,35,90,0.0,0,0,0,0,0,0,0,0,0,0,0,0,0,0,0,0,1,0,0,0,0,0,0,0,0,0,0,0,0,0.0,0.0,0.0,0.0,0.0
Reset,135,14,40,16/04/2026 16:48:43,65.00%,2000,880,45,50,8.0,0,6,0,0,0,0,0,0,0,0,0,0,0,0,0,0,0,0,0,0,0,0,0,0,0,0,0,0,0,0.0,0.0,0.0,0.0,0.0
Reset,39,2,15,16/04/2026 16:47:32,86.67%,0,0,0,0,0.0,0,2,0,0,0,0,0,0,0,0,0,0,0,0,0,0,0,0,0,0,0,0,0,0,0,0,0,0,0,0.0,0.0,0.0,0.0,0.0
Reset,133,6,40,16/04/2026 16:46:53,85.00%,2000,880,45,50,0.0,0,5,0,0,0,0,0,0,0,0,0,0,0,1,0,0,0,0,0,0,0,0,0,0,0,0,0,0,0,0.0,0.0,0.0,0.0,0.0
Reset,134,5,40,16/04/2026 16:40:08,87.50%,2000,1880,45,50,0.0,0,5,0,0,0,0,0,0,0,0,0,0,0,0,0,0,0,0,0,0,0,0,0,0,0,0,0,0,0,0.0,0.0,0.0,0.0,0.0
Reset,131,5,40,16/04/2026 16:39:26,87.50%,2000,880,45,50,0.0,0,4,0,0,0,0,0,0,0,0,0,0,0,1,0,0,0,0,0,0,0,0,0,0,0,0,0,0,0,0.0,0.0,0.0,0.0,0.0
Reset,10,1,20,16/04/2026 16:34:12,95.00%,1550,100,35,120,0.0,0,0,0,0,0,0,0,0,0,0,0,0,1,0,0,0,0,0,0,0,0,0,0,0,0,0,0,0,0,0.0,0.0,0.0,0.0,0.0
Reset,37,0,15,16/04/2026 16:25:30,100.00%,0,0,0,0,0.0,0,0,0,0,0,0,0,0,0,0,0,0,0,0,0,0,0,0,0,0,0,0,0,0,0,0,0,0,0,0.0,0.0,0.0,0.0,0.0
Reset,72,13,20,16/04/2026 16:25:02,35.00%,0,0,0,0,12.0,0,0,0,0,0,0,0,0,0,0,0,0,1,0,0,0,0,0,0,0,0,0,0,0,0,0,0,0,0,0.0,0.0,0.0,0.0,0.0
Reset,51,7,15,16/04/2026 16:21:11,53.33%,0,0,0,0,0.0,0,6,0,0,0,0,0,0,0,0,0,0,0,0,0,0,0,0,0,1,0,0,0,0,0,0,0,0,0,0.0,0.0,0.0,0.0,0.0
Reset,57,0,30,16/04/2026 16:15:09,100.00%,0,0,0,0,0.0,0,0,0,0,0,0,0,0,0,0,0,0,0,0,0,0,0,0,0,0,0,0,0,0,0,0,0,0,0,0.0,0.0,0.0,0.0,0.0
Reset,7,7,20,16/04/2026 16:14:11,65.00%,0,0,0,0,6.0,0,0,0,0,0,0,0,0,0,0,0,0,0,0,0,0,0,0,0,0,1,0,0,0,0,0,0,0,0,0.0,0.0,0.0,0.0,0.0
0,53,1,0,16/04/2026 16:10:04,0,0,0,0,0,0.0,0,1,0,0,0,0,0,0,0,0,0,0,0,0,0,0,0,0,0,0,0,0,0,0,0,0,0,0,0,0.0,0.0,0.0,0.0,0.0
Reset,6,6,20,16/04/2026 15:59:31,70.00%,1750,800,45,90,6.0,0,0,0,0,0,0,0,0,0,0,0,0,0,0,0,0,0,0,0,0,0,0,0,0,0,0,0,0,0,0.0,0.0,0.0,0.0,0.0
Reset,3,1,20,16/04/2026 15:51:20,95.00%,1500,800,35,90,0.0,0,0,0,0,0,0,0,0,0,0,0,0,0,0,0,0,0,0,0,0,0,0,0,0,0,0,0,0,0,0.0,0.0,1.0,0.0,0.0
Reset,5,0,20,16/04/2026 15:46:51,100.00%,0,0,0,0,0.0,0,0,0,0,0,0,0,0,0,0,0,0,0,0,0,0,0,0,0,0,0,0,0,0,0,0,0,0,0,0.0,0.0,0.0,0.0,0.0
Reset,69,4,16,16/04/2026 15:44:00,75.00%,0,0,0,0,0.0,0,4,0,0,0,0,0,0,0,0,0,0,0,0,0,0,0,0,0,0,0,0,0,0,0,0,0,0,0,0.0,0.0,0.0,0.0,0.0
Reset,134,5,40,16/04/2026 15:42:01,87.50%,2000,1880,45,50,0.0,0,5,0,0,0,0,0,0,0,0,0,0,0,0,0,0,0,0,0,0,0,0,0,0,0,0,0,0,0,0.0,0.0,0.0,0.0,0.0
Reset,136,6,40,16/04/2026 15:40:56,85.00%,1950,2000,45,50,0.0,0,6,0,0,0,0,0,0,0,0,0,0,0,0,0,0,0,0,0,0,0,0,0,0,0,0,0,0,0,0.0,0.0,0.0,0.0,0.0
Reset,8,4,20,16/04/2026 15:39:03,80.00%,0,0,0,0,2.0,0,0,0,0,0,0,0,0,0,0,0,0,0,0,0,0,0,0,0,0,0,2,0,0,0,0,0,0,0,0.0,0.0,0.0,0.0,0.0
Reset,131,3,40,16/04/2026 15:36:39,92.50%,2000,880,45,50,0.0,0,3,0,0,0,0,0,0,0,0,0,0,0,0,0,0,0,0,0,0,0,0,0,0,0,0,0,0,0,0.0,0.0,0.0,0.0,0.0
Reset,56,2,30,16/04/2026 15:35:59,93.33%,0,0,0,0,0.0,0,0,0,0,0,0,0,0,0,0,0,0,0,0,0,0,2,0,0,0,0,0,0,0,0,0,0,0,0,0.0,0.0,0.0,0.0,0.0
Reset,3,1,20,16/04/2026 15:24:56,95.00%,1500,800,35,90,0.0,0,0,0,0,0,0,0,0,0,0,0,0,0,0,0,0,0,0,0,0,0,1,0,0,0,0,0,0,0,0.0,0.0,0.0,0.0,0.0
Reset,133,5,40,16/04/2026 14:47:33,87.50%,2000,880,45,50,5.0,0,0,0,0,0,0,0,0,0,0,0,0,0,0,0,0,0,0,0,0,0,0,0,0,0,0,0,0,0,0.0,0.0,0.0,0.0,0.0
Reset,132,11,40,16/04/2026 14:46:25,72.50%,1800,2000,45,50,11.0,0,0,0,0,0,0,0,0,0,0,0,0,0,0,0,0,0,0,0,0,0,0,0,0,0,0,0,0,0,0.0,0.0,0.0,0.0,0.0
Reset,134,2,40,16/04/2026 14:40:33,95.00%,2000,1880,45,50,0.0,0,2,0,0,0,0,0,0,0,0,0,0,0,0,0,0,0,0,0,0,0,0,0,0,0,0,0,0,0,0.0,0.0,0.0,0.0,0.0
Reset,10,0,20,16/04/2026 14:38:03,100.00%,1550,100,35,120,0.0,0,0,0,0,0,0,0,0,0,0,0,0,0,0,0,0,0,0,0,0,0,0,0,0,0,0,0,0,0,0.0,0.0,0.0,0.0,0.0
Reset,68,5,16,16/04/2026 14:34:48,68.75%,0,0,0,0,0.0,0,5,0,0,0,0,0,0,0,0,0,0,0,0,0,0,0,0,0,0,0,0,0,0,0,0,0,0,0,0.0,0.0,0.0,0.0,0.0
Reset,131,5,40,16/04/2026 14:34:30,87.50%,2000,880,45,50,0.0,0,3,0,0,0,0,0,0,0,0,0,0,0,2,0,0,0,0,0,0,0,0,0,0,0,0,0,0,0,0.0,0.0,0.0,0.0,0.0
Reset,136,4,40,16/04/2026 14:24:08,90.00%,1950,2000,45,50,0.0,0,1,0,0,0,0,0,0,0,0,0,0,0,3,0,0,0,0,0,0,0,0,0,0,0,0,0,0,0,0.0,0.0,0.0,0.0,0.0
Reset,6,6,20,16/04/2026 14:19:47,70.00%,1750,800,45,90,6.0,0,0,0,0,0,0,0,0,0,0,0,0,0,0,0,0,0,0,0,0,0,0,0,0,0,0,0,0,0,0.0,0.0,0.0,0.0,0.0
Reset,69,4,16,16/04/2026 14:16:25,75.00%,0,0,0,0,0.0,0,4,0,0,0,0,0,0,0,0,0,0,0,0,0,0,0,0,0,0,0,0,0,0,0,0,0,0,0,0.0,0.0,0.0,0.0,0.0
Reset,57,3,30,16/04/2026 14:14:43,90.00%,0,0,0,0,3.0,0,0,0,0,0,0,0,0,0,0,0,0,0,0,0,0,0,0,0,0,0,0,0,0,0,0,0,0,0,0.0,0.0,0.0,0.0,0.0
Reset,2,7,20,16/04/2026 14:06:03,65.00%,1750,100,35,110,7.0,0,0,0,0,0,0,0,0,0,0,0,0,0,0,0,0,0,0,0,0,0,0,0,0,0,0,0,0,0,0.0,0.0,0.0,0.0,0.0
Reset,56,2,30,16/04/2026 14:02:11,93.33%,0,0,0,0,2.0,0,0,0,0,0,0,0,0,0,0,0,0,0,0,0,0,0,0,0,0,0,0,0,0,0,0,0,0,0,0.0,0.0,0.0,0.0,0.0
Reset,68,2,16,16/04/2026 13:57:13,87.50%,0,0,0,0,0.0,0,2,0,0,0,0,0,0,0,0,0,0,0,0,0,0,0,0,0,0,0,0,0,0,0,0,0,0,0,0.0,0.0,0.0,0.0,0.0
0,63,2,0,16/04/2026 13:53:19,0,0,0,0,0,2.0,0,0,0,0,0,0,0,0,0,0,0,0,0,0,0,0,0,0,0,0,0,0,0,0,0,0,0,0,0,0.0,0.0,0.0,0.0,0.0
Reset,132,22,40,16/04/2026 13:52:41,45.00%,1800,2000,45,50,13.0,0,4,0,0,0,0,0,0,0,0,0,0,0,5,0,0,0,0,0,0,0,0,0,0,0,0,0,0,0,0.0,0.0,0.0,0.0,0.0
Reset,8,0,20,16/04/2026 13:44:56,100.00%,0,0,0,0,0.0,0,0,0,0,0,0,0,0,0,0,0,0,0,0,0,0,0,0,0,0,0,0,0,0,0,0,0,0,0,0.0,0.0,0.0,0.0,0.0
Reset,56,0,30,16/04/2026 13:43:25,100.00%,0,0,0,0,0.0,0,0,0,0,0,0,0,0,0,0,0,0,0,0,0,0,0,0,0,0,0,0,0,0,0,0,0,0,0,0.0,0.0,0.0,0.0,0.0
Reset,57,0,30,16/04/2026 13:43:21,100.00%,0,0,0,0,0.0,0,0,0,0,0,0,0,0,0,0,0,0,0,0,0,0,0,0,0,0,0,0,0,0,0,0,0,0,0,0.0,0.0,0.0,0.0,0.0
Reset,56,0,30,16/04/2026 13:42:45,100.00%,0,0,0,0,0.0,0,0,0,0,0,0,0,0,0,0,0,0,0,0,0,0,0,0,0,0,0,0,0,0,0,0,0,0,0,0.0,0.0,0.0,0.0,0.0
Reset,134,9,40,16/04/2026 13:33:35,77.50%,2000,1880,45,50,0.0,2,7,0,0,0,0,0,0,0,0,0,0,0,0,0,0,0,0,0,0,0,0,0,0,0,0,0,0,0,0.0,0.0,0.0,0.0,0.0
Reset,133,3,40,16/04/2026 13:31:17,92.50%,2000,880,45,50,0.0,0,3,0,0,0,0,0,0,0,0,0,0,0,0,0,0,0,0,0,0,0,0,0,0,0,0,0,0,0,0.0,0.0,0.0,0.0,0.0
Reset,56,0,30,16/04/2026 13:29:57,100.00%,0,0,0,0,0.0,0,0,0,0,0,0,0,0,0,0,0,0,0,0,0,0,0,0,0,0,0,0,0,0,0,0,0,0,0,0.0,0.0,0.0,0.0,0.0
Reset,136,8,40,16/04/2026 13:22:31,80.00%,1950,2000,45,50,0.0,0,4,0,0,0,0,0,0,0,0,0,0,0,4,0,0,0,0,0,0,0,0,0,0,0,0,0,0,0,0.0,0.0,0.0,0.0,0.0
Reset,131,5,40,16/04/2026 13:13:50,87.50%,2000,880,45,50,0.0,0,5,0,0,0,0,0,0,0,0,0,0,0,0,0,0,0,0,0,0,0,0,0,0,0,0,0,0,0,0.0,0.0,0.0,0.0,0.0
Reset,134,4,40,16/04/2026 13:12:54,90.00%,2000,1880,45,50,0.0,0,4,0,0,0,0,0,0,0,0,0,0,0,0,0,0,0,0,0,0,0,0,0,0,0,0,0,0,0,0.0,0.0,0.0,0.0,0.0
Reset,5,0,20,16/04/2026 13:10:44,100.00%,0,0,0,0,0.0,0,0,0,0,0,0,0,0,0,0,0,0,0,0,0,0,0,0,0,0,0,0,0,0,0,0,0,0,0,0.0,0.0,0.0,0.0,0.0
Reset,68,5,16,16/04/2026 13:08:15,68.75%,0,0,0,0,0.0,0,4,0,0,0,0,0,0,1,0,0,0,0,0,0,0,0,0,0,0,0,0,0,0,0,0,0,0,0,0.0,0.0,0.0,0.0,0.0
Reset,56,0,30,16/04/2026 13:06:35,100.00%,0,0,0,0,0.0,0,0,0,0,0,0,0,0,0,0,0,0,0,0,0,0,0,0,0,0,0,0,0,0,0,0,0,0,0,0.0,0.0,0.0,0.0,0.0
Reset,68,4,16,16/04/2026 12:53:43,75.00%,0,0,0,0,0.0,0,4,0,0,0,0,0,0,0,0,0,0,0,0,0,0,0,0,0,0,0,0,0,0,0,0,0,0,0,0.0,0.0,0.0,0.0,0.0
0,63,4,0,16/04/2026 12:50:30,0,0,0,0,0,4.0,0,0,0,0,0,0,0,0,0,0,0,0,0,0,0,0,0,0,0,0,0,0,0,0,0,0,0,0,0,0.0,0.0,0.0,0.0,0.0
Reset,56,0,30,16/04/2026 12:46:01,100.00%,0,0,0,0,0.0,0,0,0,0,0,0,0,0,0,0,0,0,0,0,0,0,0,0,0,0,0,0,0,0,0,0,0,0,0,0.0,0.0,0.0,0.0,0.0
Reset,6,7,20,16/04/2026 12:42:01,65.00%,1750,800,45,90,7.0,0,0,0,0,0,0,0,0,0,0,0,0,0,0,0,0,0,0,0,0,0,0,0,0,0,0,0,0,0,0.0,0.0,0.0,0.0,0.0
Reset,135,7,40,16/04/2026 12:40:49,82.50%,2000,880,45,50,3.0,0,0,0,0,0,0,0,0,0,0,0,0,0,4,0,0,0,0,0,0,0,0,0,0,0,0,0,0,0,0.0,0.0,0.0,0.0,0.0
Reset,65,1,16,16/04/2026 12:37:28,93.75%,1420,1500,45,90,0.0,0,1,0,0,0,0,0,0,0,0,0,0,0,0,0,0,0,0,0,0,0,0,0,0,0,0,0,0,0,0.0,0.0,0.0,0.0,0.0
Reset,131,3,40,16/04/2026 12:28:31,92.50%,2000,880,45,50,0.0,0,3,0,0,0,0,0,0,0,0,0,0,0,0,0,0,0,0,0,0,0,0,0,0,0,0,0,0,0,0.0,0.0,0.0,0.0,0.0
Reset,134,2,40,16/04/2026 12:26:15,95.00%,2000,1880,45,50,0.0,0,2,0,0,0,0,0,0,0,0,0,0,0,0,0,0,0,0,0,0,0,0,0,0,0,0,0,0,0,0.0,0.0,0.0,0.0,0.0
Reset,132,14,40,16/04/2026 12:23:37,65.00%,1800,2000,45,50,14.0,0,0,0,0,0,0,0,0,0,0,0,0,0,0,0,0,0,0,0,0,0,0,0,0,0,0,0,0,0,0.0,0.0,0.0,0.0,0.0
Reset,3,0,20,16/04/2026 12:09:55,100.00%,1500,800,35,90,0.0,0,0,0,0,0,0,0,0,0,0,0,0,0,0,0,0,0,0,0,0,0,0,0,0,0,0,0,0,0,0.0,0.0,0.0,0.0,0.0
Reset,68,5,16,16/04/2026 12:08:37,68.75%,0,0,0,0,0.0,0,5,0,0,0,0,0,0,0,0,0,0,0,0,0,0,0,0,0,0,0,0,0,0,0,0,0,0,0,0.0,0.0,0.0,0.0,0.0
Reset,56,0,30,16/04/2026 11:53:48,100.00%,0,0,0,0,0.0,0,0,0,0,0,0,0,0,0,0,0,0,0,0,0,0,0,0,0,0,0,0,0,0,0,0,0,0,0,0.0,0.0,0.0,0.0,0.0
Reset,133,7,40,16/04/2026 11:07:09,82.50%,2000,880,45,50,0.0,0,3,0,0,0,0,0,0,0,0,0,0,0,4,0,0,0,0,0,0,0,0,0,0,0,0,0,0,0,0.0,0.0,0.0,0.0,0.0
Reset,8,4,20,16/04/2026 11:03:13,80.00%,0,0,0,0,4.0,0,0,0,0,0,0,0,0,0,0,0,0,0,0,0,0,0,0,0,0,0,0,0,0,0,0,0,0,0,0.0,0.0,0.0,0.0,0.0
Reset,69,3,16,16/04/2026 10:59:16,81.25%,0,0,0,0,0.0,0,3,0,0,0,0,0,0,0,0,0,0,0,0,0,0,0,0,0,0,0,0,0,0,0,0,0,0,0,0.0,0.0,0.0,0.0,0.0
0,63,8,0,16/04/2026 10:51:34,0,0,0,0,0,5.0,0,3,0,0,0,0,0,0,0,0,0,0,0,0,0,0,0,0,0,0,0,0,0,0,0,0,0,0,0,0.0,0.0,0.0,0.0,0.0
Reset,133,16,40,16/04/2026 10:44:45,60.00%,2000,880,45,50,10.0,0,1,0,0,0,0,0,0,0,0,0,0,0,5,0,0,0,0,0,0,0,0,0,0,0,0,0,0,0,0.0,0.0,0.0,0.0,0.0
Reset,136,8,40,16/04/2026 10:43:34,80.00%,1950,2000,45,50,0.0,0,3,0,0,0,0,0,0,0,0,0,0,0,5,0,0,0,0,0,0,0,0,0,0,0,0,0,0,0,0.0,0.0,0.0,0.0,0.0
Reset,136,20,40,16/04/2026 10:39:19,50.00%,1950,2000,45,50,20.0,0,0,0,0,0,0,0,0,0,0,0,0,0,0,0,0,0,0,0,0,0,0,0,0,0,0,0,0,0,0.0,0.0,0.0,0.0,0.0
Reset,133,9,40,16/04/2026 10:37:55,77.50%,2000,880,45,50,0.0,0,9,0,0,0,0,0,0,0,0,0,0,0,0,0,0,0,0,0,0,0,0,0,0,0,0,0,0,0,0.0,0.0,0.0,0.0,0.0
Reset,132,40,40,16/04/2026 10:34:36,0,1800,2000,45,50,40.0,0,0,0,0,0,0,0,0,0,0,0,0,0,0,0,0,0,0,0,0,0,0,0,0,0,0,0,0,0,0.0,0.0,0.0,0.0,0.0
Reset,134,7,40,16/04/2026 10:31:12,82.50%,2000,1880,45,50,3.0,0,4,0,0,0,0,0,0,0,0,0,0,0,0,0,0,0,0,0,0,0,0,0,0,0,0,0,0,0,0.0,0.0,0.0,0.0,0.0
Reset,135,12,40,16/04/2026 10:29:07,70.00%,2000,880,45,50,8.0,0,4,0,0,0,0,0,0,0,0,0,0,0,0,0,0,0,0,0,0,0,0,0,0,0,0,0,0,0,0.0,0.0,0.0,0.0,0.0
Reset,68,6,16,16/04/2026 10:17:10,62.50%,0,0,0,0,0.0,0,6,0,0,0,0,0,0,0,0,0,0,0,0,0,0,0,0,0,0,0,0,0,0,0,0,0,0,0,0.0,0.0,0.0,0.0,0.0
Reset,65,1,16,16/04/2026 10:15:44,93.75%,1420,1500,45,90,0.0,0,1,0,0,0,0,0,0,0,0,0,0,0,0,0,0,0,0,0,0,0,0,0,0,0,0,0,0,0,0.0,0.0,0.0,0.0,0.0
Reset,5,2,20,16/04/2026 10:13:40,90.00%,0,0,0,0,0.0,0,0,0,0,0,0,0,0,0,0,0,0,0,0,0,0,0,0,0,0,0,2,0,0,0,0,0,0,0,0.0,0.0,0.0,0.0,0.0
Reset,3,0,20,16/04/2026 10:13:26,100.00%,1500,800,35,90,0.0,0,0,0,0,0,0,0,0,0,0,0,0,0,0,0,0,0,0,0,0,0,0,0,0,0,0,0,0,0,0.0,0.0,0.0,0.0,0.0
Reset,6,9,20,16/04/2026 10:07:41,55.00%,1750,800,45,90,9.0,0,0,0,0,0,0,0,0,0,0,0,0,0,0,0,0,0,0,0,0,0,0,0,0,0,0,0,0,0,0.0,0.0,0.0,0.0,0.0
Reset,131,20,40,16/04/2026 10:07:08,50.00%,2000,880,45,50,9.0,0,6,0,0,0,0,0,0,0,0,0,0,0,5,0,0,0,0,0,0,0,0,0,0,0,0,0,0,0,0.0,0.0,0.0,0.0,0.0
Reset,69,3,16,16/04/2026 09:59:47,81.25%,0,0,0,0,0.0,0,3,0,0,0,0,0,0,0,0,0,0,0,0,0,0,0,0,0,0,0,0,0,0,0,0,0,0,0,0.0,0.0,0.0,0.0,0.0
Reset,2,11,20,16/04/2026 09:43:02,45.00%,1750,100,35,110,11.0,0,0,0,0,0,0,0,0,0,0,0,0,0,0,0,0,0,0,0,0,0,0,0,0,0,0,0,0,0,0.0,0.0,0.0,0.0,0.0
0,63,7,0,16/04/2026 09:34:11,0,0,0,0,0,6.0,0,1,0,0,0,0,0,0,0,0,0,0,0,0,0,0,0,0,0,0,0,0,0,0,0,0,0,0,0,0.0,0.0,0.0,0.0,0.0
Reset,132,14,40,16/04/2026 09:04:51,65.00%,1800,2000,45,50,8.0,0,2,0,0,0,0,0,0,0,0,0,0,0,4,0,0,0,0,0,0,0,0,0,0,0,0,0,0,0,0.0,0.0,0.0,0.0,0.0
Reset,65,2,16,16/04/2026 09:00:58,87.50%,1420,1500,45,90,0.0,0,1,0,0,0,0,0,0,0,0,0,0,0,0,0,0,0,0,0,0,0,0,0,1,0,0,0,0,0,0.0,0.0,0.0,0.0,0.0
Reset,134,7,40,16/04/2026 08:57:25,82.50%,2000,1880,45,50,2.0,0,2,0,0,0,0,0,0,0,0,0,0,0,3,0,0,0,0,0,0,0,0,0,0,0,0,0,0,0,0.0,0.0,0.0,0.0,0.0
Reset,133,18,40,16/04/2026 08:57:00,55.00%,2000,880,45,50,13.0,0,5,0,0,0,0,0,0,0,0,0,0,0,0,0,0,0,0,0,0,0,0,0,0,0,0,0,0,0,0.0,0.0,0.0,0.0,0.0
Reset,68,4,16,16/04/2026 08:51:51,75.00%,0,0,0,0,0.0,0,4,0,0,0,0,0,0,0,0,0,0,0,0,0,0,0,0,0,0,0,0,0,0,0,0,0,0,0,0.0,0.0,0.0,0.0,0.0
Reset,3,0,20,16/04/2026 08:50:01,100.00%,1500,800,35,90,0.0,0,0,0,0,0,0,0,0,0,0,0,0,0,0,0,0,0,0,0,0,0,0,0,0,0,0,0,0,0,0.0,0.0,0.0,0.0,0.0
Reset,131,4,40,16/04/2026 08:33:36,90.00%,2000,880,45,50,0.0,0,4,0,0,0,0,0,0,0,0,0,0,0,0,0,0,0,0,0,0,0,0,0,0,0,0,0,0,0,0.0,0.0,0.0,0.0,0.0
Reset,69,5,16,16/04/2026 08:31:09,68.75%,0,0,0,0,0.0,0,5,0,0,0,0,0,0,0,0,0,0,0,0,0,0,0,0,0,0,0,0,0,0,0,0,0,0,0,0.0,0.0,0.0,0.0,0.0
Reset,133,6,40,16/04/2026 08:30:15,85.00%,2000,880,45,50,0.0,0,3,0,0,0,0,0,0,0,0,0,0,0,3,0,0,0,0,0,0,0,0,0,0,0,0,0,0,0,0.0,0.0,0.0,0.0,0.0
Reset,8,2,20,16/04/2026 08:24:19,90.00%,0,0,0,0,2.0,0,0,0,0,0,0,0,0,0,0,0,0,0,0,0,0,0,0,0,0,0,0,0,0,0,0,0,0,0,0.0,0.0,0.0,0.0,0.0
Reset,136,4,40,16/04/2026 08:16:28,90.00%,1950,2000,45,50,0.0,0,4,0,0,0,0,0,0,0,0,0,0,0,0,0,0,0,0,0,0,0,0,0,0,0,0,0,0,0,0.0,0.0,0.0,0.0,0.0
Reset,133,16,40,16/04/2026 08:09:19,60.00%,2000,880,45,50,12.0,0,4,0,0,0,0,0,0,0,0,0,0,0,0,0,0,0,0,0,0,0,0,0,0,0,0,0,0,0,0.0,0.0,0.0,0.0,0.0
Reset,2,9,20,16/04/2026 08:07:28,55.00%,1750,100,35,110,9.0,0,0,0,0,0,0,0,0,0,0,0,0,0,0,0,0,0,0,0,0,0,0,0,0,0,0,0,0,0,0.0,0.0,0.0,0.0,0.0
Reset,68,3,16,16/04/2026 08:03:01,81.25%,0,0,0,0,0.0,0,3,0,0,0,0,0,0,0,0,0,0,0,0,0,0,0,0,0,0,0,0,0,0,0,0,0,0,0,0.0,0.0,0.0,0.0,0.0
Reset,132,15,40,16/04/2026 07:57:42,62.50%,1800,2000,45,50,11.0,0,4,0,0,0,0,0,0,0,0,0,0,0,0,0,0,0,0,0,0,0,0,0,0,0,0,0,0,0,0.0,0.0,0.0,0.0,0.0
Reset,134,7,40,16/04/2026 07:46:56,82.50%,2000,1880,45,50,5.0,0,2,0,0,0,0,0,0,0,0,0,0,0,0,0,0,0,0,0,0,0,0,0,0,0,0,0,0,0,0.0,0.0,0.0,0.0,0.0
Reset,66,4,16,16/04/2026 07:42:08,75.00%,0,0,0,0,2.0,2,0,0,0,0,0,0,0,0,0,0,0,0,0,0,0,0,0,0,0,0,0,0,0,0,0,0,0,0,0.0,0.0,0.0,0.0,0.0
Reset,131,3,40,16/04/2026 07:36:22,92.50%,2000,880,45,50,2.0,0,1,0,0,0,0,0,0,0,0,0,0,0,0,0,0,0,0,0,0,0,0,0,0,0,0,0,0,0,0.0,0.0,0.0,0.0,0.0
Reset,133,3,40,16/04/2026 07:33:02,92.50%,2000,880,45,50,0.0,0,3,0,0,0,0,0,0,0,0,0,0,0,0,0,0,0,0,0,0,0,0,0,0,0,0,0,0,0,0.0,0.0,0.0,0.0,0.0
Reset,69,1,16,16/04/2026 07:24:42,93.75%,0,0,0,0,0.0,0,1,0,0,0,0,0,0,0,0,0,0,0,0,0,0,0,0,0,0,0,0,0,0,0,0,0,0,0,0.0,0.0,0.0,0.0,0.0
Reset,136,3,40,16/04/2026 07:20:38,92.50%,1950,2000,45,50,0.0,0,3,0,0,0,0,0,0,0,0,0,0,0,0,0,0,0,0,0,0,0,0,0,0,0,0,0,0,0,0.0,0.0,0.0,0.0,0.0
Reset,8,2,20,16/04/2026 07:16:48,90.00%,0,0,0,0,2.0,0,0,0,0,0,0,0,0,0,0,0,0,0,0,0,0,0,0,0,0,0,0,0,0,0,0,0,0,0,0.0,0.0,0.0,0.0,0.0
Reset,68,3,16,16/04/2026 07:14:32,81.25%,0,0,0,0,0.0,0,3,0,0,0,0,0,0,0,0,0,0,0,0,0,0,0,0,0,0,0,0,0,0,0,0,0,0,0,0.0,0.0,0.0,0.0,0.0
Reset,135,19,40,16/04/2026 07:11:50,52.50%,2000,880,45,50,12.0,0,7,0,0,0,0,0,0,0,0,0,0,0,0,0,0,0,0,0,0,0,0,0,0,0,0,0,0,0,0.0,0.0,0.0,0.0,0.0
Reset,132,13,40,16/04/2026 07:04:46,67.50%,1800,2000,45,50,11.0,0,2,0,0,0,0,0,0,0,0,0,0,0,0,0,0,0,0,0,0,0,0,0,0,0,0,0,0,0,0.0,0.0,0.0,0.0,0.0
Reset,6,11,20,16/04/2026 07:03:16,45.00%,1750,800,45,90,11.0,0,0,0,0,0,0,0,0,0,0,0,0,0,0,0,0,0,0,0,0,0,0,0,0,0,0,0,0,0,0.0,0.0,0.0,0.0,0.0
Reset,2,10,20,16/04/2026 06:59:05,50.00%,1750,100,35,110,10.0,0,0,0,0,0,0,0,0,0,0,0,0,0,0,0,0,0,0,0,0,0,0,0,0,0,0,0,0,0,0.0,0.0,0.0,0.0,0.0
Reset,74,15,20,16/04/2026 06:56:33,25.00%,800,1220,45,120,13.0,0,0,0,0,1,0,0,0,0,0,0,0,0,1,0,0,0,0,0,0,0,0,0,0,0,0,0,0,0,0.0,0.0,0.0,0.0,0.0
Reset,52,0,15,16/04/2026 06:51:12,100.00%,1600,1600,45,95,0.0,0,0,0,0,0,0,0,0,0,0,0,0,0,0,0,0,0,0,0,0,0,0,0,0,0,0,0,0,0,0.0,0.0,0.0,0.0,0.0
Reset,37,1,15,16/04/2026 06:43:33,93.33%,0,0,0,0,0.0,0,0,0,0,0,0,0,0,0,0,0,0,0,1,0,0,0,0,0,0,0,0,0,0,0,0,0,0,0,0.0,0.0,0.0,0.0,0.0
Reset,131,4,40,16/04/2026 06:36:59,90.00%,2000,880,45,50,1.0,0,2,0,0,0,1,0,0,0,0,0,0,0,0,0,0,0,0,0,0,0,0,0,0,0,0,0,0,0,0.0,0.0,0.0,0.0,0.0
Reset,136,2,40,16/04/2026 06:34:28,95.00%,1950,2000,45,50,0.0,0,2,0,0,0,0,0,0,0,0,0,0,0,0,0,0,0,0,0,0,0,0,0,0,0,0,0,0,0,0.0,0.0,0.0,0.0,0.0
Reset,134,4,40,16/04/2026 06:33:05,90.00%,2000,1880,45,50,1.0,0,3,0,0,0,0,0,0,0,0,0,0,0,0,0,0,0,0,0,0,0,0,0,0,0,0,0,0,0,0.0,0.0,0.0,0.0,0.0
Reset,133,3,40,16/04/2026 06:32:16,92.50%,2000,880,45,50,0.0,0,3,0,0,0,0,0,0,0,0,0,0,0,0,0,0,0,0,0,0,0,0,0,0,0,0,0,0,0,0.0,0.0,0.0,0.0,0.0
Reset,135,14,40,16/04/2026 06:25:38,65.00%,2000,880,45,50,11.0,0,3,0,0,0,0,0,0,0,0,0,0,0,0,0,0,0,0,0,0,0,0,0,0,0,0,0,0,0,0.0,0.0,0.0,0.0,0.0
Reset,8,1,20,15/04/2026 23:14:10,95.00%,0,0,0,0,0.0,0,0,0,0,0,0,0,0,0,0,0,0,0,0,0,0,0,0,0,0,0,1,0,0,0,0,0,0,0,0.0,0.0,0.0,0.0,0.0
Reset,132,6,40,15/04/2026 23:13:58,85.00%,1800,2000,45,50,6.0,0,0,0,0,0,0,0,0,0,0,0,0,0,0,0,0,0,0,0,0,0,0,0,0,0,0,0,0,0,0.0,0.0,0.0,0.0,0.0
Reset,5,0,20,15/04/2026 23:12:16,100.00%,0,0,0,0,0.0,0,0,0,0,0,0,0,0,0,0,0,0,0,0,0,0,0,0,0,0,0,0,0,0,0,0,0,0,0,0.0,0.0,0.0,0.0,0.0
Reset,51,4,15,15/04/2026 23:09:47,73.33%,0,0,0,0,0.0,0,4,0,0,0,0,0,0,0,0,0,0,0,0,0,0,0,0,0,0,0,0,0,0,0,0,0,0,0,0.0,0.0,0.0,0.0,0.0
Reset,3,1,20,15/04/2026 23:06:17,95.00%,1500,800,35,90,0.0,0,0,0,0,0,0,0,0,0,0,0,0,0,0,0,0,1,0,0,0,0,0,0,0,0,0,0,0,0,0.0,0.0,0.0,0.0,0.0
Reset,10,0,20,15/04/2026 23:01:35,100.00%,1550,100,35,120,0.0,0,0,0,0,0,0,0,0,0,0,0,0,0,0,0,0,0,0,0,0,0,0,0,0,0,0,0,0,0,0.0,0.0,0.0,0.0,0.0
Reset,40,3,15,15/04/2026 22:55:49,80.00%,0,0,0,0,0.0,0,1,0,0,0,0,0,0,0,0,0,0,0,2,0,0,0,0,0,0,0,0,0,0,0,0,0,0,0,0.0,0.0,0.0,0.0,0.0
Reset,39,2,15,15/04/2026 22:55:34,86.67%,0,0,0,0,0.0,0,2,0,0,0,0,0,0,0,0,0,0,0,0,0,0,0,0,0,0,0,0,0,0,0,0,0,0,0,0.0,0.0,0.0,0.0,0.0
Reset,74,19,20,15/04/2026 22:48:48,5.00%,800,1220,45,120,19.0,0,0,0,0,0,0,0,0,0,0,0,0,0,0,0,0,0,0,0,0,0,0,0,0,0,0,0,0,0,0.0,0.0,0.0,0.0,0.0
Reset,2,12,20,15/04/2026 22:44:27,40.00%,1750,100,35,110,11.0,0,0,0,0,0,0,0,0,0,0,0,0,0,0,0,0,0,0,0,0,1,0,0,0,0,0,0,0,0,0.0,0.0,0.0,0.0,0.0
Reset,6,9,20,15/04/2026 22:40:57,55.00%,1750,800,45,90,8.0,0,0,0,0,0,0,0,0,0,0,0,0,0,1,0,0,0,0,0,0,0,0,0,0,0,0,0,0,0,0.0,0.0,0.0,0.0,0.0
Reset,131,4,40,15/04/2026 22:40:01,90.00%,2000,880,45,50,1.0,0,3,0,0,0,0,0,0,0,0,0,0,0,0,0,0,0,0,0,0,0,0,0,0,0,0,0,0,0,0.0,0.0,0.0,0.0,0.0
Reset,136,2,40,15/04/2026 22:36:33,95.00%,1950,2000,45,50,0.0,0,2,0,0,0,0,0,0,0,0,0,0,0,0,0,0,0,0,0,0,0,0,0,0,0,0,0,0,0,0.0,0.0,0.0,0.0,0.0
Reset,72,8,20,15/04/2026 22:31:38,60.00%,0,0,0,0,8.0,0,0,0,0,0,0,0,0,0,0,0,0,0,0,0,0,0,0,0,0,0,0,0,0,0,0,0,0,0,0.0,0.0,0.0,0.0,0.0
Reset,52,3,15,15/04/2026 22:30:05,80.00%,1600,1600,45,95,0.0,0,1,0,0,0,0,0,0,0,2,0,0,0,0,0,0,0,0,0,0,0,0,0,0,0,0,0,0,0,0.0,0.0,0.0,0.0,0.0
Reset,37,2,15,15/04/2026 22:28:52,86.67%,0,0,0,0,1.0,0,1,0,0,0,0,0,0,0,0,0,0,0,0,0,0,0,0,0,0,0,0,0,0,0,0,0,0,0,0.0,0.0,0.0,0.0,0.0
Reset,134,4,40,15/04/2026 22:24:36,90.00%,2000,1880,45,50,3.0,0,1,0,0,0,0,0,0,0,0,0,0,0,0,0,0,0,0,0,0,0,0,0,0,0,0,0,0,0,0.0,0.0,0.0,0.0,0.0
Reset,3,0,20,15/04/2026 22:14:16,100.00%,1500,800,35,90,0.0,0,0,0,0,0,0,0,0,0,0,0,0,0,0,0,0,0,0,0,0,0,0,0,0,0,0,0,0,0,0.0,0.0,0.0,0.0,0.0
Reset,5,0,20,15/04/2026 22:12:34,100.00%,0,0,0,0,0.0,0,0,0,0,0,0,0,0,0,0,0,0,0,0,0,0,0,0,0,0,0,0,0,0,0,0,0,0,0,0.0,0.0,0.0,0.0,0.0
0,153,3,0,15/04/2026 22:12:25,0,0,0,0,0,0.0,0,2,0,0,0,0,0,0,1,0,0,0,0,0,0,0,0,0,0,0,0,0,0,0,0,0,0,0,0,0.0,0.0,0.0,0.0,0.0
Reset,10,0,20,15/04/2026 22:10:03,100.00%,1550,100,35,120,0.0,0,0,0,0,0,0,0,0,0,0,0,0,0,0,0,0,0,0,0,0,0,0,0,0,0,0,0,0,0,0.0,0.0,0.0,0.0,0.0
Reset,8,0,20,15/04/2026 22:07:24,100.00%,0,0,0,0,0.0,0,0,0,0,0,0,0,0,0,0,0,0,0,0,0,0,0,0,0,0,0,0,0,0,0,0,0,0,0,0.0,0.0,0.0,0.0,0.0
Reset,51,3,15,15/04/2026 22:01:46,80.00%,0,0,0,0,0.0,0,2,0,0,0,0,0,0,0,0,0,0,1,0,0,0,0,0,0,0,0,0,0,0,0,0,0,0,0,0.0,0.0,0.0,0.0,0.0
Reset,73,0,20,15/04/2026 21:57:53,100.00%,0,0,0,0,0.0,0,0,0,0,0,0,0,0,0,0,0,0,0,0,0,0,0,0,0,0,0,0,0,0,0,0,0,0,0,0.0,0.0,0.0,0.0,0.0
Reset,37,0,15,15/04/2026 21:57:44,100.00%,0,0,0,0,0.0,0,0,0,0,0,0,0,0,0,0,0,0,0,0,0,0,0,0,0,0,0,0,0,0,0,0,0,0,0,0.0,0.0,0.0,0.0,0.0
Reset,51,2,15,15/04/2026 21:53:32,86.67%,0,0,0,0,0.0,0,2,0,0,0,0,0,0,0,0,0,0,0,0,0,0,0,0,0,0,0,0,0,0,0,0,0,0,0,0.0,0.0,0.0,0.0,0.0
Reset,136,4,40,15/04/2026 21:45:13,90.00%,1950,2000,45,50,3.0,0,1,0,0,0,0,0,0,0,0,0,0,0,0,0,0,0,0,0,0,0,0,0,0,0,0,0,0,0,0.0,0.0,0.0,0.0,0.0
Reset,136,0,40,15/04/2026 21:42:39,100.00%,1950,2000,45,50,0.0,0,0,0,0,0,0,0,0,0,0,0,0,0,0,0,0,0,0,0,0,0,0,0,0,0,0,0,0,0,0.0,0.0,0.0,0.0,0.0
Reset,132,22,40,15/04/2026 21:41:25,45.00%,1800,2000,45,50,19.0,0,3,0,0,0,0,0,0,0,0,0,0,0,0,0,0,0,0,0,0,0,0,0,0,0,0,0,0,0,0.0,0.0,0.0,0.0,0.0
Reset,133,4,40,15/04/2026 21:30:57,90.00%,2000,880,45,50,0.0,0,4,0,0,0,0,0,0,0,0,0,0,0,0,0,0,0,0,0,0,0,0,0,0,0,0,0,0,0,0.0,0.0,0.0,0.0,0.0
Reset,52,0,15,15/04/2026 21:28:31,100.00%,1600,1600,45,95,0.0,0,0,0,0,0,0,0,0,0,0,0,0,0,0,0,0,0,0,0,0,0,0,0,0,0,0,0,0,0,0.0,0.0,0.0,0.0,0.0
Reset,37,3,15,15/04/2026 21:22:58,80.00%,0,0,0,0,0.0,0,3,0,0,0,0,0,0,0,0,0,0,0,0,0,0,0,0,0,0,0,0,0,0,0,0,0,0,0,0.0,0.0,0.0,0.0,0.0
Reset,10,0,20,15/04/2026 21:19:48,100.00%,1550,100,35,120,0.0,0,0,0,0,0,0,0,0,0,0,0,0,0,0,0,0,0,0,0,0,0,0,0,0,0,0,0,0,0,0.0,0.0,0.0,0.0,0.0
Reset,39,2,15,15/04/2026 21:18:12,86.67%,0,0,0,0,0.0,0,2,0,0,0,0,0,0,0,0,0,0,0,0,0,0,0,0,0,0,0,0,0,0,0,0,0,0,0,0.0,0.0,0.0,0.0,0.0
Reset,5,0,20,15/04/2026 21:17:33,100.00%,0,0,0,0,0.0,0,0,0,0,0,0,0,0,0,0,0,0,0,0,0,0,0,0,0,0,0,0,0,0,0,0,0,0,0,0.0,0.0,0.0,0.0,0.0
Reset,131,2,40,15/04/2026 21:17:30,95.00%,2000,880,45,50,0.0,0,2,0,0,0,0,0,0,0,0,0,0,0,0,0,0,0,0,0,0,0,0,0,0,0,0,0,0,0,0.0,0.0,0.0,0.0,0.0
Reset,37,3,15,15/04/2026 21:14:58,80.00%,0,0,0,0,0.0,0,3,0,0,0,0,0,0,0,0,0,0,0,0,0,0,0,0,0,0,0,0,0,0,0,0,0,0,0,0.0,0.0,0.0,0.0,0.0
Reset,39,2,15,15/04/2026 21:13:03,86.67%,0,0,0,0,0.0,0,2,0,0,0,0,0,0,0,0,0,0,0,0,0,0,0,0,0,0,0,0,0,0,0,0,0,0,0,0.0,0.0,0.0,0.0,0.0
Reset,134,3,40,15/04/2026 21:11:32,92.50%,2000,1880,45,50,0.0,0,3,0,0,0,0,0,0,0,0,0,0,0,0,0,0,0,0,0,0,0,0,0,0,0,0,0,0,0,0.0,0.0,0.0,0.0,0.0
Reset,8,2,20,15/04/2026 21:08:44,90.00%,0,0,0,0,0.0,0,0,0,0,0,0,0,0,1,0,0,0,0,0,0,0,0,0,0,0,0,1,0,0,0,0,0,0,0,0.0,0.0,0.0,0.0,0.0
Reset,74,12,20,15/04/2026 20:59:00,40.00%,800,1220,45,120,12.0,0,0,0,0,0,0,0,0,0,0,0,0,0,0,0,0,0,0,0,0,0,0,0,0,0,0,0,0,0,0.0,0.0,0.0,0.0,0.0
Reset,40,2,15,15/04/2026 20:58:32,86.67%,0,0,0,0,0.0,0,1,0,0,0,0,0,0,0,0,0,0,0,0,0,0,0,0,0,0,0,1,0,0,0,0,0,0,0,0.0,0.0,0.0,0.0,0.0
Reset,3,1,20,15/04/2026 20:53:38,95.00%,1500,800,35,90,0.0,0,0,0,0,0,0,0,0,0,0,0,0,0,0,0,0,0,0,0,0,0,1,0,0,0,0,0,0,0,0.0,0.0,0.0,0.0,0.0
Reset,40,2,15,15/04/2026 20:50:50,86.67%,0,0,0,0,0.0,0,1,0,0,0,0,0,0,0,0,0,0,1,0,0,0,0,0,0,0,0,0,0,0,0,0,0,0,0,0.0,0.0,0.0,0.0,0.0
Reset,136,3,40,15/04/2026 20:46:28,92.50%,1950,2000,45,50,0.0,0,3,0,0,0,0,0,0,0,0,0,0,0,0,0,0,0,0,0,0,0,0,0,0,0,0,0,0,0,0.0,0.0,0.0,0.0,0.0
Reset,52,1,15,15/04/2026 20:42:30,93.33%,1600,1600,45,95,0.0,0,0,0,0,0,0,0,0,0,1,0,0,0,0,0,0,0,0,0,0,0,0,0,0,0,0,0,0,0,0.0,0.0,0.0,0.0,0.0
Reset,10,2,20,15/04/2026 20:39:21,90.00%,1550,100,35,120,0.0,0,0,0,0,0,0,0,0,0,0,0,0,0,0,0,0,0,0,0,0,0,2,0,0,0,0,0,0,0,0.0,0.0,0.0,0.0,0.0
Reset,5,0,20,15/04/2026 20:31:21,100.00%,0,0,0,0,0.0,0,0,0,0,0,0,0,0,0,0,0,0,0,0,0,0,0,0,0,0,0,0,0,0,0,0,0,0,0,0.0,0.0,0.0,0.0,0.0
Reset,72,9,20,15/04/2026 20:28:48,55.00%,0,0,0,0,9.0,0,0,0,0,0,0,0,0,0,0,0,0,0,0,0,0,0,0,0,0,0,0,0,0,0,0,0,0,0,0.0,0.0,0.0,0.0,0.0
Reset,131,5,40,15/04/2026 20:19:45,87.50%,2000,880,45,50,1.0,0,4,0,0,0,0,0,0,0,0,0,0,0,0,0,0,0,0,0,0,0,0,0,0,0,0,0,0,0,0.0,0.0,0.0,0.0,0.0
Reset,3,2,20,15/04/2026 20:16:59,90.00%,1500,800,35,90,0.0,0,0,0,0,0,0,0,0,0,0,0,0,0,1,0,0,0,0,0,0,0,1,0,0,0,0,0,0,0,0.0,0.0,0.0,0.0,0.0
Reset,39,2,15,15/04/2026 20:16:13,86.67%,0,0,0,0,0.0,0,2,0,0,0,0,0,0,0,0,0,0,0,0,0,0,0,0,0,0,0,0,0,0,0,0,0,0,0,0.0,0.0,0.0,0.0,0.0
Reset,134,2,40,15/04/2026 20:10:15,95.00%,2000,1880,45,50,0.0,0,2,0,0,0,0,0,0,0,0,0,0,0,0,0,0,0,0,0,0,0,0,0,0,0,0,0,0,0,0.0,0.0,0.0,0.0,0.0
Reset,2,5,20,15/04/2026 20:09:00,75.00%,1750,100,35,110,4.0,0,0,0,0,0,0,0,0,0,0,0,0,0,0,0,0,0,0,0,0,1,0,0,0,0,0,0,0,0,0.0,0.0,0.0,0.0,0.0
Reset,10,0,20,15/04/2026 20:06:32,100.00%,1550,100,35,120,0.0,0,0,0,0,0,0,0,0,0,0,0,0,0,0,0,0,0,0,0,0,0,0,0,0,0,0,0,0,0,0.0,0.0,0.0,0.0,0.0
Reset,40,0,15,15/04/2026 20:06:06,100.00%,0,0,0,0,0.0,0,0,0,0,0,0,0,0,0,0,0,0,0,0,0,0,0,0,0,0,0,0,0,0,0,0,0,0,0,0.0,0.0,0.0,0.0,0.0
Reset,5,1,20,15/04/2026 19:59:46,95.00%,0,0,0,0,0.0,0,0,0,0,0,0,0,0,0,0,0,0,0,0,0,0,0,0,0,0,0,1,0,0,0,0,0,0,0,0.0,0.0,0.0,0.0,0.0
Reset,8,2,20,15/04/2026 19:57:21,90.00%,0,0,0,0,0.0,0,0,0,0,0,0,0,0,0,0,0,0,0,0,0,0,1,0,0,0,0,1,0,0,0,0,0,0,0,0.0,0.0,0.0,0.0,0.0
Reset,3,1,20,15/04/2026 19:44:59,95.00%,1500,800,35,90,0.0,0,0,0,0,0,0,0,0,0,0,0,0,0,1,0,0,0,0,0,0,0,0,0,0,0,0,0,0,0,0.0,0.0,0.0,0.0,0.0
Reset,6,10,20,15/04/2026 19:41:30,50.00%,1750,800,45,90,8.0,0,0,0,0,0,0,0,0,0,0,0,0,0,2,0,0,0,0,0,0,0,0,0,0,0,0,0,0,0,0.0,0.0,0.0,0.0,0.0
Reset,51,4,15,15/04/2026 19:40:47,73.33%,0,0,0,0,0.0,0,4,0,0,0,0,0,0,0,0,0,0,0,0,0,0,0,0,0,0,0,0,0,0,0,0,0,0,0,0.0,0.0,0.0,0.0,0.0
Reset,72,6,20,15/04/2026 19:33:23,70.00%,0,0,0,0,6.0,0,0,0,0,0,0,0,0,0,0,0,0,0,0,0,0,0,0,0,0,0,0,0,0,0,0,0,0,0,0.0,0.0,0.0,0.0,0.0
Reset,37,2,15,15/04/2026 19:33:13,86.67%,0,0,0,0,0.0,0,1,0,0,0,0,0,0,0,0,0,0,1,0,0,0,0,0,0,0,0,0,0,0,0,0,0,0,0,0.0,0.0,0.0,0.0,0.0
Reset,52,2,15,15/04/2026 19:32:25,86.67%,1600,1600,45,95,0.0,0,0,0,0,0,0,0,0,0,1,0,0,0,0,0,0,0,0,0,0,0,0,0,1,0,0,0,0,0,0.0,0.0,0.0,0.0,0.0
Reset,10,1,20,15/04/2026 19:06:41,95.00%,1550,100,35,120,0.0,0,0,0,0,0,0,0,0,0,0,0,0,0,0,0,0,0,0,0,0,0,1,0,0,0,0,0,0,0,0.0,0.0,0.0,0.0,0.0
Reset,5,0,20,15/04/2026 19:04:03,100.00%,0,0,0,0,0.0,0,0,0,0,0,0,0,0,0,0,0,0,0,0,0,0,0,0,0,0,0,0,0,0,0,0,0,0,0,0.0,0.0,0.0,0.0,0.0
Reset,2,12,20,15/04/2026 19:00:07,40.00%,1750,100,35,110,11.0,0,0,0,0,0,0,0,0,0,0,0,0,0,0,0,0,0,0,0,0,1,0,0,0,0,0,0,0,0,0.0,0.0,0.0,0.0,0.0
Reset,8,1,20,15/04/2026 18:56:21,95.00%,0,0,0,0,0.0,0,0,0,0,0,0,0,0,0,0,0,0,0,0,0,0,1,0,0,0,0,0,0,0,0,0,0,0,0,0.0,0.0,0.0,0.0,0.0
Reset,40,2,15,15/04/2026 18:01:44,86.67%,0,0,0,0,0.0,0,2,0,0,0,0,0,0,0,0,0,0,0,0,0,0,0,0,0,0,0,0,0,0,0,0,0,0,0,0.0,0.0,0.0,0.0,0.0
Reset,37,10,15,15/04/2026 18:01:23,33.33%,0,0,0,0,10.0,0,0,0,0,0,0,0,0,0,0,0,0,0,0,0,0,0,0,0,0,0,0,0,0,0,0,0,0,0,0.0,0.0,0.0,0.0,0.0
Reset,40,2,15,15/04/2026 17:57:27,86.67%,0,0,0,0,0.0,0,2,0,0,0,0,0,0,0,0,0,0,0,0,0,0,0,0,0,0,0,0,0,0,0,0,0,0,0,0.0,0.0,0.0,0.0,0.0
Reset,39,10,15,15/04/2026 17:49:46,33.33%,0,0,0,0,0.0,2,8,0,0,0,0,0,0,0,0,0,0,0,0,0,0,0,0,0,0,0,0,0,0,0,0,0,0,0,0.0,0.0,0.0,0.0,0.0
Reset,135,8,40,15/04/2026 17:49:22,80.00%,2000,880,45,50,3.0,0,5,0,0,0,0,0,0,0,0,0,0,0,0,0,0,0,0,0,0,0,0,0,0,0,0,0,0,0,0.0,0.0,0.0,0.0,0.0
Reset,3,2,20,15/04/2026 17:46:49,90.00%,1500,800,35,90,0.0,2,0,0,0,0,0,0,0,0,0,0,0,0,0,0,0,0,0,0,0,0,0,0,0,0,0,0,0,0,0.0,0.0,0.0,0.0,0.0
Reset,74,7,20,15/04/2026 17:40:27,65.00%,800,1220,45,120,0.0,1,4,0,0,2,0,0,0,0,0,0,0,0,0,0,0,0,0,0,0,0,0,0,0,0,0,0,0,0,0.0,0.0,0.0,0.0,0.0
Reset,5,0,20,15/04/2026 17:29:32,100.00%,0,0,0,0,0.0,0,0,0,0,0,0,0,0,0,0,0,0,0,0,0,0,0,0,0,0,0,0,0,0,0,0,0,0,0,0.0,0.0,0.0,0.0,0.0
Reset,40,4,15,15/04/2026 17:27:52,73.33%,0,0,0,0,4.0,0,0,0,0,0,0,0,0,0,0,0,0,0,0,0,0,0,0,0,0,0,0,0,0,0,0,0,0,0,0.0,0.0,0.0,0.0,0.0
Reset,73,6,20,15/04/2026 17:25:54,70.00%,0,0,0,0,0.0,6,0,0,0,0,0,0,0,0,0,0,0,0,0,0,0,0,0,0,0,0,0,0,0,0,0,0,0,0,0.0,0.0,0.0,0.0,0.0
Reset,51,6,15,15/04/2026 17:22:09,60.00%,0,0,0,0,0.0,0,6,0,0,0,0,0,0,0,0,0,0,0,0,0,0,0,0,0,0,0,0,0,0,0,0,0,0,0,0.0,0.0,0.0,0.0,0.0
Reset,135,3,40,15/04/2026 17:13:53,92.50%,2000,880,45,50,1.0,0,2,0,0,0,0,0,0,0,0,0,0,0,0,0,0,0,0,0,0,0,0,0,0,0,0,0,0,0,0.0,0.0,0.0,0.0,0.0
Reset,71,8,20,15/04/2026 17:06:10,60.00%,800,1220,0,120,0.0,0,4,0,0,4,0,0,0,0,0,0,0,0,0,0,0,0,0,0,0,0,0,0,0,0,0,0,0,0,0.0,0.0,0.0,0.0,0.0
Reset,2,20,20,15/04/2026 17:03:29,0,1750,100,35,110,20.0,0,0,0,0,0,0,0,0,0,0,0,0,0,0,0,0,0,0,0,0,0,0,0,0,0,0,0,0,0,0.0,0.0,0.0,0.0,0.0
Reset,8,13,20,15/04/2026 17:02:34,35.00%,0,0,0,0,12.0,0,0,0,0,0,0,0,0,0,0,0,0,0,0,0,0,0,0,0,0,0,1,0,0,0,0,0,0,0,0.0,0.0,0.0,0.0,0.0
Reset,132,40,40,15/04/2026 17:00:47,0,1800,2000,45,50,40.0,0,0,0,0,0,0,0,0,0,0,0,0,0,0,0,0,0,0,0,0,0,0,0,0,0,0,0,0,0,0.0,0.0,0.0,0.0,0.0
Reset,10,1,20,15/04/2026 16:59:28,95.00%,1550,100,35,120,0.0,1,0,0,0,0,0,0,0,0,0,0,0,0,0,0,0,0,0,0,0,0,0,0,0,0,0,0,0,0,0.0,0.0,0.0,0.0,0.0
Reset,71,20,20,15/04/2026 16:56:10,0,800,1220,0,120,0.0,20,0,0,0,0,0,0,0,0,0,0,0,0,0,0,0,0,0,0,0,0,0,0,0,0,0,0,0,0,0.0,0.0,0.0,0.0,0.0
Reset,131,40,40,15/04/2026 16:48:40,0,2000,880,45,50,40.0,0,0,0,0,0,0,0,0,0,0,0,0,0,0,0,0,0,0,0,0,0,0,0,0,0,0,0,0,0,0.0,0.0,0.0,0.0,0.0
Reset,134,40,40,15/04/2026 16:44:48,0,2000,1880,45,50,40.0,0,0,0,0,0,0,0,0,0,0,0,0,0,0,0,0,0,0,0,0,0,0,0,0,0,0,0,0,0,0.0,0.0,0.0,0.0,0.0
Reset,136,40,40,15/04/2026 16:43:00,0,1950,2000,45,50,40.0,0,0,0,0,0,0,0,0,0,0,0,0,0,0,0,0,0,0,0,0,0,0,0,0,0,0,0,0,0,0.0,0.0,0.0,0.0,0.0
Reset,3,3,20,15/04/2026 16:37:31,85.00%,1500,800,35,90,0.0,1,1,0,0,0,0,0,0,0,0,0,0,0,0,0,0,0,0,0,0,1,0,0,0,0,0,0,0,0,0.0,0.0,0.0,0.0,0.0
Reset,52,1,15,15/04/2026 16:33:31,93.33%,1600,1600,45,95,0.0,0,1,0,0,0,0,0,0,0,0,0,0,0,0,0,0,0,0,0,0,0,0,0,0,0,0,0,0,0,0.0,0.0,0.0,0.0,0.0
Reset,5,1,20,15/04/2026 16:27:45,95.00%,0,0,0,0,0.0,0,0,0,0,0,0,0,0,0,0,0,0,0,0,0,0,0,0,0,0,1,0,0,0,0,0,0,0,0,0.0,0.0,0.0,0.0,0.0
Reset,37,14,15,15/04/2026 16:22:27,6.67%,0,0,0,0,14.0,0,0,0,0,0,0,0,0,0,0,0,0,0,0,0,0,0,0,0,0,0,0,0,0,0,0,0,0,0,0.0,0.0,0.0,0.0,0.0
Reset,39,6,15,15/04/2026 16:20:12,60.00%,0,0,0,0,0.0,0,6,0,0,0,0,0,0,0,0,0,0,0,0,0,0,0,0,0,0,0,0,0,0,0,0,0,0,0,0.0,0.0,0.0,0.0,0.0
Reset,40,2,15,15/04/2026 16:14:46,86.67%,0,0,0,0,0.0,0,2,0,0,0,0,0,0,0,0,0,0,0,0,0,0,0,0,0,0,0,0,0,0,0,0,0,0,0,0.0,0.0,0.0,0.0,0.0
Reset,6,9,20,15/04/2026 15:56:55,55.00%,1750,800,45,90,8.0,0,0,0,0,0,0,0,0,0,0,0,0,0,0,0,0,0,0,0,0,0,1,0,0,0,0,0,0,0,0.0,0.0,0.0,0.0,0.0
Reset,136,1,40,15/04/2026 14:49:28,97.50%,1950,2000,45,50,0.0,0,1,0,0,0,0,0,0,0,0,0,0,0,0,0,0,0,0,0,0,0,0,0,0,0,0,0,0,0,0.0,0.0,0.0,0.0,0.0
Reset,3,0,20,15/04/2026 14:46:59,100.00%,1500,800,35,90,0.0,0,0,0,0,0,0,0,0,0,0,0,0,0,0,0,0,0,0,0,0,0,0,0,0,0,0,0,0,0,0.0,0.0,0.0,0.0,0.0
Reset,132,14,40,15/04/2026 14:42:01,65.00%,1800,2000,45,50,11.0,0,3,0,0,0,0,0,0,0,0,0,0,0,0,0,0,0,0,0,0,0,0,0,0,0,0,0,0,0,0.0,0.0,0.0,0.0,0.0
Reset,134,4,40,15/04/2026 14:38:01,90.00%,2000,1880,45,50,0.0,0,4,0,0,0,0,0,0,0,0,0,0,0,0,0,0,0,0,0,0,0,0,0,0,0,0,0,0,0,0.0,0.0,0.0,0.0,0.0
Reset,2,6,20,15/04/2026 14:35:11,70.00%,1750,100,35,110,6.0,0,0,0,0,0,0,0,0,0,0,0,0,0,0,0,0,0,0,0,0,0,0,0,0,0,0,0,0,0,0.0,0.0,0.0,0.0,0.0
Reset,131,4,40,15/04/2026 14:30:43,90.00%,2000,880,45,50,2.0,0,2,0,0,0,0,0,0,0,0,0,0,0,0,0,0,0,0,0,0,0,0,0,0,0,0,0,0,0,0.0,0.0,0.0,0.0,0.0
Reset,135,9,40,15/04/2026 14:29:18,77.50%,2000,880,45,50,7.0,0,2,0,0,0,0,0,0,0,0,0,0,0,0,0,0,0,0,0,0,0,0,0,0,0,0,0,0,0,0.0,0.0,0.0,0.0,0.0
Reset,8,0,20,15/04/2026 14:20:43,100.00%,0,0,0,0,0.0,0,0,0,0,0,0,0,0,0,0,0,0,0,0,0,0,0,0,0,0,0,0,0,0,0,0,0,0,0,0.0,0.0,0.0,0.0,0.0
Reset,136,5,40,15/04/2026 14:18:03,87.50%,1950,2000,45,50,0.0,0,5,0,0,0,0,0,0,0,0,0,0,0,0,0,0,0,0,0,0,0,0,0,0,0,0,0,0,0,0.0,0.0,0.0,0.0,0.0
Reset,134,5,40,15/04/2026 14:14:33,87.50%,2000,1880,45,50,3.0,0,2,0,0,0,0,0,0,0,0,0,0,0,0,0,0,0,0,0,0,0,0,0,0,0,0,0,0,0,0.0,0.0,0.0,0.0,0.0
Reset,3,0,20,15/04/2026 14:01:44,100.00%,1500,800,35,90,0.0,0,0,0,0,0,0,0,0,0,0,0,0,0,0,0,0,0,0,0,0,0,0,0,0,0,0,0,0,0,0.0,0.0,0.0,0.0,0.0
Reset,135,20,40,15/04/2026 13:57:53,50.00%,2000,880,45,50,15.0,0,5,0,0,0,0,0,0,0,0,0,0,0,0,0,0,0,0,0,0,0,0,0,0,0,0,0,0,0,0.0,0.0,0.0,0.0,0.0
Reset,132,15,40,15/04/2026 13:54:57,62.50%,1800,2000,45,50,10.0,0,5,0,0,0,0,0,0,0,0,0,0,0,0,0,0,0,0,0,0,0,0,0,0,0,0,0,0,0,0.0,0.0,0.0,0.0,0.0
Reset,136,3,40,15/04/2026 13:50:06,92.50%,1950,2000,45,50,0.0,0,3,0,0,0,0,0,0,0,0,0,0,0,0,0,0,0,0,0,0,0,0,0,0,0,0,0,0,0,0.0,0.0,0.0,0.0,0.0
Reset,131,2,40,15/04/2026 13:48:46,95.00%,2000,880,45,50,0.0,0,2,0,0,0,0,0,0,0,0,0,0,0,0,0,0,0,0,0,0,0,0,0,0,0,0,0,0,0,0.0,0.0,0.0,0.0,0.0
Reset,134,10,40,15/04/2026 13:47:37,75.00%,2000,1880,45,50,7.0,0,3,0,0,0,0,0,0,0,0,0,0,0,0,0,0,0,0,0,0,0,0,0,0,0,0,0,0,0,0.0,0.0,0.0,0.0,0.0
Reset,135,20,40,15/04/2026 13:37:06,50.00%,2000,880,45,50,20.0,0,0,0,0,0,0,0,0,0,0,0,0,0,0,0,0,0,0,0,0,0,0,0,0,0,0,0,0,0,0.0,0.0,0.0,0.0,0.0
Reset,132,21,40,15/04/2026 13:33:30,47.50%,1800,2000,45,50,21.0,0,0,0,0,0,0,0,0,0,0,0,0,0,0,0,0,0,0,0,0,0,0,0,0,0,0,0,0,0,0.0,0.0,0.0,0.0,0.0
Reset,136,3,40,15/04/2026 13:29:32,92.50%,1950,2000,45,50,0.0,0,3,0,0,0,0,0,0,0,0,0,0,0,0,0,0,0,0,0,0,0,0,0,0,0,0,0,0,0,0.0,0.0,0.0,0.0,0.0
Reset,133,2,40,15/04/2026 13:25:41,95.00%,2000,880,45,50,0.0,0,2,0,0,0,0,0,0,0,0,0,0,0,0,0,0,0,0,0,0,0,0,0,0,0,0,0,0,0,0.0,0.0,0.0,0.0,0.0
Reset,131,5,40,15/04/2026 13:20:49,87.50%,2000,880,45,50,0.0,0,5,0,0,0,0,0,0,0,0,0,0,0,0,0,0,0,0,0,0,0,0,0,0,0,0,0,0,0,0.0,0.0,0.0,0.0,0.0
Reset,134,7,40,15/04/2026 13:17:12,82.50%,2000,880,45,50,6.0,0,1,0,0,0,0,0,0,0,0,0,0,0,0,0,0,0,0,0,0,0,0,0,0,0,0,0,0,0,0.0,0.0,0.0,0.0,0.0
Reset,135,9,40,15/04/2026 13:14:02,77.50%,2000,880,45,50,9.0,0,0,0,0,0,0,0,0,0,0,0,0,0,0,0,0,0,0,0,0,0,0,0,0,0,0,0,0,0,0.0,0.0,0.0,0.0,0.0
Reset,132,8,40,15/04/2026 13:10:17,80.00%,1800,2000,45,50,8.0,0,0,0,0,0,0,0,0,0,0,0,0,0,0,0,0,0,0,0,0,0,0,0,0,0,0,0,0,0,0.0,0.0,0.0,0.0,0.0
Reset,133,7,40,15/04/2026 12:48:13,82.50%,2000,880,45,50,0.0,0,7,0,0,0,0,0,0,0,0,0,0,0,0,0,0,0,0,0,0,0,0,0,0,0,0,0,0,0,0.0,0.0,0.0,0.0,0.0
Reset,136,0,40,15/04/2026 12:46:25,100.00%,1950,2000,45,50,0.0,0,0,0,0,0,0,0,0,0,0,0,0,0,0,0,0,0,0,0,0,0,0,0,0,0,0,0,0,0,0.0,0.0,0.0,0.0,0.0
Reset,131,0,40,15/04/2026 12:42:33,100.00%,2000,880,45,50,0.0,0,0,0,0,0,0,0,0,0,0,0,0,0,0,0,0,0,0,0,0,0,0,0,0,0,0,0,0,0,0.0,0.0,0.0,0.0,0.0
Reset,135,10,40,15/04/2026 12:37:39,75.00%,2000,880,45,50,10.0,0,0,0,0,0,0,0,0,0,0,0,0,0,0,0,0,0,0,0,0,0,0,0,0,0,0,0,0,0,0.0,0.0,0.0,0.0,0.0
Reset,39,1,15,15/04/2026 12:34:21,93.33%,0,0,0,0,0.0,0,1,0,0,0,0,0,0,0,0,0,0,0,0,0,0,0,0,0,0,0,0,0,0,0,0,0,0,0,0.0,0.0,0.0,0.0,0.0
Reset,37,3,15,15/04/2026 12:32:03,80.00%,0,0,0,0,1.0,0,1,0,0,0,0,0,0,0,0,0,0,1,0,0,0,0,0,0,0,0,0,0,0,0,0,0,0,0,0.0,0.0,0.0,0.0,0.0
Reset,39,0,15,15/04/2026 12:28:24,100.00%,0,0,0,0,0.0,0,0,0,0,0,0,0,0,0,0,0,0,0,0,0,0,0,0,0,0,0,0,0,0,0,0,0,0,0,0.0,0.0,0.0,0.0,0.0
Reset,40,2,15,15/04/2026 12:25:55,86.67%,0,0,0,0,0.0,0,2,0,0,0,0,0,0,0,0,0,0,0,0,0,0,0,0,0,0,0,0,0,0,0,0,0,0,0,0.0,0.0,0.0,0.0,0.0
Reset,51,3,15,15/04/2026 12:22:59,80.00%,0,0,0,0,0.0,0,0,0,0,0,3,0,0,0,0,0,0,0,0,0,0,0,0,0,0,0,0,0,0,0,0,0,0,0,0.0,0.0,0.0,0.0,0.0
Reset,37,2,15,15/04/2026 12:22:39,86.67%,0,0,0,0,0.0,2,0,0,0,0,0,0,0,0,0,0,0,0,0,0,0,0,0,0,0,0,0,0,0,0,0,0,0,0,0.0,0.0,0.0,0.0,0.0
Reset,40,4,15,15/04/2026 12:22:26,73.33%,0,0,0,0,0.0,0,4,0,0,0,0,0,0,0,0,0,0,0,0,0,0,0,0,0,0,0,0,0,0,0,0,0,0,0,0.0,0.0,0.0,0.0,0.0
Reset,51,6,15,15/04/2026 12:22:10,60.00%,0,0,0,0,0.0,0,0,0,0,0,0,0,0,0,0,0,0,0,0,0,0,0,0,6,0,0,0,0,0,0,0,0,0,0,0.0,0.0,0.0,0.0,0.0
Reset,2,3,20,15/04/2026 11:05:09,85.00%,1750,100,35,110,2.0,0,0,0,0,0,0,0,0,0,0,0,0,0,0,0,0,0,0,0,0,0,1,0,0,0,0,0,0,0,0.0,0.0,0.0,0.0,0.0
Reset,132,4,40,15/04/2026 11:00:40,90.00%,1800,2000,45,50,0.0,0,4,0,0,0,0,0,0,0,0,0,0,0,0,0,0,0,0,0,0,0,0,0,0,0,0,0,0,0,0.0,0.0,0.0,0.0,0.0
Reset,134,2,40,15/04/2026 10:56:36,95.00%,2000,880,45,50,0.0,0,2,0,0,0,0,0,0,0,0,0,0,0,0,0,0,0,0,0,0,0,0,0,0,0,0,0,0,0,0.0,0.0,0.0,0.0,0.0
Reset,133,40,40,15/04/2026 10:53:30,0,2000,880,45,50,40.0,0,0,0,0,0,0,0,0,0,0,0,0,0,0,0,0,0,0,0,0,0,0,0,0,0,0,0,0,0,0.0,0.0,0.0,0.0,0.0
Reset,131,3,40,15/04/2026 10:46:50,92.50%,2000,880,45,50,0.0,0,3,0,0,0,0,0,0,0,0,0,0,0,0,0,0,0,0,0,0,0,0,0,0,0,0,0,0,0,0.0,0.0,0.0,0.0,0.0
Reset,135,5,40,15/04/2026 10:44:10,87.50%,1950,2000,45,50,0.0,0,5,0,0,0,0,0,0,0,0,0,0,0,0,0,0,0,0,0,0,0,0,0,0,0,0,0,0,0,0.0,0.0,0.0,0.0,0.0
Reset,136,22,40,15/04/2026 10:42:53,45.00%,1950,2000,45,50,21.0,0,1,0,0,0,0,0,0,0,0,0,0,0,0,0,0,0,0,0,0,0,0,0,0,0,0,0,0,0,0.0,0.0,0.0,0.0,0.0
Reset,6,3,20,15/04/2026 10:40:57,85.00%,1750,100,45,90,1.0,0,0,0,0,0,0,0,0,0,0,0,0,0,0,0,0,0,0,0,0,0,2,0,0,0,0,0,0,0,0.0,0.0,0.0,0.0,0.0
Reset,132,2,40,15/04/2026 10:33:26,95.00%,1800,2000,45,50,0.0,0,2,0,0,0,0,0,0,0,0,0,0,0,0,0,0,0,0,0,0,0,0,0,0,0,0,0,0,0,0.0,0.0,0.0,0.0,0.0
Reset,133,4,40,15/04/2026 10:23:46,90.00%,2000,880,45,50,0.0,0,4,0,0,0,0,0,0,0,0,0,0,0,0,0,0,0,0,0,0,0,0,0,0,0,0,0,0,0,0.0,0.0,0.0,0.0,0.0
Reset,131,5,40,15/04/2026 10:22:30,87.50%,2000,880,45,50,2.0,0,3,0,0,0,0,0,0,0,0,0,0,0,0,0,0,0,0,0,0,0,0,0,0,0,0,0,0,0,0.0,0.0,0.0,0.0,0.0
Reset,135,3,40,15/04/2026 10:20:15,92.50%,1950,2000,45,50,0.0,0,3,0,0,0,0,0,0,0,0,0,0,0,0,0,0,0,0,0,0,0,0,0,0,0,0,0,0,0,0.0,0.0,0.0,0.0,0.0
Reset,136,35,40,15/04/2026 10:15:27,12.50%,1950,2000,45,50,35.0,0,0,0,0,0,0,0,0,0,0,0,0,0,0,0,0,0,0,0,0,0,0,0,0,0,0,0,0,0,0.0,0.0,0.0,0.0,0.0
Reset,3,0,20,15/04/2026 10:14:20,100.00%,0,0,0,0,0.0,0,0,0,0,0,0,0,0,0,0,0,0,0,0,0,0,0,0,0,0,0,0,0,0,0,0,0,0,0,0.0,0.0,0.0,0.0,0.0
Reset,132,5,40,15/04/2026 10:07:16,87.50%,1800,2000,45,50,0.0,0,5,0,0,0,0,0,0,0,0,0,0,0,0,0,0,0,0,0,0,0,0,0,0,0,0,0,0,0,0.0,0.0,0.0,0.0,0.0
Reset,133,3,40,15/04/2026 10:03:10,92.50%,2000,880,45,50,0.0,0,3,0,0,0,0,0,0,0,0,0,0,0,0,0,0,0,0,0,0,0,0,0,0,0,0,0,0,0,0.0,0.0,0.0,0.0,0.0
Reset,10,1,20,15/04/2026 09:58:29,95.00%,0,0,0,0,0.0,1,0,0,0,0,0,0,0,0,0,0,0,0,0,0,0,0,0,0,0,0,0,0,0,0,0,0,0,0,0.0,0.0,0.0,0.0,0.0
Reset,131,2,40,15/04/2026 09:54:31,95.00%,2000,880,45,50,0.0,0,2,0,0,0,0,0,0,0,0,0,0,0,0,0,0,0,0,0,0,0,0,0,0,0,0,0,0,0,0.0,0.0,0.0,0.0,0.0
Reset,134,4,40,15/04/2026 09:53:13,90.00%,1800,2000,45,50,2.0,0,2,0,0,0,0,0,0,0,0,0,0,0,0,0,0,0,0,0,0,0,0,0,0,0,0,0,0,0,0.0,0.0,0.0,0.0,0.0
Reset,6,1,20,15/04/2026 09:52:38,95.00%,1750,100,45,90,1.0,0,0,0,0,0,0,0,0,0,0,0,0,0,0,0,0,0,0,0,0,0,0,0,0,0,0,0,0,0,0.0,0.0,0.0,0.0,0.0
Reset,131,2,40,15/04/2026 09:52:24,95.00%,2000,880,45,50,0.0,0,2,0,0,0,0,0,0,0,0,0,0,0,0,0,0,0,0,0,0,0,0,0,0,0,0,0,0,0,0.0,0.0,0.0,0.0,0.0
Reset,56,3,30,15/04/2026 09:52:11,90.00%,0,0,0,0,3.0,0,0,0,0,0,0,0,0,0,0,0,0,0,0,0,0,0,0,0,0,0,0,0,0,0,0,0,0,0,0.0,0.0,0.0,0.0,0.0
Reset,10,0,20,15/04/2026 09:51:46,100.00%,0,0,0,0,0.0,0,0,0,0,0,0,0,0,0,0,0,0,0,0,0,0,0,0,0,0,0,0,0,0,0,0,0,0,0,0.0,0.0,0.0,0.0,0.0
Reset,2,0,20,15/04/2026 09:51:42,100.00%,1750,100,35,110,0.0,0,0,0,0,0,0,0,0,0,0,0,0,0,0,0,0,0,0,0,0,0,0,0,0,0,0,0,0,0,0.0,0.0,0.0,0.0,0.0
Reset,135,40,40,15/04/2026 09:50:12,0,2000,880,45,50,40.0,0,0,0,0,0,0,0,0,0,0,0,0,0,0,0,0,0,0,0,0,0,0,0,0,0,0,0,0,0,0.0,0.0,0.0,0.0,0.0
Reset,2,0,20,15/04/2026 09:48:41,100.00%,1750,100,35,110,0.0,0,0,0,0,0,0,0,0,0,0,0,0,0,0,0,0,0,0,0,0,0,0,0,0,0,0,0,0,0,0.0,0.0,0.0,0.0,0.0
Reset,134,12,40,15/04/2026 09:46:33,70.00%,1800,2000,45,50,10.0,0,2,0,0,0,0,0,0,0,0,0,0,0,0,0,0,0,0,0,0,0,0,0,0,0,0,0,0,0,0.0,0.0,0.0,0.0,0.0
Reset,136,1,40,15/04/2026 09:42:45,97.50%,1950,2000,45,50,0.0,0,1,0,0,0,0,0,0,0,0,0,0,0,0,0,0,0,0,0,0,0,0,0,0,0,0,0,0,0,0.0,0.0,0.0,0.0,0.0
Reset,132,2,40,15/04/2026 09:40:13,95.00%,1800,2000,45,50,0.0,0,2,0,0,0,0,0,0,0,0,0,0,0,0,0,0,0,0,0,0,0,0,0,0,0,0,0,0,0,0.0,0.0,0.0,0.0,0.0
Reset,133,5,40,15/04/2026 09:39:42,87.50%,2000,880,45,50,0.0,0,3,0,0,0,0,0,0,0,0,0,0,0,2,0,0,0,0,0,0,0,0,0,0,0,0,0,0,0,0.0,0.0,0.0,0.0,0.0
Reset,132,7,40,15/04/2026 09:39:22,82.50%,1800,2000,45,50,0.0,0,3,0,0,0,0,0,0,0,0,0,0,0,4,0,0,0,0,0,0,0,0,0,0,0,0,0,0,0,0.0,0.0,0.0,0.0,0.0
Reset,133,5,40,15/04/2026 09:38:05,87.50%,2000,880,45,50,0.0,0,5,0,0,0,0,0,0,0,0,0,0,0,0,0,0,0,0,0,0,0,0,0,0,0,0,0,0,0,0.0,0.0,0.0,0.0,0.0
Reset,134,26,40,15/04/2026 09:37:15,35.00%,1800,2000,45,50,26.0,0,0,0,0,0,0,0,0,0,0,0,0,0,0,0,0,0,0,0,0,0,0,0,0,0,0,0,0,0,0.0,0.0,0.0,0.0,0.0
Reset,131,2,40,15/04/2026 09:30:16,95.00%,2000,880,45,50,0.0,0,2,0,0,0,0,0,0,0,0,0,0,0,0,0,0,0,0,0,0,0,0,0,0,0,0,0,0,0,0.0,0.0,0.0,0.0,0.0
Reset,56,2,30,15/04/2026 09:26:49,93.33%,0,0,0,0,1.0,0,0,0,0,0,0,0,0,0,0,0,0,0,0,0,0,0,0,0,0,0,1,0,0,0,0,0,0,0,0.0,0.0,0.0,0.0,0.0
Reset,10,1,20,15/04/2026 09:20:33,95.00%,0,0,0,0,0.0,0,1,0,0,0,0,0,0,0,0,0,0,0,0,0,0,0,0,0,0,0,0,0,0,0,0,0,0,0,0.0,0.0,0.0,0.0,0.0
Reset,132,4,40,15/04/2026 09:16:41,90.00%,1800,2000,45,50,0.0,0,4,0,0,0,0,0,0,0,0,0,0,0,0,0,0,0,0,0,0,0,0,0,0,0,0,0,0,0,0.0,0.0,0.0,0.0,0.0
Reset,136,5,40,15/04/2026 09:15:49,87.50%,200,80,45,50,0.0,0,5,0,0,0,0,0,0,0,0,0,0,0,0,0,0,0,0,0,0,0,0,0,0,0,0,0,0,0,0.0,0.0,0.0,0.0,0.0
Reset,133,6,40,15/04/2026 09:14:00,85.00%,2000,880,45,50,0.0,0,1,0,0,0,0,0,0,0,0,0,0,0,5,0,0,0,0,0,0,0,0,0,0,0,0,0,0,0,0.0,0.0,0.0,0.0,0.0
Reset,3,4,20,15/04/2026 09:09:09,80.00%,0,0,0,0,0.0,4,0,0,0,0,0,0,0,0,0,0,0,0,0,0,0,0,0,0,0,0,0,0,0,0,0,0,0,0,0.0,0.0,0.0,0.0,0.0
Reset,132,5,40,15/04/2026 09:07:08,87.50%,1800,2000,45,50,0.0,0,1,0,0,0,0,0,0,0,0,0,0,0,4,0,0,0,0,0,0,0,0,0,0,0,0,0,0,0,0.0,0.0,0.0,0.0,0.0
Reset,136,5,40,15/04/2026 08:56:03,87.50%,200,80,45,50,0.0,0,3,0,0,0,0,0,0,0,0,0,0,0,2,0,0,0,0,0,0,0,0,0,0,0,0,0,0,0,0.0,0.0,0.0,0.0,0.0
Reset,135,7,40,15/04/2026 08:53:30,82.50%,2000,80,45,50,0.0,0,2,0,0,0,0,0,0,0,0,0,0,0,5,0,0,0,0,0,0,0,0,0,0,0,0,0,0,0,0.0,0.0,0.0,0.0,0.0
Reset,135,7,40,15/04/2026 08:53:09,82.50%,2000,80,45,50,0.0,0,3,0,0,0,0,0,0,0,0,0,0,0,4,0,0,0,0,0,0,0,0,0,0,0,0,0,0,0,0.0,0.0,0.0,0.0,0.0
Reset,133,6,40,15/04/2026 08:52:51,85.00%,2000,880,45,50,0.0,0,1,0,0,0,0,0,0,0,0,0,0,0,5,0,0,0,0,0,0,0,0,0,0,0,0,0,0,0,0.0,0.0,0.0,0.0,0.0
Reset,134,9,40,15/04/2026 08:35:25,77.50%,1800,2000,45,50,0.0,0,4,0,0,0,0,0,0,0,0,0,0,0,5,0,0,0,0,0,0,0,0,0,0,0,0,0,0,0,0.0,0.0,0.0,0.0,0.0
Reset,3,6,20,15/04/2026 08:20:11,70.00%,0,0,0,0,0.0,6,0,0,0,0,0,0,0,0,0,0,0,0,0,0,0,0,0,0,0,0,0,0,0,0,0,0,0,0,0.0,0.0,0.0,0.0,0.0
Reset,8,4,20,15/04/2026 08:12:22,80.00%,0,0,0,0,0.0,3,0,0,0,0,0,0,0,0,0,0,0,0,0,0,1,0,0,0,0,0,0,0,0,0,0,0,0,0,0.0,0.0,0.0,0.0,0.0
Reset,134,30,40,15/04/2026 08:10:26,25.00%,1800,2000,45,50,30.0,0,0,0,0,0,0,0,0,0,0,0,0,0,0,0,0,0,0,0,0,0,0,0,0,0,0,0,0,0,0.0,0.0,0.0,0.0,0.0
Reset,72,2,20,15/04/2026 08:09:17,90.00%,0,0,0,0,0.0,0,2,0,0,0,0,0,0,0,0,0,0,0,0,0,0,0,0,0,0,0,0,0,0,0,0,0,0,0,0.0,0.0,0.0,0.0,0.0
Reset,10,1,20,15/04/2026 08:06:34,95.00%,0,0,0,0,0.0,1,0,0,0,0,0,0,0,0,0,0,0,0,0,0,0,0,0,0,0,0,0,0,0,0,0,0,0,0,0.0,0.0,0.0,0.0,0.0
Reset,5,1,20,15/04/2026 07:53:31,95.00%,0,0,0,0,0.0,0,0,0,0,0,0,0,0,0,0,0,0,0,0,0,0,0,0,0,0,0,1,0,0,0,0,0,0,0,0.0,0.0,0.0,0.0,0.0
Reset,6,1,20,15/04/2026 07:49:49,95.00%,1750,100,45,90,0.0,0,0,0,0,0,0,0,0,0,0,0,0,0,0,0,0,0,0,0,0,1,0,0,0,0,0,0,0,0,0.0,0.0,0.0,0.0,0.0
Reset,57,6,30,15/04/2026 07:45:59,80.00%,0,0,0,0,5.0,0,0,0,0,0,0,0,0,0,0,0,0,0,0,0,0,0,0,0,0,0,1,0,0,0,0,0,0,0,0.0,0.0,0.0,0.0,0.0
Reset,135,4,40,15/04/2026 07:44:44,90.00%,2000,80,45,50,1.0,0,0,0,0,0,0,0,0,0,0,0,0,0,3,0,0,0,0,0,0,0,0,0,0,0,0,0,0,0,0.0,0.0,0.0,0.0,0.0
Reset,136,7,40,15/04/2026 07:37:36,82.50%,200,80,45,50,0.0,0,1,0,0,0,0,0,0,0,0,0,0,0,6,0,0,0,0,0,0,0,0,0,0,0,0,0,0,0,0.0,0.0,0.0,0.0,0.0
Reset,2,1,20,15/04/2026 07:34:26,95.00%,1750,100,35,110,0.0,0,0,0,0,0,0,0,0,0,0,0,0,0,0,0,0,0,0,0,0,0,1,0,0,0,0,0,0,0,0.0,0.0,0.0,0.0,0.0
Reset,132,7,40,15/04/2026 07:32:55,82.50%,1800,2000,45,50,0.0,0,2,0,0,0,0,0,0,0,0,0,0,0,5,0,0,0,0,0,0,0,0,0,0,0,0,0,0,0,0.0,0.0,0.0,0.0,0.0
Reset,136,6,40,15/04/2026 07:26:33,85.00%,200,80,45,50,0.0,0,0,0,0,0,0,0,0,0,0,0,0,0,6,0,0,0,0,0,0,0,0,0,0,0,0,0,0,0,0.0,0.0,0.0,0.0,0.0
Reset,8,3,20,15/04/2026 07:23:36,85.00%,0,0,0,0,0.0,0,0,0,0,0,0,0,0,0,0,0,0,0,0,0,0,0,0,0,0,0,3,0,0,0,0,0,0,0,0.0,0.0,0.0,0.0,0.0
Reset,131,6,40,15/04/2026 07:21:09,85.00%,2000,880,45,50,0.0,0,1,0,0,0,0,0,0,0,0,0,0,0,5,0,0,0,0,0,0,0,0,0,0,0,0,0,0,0,0.0,0.0,0.0,0.0,0.0
Reset,56,9,30,15/04/2026 07:20:57,70.00%,0,0,0,0,9.0,0,0,0,0,0,0,0,0,0,0,0,0,0,0,0,0,0,0,0,0,0,0,0,0,0,0,0,0,0,0.0,0.0,0.0,0.0,0.0
Reset,132,4,40,15/04/2026 07:19:06,90.00%,1800,2000,45,50,0.0,0,1,0,0,0,0,0,0,0,0,0,0,0,3,0,0,0,0,0,0,0,0,0,0,0,0,0,0,0,0.0,0.0,0.0,0.0,0.0
Reset,52,3,15,15/04/2026 07:18:15,80.00%,1600,0,45,95,0.0,0,0,0,0,0,0,0,0,0,0,0,0,0,0,0,0,0,0,0,0,0,0,0,3,0,0,0,0,0,0.0,0.0,0.0,0.0,0.0
Reset,37,9,15,15/04/2026 07:13:36,40.00%,0,0,0,0,0.0,2,7,0,0,0,0,0,0,0,0,0,0,0,0,0,0,0,0,0,0,0,0,0,0,0,0,0,0,0,0.0,0.0,0.0,0.0,0.0
Reset,74,19,20,15/04/2026 07:01:27,5.00%,800,1220,45,120,12.0,0,7,0,0,0,0,0,0,0,0,0,0,0,0,0,0,0,0,0,0,0,0,0,0,0,0,0,0,0,0.0,0.0,0.0,0.0,0.0
Reset,133,7,40,15/04/2026 06:57:54,82.50%,2000,880,45,50,0.0,0,3,0,0,0,0,0,0,0,0,0,0,0,4,0,0,0,0,0,0,0,0,0,0,0,0,0,0,0,0.0,0.0,0.0,0.0,0.0
Reset,134,7,40,15/04/2026 06:52:17,82.50%,1800,2000,45,50,0.0,0,3,0,0,0,0,0,0,0,0,0,0,0,4,0,0,0,0,0,0,0,0,0,0,0,0,0,0,0,0.0,0.0,0.0,0.0,0.0
Reset,131,7,40,15/04/2026 06:47:33,82.50%,2000,880,45,50,0.0,0,2,0,0,0,0,0,0,0,0,0,0,0,5,0,0,0,0,0,0,0,0,0,0,0,0,0,0,0,0.0,0.0,0.0,0.0,0.0
Reset,10,0,20,15/04/2026 06:42:44,100.00%,0,0,0,0,0.0,0,0,0,0,0,0,0,0,0,0,0,0,0,0,0,0,0,0,0,0,0,0,0,0,0,0,0,0,0,0.0,0.0,0.0,0.0,0.0
Reset,135,6,40,15/04/2026 06:41:22,85.00%,2000,80,45,50,0.0,0,2,0,0,0,0,0,0,0,0,0,0,0,4,0,0,0,0,0,0,0,0,0,0,0,0,0,0,0,0.0,0.0,0.0,0.0,0.0
Reset,135,8,40,15/04/2026 06:36:57,80.00%,2000,80,45,50,0.0,0,4,0,0,0,0,0,0,0,0,0,0,0,4,0,0,0,0,0,0,0,0,0,0,0,0,0,0,0,0.0,0.0,0.0,0.0,0.0
Reset,51,6,15,15/04/2026 06:34:48,60.00%,0,0,0,0,0.0,0,5,0,0,0,0,0,0,0,0,0,0,0,0,0,0,0,0,1,0,0,0,0,0,0,0,0,0,0,0.0,0.0,0.0,0.0,0.0
Reset,135,6,40,15/04/2026 06:30:37,85.00%,2000,80,45,50,0.0,0,1,0,0,0,0,0,0,0,0,0,0,0,5,0,0,0,0,0,0,0,0,0,0,0,0,0,0,0,0.0,0.0,0.0,0.0,0.0
Reset,8,0,20,14/04/2026 23:08:44,100.00%,0,0,0,0,0.0,0,0,0,0,0,0,0,0,0,0,0,0,0,0,0,0,0,0,0,0,0,0,0,0,0,0,0,0,0,0.0,0.0,0.0,0.0,0.0
Reset,3,0,20,14/04/2026 23:03:27,100.00%,0,0,0,0,0.0,0,0,0,0,0,0,0,0,0,0,0,0,0,0,0,0,0,0,0,0,0,0,0,0,0,0,0,0,0,0.0,0.0,0.0,0.0,0.0
Reset,134,4,40,14/04/2026 22:49:56,90.00%,1800,2000,45,50,0.0,0,4,0,0,0,0,0,0,0,0,0,0,0,0,0,0,0,0,0,0,0,0,0,0,0,0,0,0,0,0.0,0.0,0.0,0.0,0.0
Reset,132,6,40,14/04/2026 22:48:44,85.00%,1800,2000,45,50,0.0,0,6,0,0,0,0,0,0,0,0,0,0,0,0,0,0,0,0,0,0,0,0,0,0,0,0,0,0,0,0.0,0.0,0.0,0.0,0.0
Reset,131,2,40,14/04/2026 22:39:56,95.00%,2000,880,45,50,0.0,0,2,0,0,0,0,0,0,0,0,0,0,0,0,0,0,0,0,0,0,0,0,0,0,0,0,0,0,0,0.0,0.0,0.0,0.0,0.0
Reset,133,5,40,14/04/2026 22:29:29,87.50%,2000,880,45,50,0.0,0,5,0,0,0,0,0,0,0,0,0,0,0,0,0,0,0,0,0,0,0,0,0,0,0,0,0,0,0,0.0,0.0,0.0,0.0,0.0
Reset,136,3,40,14/04/2026 22:24:58,92.50%,200,80,45,50,0.0,0,3,0,0,0,0,0,0,0,0,0,0,0,0,0,0,0,0,0,0,0,0,0,0,0,0,0,0,0,0.0,0.0,0.0,0.0,0.0
Reset,40,1,15,14/04/2026 22:16:27,93.33%,0,0,0,0,0.0,0,1,0,0,0,0,0,0,0,0,0,0,0,0,0,0,0,0,0,0,0,0,0,0,0,0,0,0,0,0.0,0.0,0.0,0.0,0.0
Reset,72,4,20,14/04/2026 22:15:56,80.00%,0,0,0,0,4.0,0,0,0,0,0,0,0,0,0,0,0,0,0,0,0,0,0,0,0,0,0,0,0,0,0,0,0,0,0,0.0,0.0,0.0,0.0,0.0
Reset,37,2,15,14/04/2026 22:13:02,86.67%,0,0,0,0,0.0,0,2,0,0,0,0,0,0,0,0,0,0,0,0,0,0,0,0,0,0,0,0,0,0,0,0,0,0,0,0.0,0.0,0.0,0.0,0.0
Reset,52,0,15,14/04/2026 22:09:19,100.00%,1600,0,45,95,0.0,0,0,0,0,0,0,0,0,0,0,0,0,0,0,0,0,0,0,0,0,0,0,0,0,0,0,0,0,0,0.0,0.0,0.0,0.0,0.0
Reset,51,3,15,14/04/2026 21:34:26,80.00%,0,0,0,0,0.0,0,0,0,0,0,0,0,0,0,1,0,0,0,0,0,0,0,0,0,0,0,0,0,2,0,0,0,0,0,0.0,0.0,0.0,0.0,0.0
Reset,74,21,20,14/04/2026 21:31:24,-5.00%,800,1220,45,120,10.0,0,2,0,0,9,0,0,0,0,0,0,0,0,0,0,0,0,0,0,0,0,0,0,0,0,0,0,0,0,0.0,0.0,0.0,0.0,0.0
Reset,10,0,20,14/04/2026 21:29:20,100.00%,0,0,0,0,0.0,0,0,0,0,0,0,0,0,0,0,0,0,0,0,0,0,0,0,0,0,0,0,0,0,0,0,0,0,0,0.0,0.0,0.0,0.0,0.0
Reset,71,3,20,14/04/2026 21:27:02,85.00%,0,0,0,0,0.0,0,1,0,0,0,0,0,0,0,0,0,0,0,2,0,0,0,0,0,0,0,0,0,0,0,0,0,0,0,0.0,0.0,0.0,0.0,0.0
Reset,52,1,15,14/04/2026 21:22:04,93.33%,1600,0,45,95,0.0,0,0,0,0,0,0,0,0,0,0,0,0,0,0,0,0,0,0,0,0,0,0,0,1,0,0,0,0,0,0.0,0.0,0.0,0.0,0.0
Reset,40,2,15,14/04/2026 21:09:48,86.67%,0,0,0,0,0.0,0,2,0,0,0,0,0,0,0,0,0,0,0,0,0,0,0,0,0,0,0,0,0,0,0,0,0,0,0,0.0,0.0,0.0,0.0,0.0
Reset,52,2,15,14/04/2026 21:06:27,86.67%,1600,0,45,95,0.0,0,1,0,0,0,0,0,0,0,1,0,0,0,0,0,0,0,0,0,0,0,0,0,0,0,0,0,0,0,0.0,0.0,0.0,0.0,0.0
Reset,5,20,20,14/04/2026 21:00:21,0,0,0,0,0,20.0,0,0,0,0,0,0,0,0,0,0,0,0,0,0,0,0,0,0,0,0,0,0,0,0,0,0,0,0,0,0.0,0.0,0.0,0.0,0.0
Reset,3,20,20,14/04/2026 21:00:12,0,0,0,0,0,20.0,0,0,0,0,0,0,0,0,0,0,0,0,0,0,0,0,0,0,0,0,0,0,0,0,0,0,0,0,0,0.0,0.0,0.0,0.0,0.0
Reset,51,5,15,14/04/2026 20:58:30,66.67%,0,0,0,0,0.0,0,5,0,0,0,0,0,0,0,0,0,0,0,0,0,0,0,0,0,0,0,0,0,0,0,0,0,0,0,0.0,0.0,0.0,0.0,0.0
Reset,40,0,15,14/04/2026 20:50:52,100.00%,0,0,0,0,0.0,0,0,0,0,0,0,0,0,0,0,0,0,0,0,0,0,0,0,0,0,0,0,0,0,0,0,0,0,0,0.0,0.0,0.0,0.0,0.0
Reset,52,15,15,14/04/2026 20:49:56,0,1600,0,45,95,15.0,0,0,0,0,0,0,0,0,0,0,0,0,0,0,0,0,0,0,0,0,0,0,0,0,0,0,0,0,0,0.0,0.0,0.0,0.0,0.0
Reset,51,15,15,14/04/2026 20:49:33,0,0,0,0,0,15.0,0,0,0,0,0,0,0,0,0,0,0,0,0,0,0,0,0,0,0,0,0,0,0,0,0,0,0,0,0,0.0,0.0,0.0,0.0,0.0
Reset,72,5,20,14/04/2026 20:44:49,75.00%,0,0,0,0,5.0,0,0,0,0,0,0,0,0,0,0,0,0,0,0,0,0,0,0,0,0,0,0,0,0,0,0,0,0,0,0.0,0.0,0.0,0.0,0.0
Reset,10,1,20,14/04/2026 20:37:09,95.00%,0,0,0,0,0.0,0,0,0,0,0,0,0,0,0,0,0,0,0,0,0,0,0,0,0,0,0,1,0,0,0,0,0,0,0,0.0,0.0,0.0,0.0,0.0
Reset,71,4,20,14/04/2026 20:35:10,80.00%,0,0,0,0,0.0,0,3,0,0,0,0,0,0,0,0,0,0,0,1,0,0,0,0,0,0,0,0,0,0,0,0,0,0,0,0.0,0.0,0.0,0.0,0.0
Reset,6,5,20,14/04/2026 20:19:41,75.00%,1750,100,45,90,5.0,0,0,0,0,0,0,0,0,0,0,0,0,0,0,0,0,0,0,0,0,0,0,0,0,0,0,0,0,0,0.0,0.0,0.0,0.0,0.0
Reset,136,11,40,14/04/2026 20:14:52,72.50%,200,80,45,50,0.0,0,11,0,0,0,0,0,0,0,0,0,0,0,0,0,0,0,0,0,0,0,0,0,0,0,0,0,0,0,0.0,0.0,0.0,0.0,0.0
Reset,134,0,40,14/04/2026 20:12:19,100.00%,1800,2000,45,50,0.0,0,0,0,0,0,0,0,0,0,0,0,0,0,0,0,0,0,0,0,0,0,0,0,0,0,0,0,0,0,0.0,0.0,0.0,0.0,0.0
Reset,2,10,20,14/04/2026 20:12:15,50.00%,1750,100,35,110,10.0,0,0,0,0,0,0,0,0,0,0,0,0,0,0,0,0,0,0,0,0,0,0,0,0,0,0,0,0,0,0.0,0.0,0.0,0.0,0.0
Reset,8,1,20,14/04/2026 20:11:50,95.00%,0,0,0,0,0.0,0,0,0,0,0,0,0,0,0,0,0,0,0,0,0,0,0,0,0,0,0,1,0,0,0,0,0,0,0,0.0,0.0,0.0,0.0,0.0
Reset,3,0,20,14/04/2026 20:08:42,100.00%,0,0,0,0,0.0,0,0,0,0,0,0,0,0,0,0,0,0,0,0,0,0,0,0,0,0,0,0,0,0,0,0,0,0,0,0.0,0.0,0.0,0.0,0.0
Reset,132,5,40,14/04/2026 20:07:31,87.50%,1800,2000,45,50,0.0,0,5,0,0,0,0,0,0,0,0,0,0,0,0,0,0,0,0,0,0,0,0,0,0,0,0,0,0,0,0.0,0.0,0.0,0.0,0.0
Reset,131,2,40,14/04/2026 20:05:06,95.00%,2000,880,45,50,0.0,0,2,0,0,0,0,0,0,0,0,0,0,0,0,0,0,0,0,0,0,0,0,0,0,0,0,0,0,0,0.0,0.0,0.0,0.0,0.0
Reset,73,4,20,14/04/2026 20:03:45,80.00%,0,0,0,0,0.0,0,2,0,0,0,0,0,0,0,0,0,0,0,2,0,0,0,0,0,0,0,0,0,0,0,0,0,0,0,0.0,0.0,0.0,0.0,0.0
Reset,134,1,40,14/04/2026 20:00:43,97.50%,1800,2000,45,50,0.0,0,1,0,0,0,0,0,0,0,0,0,0,0,0,0,0,0,0,0,0,0,0,0,0,0,0,0,0,0,0.0,0.0,0.0,0.0,0.0
Reset,2,2,20,14/04/2026 19:57:28,90.00%,1750,100,35,110,0.0,0,0,0,0,0,0,0,0,0,0,0,0,0,0,0,0,0,0,0,0,0,2,0,0,0,0,0,0,0,0.0,0.0,0.0,0.0,0.0
Reset,131,0,40,14/04/2026 19:57:08,100.00%,2000,880,45,50,0.0,0,0,0,0,0,0,0,0,0,0,0,0,0,0,0,0,0,0,0,0,0,0,0,0,0,0,0,0,0,0.0,0.0,0.0,0.0,0.0
Reset,134,2,40,14/04/2026 19:54:01,95.00%,1800,2000,45,50,0.0,0,2,0,0,0,0,0,0,0,0,0,0,0,0,0,0,0,0,0,0,0,0,0,0,0,0,0,0,0,0.0,0.0,0.0,0.0,0.0
Reset,8,0,20,14/04/2026 19:52:08,100.00%,0,0,0,0,0.0,0,0,0,0,0,0,0,0,0,0,0,0,0,0,0,0,0,0,0,0,0,0,0,0,0,0,0,0,0,0.0,0.0,0.0,0.0,0.0
Reset,133,4,40,14/04/2026 19:48:57,90.00%,2000,880,45,50,0.0,0,4,0,0,0,0,0,0,0,0,0,0,0,0,0,0,0,0,0,0,0,0,0,0,0,0,0,0,0,0.0,0.0,0.0,0.0,0.0
Reset,136,3,40,14/04/2026 19:43:27,92.50%,200,80,45,50,0.0,0,3,0,0,0,0,0,0,0,0,0,0,0,0,0,0,0,0,0,0,0,0,0,0,0,0,0,0,0,0.0,0.0,0.0,0.0,0.0
Reset,135,3,40,14/04/2026 19:34:38,92.50%,2000,80,45,50,0.0,0,3,0,0,0,0,0,0,0,0,0,0,0,0,0,0,0,0,0,0,0,0,0,0,0,0,0,0,0,0.0,0.0,0.0,0.0,0.0
Reset,5,2,20,14/04/2026 19:33:14,90.00%,0,0,0,0,0.0,0,0,0,0,0,0,0,0,0,0,0,0,0,0,0,0,0,0,0,0,0,2,0,0,0,0,0,0,0,0.0,0.0,0.0,0.0,0.0
Reset,131,7,40,14/04/2026 19:28:00,82.50%,2000,880,45,50,0.0,0,7,0,0,0,0,0,0,0,0,0,0,0,0,0,0,0,0,0,0,0,0,0,0,0,0,0,0,0,0.0,0.0,0.0,0.0,0.0
Reset,3,0,20,14/04/2026 19:24:57,100.00%,0,0,0,0,0.0,0,0,0,0,0,0,0,0,0,0,0,0,0,0,0,0,0,0,0,0,0,0,0,0,0,0,0,0,0,0.0,0.0,0.0,0.0,0.0
Reset,133,5,40,14/04/2026 19:14:43,87.50%,2000,880,45,50,0.0,0,4,0,0,0,0,0,0,0,1,0,0,0,0,0,0,0,0,0,0,0,0,0,0,0,0,0,0,0,0.0,0.0,0.0,0.0,0.0
Reset,2,0,20,14/04/2026 19:00:51,100.00%,1750,100,35,110,0.0,0,0,0,0,0,0,0,0,0,0,0,0,0,0,0,0,0,0,0,0,0,0,0,0,0,0,0,0,0,0.0,0.0,0.0,0.0,0.0
Reset,136,4,40,14/04/2026 18:21:56,90.00%,200,80,45,50,0.0,0,4,0,0,0,0,0,0,0,0,0,0,0,0,0,0,0,0,0,0,0,0,0,0,0,0,0,0,0,0.0,0.0,0.0,0.0,0.0
Reset,133,1,40,14/04/2026 18:21:13,97.50%,2000,880,45,50,0.0,0,1,0,0,0,0,0,0,0,0,0,0,0,0,0,0,0,0,0,0,0,0,0,0,0,0,0,0,0,0.0,0.0,0.0,0.0,0.0
Reset,74,11,20,14/04/2026 18:20:40,45.00%,800,1220,45,120,3.0,0,4,0,0,0,0,0,0,0,0,0,0,0,4,0,0,0,0,0,0,0,0,0,0,0,0,0,0,0,0.0,0.0,0.0,0.0,0.0
Reset,40,1,15,14/04/2026 18:17:46,93.33%,0,0,0,0,0.0,0,1,0,0,0,0,0,0,0,0,0,0,0,0,0,0,0,0,0,0,0,0,0,0,0,0,0,0,0,0.0,0.0,0.0,0.0,0.0
Reset,39,0,15,14/04/2026 18:15:42,100.00%,0,0,0,0,0.0,0,0,0,0,0,0,0,0,0,0,0,0,0,0,0,0,0,0,0,0,0,0,0,0,0,0,0,0,0,0.0,0.0,0.0,0.0,0.0
Reset,37,1,15,14/04/2026 18:13:58,93.33%,0,0,0,0,1.0,0,0,0,0,0,0,0,0,0,0,0,0,0,0,0,0,0,0,0,0,0,0,0,0,0,0,0,0,0,0.0,0.0,0.0,0.0,0.0
Reset,52,0,15,14/04/2026 18:09:32,100.00%,1600,0,45,95,0.0,0,0,0,0,0,0,0,0,0,0,0,0,0,0,0,0,0,0,0,0,0,0,0,0,0,0,0,0,0,0.0,0.0,0.0,0.0,0.0
Reset,71,10,20,14/04/2026 18:06:46,50.00%,0,0,0,0,0.0,0,3,0,0,6,0,0,0,0,0,0,0,0,1,0,0,0,0,0,0,0,0,0,0,0,0,0,0,0,0.0,0.0,0.0,0.0,0.0
Reset,37,3,15,14/04/2026 18:01:52,80.00%,0,0,0,0,2.0,0,0,0,0,0,0,0,0,0,0,0,0,0,0,0,0,0,0,0,0,0,1,0,0,0,0,0,0,0,0.0,0.0,0.0,0.0,0.0
Reset,6,20,20,14/04/2026 18:00:17,0,1500,100,35,90,20.0,0,0,0,0,0,0,0,0,0,0,0,0,0,0,0,0,0,0,0,0,0,0,0,0,0,0,0,0,0,0.0,0.0,0.0,0.0,0.0
Reset,40,1,15,14/04/2026 17:58:27,93.33%,0,0,0,0,0.0,0,1,0,0,0,0,0,0,0,0,0,0,0,0,0,0,0,0,0,0,0,0,0,0,0,0,0,0,0,0.0,0.0,0.0,0.0,0.0
Reset,51,4,15,14/04/2026 17:53:43,73.33%,0,0,0,0,0.0,0,4,0,0,0,0,0,0,0,0,0,0,0,0,0,0,0,0,0,0,0,0,0,0,0,0,0,0,0,0.0,0.0,0.0,0.0,0.0
Reset,10,5,20,14/04/2026 17:37:43,75.00%,0,0,0,0,4.0,0,0,0,0,0,0,0,0,0,0,0,0,0,0,0,0,0,0,0,0,0,1,0,0,0,0,0,0,0,0.0,0.0,0.0,0.0,0.0
Reset,3,3,20,14/04/2026 17:30:54,85.00%,0,0,0,0,0.0,0,0,0,0,0,0,0,0,0,0,0,0,0,0,0,0,0,0,0,0,0,3,0,0,0,0,0,0,0,0.0,0.0,0.0,0.0,0.0
Reset,8,0,20,14/04/2026 17:25:36,100.00%,0,0,0,0,0.0,0,0,0,0,0,0,0,0,0,0,0,0,0,0,0,0,0,0,0,0,0,0,0,0,0,0,0,0,0,0.0,0.0,0.0,0.0,0.0
Reset,132,12,40,14/04/2026 17:25:18,70.00%,1800,2000,45,50,12.0,0,0,0,0,0,0,0,0,0,0,0,0,0,0,0,0,0,0,0,0,0,0,0,0,0,0,0,0,0,0.0,0.0,0.0,0.0,0.0
Reset,2,14,20,14/04/2026 17:20:34,30.00%,1750,100,35,110,14.0,0,0,0,0,0,0,0,0,0,0,0,0,0,0,0,0,0,0,0,0,0,0,0,0,0,0,0,0,0,0.0,0.0,0.0,0.0,0.0
Reset,6,20,20,14/04/2026 17:14:38,0,1500,100,35,90,20.0,0,0,0,0,0,0,0,0,0,0,0,0,0,0,0,0,0,0,0,0,0,0,0,0,0,0,0,0,0,0.0,0.0,0.0,0.0,0.0
Reset,73,6,20,14/04/2026 17:09:19,70.00%,0,0,0,0,0.0,0,0,0,0,2,0,0,0,2,0,0,0,0,1,0,0,0,0,0,0,0,1,0,0,0,0,0,0,0,0.0,0.0,0.0,0.0,0.0
Reset,133,6,40,14/04/2026 17:07:38,85.00%,2000,880,45,50,0.0,0,6,0,0,0,0,0,0,0,0,0,0,0,0,0,0,0,0,0,0,0,0,0,0,0,0,0,0,0,0.0,0.0,0.0,0.0,0.0
Reset,132,11,40,14/04/2026 17:03:42,72.50%,1800,2000,45,50,11.0,0,0,0,0,0,0,0,0,0,0,0,0,0,0,0,0,0,0,0,0,0,0,0,0,0,0,0,0,0,0.0,0.0,0.0,0.0,0.0
Reset,74,13,20,14/04/2026 17:01:55,35.00%,800,1220,45,120,8.0,0,3,0,0,0,0,0,0,0,0,0,0,0,2,0,0,0,0,0,0,0,0,0,0,0,0,0,0,0,0.0,0.0,0.0,0.0,0.0
Reset,72,6,20,14/04/2026 16:57:43,70.00%,0,0,0,0,6.0,0,0,0,0,0,0,0,0,0,0,0,0,0,0,0,0,0,0,0,0,0,0,0,0,0,0,0,0,0,0.0,0.0,0.0,0.0,0.0
Reset,71,6,20,14/04/2026 16:51:15,70.00%,0,0,0,0,0.0,0,4,0,0,0,0,0,0,0,0,0,0,0,2,0,0,0,0,0,0,0,0,0,0,0,0,0,0,0,0.0,0.0,0.0,0.0,0.0
Reset,5,2,20,14/04/2026 16:42:40,90.00%,0,0,0,0,0.0,0,0,0,0,0,0,0,0,0,0,0,0,0,0,0,0,0,0,0,0,0,2,0,0,0,0,0,0,0,0.0,0.0,0.0,0.0,0.0
Reset,2,20,20,14/04/2026 16:39:26,0,1750,100,35,110,20.0,0,0,0,0,0,0,0,0,0,0,0,0,0,0,0,0,0,0,0,0,0,0,0,0,0,0,0,0,0,0.0,0.0,0.0,0.0,0.0
Reset,10,1,20,14/04/2026 16:39:19,95.00%,0,0,0,0,0.0,0,0,0,0,0,0,0,0,0,0,0,0,0,0,0,0,0,0,0,0,0,1,0,0,0,0,0,0,0,0.0,0.0,0.0,0.0,0.0
Reset,131,4,40,14/04/2026 16:37:47,90.00%,2000,880,45,50,0.0,0,4,0,0,0,0,0,0,0,0,0,0,0,0,0,0,0,0,0,0,0,0,0,0,0,0,0,0,0,0.0,0.0,0.0,0.0,0.0
Reset,132,40,40,14/04/2026 16:36:39,0,1800,2000,45,50,40.0,0,0,0,0,0,0,0,0,0,0,0,0,0,0,0,0,0,0,0,0,0,0,0,0,0,0,0,0,0,0.0,0.0,0.0,0.0,0.0
Reset,3,1,20,14/04/2026 16:36:33,95.00%,0,0,0,0,0.0,0,0,0,0,0,0,0,0,0,0,0,0,0,0,0,0,0,0,0,0,0,1,0,0,0,0,0,0,0,0.0,0.0,0.0,0.0,0.0
Reset,8,2,20,14/04/2026 16:35:25,90.00%,0,0,0,0,0.0,0,0,0,0,0,0,0,0,0,0,0,0,0,0,0,0,0,0,0,0,0,2,0,0,0,0,0,0,0,0.0,0.0,0.0,0.0,0.0
Reset,133,4,40,14/04/2026 16:32:17,90.00%,2000,880,45,50,0.0,0,4,0,0,0,0,0,0,0,0,0,0,0,0,0,0,0,0,0,0,0,0,0,0,0,0,0,0,0,0.0,0.0,0.0,0.0,0.0
Reset,132,9,40,14/04/2026 16:32:10,77.50%,1800,2000,45,50,9.0,0,0,0,0,0,0,0,0,0,0,0,0,0,0,0,0,0,0,0,0,0,0,0,0,0,0,0,0,0,0.0,0.0,0.0,0.0,0.0
Reset,134,2,40,14/04/2026 15:31:55,95.00%,2000,880,45,50,0.0,0,2,0,0,0,0,0,0,0,0,0,0,0,0,0,0,0,0,0,0,0,0,0,0,0,0,0,0,0,0.0,0.0,0.0,0.0,0.0
Reset,135,6,40,14/04/2026 15:26:38,85.00%,2000,80,45,50,0.0,0,6,0,0,0,0,0,0,0,0,0,0,0,0,0,0,0,0,0,0,0,0,0,0,0,0,0,0,0,0.0,0.0,0.0,0.0,0.0
Reset,136,7,40,14/04/2026 15:17:40,82.50%,200,80,45,50,0.0,0,7,0,0,0,0,0,0,0,0,0,0,0,0,0,0,0,0,0,0,0,0,0,0,0,0,0,0,0,0.0,0.0,0.0,0.0,0.0
Reset,37,3,15,14/04/2026 14:46:10,80.00%,0,0,0,0,1.0,0,2,0,0,0,0,0,0,0,0,0,0,0,0,0,0,0,0,0,0,0,0,0,0,0,0,0,0,0,0.0,0.0,0.0,0.0,0.0
Reset,40,1,15,14/04/2026 14:43:10,93.33%,0,0,0,0,0.0,0,1,0,0,0,0,0,0,0,0,0,0,0,0,0,0,0,0,0,0,0,0,0,0,0,0,0,0,0,0.0,0.0,0.0,0.0,0.0
Reset,52,3,15,14/04/2026 14:33:27,80.00%,0,0,0,0,0.0,0,1,0,0,0,0,0,0,0,0,0,0,0,0,0,0,0,0,0,0,0,0,0,2,0,0,0,0,0,0.0,0.0,0.0,0.0,0.0
Reset,132,27,40,14/04/2026 14:20:38,32.50%,2000,880,45,50,16.0,0,7,0,0,0,0,0,0,0,0,0,0,0,4,0,0,0,0,0,0,0,0,0,0,0,0,0,0,0,0.0,0.0,0.0,0.0,0.0
Reset,131,6,40,14/04/2026 14:12:53,85.00%,2000,880,45,50,0.0,0,3,0,0,0,0,0,0,0,0,0,0,0,3,0,0,0,0,0,0,0,0,0,0,0,0,0,0,0,0.0,0.0,0.0,0.0,0.0
Reset,39,1,15,14/04/2026 14:11:29,93.33%,0,0,0,0,0.0,0,1,0,0,0,0,0,0,0,0,0,0,0,0,0,0,0,0,0,0,0,0,0,0,0,0,0,0,0,0.0,0.0,0.0,0.0,0.0
Reset,37,0,15,14/04/2026 14:08:29,100.00%,0,0,0,0,0.0,0,0,0,0,0,0,0,0,0,0,0,0,0,0,0,0,0,0,0,0,0,0,0,0,0,0,0,0,0,0.0,0.0,0.0,0.0,0.0
Reset,134,4,40,14/04/2026 14:04:46,90.00%,2000,880,45,50,0.0,0,4,0,0,0,0,0,0,0,0,0,0,0,0,0,0,0,0,0,0,0,0,0,0,0,0,0,0,0,0.0,0.0,0.0,0.0,0.0
Reset,51,8,15,14/04/2026 14:00:23,46.67%,0,0,0,0,0.0,0,8,0,0,0,0,0,0,0,0,0,0,0,0,0,0,0,0,0,0,0,0,0,0,0,0,0,0,0,0.0,0.0,0.0,0.0,0.0
Reset,135,5,40,14/04/2026 14:00:09,87.50%,2000,80,45,50,0.0,0,5,0,0,0,0,0,0,0,0,0,0,0,0,0,0,0,0,0,0,0,0,0,0,0,0,0,0,0,0.0,0.0,0.0,0.0,0.0
Reset,40,2,15,14/04/2026 13:55:22,86.67%,0,0,0,0,0.0,0,2,0,0,0,0,0,0,0,0,0,0,0,0,0,0,0,0,0,0,0,0,0,0,0,0,0,0,0,0.0,0.0,0.0,0.0,0.0
Reset,135,6,40,14/04/2026 13:53:38,85.00%,2000,80,45,50,0.0,0,4,0,0,0,0,0,0,0,0,0,0,0,2,0,0,0,0,0,0,0,0,0,0,0,0,0,0,0,0.0,0.0,0.0,0.0,0.0
Reset,131,6,40,14/04/2026 13:34:25,85.00%,2000,880,45,50,0.0,0,0,0,0,0,0,0,0,0,0,0,0,0,6,0,0,0,0,0,0,0,0,0,0,0,0,0,0,0,0.0,0.0,0.0,0.0,0.0
Reset,133,10,40,14/04/2026 13:29:42,75.00%,2000,880,45,50,0.0,0,5,0,0,0,0,0,0,0,0,0,0,0,5,0,0,0,0,0,0,0,0,0,0,0,0,0,0,0,0.0,0.0,0.0,0.0,0.0
Reset,8,0,20,14/04/2026 13:22:30,100.00%,0,0,0,0,0.0,0,0,0,0,0,0,0,0,0,0,0,0,0,0,0,0,0,0,0,0,0,0,0,0,0,0,0,0,0,0.0,0.0,0.0,0.0,0.0
Reset,39,1,15,14/04/2026 13:19:36,93.33%,0,0,0,0,0.0,0,1,0,0,0,0,0,0,0,0,0,0,0,0,0,0,0,0,0,0,0,0,0,0,0,0,0,0,0,0.0,0.0,0.0,0.0,0.0
Reset,136,12,40,14/04/2026 13:15:04,70.00%,200,80,45,50,5.0,0,4,0,0,0,0,0,0,0,0,0,0,0,3,0,0,0,0,0,0,0,0,0,0,0,0,0,0,0,0.0,0.0,0.0,0.0,0.0
Reset,134,3,40,14/04/2026 13:12:26,92.50%,2000,880,45,50,0.0,0,3,0,0,0,0,0,0,0,0,0,0,0,0,0,0,0,0,0,0,0,0,0,0,0,0,0,0,0,0.0,0.0,0.0,0.0,0.0
Reset,5,0,20,14/04/2026 13:06:30,100.00%,0,0,0,0,0.0,0,0,0,0,0,0,0,0,0,0,0,0,0,0,0,0,0,0,0,0,0,0,0,0,0,0,0,0,0,0.0,0.0,0.0,0.0,0.0
Reset,40,1,15,14/04/2026 13:01:42,93.33%,0,0,0,0,0.0,0,1,0,0,0,0,0,0,0,0,0,0,0,0,0,0,0,0,0,0,0,0,0,0,0,0,0,0,0,0.0,0.0,0.0,0.0,0.0
Reset,135,4,40,14/04/2026 13:00:11,90.00%,2000,80,45,50,0.0,0,4,0,0,0,0,0,0,0,0,0,0,0,0,0,0,0,0,0,0,0,0,0,0,0,0,0,0,0,0.0,0.0,0.0,0.0,0.0
Reset,134,5,40,14/04/2026 12:56:45,87.50%,2000,880,45,50,0.0,0,2,0,0,0,0,0,0,0,0,0,0,0,3,0,0,0,0,0,0,0,0,0,0,0,0,0,0,0,0.0,0.0,0.0,0.0,0.0
Reset,136,13,40,14/04/2026 12:43:18,67.50%,200,80,45,50,5.0,0,5,0,0,0,0,0,0,0,0,0,0,0,3,0,0,0,0,0,0,0,0,0,0,0,0,0,0,0,0.0,0.0,0.0,0.0,0.0
Reset,131,5,40,14/04/2026 12:40:17,87.50%,2000,880,45,50,0.0,0,2,0,0,0,0,0,0,0,0,0,0,0,3,0,0,0,0,0,0,0,0,0,0,0,0,0,0,0,0.0,0.0,0.0,0.0,0.0
Reset,39,1,15,14/04/2026 12:37:49,93.33%,0,0,0,0,0.0,0,0,0,0,0,0,0,0,0,0,0,0,0,0,0,0,0,0,0,0,0,0,0,1,0,0,0,0,0,0.0,0.0,0.0,0.0,0.0
Reset,133,8,40,14/04/2026 12:35:51,80.00%,2000,880,45,50,0.0,0,4,0,0,0,0,0,0,0,0,0,0,0,4,0,0,0,0,0,0,0,0,0,0,0,0,0,0,0,0.0,0.0,0.0,0.0,0.0
Reset,3,0,20,14/04/2026 12:31:28,100.00%,0,0,0,0,0.0,0,0,0,0,0,0,0,0,0,0,0,0,0,0,0,0,0,0,0,0,0,0,0,0,0,0,0,0,0,0.0,0.0,0.0,0.0,0.0
Reset,37,1,15,14/04/2026 12:21:21,93.33%,0,0,0,0,1.0,0,0,0,0,0,0,0,0,0,0,0,0,0,0,0,0,0,0,0,0,0,0,0,0,0,0,0,0,0,0.0,0.0,0.0,0.0,0.0
Reset,8,0,20,14/04/2026 12:17:10,100.00%,0,0,0,0,0.0,0,0,0,0,0,0,0,0,0,0,0,0,0,0,0,0,0,0,0,0,0,0,0,0,0,0,0,0,0,0.0,0.0,0.0,0.0,0.0
Reset,5,0,20,14/04/2026 12:14:36,100.00%,0,0,0,0,0.0,0,0,0,0,0,0,0,0,0,0,0,0,0,0,0,0,0,0,0,0,0,0,0,0,0,0,0,0,0,0.0,0.0,0.0,0.0,0.0
Reset,40,2,15,14/04/2026 12:11:54,86.67%,0,0,0,0,0.0,0,1,0,0,0,0,0,0,0,0,0,0,0,0,0,0,0,0,0,0,0,0,0,1,0,0,0,0,0,0.0,0.0,0.0,0.0,0.0
Reset,133,7,40,14/04/2026 11:13:55,82.50%,2000,880,45,50,0.0,0,4,0,0,0,0,0,0,0,0,0,0,0,3,0,0,0,0,0,0,0,0,0,0,0,0,0,0,0,0.0,0.0,0.0,0.0,0.0
Reset,39,2,15,14/04/2026 11:11:58,86.67%,0,0,0,0,0.0,0,0,0,0,0,0,0,0,2,0,0,0,0,0,0,0,0,0,0,0,0,0,0,0,0,0,0,0,0,0.0,0.0,0.0,0.0,0.0
Reset,136,12,40,14/04/2026 11:08:53,70.00%,200,80,45,50,2.0,0,6,0,0,0,0,0,0,0,0,0,0,0,4,0,0,0,0,0,0,0,0,0,0,0,0,0,0,0,0.0,0.0,0.0,0.0,0.0
Reset,135,11,40,14/04/2026 11:03:39,72.50%,2000,80,45,50,0.0,0,7,0,0,0,0,0,0,0,0,0,0,0,4,0,0,0,0,0,0,0,0,0,0,0,0,0,0,0,0.0,0.0,0.0,0.0,0.0
Reset,131,6,40,14/04/2026 11:00:18,85.00%,2000,880,45,50,0.0,0,3,0,0,0,0,0,0,0,0,0,0,0,3,0,0,0,0,0,0,0,0,0,0,0,0,0,0,0,0.0,0.0,0.0,0.0,0.0
Reset,52,5,15,14/04/2026 10:59:22,66.67%,0,0,0,0,1.0,0,3,0,0,0,0,0,0,0,0,0,0,0,0,0,0,0,0,1,0,0,0,0,0,0,0,0,0,0,0.0,0.0,0.0,0.0,0.0
Reset,3,1,20,14/04/2026 10:49:23,95.00%,0,0,0,0,1.0,0,0,0,0,0,0,0,0,0,0,0,0,0,0,0,0,0,0,0,0,0,0,0,0,0,0,0,0,0,0.0,0.0,0.0,0.0,0.0
Reset,37,3,15,14/04/2026 10:42:23,80.00%,0,0,0,0,0.0,0,2,0,0,0,0,0,0,0,0,0,0,0,0,0,0,0,0,0,0,0,1,0,0,0,0,0,0,0,0.0,0.0,0.0,0.0,0.0
Reset,8,0,20,14/04/2026 10:36:22,100.00%,0,0,0,0,0.0,0,0,0,0,0,0,0,0,0,0,0,0,0,0,0,0,0,0,0,0,0,0,0,0,0,0,0,0,0,0.0,0.0,0.0,0.0,0.0
Reset,40,7,15,14/04/2026 10:26:42,53.33%,0,0,0,0,0.0,5,2,0,0,0,0,0,0,0,0,0,0,0,0,0,0,0,0,0,0,0,0,0,0,0,0,0,0,0,0.0,0.0,0.0,0.0,0.0
Reset,5,0,20,14/04/2026 10:15:32,100.00%,0,0,0,0,0.0,0,0,0,0,0,0,0,0,0,0,0,0,0,0,0,0,0,0,0,0,0,0,0,0,0,0,0,0,0,0.0,0.0,0.0,0.0,0.0
Reset,52,2,15,14/04/2026 10:04:43,86.67%,0,0,0,0,0.0,0,2,0,0,0,0,0,0,0,0,0,0,0,0,0,0,0,0,0,0,0,0,0,0,0,0,0,0,0,0.0,0.0,0.0,0.0,0.0
Reset,39,3,15,14/04/2026 09:51:01,80.00%,0,0,0,0,0.0,0,3,0,0,0,0,0,0,0,0,0,0,0,0,0,0,0,0,0,0,0,0,0,0,0,0,0,0,0,0.0,0.0,0.0,0.0,0.0
Reset,37,2,15,14/04/2026 09:43:50,86.67%,0,0,0,0,2.0,0,0,0,0,0,0,0,0,0,0,0,0,0,0,0,0,0,0,0,0,0,0,0,0,0,0,0,0,0,0.0,0.0,0.0,0.0,0.0
Reset,72,6,20,14/04/2026 09:39:38,70.00%,0,0,0,0,1.0,0,0,0,0,0,0,0,0,0,0,0,0,0,5,0,0,0,0,0,0,0,0,0,0,0,0,0,0,0,0.0,0.0,0.0,0.0,0.0
Reset,8,0,20,14/04/2026 09:33:18,100.00%,0,0,0,0,0.0,0,0,0,0,0,0,0,0,0,0,0,0,0,0,0,0,0,0,0,0,0,0,0,0,0,0,0,0,0,0.0,0.0,0.0,0.0,0.0
Reset,51,7,15,14/04/2026 09:28:18,53.33%,0,0,0,0,0.0,1,6,0,0,0,0,0,0,0,0,0,0,0,0,0,0,0,0,0,0,0,0,0,0,0,0,0,0,0,0.0,0.0,0.0,0.0,0.0
Reset,40,2,15,14/04/2026 09:24:43,86.67%,0,0,0,0,0.0,0,2,0,0,0,0,0,0,0,0,0,0,0,0,0,0,0,0,0,0,0,0,0,0,0,0,0,0,0,0.0,0.0,0.0,0.0,0.0
Reset,5,0,20,14/04/2026 09:21:40,100.00%,0,0,0,0,0.0,0,0,0,0,0,0,0,0,0,0,0,0,0,0,0,0,0,0,0,0,0,0,0,0,0,0,0,0,0,0.0,0.0,0.0,0.0,0.0
Reset,3,1,20,14/04/2026 09:19:22,95.00%,0,0,0,0,0.0,0,0,0,0,0,0,0,0,0,0,0,0,0,0,0,1,0,0,0,0,0,0,0,0,0,0,0,0,0,0.0,0.0,0.0,0.0,0.0
Reset,39,0,15,14/04/2026 09:14:29,100.00%,0,0,0,0,0.0,0,0,0,0,0,0,0,0,0,0,0,0,0,0,0,0,0,0,0,0,0,0,0,0,0,0,0,0,0,0.0,0.0,0.0,0.0,0.0
Reset,2,10,20,14/04/2026 09:11:07,50.00%,0,0,0,0,10.0,0,0,0,0,0,0,0,0,0,0,0,0,0,0,0,0,0,0,0,0,0,0,0,0,0,0,0,0,0,0.0,0.0,0.0,0.0,0.0
Reset,74,10,20,14/04/2026 09:06:08,50.00%,0,0,0,0,4.0,0,6,0,0,0,0,0,0,0,0,0,0,0,0,0,0,0,0,0,0,0,0,0,0,0,0,0,0,0,0.0,0.0,0.0,0.0,0.0
Reset,37,2,15,14/04/2026 08:58:33,86.67%,0,0,0,0,0.0,0,2,0,0,0,0,0,0,0,0,0,0,0,0,0,0,0,0,0,0,0,0,0,0,0,0,0,0,0,0.0,0.0,0.0,0.0,0.0
Reset,8,1,20,14/04/2026 08:48:24,95.00%,0,0,0,0,0.0,0,0,0,0,0,0,0,0,0,0,0,0,0,0,0,1,0,0,0,0,0,0,0,0,0,0,0,0,0,0.0,0.0,0.0,0.0,0.0
Reset,40,2,15,14/04/2026 08:45:04,86.67%,0,0,0,0,0.0,0,2,0,0,0,0,0,0,0,0,0,0,0,0,0,0,0,0,0,0,0,0,0,0,0,0,0,0,0,0.0,0.0,0.0,0.0,0.0
Reset,5,0,20,14/04/2026 08:39:32,100.00%,0,0,0,0,0.0,0,0,0,0,0,0,0,0,0,0,0,0,0,0,0,0,0,0,0,0,0,0,0,0,0,0,0,0,0,0.0,0.0,0.0,0.0,0.0
Reset,52,2,15,14/04/2026 08:33:37,86.67%,0,0,0,0,0.0,0,2,0,0,0,0,0,0,0,0,0,0,0,0,0,0,0,0,0,0,0,0,0,0,0,0,0,0,0,0.0,0.0,0.0,0.0,0.0
Reset,39,2,15,14/04/2026 08:29:13,86.67%,0,0,0,0,0.0,0,2,0,0,0,0,0,0,0,0,0,0,0,0,0,0,0,0,0,0,0,0,0,0,0,0,0,0,0,0.0,0.0,0.0,0.0,0.0
Reset,2,10,20,14/04/2026 08:17:47,50.00%,0,0,0,0,8.0,0,0,0,0,0,0,0,0,0,0,0,0,0,0,0,0,0,0,0,0,0,2,0,0,0,0,0,0,0,0.0,0.0,0.0,0.0,0.0
Reset,51,2,15,14/04/2026 08:13:28,86.67%,0,0,0,0,0.0,0,2,0,0,0,0,0,0,0,0,0,0,0,0,0,0,0,0,0,0,0,0,0,0,0,0,0,0,0,0.0,0.0,0.0,0.0,0.0
Reset,40,2,15,14/04/2026 08:09:41,86.67%,0,0,0,0,0.0,0,2,0,0,0,0,0,0,0,0,0,0,0,0,0,0,0,0,0,0,0,0,0,0,0,0,0,0,0,0.0,0.0,0.0,0.0,0.0
Reset,71,9,20,14/04/2026 08:05:58,55.00%,0,0,0,0,4.0,0,5,0,0,0,0,0,0,0,0,0,0,0,0,0,0,0,0,0,0,0,0,0,0,0,0,0,0,0,0.0,0.0,0.0,0.0,0.0
Reset,8,0,20,14/04/2026 08:00:43,100.00%,0,0,0,0,0.0,0,0,0,0,0,0,0,0,0,0,0,0,0,0,0,0,0,0,0,0,0,0,0,0,0,0,0,0,0,0.0,0.0,0.0,0.0,0.0
Reset,5,1,20,14/04/2026 07:44:49,95.00%,0,0,0,0,1.0,0,0,0,0,0,0,0,0,0,0,0,0,0,0,0,0,0,0,0,0,0,0,0,0,0,0,0,0,0,0.0,0.0,0.0,0.0,0.0
Reset,39,2,15,14/04/2026 07:41:52,86.67%,0,0,0,0,0.0,0,2,0,0,0,0,0,0,0,0,0,0,0,0,0,0,0,0,0,0,0,0,0,0,0,0,0,0,0,0.0,0.0,0.0,0.0,0.0
Reset,3,1,20,14/04/2026 07:37:48,95.00%,0,0,0,0,0.0,0,0,0,0,0,0,0,0,0,0,0,0,0,0,0,0,0,0,0,0,0,1,0,0,0,0,0,0,0,0.0,0.0,0.0,0.0,0.0
Reset,74,11,20,14/04/2026 07:33:52,45.00%,0,0,0,0,5.0,0,4,0,0,0,0,0,0,0,0,0,0,0,2,0,0,0,0,0,0,0,0,0,0,0,0,0,0,0,0.0,0.0,0.0,0.0,0.0
Reset,40,4,15,14/04/2026 07:25:52,73.33%,0,0,0,0,0.0,0,3,0,0,0,0,0,0,0,0,0,0,0,0,0,0,0,0,0,0,0,0,0,1,0,0,0,0,0,0.0,0.0,0.0,0.0,0.0
Reset,8,0,20,14/04/2026 07:15:28,100.00%,0,0,0,0,0.0,0,0,0,0,0,0,0,0,0,0,0,0,0,0,0,0,0,0,0,0,0,0,0,0,0,0,0,0,0,0.0,0.0,0.0,0.0,0.0
Reset,52,3,15,14/04/2026 07:10:16,80.00%,0,0,0,0,0.0,0,2,0,0,0,0,0,0,0,0,0,0,0,0,0,0,0,0,0,0,0,0,0,1,0,0,0,0,0,0.0,0.0,0.0,0.0,0.0
Reset,71,8,20,14/04/2026 07:06:06,60.00%,0,0,0,0,5.0,0,3,0,0,0,0,0,0,0,0,0,0,0,0,0,0,0,0,0,0,0,0,0,0,0,0,0,0,0,0.0,0.0,0.0,0.0,0.0
Reset,40,7,15,14/04/2026 06:50:06,53.33%,0,0,0,0,0.0,0,7,0,0,0,0,0,0,0,0,0,0,0,0,0,0,0,0,0,0,0,0,0,0,0,0,0,0,0,0.0,0.0,0.0,0.0,0.0
Reset,72,13,20,14/04/2026 06:48:55,35.00%,0,0,0,0,12.0,0,0,0,0,0,0,0,0,0,0,0,1,0,0,0,0,0,0,0,0,0,0,0,0,0,0,0,0,0,0.0,0.0,0.0,0.0,0.0
Reset,5,1,20,14/04/2026 06:46:06,95.00%,0,0,0,0,0.0,0,0,0,0,0,0,0,0,0,0,0,0,0,0,0,0,0,0,0,0,0,1,0,0,0,0,0,0,0,0.0,0.0,0.0,0.0,0.0
Reset,3,0,20,14/04/2026 06:31:31,100.00%,0,0,0,0,0.0,0,0,0,0,0,0,0,0,0,0,0,0,0,0,0,0,0,0,0,0,0,0,0,0,0,0,0,0,0,0.0,0.0,0.0,0.0,0.0
Reset,68,2,16,14/04/2026 06:28:16,87.50%,0,0,0,0,0.0,0,2,0,0,0,0,0,0,0,0,0,0,0,0,0,0,0,0,0,0,0,0,0,0,0,0,0,0,0,0.0,0.0,0.0,0.0,0.0
Reset,39,1,15,14/04/2026 06:28:04,93.33%,0,0,0,0,0.0,0,1,0,0,0,0,0,0,0,0,0,0,0,0,0,0,0,0,0,0,0,0,0,0,0,0,0,0,0,0.0,0.0,0.0,0.0,0.0
Reset,71,0,20,13/04/2026 23:06:38,100.00%,0,0,0,0,0.0,0,0,0,0,0,0,0,0,0,0,0,0,0,0,0,0,0,0,0,0,0,0,0,0,0,0,0,0,0,0.0,0.0,0.0,0.0,0.0
Reset,8,0,20,13/04/2026 23:03:18,100.00%,0,0,0,0,0.0,0,0,0,0,0,0,0,0,0,0,0,0,0,0,0,0,0,0,0,0,0,0,0,0,0,0,0,0,0,0.0,0.0,0.0,0.0,0.0
Reset,69,3,16,13/04/2026 23:00:53,81.25%,0,0,0,0,0.0,0,3,0,0,0,0,0,0,0,0,0,0,0,0,0,0,0,0,0,0,0,0,0,0,0,0,0,0,0,0.0,0.0,0.0,0.0,0.0
Reset,5,0,20,13/04/2026 22:54:55,100.00%,0,0,0,0,0.0,0,0,0,0,0,0,0,0,0,0,0,0,0,0,0,0,0,0,0,0,0,0,0,0,0,0,0,0,0,0.0,0.0,0.0,0.0,0.0
Reset,3,1,20,13/04/2026 22:47:04,95.00%,0,0,0,0,0.0,0,0,0,0,0,0,0,0,0,0,0,0,0,0,0,0,0,0,0,0,0,1,0,0,0,0,0,0,0,0.0,0.0,0.0,0.0,0.0
Reset,73,4,20,13/04/2026 22:41:26,80.00%,0,0,0,0,0.0,0,3,0,0,0,0,0,0,0,0,0,0,0,1,0,0,0,0,0,0,0,0,0,0,0,0,0,0,0,0.0,0.0,0.0,0.0,0.0
Reset,68,5,16,13/04/2026 22:38:49,68.75%,0,0,0,0,0.0,0,5,0,0,0,0,0,0,0,0,0,0,0,0,0,0,0,0,0,0,0,0,0,0,0,0,0,0,0,0.0,0.0,0.0,0.0,0.0
Reset,39,0,15,13/04/2026 22:38:39,100.00%,0,0,0,0,0.0,0,0,0,0,0,0,0,0,0,0,0,0,0,0,0,0,0,0,0,0,0,0,0,0,0,0,0,0,0,0.0,0.0,0.0,0.0,0.0
Reset,65,1,16,13/04/2026 22:32:43,93.75%,0,0,0,0,0.0,0,1,0,0,0,0,0,0,0,0,0,0,0,0,0,0,0,0,0,0,0,0,0,0,0,0,0,0,0,0.0,0.0,0.0,0.0,0.0
Reset,40,1,15,13/04/2026 22:30:08,93.33%,0,0,0,0,0.0,0,1,0,0,0,0,0,0,0,0,0,0,0,0,0,0,0,0,0,0,0,0,0,0,0,0,0,0,0,0.0,0.0,0.0,0.0,0.0
Reset,69,1,16,13/04/2026 22:23:38,93.75%,0,0,0,0,0.0,0,1,0,0,0,0,0,0,0,0,0,0,0,0,0,0,0,0,0,0,0,0,0,0,0,0,0,0,0,0.0,0.0,0.0,0.0,0.0
Reset,8,4,20,13/04/2026 22:21:17,80.00%,0,0,0,0,1.0,0,0,0,0,0,0,0,0,0,0,0,0,0,0,0,0,0,0,0,0,1,2,0,0,0,0,0,0,0,0.0,0.0,0.0,0.0,0.0
Reset,36,4,15,13/04/2026 22:17:51,73.33%,0,0,0,0,0.0,0,0,0,0,0,0,0,0,0,0,0,0,0,0,0,0,0,0,0,0,0,0,0,4,0,0,0,0,0,0.0,0.0,0.0,0.0,0.0
Reset,72,12,20,13/04/2026 22:13:02,40.00%,0,0,0,0,10.0,0,0,0,0,1,0,0,0,0,0,0,0,0,0,0,0,0,0,0,0,0,1,0,0,0,0,0,0,0,0.0,0.0,0.0,0.0,0.0
Reset,5,1,20,13/04/2026 22:09:45,95.00%,0,0,0,0,0.0,0,0,0,0,0,0,0,0,0,0,0,0,0,0,0,0,0,0,0,0,0,1,0,0,0,0,0,0,0,0.0,0.0,0.0,0.0,0.0
Reset,3,0,20,13/04/2026 22:06:07,100.00%,0,0,0,0,0.0,0,0,0,0,0,0,0,0,0,0,0,0,0,0,0,0,0,0,0,0,0,0,0,0,0,0,0,0,0,0.0,0.0,0.0,0.0,0.0
Reset,68,4,16,13/04/2026 21:58:27,75.00%,0,0,0,0,0.0,0,4,0,0,0,0,0,0,0,0,0,0,0,0,0,0,0,0,0,0,0,0,0,0,0,0,0,0,0,0.0,0.0,0.0,0.0,0.0
Reset,71,5,20,13/04/2026 21:55:08,75.00%,0,0,0,0,3.0,0,2,0,0,0,0,0,0,0,0,0,0,0,0,0,0,0,0,0,0,0,0,0,0,0,0,0,0,0,0.0,0.0,0.0,0.0,0.0
Reset,65,3,16,13/04/2026 21:52:46,81.25%,0,0,0,0,0.0,0,2,0,0,0,0,0,0,0,0,0,0,1,0,0,0,0,0,0,0,0,0,0,0,0,0,0,0,0,0.0,0.0,0.0,0.0,0.0
Reset,8,0,20,13/04/2026 21:42:51,100.00%,0,0,0,0,0.0,0,0,0,0,0,0,0,0,0,0,0,0,0,0,0,0,0,0,0,0,0,0,0,0,0,0,0,0,0,0.0,0.0,0.0,0.0,0.0
Reset,51,5,15,13/04/2026 21:39:57,66.67%,0,0,0,0,0.0,0,3,0,0,0,0,0,0,0,0,0,0,0,0,0,0,0,0,0,0,0,0,0,2,0,0,0,0,0,0.0,0.0,0.0,0.0,0.0
Reset,74,5,20,13/04/2026 21:39:07,75.00%,0,0,0,0,2.0,0,3,0,0,0,0,0,0,0,0,0,0,0,0,0,0,0,0,0,0,0,0,0,0,0,0,0,0,0,0.0,0.0,0.0,0.0,0.0
Reset,69,6,16,13/04/2026 21:32:02,62.50%,0,0,0,0,0.0,0,6,0,0,0,0,0,0,0,0,0,0,0,0,0,0,0,0,0,0,0,0,0,0,0,0,0,0,0,0.0,0.0,0.0,0.0,0.0
Reset,3,1,20,13/04/2026 21:27:53,95.00%,0,0,0,0,0.0,0,0,0,0,0,0,0,0,0,0,0,0,0,0,0,0,0,0,0,0,0,1,0,0,0,0,0,0,0,0.0,0.0,0.0,0.0,0.0
Reset,73,16,20,13/04/2026 21:27:43,20.00%,0,0,0,0,1.0,0,5,0,0,10,0,0,0,0,0,0,0,0,0,0,0,0,0,0,0,0,0,0,0,0,0,0,0,0,0.0,0.0,0.0,0.0,0.0
Reset,40,0,15,13/04/2026 21:24:29,100.00%,0,0,0,0,0.0,0,0,0,0,0,0,0,0,0,0,0,0,0,0,0,0,0,0,0,0,0,0,0,0,0,0,0,0,0,0.0,0.0,0.0,0.0,0.0
Reset,5,0,20,13/04/2026 21:17:48,100.00%,0,0,0,0,0.0,0,0,0,0,0,0,0,0,0,0,0,0,0,0,0,0,0,0,0,0,0,0,0,0,0,0,0,0,0,0.0,0.0,0.0,0.0,0.0
Reset,72,6,20,13/04/2026 21:17:27,70.00%,0,0,0,0,5.0,0,0,0,0,1,0,0,0,0,0,0,0,0,0,0,0,0,0,0,0,0,0,0,0,0,0,0,0,0,0.0,0.0,0.0,0.0,0.0
Reset,68,2,16,13/04/2026 21:15:29,87.50%,0,0,0,0,0.0,0,2,0,0,0,0,0,0,0,0,0,0,0,0,0,0,0,0,0,0,0,0,0,0,0,0,0,0,0,0.0,0.0,0.0,0.0,0.0
Reset,52,1,15,13/04/2026 21:13:42,93.33%,0,0,0,0,0.0,0,0,0,0,0,0,0,0,0,0,0,0,0,0,0,0,0,0,0,0,0,1,0,0,0,0,0,0,0,0.0,0.0,0.0,0.0,0.0
Reset,65,1,16,13/04/2026 21:08:42,93.75%,0,0,0,0,0.0,0,1,0,0,0,0,0,0,0,0,0,0,0,0,0,0,0,0,0,0,0,0,0,0,0,0,0,0,0,0.0,0.0,0.0,0.0,0.0
Reset,2,14,20,13/04/2026 21:06:25,30.00%,0,0,0,0,14.0,0,0,0,0,0,0,0,0,0,0,0,0,0,0,0,0,0,0,0,0,0,0,0,0,0,0,0,0,0,0.0,0.0,0.0,0.0,0.0
Reset,71,12,20,13/04/2026 20:50:12,40.00%,0,0,0,0,2.0,0,2,0,0,8,0,0,0,0,0,0,0,0,0,0,0,0,0,0,0,0,0,0,0,0,0,0,0,0,0.0,0.0,0.0,0.0,0.0
Reset,69,2,16,13/04/2026 20:47:19,87.50%,0,0,0,0,0.0,0,2,0,0,0,0,0,0,0,0,0,0,0,0,0,0,0,0,0,0,0,0,0,0,0,0,0,0,0,0.0,0.0,0.0,0.0,0.0
Reset,51,5,15,13/04/2026 20:46:44,66.67%,0,0,0,0,0.0,2,2,0,1,0,0,0,0,0,0,0,0,0,0,0,0,0,0,0,0,0,0,0,0,0,0,0,0,0,0.0,0.0,0.0,0.0,0.0
Reset,8,0,20,13/04/2026 20:40:04,100.00%,0,0,0,0,0.0,0,0,0,0,0,0,0,0,0,0,0,0,0,0,0,0,0,0,0,0,0,0,0,0,0,0,0,0,0,0.0,0.0,0.0,0.0,0.0
Reset,2,6,20,13/04/2026 20:36:25,70.00%,0,0,0,0,6.0,0,0,0,0,0,0,0,0,0,0,0,0,0,0,0,0,0,0,0,0,0,0,0,0,0,0,0,0,0,0.0,0.0,0.0,0.0,0.0
Reset,3,0,20,13/04/2026 20:34:17,100.00%,0,0,0,0,0.0,0,0,0,0,0,0,0,0,0,0,0,0,0,0,0,0,0,0,0,0,0,0,0,0,0,0,0,0,0,0.0,0.0,0.0,0.0,0.0
Reset,68,4,16,13/04/2026 20:32:04,75.00%,0,0,0,0,0.0,0,4,0,0,0,0,0,0,0,0,0,0,0,0,0,0,0,0,0,0,0,0,0,0,0,0,0,0,0,0.0,0.0,0.0,0.0,0.0
Reset,5,0,20,13/04/2026 20:30:49,100.00%,0,0,0,0,0.0,0,0,0,0,0,0,0,0,0,0,0,0,0,0,0,0,0,0,0,0,0,0,0,0,0,0,0,0,0,0.0,0.0,0.0,0.0,0.0
Reset,52,0,15,13/04/2026 20:28:31,100.00%,0,0,0,0,0.0,0,0,0,0,0,0,0,0,0,0,0,0,0,0,0,0,0,0,0,0,0,0,0,0,0,0,0,0,0,0.0,0.0,0.0,0.0,0.0
Reset,74,8,20,13/04/2026 20:27:42,60.00%,0,0,0,0,0.0,0,6,0,0,0,0,0,0,0,0,0,0,0,2,0,0,0,0,0,0,0,0,0,0,0,0,0,0,0,0.0,0.0,0.0,0.0,0.0
Reset,65,1,16,13/04/2026 20:26:08,93.75%,0,0,0,0,0.0,0,1,0,0,0,0,0,0,0,0,0,0,0,0,0,0,0,0,0,0,0,0,0,0,0,0,0,0,0,0.0,0.0,0.0,0.0,0.0
Reset,69,4,16,13/04/2026 20:24:14,75.00%,0,0,0,0,0.0,0,4,0,0,0,0,0,0,0,0,0,0,0,0,0,0,0,0,0,0,0,0,0,0,0,0,0,0,0,0.0,0.0,0.0,0.0,0.0
Reset,8,0,20,13/04/2026 20:09:00,100.00%,0,0,0,0,0.0,0,0,0,0,0,0,0,0,0,0,0,0,0,0,0,0,0,0,0,0,0,0,0,0,0,0,0,0,0,0.0,0.0,0.0,0.0,0.0
Reset,68,3,16,13/04/2026 20:02:41,81.25%,0,0,0,0,0.0,0,3,0,0,0,0,0,0,0,0,0,0,0,0,0,0,0,0,0,0,0,0,0,0,0,0,0,0,0,0.0,0.0,0.0,0.0,0.0
Reset,72,8,20,13/04/2026 20:00:21,60.00%,0,0,0,0,8.0,0,0,0,0,0,0,0,0,0,0,0,0,0,0,0,0,0,0,0,0,0,0,0,0,0,0,0,0,0,0.0,0.0,0.0,0.0,0.0
Reset,40,2,15,13/04/2026 19:50:35,86.67%,0,0,0,0,0.0,0,2,0,0,0,0,0,0,0,0,0,0,0,0,0,0,0,0,0,0,0,0,0,0,0,0,0,0,0,0.0,0.0,0.0,0.0,0.0
Reset,71,1,20,13/04/2026 19:47:55,95.00%,0,0,0,0,1.0,0,0,0,0,0,0,0,0,0,0,0,0,0,0,0,0,0,0,0,0,0,0,0,0,0,0,0,0,0,0.0,0.0,0.0,0.0,0.0
Reset,65,1,16,13/04/2026 19:40:33,93.75%,0,0,0,0,1.0,0,0,0,0,0,0,0,0,0,0,0,0,0,0,0,0,0,0,0,0,0,0,0,0,0,0,0,0,0,0.0,0.0,0.0,0.0,0.0
Reset,39,3,15,13/04/2026 19:39:33,80.00%,0,0,0,0,0.0,0,3,0,0,0,0,0,0,0,0,0,0,0,0,0,0,0,0,0,0,0,0,0,0,0,0,0,0,0,0.0,0.0,0.0,0.0,0.0
Reset,5,3,20,13/04/2026 19:36:37,85.00%,0,0,0,0,0.0,0,0,0,0,0,0,0,0,0,0,0,0,0,0,0,0,0,0,0,0,0,3,0,0,0,0,0,0,0,0.0,0.0,0.0,0.0,0.0
Reset,69,3,16,13/04/2026 19:31:14,81.25%,0,0,0,0,0.0,0,3,0,0,0,0,0,0,0,0,0,0,0,0,0,0,0,0,0,0,0,0,0,0,0,0,0,0,0,0.0,0.0,0.0,0.0,0.0
Reset,73,3,20,13/04/2026 19:26:30,85.00%,0,0,0,0,0.0,1,1,0,0,0,0,0,1,0,0,0,0,0,0,0,0,0,0,0,0,0,0,0,0,0,0,0,0,0,0.0,0.0,0.0,0.0,0.0
Reset,3,1,20,13/04/2026 19:24:45,95.00%,0,0,0,0,1.0,0,0,0,0,0,0,0,0,0,0,0,0,0,0,0,0,0,0,0,0,0,0,0,0,0,0,0,0,0,0.0,0.0,0.0,0.0,0.0
Reset,40,2,15,13/04/2026 19:16:59,86.67%,0,0,0,0,0.0,0,1,0,1,0,0,0,0,0,0,0,0,0,0,0,0,0,0,0,0,0,0,0,0,0,0,0,0,0,0.0,0.0,0.0,0.0,0.0
Reset,8,3,20,13/04/2026 19:16:09,85.00%,0,0,0,0,1.0,0,0,0,0,0,0,0,0,0,0,0,0,0,0,0,0,0,0,0,0,0,2,0,0,0,0,0,0,0,0.0,0.0,0.0,0.0,0.0
Reset,74,7,20,13/04/2026 18:26:58,65.00%,0,0,0,0,2.0,0,5,0,0,0,0,0,0,0,0,0,0,0,0,0,0,0,0,0,0,0,0,0,0,0,0,0,0,0,0.0,0.0,0.0,0.0,0.0
Reset,51,6,15,13/04/2026 18:24:53,60.00%,0,0,0,0,0.0,2,4,0,0,0,0,0,0,0,0,0,0,0,0,0,0,0,0,0,0,0,0,0,0,0,0,0,0,0,0.0,0.0,0.0,0.0,0.0
Reset,36,1,15,13/04/2026 18:17:10,93.33%,0,0,0,0,0.0,0,1,0,0,0,0,0,0,0,0,0,0,0,0,0,0,0,0,0,0,0,0,0,0,0,0,0,0,0,0.0,0.0,0.0,0.0,0.0
Reset,68,3,16,13/04/2026 18:15:36,81.25%,0,0,0,0,0.0,0,3,0,0,0,0,0,0,0,0,0,0,0,0,0,0,0,0,0,0,0,0,0,0,0,0,0,0,0,0.0,0.0,0.0,0.0,0.0
Reset,5,1,20,13/04/2026 18:09:46,95.00%,0,0,0,0,0.0,0,0,0,0,0,0,0,0,0,0,0,0,0,0,0,0,0,0,0,0,0,1,0,0,0,0,0,0,0,0.0,0.0,0.0,0.0,0.0
Reset,3,0,20,13/04/2026 18:06:59,100.00%,0,0,0,0,0.0,0,0,0,0,0,0,0,0,0,0,0,0,0,0,0,0,0,0,0,0,0,0,0,0,0,0,0,0,0,0.0,0.0,0.0,0.0,0.0
Reset,65,1,16,13/04/2026 18:04:30,93.75%,0,0,0,0,0.0,0,1,0,0,0,0,0,0,0,0,0,0,0,0,0,0,0,0,0,0,0,0,0,0,0,0,0,0,0,0.0,0.0,0.0,0.0,0.0
Reset,39,3,15,13/04/2026 18:01:52,80.00%,0,0,0,0,0.0,0,3,0,0,0,0,0,0,0,0,0,0,0,0,0,0,0,0,0,0,0,0,0,0,0,0,0,0,0,0.0,0.0,0.0,0.0,0.0
Reset,2,14,20,13/04/2026 17:50:22,30.00%,0,0,0,0,12.0,0,0,0,0,0,0,0,0,0,0,0,0,0,0,0,0,0,0,0,0,1,1,0,0,0,0,0,0,0,0.0,0.0,0.0,0.0,0.0
Reset,36,1,15,13/04/2026 17:50:06,93.33%,0,0,0,0,0.0,0,1,0,0,0,0,0,0,0,0,0,0,0,0,0,0,0,0,0,0,0,0,0,0,0,0,0,0,0,0.0,0.0,0.0,0.0,0.0
Reset,71,8,20,13/04/2026 17:47:13,95.00%,0,0,0,0,0.0,0,7,0,0,1,0,0,0,0,0,0,0,0,0,0,0,0,0,0,0,0,0,0,0,0,0,0,0,0,0.0,0.0,0.0,0.0,0.0
Reset,72,4,20,13/04/2026 17:43:25,80.00%,0,0,0,0,4.0,0,0,0,0,0,0,0,0,0,0,0,0,0,0,0,0,0,0,0,0,0,0,0,0,0,0,0,0,0,0.0,0.0,0.0,0.0,0.0
Reset,39,2,15,13/04/2026 17:42:12,86.67%,0,0,0,0,0.0,0,1,0,1,0,0,0,0,0,0,0,0,0,0,0,0,0,0,0,0,0,0,0,0,0,0,0,0,0,0.0,0.0,0.0,0.0,0.0
Reset,69,3,16,13/04/2026 17:31:58,81.25%,0,0,0,0,0.0,0,3,0,0,0,0,0,0,0,0,0,0,0,0,0,0,0,0,0,0,0,0,0,0,0,0,0,0,0,0.0,0.0,0.0,0.0,0.0
Reset,40,3,15,13/04/2026 17:31:47,80.00%,0,0,0,0,0.0,0,2,0,0,0,0,0,0,0,0,0,0,0,0,0,0,0,0,0,0,0,0,0,0,0,0,0,0,0,0.0,0.0,0.0,0.0,1.0
Reset,8,0,20,13/04/2026 17:28:00,100.00%,0,0,0,0,0.0,0,0,0,0,0,0,0,0,0,0,0,0,0,0,0,0,0,0,0,0,0,0,0,0,0,0,0,0,0,0.0,0.0,0.0,0.0,0.0
Reset,74,7,20,13/04/2026 17:24:22,65.00%,0,0,0,0,3.0,0,3,0,0,1,0,0,0,0,0,0,0,0,0,0,0,0,0,0,0,0,0,0,0,0,0,0,0,0,0.0,0.0,0.0,0.0,0.0
Reset,3,3,20,13/04/2026 17:22:28,85.00%,0,0,0,0,0.0,0,0,0,0,0,0,0,0,0,0,0,0,0,0,0,0,0,0,0,0,0,3,0,0,0,0,0,0,0,0.0,0.0,0.0,0.0,0.0
Reset,73,12,20,13/04/2026 17:19:08,40.00%,0,0,0,0,0.0,0,10,0,0,2,0,0,0,0,0,0,0,0,0,0,0,0,0,0,0,0,0,0,0,0,0,0,0,0,0.0,0.0,0.0,0.0,0.0
Reset,71,5,20,13/04/2026 17:13:01,75.00%,0,0,0,0,2.0,0,0,0,0,3,0,0,0,0,0,0,0,0,0,0,0,0,0,0,0,0,0,0,0,0,0,0,0,0,0.0,0.0,0.0,0.0,0.0
Reset,36,2,15,13/04/2026 17:12:03,86.67%,0,0,0,0,0.0,0,1,0,0,0,0,0,0,0,0,0,0,0,0,0,0,0,0,0,0,0,0,0,1,0,0,0,0,0,0.0,0.0,0.0,0.0,0.0
Reset,5,3,20,13/04/2026 17:07:27,85.00%,0,0,0,0,0.0,0,0,0,0,0,0,0,0,0,0,0,0,0,0,0,0,0,0,0,0,0,3,0,0,0,0,0,0,0,0.0,0.0,0.0,0.0,0.0
Reset,72,7,20,13/04/2026 17:06:36,65.00%,0,0,0,0,7.0,0,0,0,0,0,0,0,0,0,0,0,0,0,0,0,0,0,0,0,0,0,0,0,0,0,0,0,0,0,0.0,0.0,0.0,0.0,0.0
PR20,83,6,24,13/04/2026 16:58:01,75.00%,1400,1520,50,100,5.0,0,0,0,0,0,0,0,0,0,0,0,0,0,0,0,0,0,0,0,0,0,1,0,0,0,0,0,0,0,0.0,0.0,0.0,0.0,0.0
Reset,74,7,20,13/04/2026 16:56:32,65.00%,0,0,0,0,1.0,0,1,0,0,3,0,0,0,1,0,0,0,0,1,0,0,0,0,0,0,0,0,0,0,0,0,0,0,0,0.0,0.0,0.0,0.0,0.0
Reset,73,6,20,13/04/2026 16:48:11,70.00%,0,0,0,0,0.0,1,5,0,0,0,0,0,0,0,0,0,0,0,0,0,0,0,0,0,0,0,0,0,0,0,0,0,0,0,0.0,0.0,0.0,0.0,0.0
Reset,68,2,16,13/04/2026 16:46:09,87.50%,0,0,0,0,0.0,0,2,0,0,0,0,0,0,0,0,0,0,0,0,0,0,0,0,0,0,0,0,0,0,0,0,0,0,0,0.0,0.0,0.0,0.0,0.0
Reset,38,2,15,13/04/2026 16:45:54,86.67%,0,0,0,0,0.0,0,2,0,0,0,0,0,0,0,0,0,0,0,0,0,0,0,0,0,0,0,0,0,0,0,0,0,0,0,0.0,0.0,0.0,0.0,0.0
Reset,37,2,15,13/04/2026 16:40:44,86.67%,0,0,0,0,0.0,0,0,0,1,0,0,0,0,0,0,0,0,0,0,0,0,0,0,0,0,0,0,0,1,0,0,0,0,0,0.0,0.0,0.0,0.0,0.0
Reset,68,2,16,13/04/2026 16:09:52,87.50%,0,0,0,0,0.0,0,2,0,0,0,0,0,0,0,0,0,0,0,0,0,0,0,0,0,0,0,0,0,0,0,0,0,0,0,0.0,0.0,0.0,0.0,0.0
Reset,40,5,15,13/04/2026 16:06:24,66.67%,0,0,0,0,0.0,0,4,0,0,0,0,0,0,0,0,0,0,1,0,0,0,0,0,0,0,0,0,0,0,0,0,0,0,0,0.0,0.0,0.0,0.0,0.0
Reset,69,3,16,13/04/2026 16:05:13,81.25%,0,0,0,0,0.0,0,3,0,0,0,0,0,0,0,0,0,0,0,0,0,0,0,0,0,0,0,0,0,0,0,0,0,0,0,0.0,0.0,0.0,0.0,0.0
Reset,3,1,20,13/04/2026 15:28:16,95.00%,0,0,0,0,0.0,0,0,0,0,0,0,0,0,0,0,0,0,0,0,0,0,0,0,0,0,0,1,0,0,0,0,0,0,0,0.0,0.0,0.0,0.0,0.0
Reset,39,0,15,13/04/2026 14:49:57,100.00%,0,0,0,0,0.0,0,0,0,0,0,0,0,0,0,0,0,0,0,0,0,0,0,0,0,0,0,0,0,0,0,0,0,0,0,0.0,0.0,0.0,0.0,0.0
Reset,37,2,15,13/04/2026 14:45:59,86.67%,0,0,0,0,0.0,0,2,0,0,0,0,0,0,0,0,0,0,0,0,0,0,0,0,0,0,0,0,0,0,0,0,0,0,0,0.0,0.0,0.0,0.0,0.0
Reset,5,0,20,13/04/2026 14:42:45,100.00%,0,0,0,0,0.0,0,0,0,0,0,0,0,0,0,0,0,0,0,0,0,0,0,0,0,0,0,0,0,0,0,0,0,0,0,0.0,0.0,0.0,0.0,0.0
PR20,82,1,24,13/04/2026 14:40:49,95.83%,1400,1520,50,100,1.0,0,0,0,0,0,0,0,0,0,0,0,0,0,0,0,0,0,0,0,0,0,0,0,0,0,0,0,0,0,0.0,0.0,0.0,0.0,0.0
PR20,83,0,24,13/04/2026 14:38:31,100.00%,1400,1520,50,100,0.0,0,0,0,0,0,0,0,0,0,0,0,0,0,0,0,0,0,0,0,0,0,0,0,0,0,0,0,0,0,0.0,0.0,0.0,0.0,0.0
PR20,80,19,24,13/04/2026 14:35:31,20.83%,1400,1520,50,100,10.0,8,0,0,0,0,0,0,0,0,0,0,0,0,1,0,0,0,0,0,0,0,0,0,0,0,0,0,0,0,0.0,0.0,0.0,0.0,0.0
Reset,40,2,15,13/04/2026 14:31:41,86.67%,0,0,0,0,0.0,1,1,0,0,0,0,0,0,0,0,0,0,0,0,0,0,0,0,0,0,0,0,0,0,0,0,0,0,0,0.0,0.0,0.0,0.0,0.0
Reset,51,3,15,13/04/2026 14:29:40,80.00%,0,0,0,0,0.0,2,1,0,0,0,0,0,0,0,0,0,0,0,0,0,0,0,0,0,0,0,0,0,0,0,0,0,0,0,0.0,0.0,0.0,0.0,0.0
Reset,52,1,15,13/04/2026 14:28:39,93.33%,0,0,0,0,0.0,0,1,0,0,0,0,0,0,0,0,0,0,0,0,0,0,0,0,0,0,0,0,0,0,0,0,0,0,0,0.0,0.0,0.0,0.0,0.0
VERSA MAIN,12,0,25,13/04/2026 13:31:23,100.00%,0,0,0,0,0.0,0,0,0,0,0,0,0,0,0,0,0,0,0,0,0,0,0,0,0,0,0,0,0,0,0,0,0,0,0,0.0,0.0,0.0,0.0,0.0
VERSA MAIN,12,0,25,13/04/2026 13:28:42,100.00%,0,0,0,0,0.0,0,0,0,0,0,0,0,0,0,0,0,0,0,0,0,0,0,0,0,0,0,0,0,0,0,0,0,0,0,0.0,0.0,0.0,0.0,0.0
VERSA MAIN,12,0,25,13/04/2026 13:25:57,100.00%,0,0,0,0,0.0,0,0,0,0,0,0,0,0,0,0,0,0,0,0,0,0,0,0,0,0,0,0,0,0,0,0,0,0,0,0.0,0.0,0.0,0.0,0.0
Reset,40,1,15,13/04/2026 10:47:40,93.33%,0,0,0,0,0.0,0,1,0,0,0,0,0,0,0,0,0,0,0,0,0,0,0,0,0,0,0,0,0,0,0,0,0,0,0,0.0,0.0,0.0,0.0,0.0
Reset,8,0,20,13/04/2026 10:43:45,100.00%,0,0,0,0,0.0,0,0,0,0,0,0,0,0,0,0,0,0,0,0,0,0,0,0,0,0,0,0,0,0,0,0,0,0,0,0.0,0.0,0.0,0.0,0.0
Reset,51,5,15,13/04/2026 10:40:05,66.67%,0,0,0,0,0.0,1,4,0,0,0,0,0,0,0,0,0,0,0,0,0,0,0,0,0,0,0,0,0,0,0,0,0,0,0,0.0,0.0,0.0,0.0,0.0
PR20,82,11,24,13/04/2026 10:35:21,54.17%,1400,1520,50,100,11.0,0,0,0,0,0,0,0,0,0,0,0,0,0,0,0,0,0,0,0,0,0,0,0,0,0,0,0,0,0,0.0,0.0,0.0,0.0,0.0
Reset,5,4,20,13/04/2026 10:27:34,80.00%,0,0,0,0,4.0,0,0,0,0,0,0,0,0,0,0,0,0,0,0,0,0,0,0,0,0,0,0,0,0,0,0,0,0,0,0.0,0.0,0.0,0.0,0.0
Reset,37,3,15,13/04/2026 10:25:12,80.00%,0,0,0,0,0.0,0,3,0,0,0,0,0,0,0,0,0,0,0,0,0,0,0,0,0,0,0,0,0,0,0,0,0,0,0,0.0,0.0,0.0,0.0,0.0
Reset,2,7,20,13/04/2026 10:18:30,65.00%,0,0,0,0,7.0,0,0,0,0,0,0,0,0,0,0,0,0,0,0,0,0,0,0,0,0,0,0,0,0,0,0,0,0,0,0.0,0.0,0.0,0.0,0.0
Reset,40,2,15,13/04/2026 09:59:37,86.67%,0,0,0,0,0.0,0,2,0,0,0,0,0,0,0,0,0,0,0,0,0,0,0,0,0,0,0,0,0,0,0,0,0,0,0,0.0,0.0,0.0,0.0,0.0
PR20,83,1,24,13/04/2026 09:52:40,95.83%,1400,1520,50,100,1.0,0,0,0,0,0,0,0,0,0,0,0,0,0,0,0,0,0,0,0,0,0,0,0,0,0,0,0,0,0,0.0,0.0,0.0,0.0,0.0
Reset,52,1,15,13/04/2026 09:33:16,93.33%,0,0,0,0,0.0,0,1,0,0,0,0,0,0,0,0,0,0,0,0,0,0,0,0,0,0,0,0,0,0,0,0,0,0,0,0.0,0.0,0.0,0.0,0.0
PR20,82,1,24,13/04/2026 09:29:58,95.83%,1400,1520,50,100,1.0,0,0,0,0,0,0,0,0,0,0,0,0,0,0,0,0,0,0,0,0,0,0,0,0,0,0,0,0,0,0.0,0.0,0.0,0.0,0.0
PR20,80,11,24,13/04/2026 09:25:44,54.17%,1400,1520,50,100,0.0,11,0,0,0,0,0,0,0,0,0,0,0,0,0,0,0,0,0,0,0,0,0,0,0,0,0,0,0,0,0.0,0.0,0.0,0.0,0.0
Reset,2,6,20,13/04/2026 09:18:50,70.00%,0,0,0,0,5.0,0,0,0,0,0,0,0,0,0,0,0,0,0,0,0,0,0,0,0,0,0,1,0,0,0,0,0,0,0,0.0,0.0,0.0,0.0,0.0
Reset,5,0,20,13/04/2026 09:12:08,100.00%,0,0,0,0,0.0,0,0,0,0,0,0,0,0,0,0,0,0,0,0,0,0,0,0,0,0,0,0,0,0,0,0,0,0,0,0.0,0.0,0.0,0.0,0.0
Reset,51,8,15,13/04/2026 09:10:41,46.67%,0,0,0,0,0.0,5,3,0,0,0,0,0,0,0,0,0,0,0,0,0,0,0,0,0,0,0,0,0,0,0,0,0,0,0,0.0,0.0,0.0,0.0,0.0
Reset,8,0,20,13/04/2026 09:08:36,100.00%,0,0,0,0,0.0,0,0,0,0,0,0,0,0,0,0,0,0,0,0,0,0,0,0,0,0,0,0,0,0,0,0,0,0,0,0.0,0.0,0.0,0.0,0.0
Reset,39,0,15,13/04/2026 09:05:48,100.00%,0,0,0,0,0.0,0,0,0,0,0,0,0,0,0,0,0,0,0,0,0,0,0,0,0,0,0,0,0,0,0,0,0,0,0,0.0,0.0,0.0,0.0,0.0
Reset,37,3,15,13/04/2026 09:05:21,80.00%,0,0,0,0,1.0,0,2,0,0,0,0,0,0,0,0,0,0,0,0,0,0,0,0,0,0,0,0,0,0,0,0,0,0,0,0.0,0.0,0.0,0.0,0.0
Reset,40,0,15,13/04/2026 09:00:31,100.00%,0,0,0,0,0.0,0,0,0,0,0,0,0,0,0,0,0,0,0,0,0,0,0,0,0,0,0,0,0,0,0,0,0,0,0,0.0,0.0,0.0,0.0,0.0
PR20,83,0,24,13/04/2026 08:56:54,100.00%,1400,1520,50,100,0.0,0,0,0,0,0,0,0,0,0,0,0,0,0,0,0,0,0,0,0,0,0,0,0,0,0,0,0,0,0,0.0,0.0,0.0,0.0,0.0
Reset,51,5,15,13/04/2026 07:59:37,66.67%,0,0,0,0,0.0,0,5,0,0,0,0,0,0,0,0,0,0,0,0,0,0,0,0,0,0,0,0,0,0,0,0,0,0,0,,,,,
Reset,3,1,20,13/04/2026 07:55:51,95.00%,0,0,0,0,0.0,0,0,0,0,0,0,0,0,0,0,0,0,0,0,0,0,0,0,0,0,0,1,0,0,0,0,0,0,0,,,,,
Reset,51,3,15,13/04/2026 07:53:36,80.00%,0,0,0,0,0.0,0,3,0,0,0,0,0,0,0,0,0,0,0,0,0,0,0,0,0,0,0,0,0,0,0,0,0,0,0,,,,,
Reset,2,4,20,13/04/2026 07:44:46,80.00%,0,0,0,0,4.0,0,0,0,0,0,0,0,0,0,0,0,0,0,0,0,0,0,0,0,0,0,0,0,0,0,0,0,0,0,,,,,
Reset,37,1,15,13/04/2026 07:41:34,93.33%,0,0,0,0,1.0,0,0,0,0,0,0,0,0,0,0,0,0,0,0,0,0,0,0,0,0,0,0,0,0,0,0,0,0,0,,,,,
Reset,39,4,15,13/04/2026 07:37:57,73.33%,0,0,0,0,0.0,0,4,0,0,0,0,0,0,0,0,0,0,0,0,0,0,0,0,0,0,0,0,0,0,0,0,0,0,0,,,,,
Reset,8,3,20,13/04/2026 07:34:38,85.00%,0,0,0,0,0.0,0,0,0,0,0,0,0,0,0,0,0,0,0,0,0,3,0,0,0,0,0,0,0,0,0,0,0,0,0,,,,,
Reset,40,3,15,13/04/2026 07:26:17,80.00%,0,0,0,0,0.0,0,3,0,0,0,0,0,0,0,0,0,0,0,0,0,0,0,0,0,0,0,0,0,0,0,0,0,0,0,,,,,
Reset,5,0,20,13/04/2026 07:14:46,100.00%,0,0,0,0,0.0,0,0,0,0,0,0,0,0,0,0,0,0,0,0,0,0,0,0,0,0,0,0,0,0,0,0,0,0,0,,,,,
Reset,74,5,20,13/04/2026 07:13:40,75.00%,0,0,0,0,0.0,0,5,0,0,0,0,0,0,0,0,0,0,0,0,0,0,0,0,0,0,0,0,0,0,0,0,0,0,0,,,,,
Reset,3,0,20,13/04/2026 07:12:06,100.00%,0,0,0,0,0.0,0,0,0,0,0,0,0,0,0,0,0,0,0,0,0,0,0,0,0,0,0,0,0,0,0,0,0,0,0,,,,,
PR20,83,13,24,13/04/2026 07:08:37,45.83%,1400,1520,50,100,0.0,0,0,0,0,13,0,0,0,0,0,0,0,0,0,0,0,0,0,0,0,0,0,0,0,0,0,0,0,0,,,,,
Reset,36,4,15,13/04/2026 07:03:48,73.33%,0,0,0,0,0.0,0,1,0,0,0,0,0,0,0,0,0,0,0,0,0,0,0,0,3,0,0,0,0,0,0,0,0,0,0,,,,,
Reset,52,4,15,13/04/2026 06:58:45,73.33%,0,0,0,0,0.0,0,2,0,0,0,0,0,0,0,0,0,0,0,0,0,0,0,0,0,0,0,0,0,2,0,0,0,0,0,,,,,
Reset,73,20,20,13/04/2026 06:53:22,0,0,0,0,0,0.0,0,0,0,0,0,0,0,0,0,0,0,0,0,0,0,20,0,0,0,0,0,0,0,0,0,0,0,0,0,,,,,
Reset,71,7,20,13/04/2026 06:53:00,65.00%,0,0,0,0,0.0,1,5,0,0,0,0,0,0,0,0,0,0,0,0,0,0,0,0,0,0,0,1,0,0,0,0,0,0,0,,,,,
Reset,37,6,15,13/04/2026 06:52:05,60.00%,0,0,0,0,4.0,0,0,0,0,0,0,0,0,0,2,0,0,0,0,0,0,0,0,0,0,0,0,0,0,0,0,0,0,0,,,,,
Reset,51,6,15,13/04/2026 06:47:43,60.00%,0,0,0,0,0.0,2,4,0,0,0,0,0,0,0,0,0,0,0,0,0,0,0,0,0,0,0,0,0,0,0,0,0,0,0,,,,,
PR20,82,1,24,13/04/2026 06:43:57,95.83%,1400,1520,50,100,1.0,0,0,0,0,0,0,0,0,0,0,0,0,0,0,0,0,0,0,0,0,0,0,0,0,0,0,0,0,0,,,,,
Reset,39,2,15,13/04/2026 06:36:16,86.67%,0,0,0,0,0.0,1,1,0,0,0,0,0,0,0,0,0,0,0,0,0,0,0,0,0,0,0,0,0,0,0,0,0,0,0,,,,,
Reset,40,4,15,13/04/2026 06:31:50,73.33%,0,0,0,0,0.0,0,4,0,0,0,0,0,0,0,0,0,0,0,0,0,0,0,0,0,0,0,0,0,0,0,0,0,0,0,,,,,
Reset,72,11,20,11/04/2026 14:27:39,45.00%,0,0,0,0,11.0,0,0,0,0,0,0,0,0,0,0,0,0,0,0,0,0,0,0,0,0,0,0,0,0,0,0,0,0,0,,,,,
Reset,51,6,15,11/04/2026 08:53:31,60.00%,0,0,0,0,0.0,2,4,0,0,0,0,0,0,0,0,0,0,0,0,0,0,0,0,0,0,0,0,0,0,0,0,0,0,0,,,,,
Reset,37,4,15,11/04/2026 08:41:33,73.33%,0,0,0,0,0.0,0,4,0,0,0,0,0,0,0,0,0,0,0,0,0,0,0,0,0,0,0,0,0,0,0,0,0,0,0,,,,,
Reset,38,15,15,11/04/2026 08:38:51,0,0,0,0,0,15.0,0,0,0,0,0,0,0,0,0,0,0,0,0,0,0,0,0,0,0,0,0,0,0,0,0,0,0,0,0,,,,,
PR20,83,24,24,11/04/2026 08:38:28,0,1400,1520,50,100,12.0,0,12,0,0,0,0,0,0,0,0,0,0,0,0,0,0,0,0,0,0,0,0,0,0,0,0,0,0,0,,,,,
Reset,39,15,15,11/04/2026 08:34:12,0,0,0,0,0,15.0,0,0,0,0,0,0,0,0,0,0,0,0,0,0,0,0,0,0,0,0,0,0,0,0,0,0,0,0,0,,,,,
Reset,40,15,15,11/04/2026 08:33:49,0,0,0,0,0,15.0,0,0,0,0,0,0,0,0,0,0,0,0,0,0,0,0,0,0,0,0,0,0,0,0,0,0,0,0,0,,,,,
PR20,82,1,24,11/04/2026 08:00:46,95.83%,1400,1520,50,100,1.0,0,0,0,0,0,0,0,0,0,0,0,0,0,0,0,0,0,0,0,0,0,0,0,0,0,0,0,0,0,,,,,
Reset,72,8,20,11/04/2026 07:57:51,100.00%,0,0,0,0,4.0,0,0,0,0,2,0,0,0,0,0,0,0,0,2,0,0,0,0,0,0,0,0,0,0,0,0,0,0,0,,,,,
Reset,72,3,20,11/04/2026 06:28:35,100.00%,0,0,0,0,3.0,0,0,0,0,0,0,0,0,0,0,0,0,0,0,0,0,0,0,0,0,0,0,0,0,0,0,0,0,0,,,,,
Reset,74,5,20,11/04/2026 06:14:41,100.00%,0,0,0,0,0.0,0,4,0,0,1,0,0,0,0,0,0,0,0,0,0,0,0,0,0,0,0,0,0,0,0,0,0,0,0,,,,,
Reset,40,3,15,10/04/2026 23:15:08,80.00%,0,0,0,0,0.0,0,3,0,0,0,0,0,0,0,0,0,0,0,0,0,0,0,0,0,0,0,0,0,0,0,0,0,0,0,,,,,
Reset,52,1,15,10/04/2026 23:00:33,93.33%,0,0,0,0,0.0,0,1,0,0,0,0,0,0,0,0,0,0,0,0,0,0,0,0,0,0,0,0,0,0,0,0,0,0,0,,,,,
PR20,80,5,24,10/04/2026 22:56:09,79.17%,1400,1520,50,100,2.0,2,0,0,0,0,0,0,0,0,0,0,0,0,1,0,0,0,0,0,0,0,0,0,0,0,0,0,0,0,,,,,
Reset,51,4,15,10/04/2026 22:46:38,73.33%,0,0,0,0,0.0,0,2,0,0,0,0,0,0,0,0,0,0,0,0,0,0,0,0,0,0,0,0,0,2,0,0,0,0,0,,,,,
PR20,83,1,24,10/04/2026 22:41:42,95.83%,1400,1520,50,100,1.0,0,0,0,0,0,0,0,0,0,0,0,0,0,0,0,0,0,0,0,0,0,0,0,0,0,0,0,0,0,,,,,
Reset,37,5,15,10/04/2026 22:36:24,66.67%,0,0,0,0,3.0,0,2,0,0,0,0,0,0,0,0,0,0,0,0,0,0,0,0,0,0,0,0,0,0,0,0,0,0,0,,,,,
Reset,40,0,15,10/04/2026 22:20:04,100.00%,0,0,0,0,0.0,0,0,0,0,0,0,0,0,0,0,0,0,0,0,0,0,0,0,0,0,0,0,0,0,0,0,0,0,0,,,,,
Reset,52,2,15,10/04/2026 22:16:15,86.67%,0,0,0,0,0.0,0,0,0,0,0,0,0,0,0,0,0,0,0,0,0,0,0,0,0,0,0,0,0,2,0,0,0,0,0,,,,,
PR20,82,0,24,10/04/2026 22:05:58,100.00%,1400,1520,50,100,0.0,0,0,0,0,0,0,0,0,0,0,0,0,0,0,0,0,0,0,0,0,0,0,0,0,0,0,0,0,0,,,,,
PR20,80,7,24,10/04/2026 21:51:22,70.83%,1400,1520,50,100,2.0,0,0,0,0,0,0,0,0,0,0,0,0,0,5,0,0,0,0,0,0,0,0,0,0,0,0,0,0,0,,,,,
PR20,83,8,24,10/04/2026 21:26:00,66.67%,1400,1520,50,100,8.0,0,0,0,0,0,0,0,0,0,0,0,0,0,0,0,0,0,0,0,0,0,0,0,0,0,0,0,0,0,,,,,
PR20,82,7,24,10/04/2026 20:59:34,70.83%,1400,1520,50,100,7.0,0,0,0,0,0,0,0,0,0,0,0,0,0,0,0,0,0,0,0,0,0,0,0,0,0,0,0,0,0,,,,,
PR20,80,6,24,10/04/2026 20:34:32,75.00%,1400,1520,50,100,0.0,6,0,0,0,0,0,0,0,0,0,0,0,0,0,0,0,0,0,0,0,0,0,0,0,0,0,0,0,0,,,,,
PR20,83,3,24,10/04/2026 20:11:25,87.50%,1400,1520,50,100,3.0,0,0,0,0,0,0,0,0,0,0,0,0,0,0,0,0,0,0,0,0,0,0,0,0,0,0,0,0,0,,,,,
PR20,82,4,24,10/04/2026 19:48:33,83.33%,1400,1520,50,100,3.0,0,0,0,0,0,0,0,0,0,0,0,0,0,0,0,0,0,0,0,0,0,1,0,0,0,0,0,0,0,,,,,
PR20,80,7,24,10/04/2026 19:39:11,70.83%,1400,1520,50,100,5.0,0,0,0,0,2,0,0,0,0,0,0,0,0,0,0,0,0,0,0,0,0,0,0,0,0,0,0,0,0,,,,,
PR20,83,5,24,10/04/2026 19:25:33,79.17%,1400,1520,50,100,5.0,0,0,0,0,0,0,0,0,0,0,0,0,0,0,0,0,0,0,0,0,0,0,0,0,0,0,0,0,0,,,,,
Reset,2,4,20,10/04/2026 19:21:18,80.00%,0,0,0,0,4.0,0,0,0,0,0,0,0,0,0,0,0,0,0,0,0,0,0,0,0,0,0,0,0,0,0,0,0,0,0,,,,,
Reset,5,0,20,10/04/2026 19:00:46,100.00%,0,0,0,0,0.0,0,0,0,0,0,0,0,0,0,0,0,0,0,0,0,0,0,0,0,0,0,0,0,0,0,0,0,0,0,,,,,
PR20,82,4,24,10/04/2026 18:57:13,83.33%,1400,1520,50,100,4.0,0,0,0,0,0,0,0,0,0,0,0,0,0,0,0,0,0,0,0,0,0,0,0,0,0,0,0,0,0,,,,,
Reset,3,0,20,10/04/2026 18:52:25,100.00%,0,0,0,0,0.0,0,0,0,0,0,0,0,0,0,0,0,0,0,0,0,0,0,0,0,0,0,0,0,0,0,0,0,0,0,,,,,
Reset,8,0,20,10/04/2026 18:01:36,100.00%,0,0,0,0,0.0,0,0,0,0,0,0,0,0,0,0,0,0,0,0,0,0,0,0,0,0,0,0,0,0,0,0,0,0,0,,,,,
Reset,2,0,20,10/04/2026 17:52:19,100.00%,0,0,0,0,0.0,0,0,0,0,0,0,0,0,0,0,0,0,0,0,0,0,0,0,0,0,0,0,0,0,0,0,0,0,0,,,,,
Reset,5,1,20,10/04/2026 17:46:16,95.00%,0,0,0,0,0.0,0,0,0,0,0,0,0,0,0,0,0,0,0,0,0,1,0,0,0,0,0,0,0,0,0,0,0,0,0,,,,,
PR20,82,4,24,10/04/2026 17:41:58,83.33%,1400,1520,50,100,4.0,0,0,0,0,0,0,0,0,0,0,0,0,0,0,0,0,0,0,0,0,0,0,0,0,0,0,0,0,0,,,,,
Reset,3,0,20,10/04/2026 17:33:59,100.00%,0,0,0,0,0.0,0,0,0,0,0,0,0,0,0,0,0,0,0,0,0,0,0,0,0,0,0,0,0,0,0,0,0,0,0,,,,,
Reset,8,0,20,10/04/2026 17:27:45,100.00%,0,0,0,0,0.0,0,0,0,0,0,0,0,0,0,0,0,0,0,0,0,0,0,0,0,0,0,0,0,0,0,0,0,0,0,,,,,
PR20,83,12,24,10/04/2026 17:23:03,54.17%,1400,1520,50,100,11.0,0,0,0,0,1,0,0,0,0,0,0,0,0,0,0,0,0,0,0,0,0,0,0,0,0,0,0,0,0,,,,,
PR20,80,0,24,10/04/2026 17:14:02,100.00%,1400,1520,50,100,0.0,0,0,0,0,0,0,0,0,0,0,0,0,0,0,0,0,0,0,0,0,0,0,0,0,0,0,0,0,0,,,,,
Reset,5,0,20,10/04/2026 17:07:45,100.00%,0,0,0,0,0.0,0,0,0,0,0,0,0,0,0,0,0,0,0,0,0,0,0,0,0,0,0,0,0,0,0,0,0,0,0,,,,,
Reset,2,0,20,10/04/2026 17:00:22,100.00%,0,0,0,0,0.0,0,0,0,0,0,0,0,0,0,0,0,0,0,0,0,0,0,0,0,0,0,0,0,0,0,0,0,0,0,,,,,
PR20,82,4,24,10/04/2026 16:53:42,83.33%,1400,1520,50,100,4.0,0,0,0,0,0,0,0,0,0,0,0,0,0,0,0,0,0,0,0,0,0,0,0,0,0,0,0,0,0,,,,,
Reset,8,0,20,10/04/2026 16:37:11,100.00%,0,0,0,0,0.0,0,0,0,0,0,0,0,0,0,0,0,0,0,0,0,0,0,0,0,0,0,0,0,0,0,0,0,0,0,,,,,
Reset,5,0,20,10/04/2026 16:30:31,100.00%,0,0,0,0,0.0,0,0,0,0,0,0,0,0,0,0,0,0,0,0,0,0,0,0,0,0,0,0,0,0,0,0,0,0,0,,,,,
PR20,80,5,24,10/04/2026 16:27:16,79.17%,1400,1520,50,100,3.0,0,0,0,0,0,0,0,0,0,0,0,0,0,2,0,0,0,0,0,0,0,0,0,0,0,0,0,0,0,,,,,
Reset,68,4,16,10/04/2026 15:18:54,75.00%,0,0,0,0,0.0,0,4,0,0,0,0,0,0,0,0,0,0,0,0,0,0,0,0,0,0,0,0,0,0,0,0,0,0,0,,,,,
Reset,65,3,16,10/04/2026 14:42:24,81.25%,0,0,0,0,0.0,0,3,0,0,0,0,0,0,0,0,0,0,0,0,0,0,0,0,0,0,0,0,0,0,0,0,0,0,0,,,,,
Reset,69,2,16,10/04/2026 14:38:26,87.50%,0,0,0,0,0.0,0,2,0,0,0,0,0,0,0,0,0,0,0,0,0,0,0,0,0,0,0,0,0,0,0,0,0,0,0,,,,,
Reset,73,2,20,10/04/2026 14:37:22,100.00%,0,0,0,0,0.0,0,2,0,0,0,0,0,0,0,0,0,0,0,0,0,0,0,0,0,0,0,0,0,0,0,0,0,0,0,,,,,
Reset,68,3,16,10/04/2026 14:26:07,81.25%,0,0,0,0,0.0,0,3,0,0,0,0,0,0,0,0,0,0,0,0,0,0,0,0,0,0,0,0,0,0,0,0,0,0,0,,,,,
Reset,65,3,16,10/04/2026 14:13:47,81.25%,0,0,0,0,0.0,0,3,0,0,0,0,0,0,0,0,0,0,0,0,0,0,0,0,0,0,0,0,0,0,0,0,0,0,0,,,,,
Reset,69,4,16,10/04/2026 14:07:11,75.00%,0,0,0,0,0.0,0,4,0,0,0,0,0,0,0,0,0,0,0,0,0,0,0,0,0,0,0,0,0,0,0,0,0,0,0,,,,,
Reset,74,4,20,10/04/2026 14:05:36,100.00%,0,0,0,0,0.0,0,2,0,0,2,0,0,0,0,0,0,0,0,0,0,0,0,0,0,0,0,0,0,0,0,0,0,0,0,,,,,
Reset,71,3,20,10/04/2026 13:46:11,100.00%,0,0,0,0,1.0,0,2,0,0,0,0,0,0,0,0,0,0,0,0,0,0,0,0,0,0,0,0,0,0,0,0,0,0,0,,,,,
Reset,68,2,16,10/04/2026 13:43:36,87.50%,0,0,0,0,0.0,0,2,0,0,0,0,0,0,0,0,0,0,0,0,0,0,0,0,0,0,0,0,0,0,0,0,0,0,0,,,,,
Reset,65,2,16,10/04/2026 13:42:20,87.50%,0,0,0,0,0.0,0,2,0,0,0,0,0,0,0,0,0,0,0,0,0,0,0,0,0,0,0,0,0,0,0,0,0,0,0,,,,,
Reset,73,4,20,10/04/2026 13:18:25,100.00%,0,0,0,0,0.0,0,4,0,0,0,0,0,0,0,0,0,0,0,0,0,0,0,0,0,0,0,0,0,0,0,0,0,0,0,,,,,
Reset,68,4,16,10/04/2026 13:13:00,75.00%,0,0,0,0,0.0,0,4,0,0,0,0,0,0,0,0,0,0,0,0,0,0,0,0,0,0,0,0,0,0,0,0,0,0,0,,,,,
Reset,65,2,16,10/04/2026 13:08:23,87.50%,0,0,0,0,0.0,0,2,0,0,0,0,0,0,0,0,0,0,0,0,0,0,0,0,0,0,0,0,0,0,0,0,0,0,0,,,,,
Reset,72,3,20,10/04/2026 13:06:43,100.00%,0,0,0,0,1.0,0,0,0,0,2,0,0,0,0,0,0,0,0,0,0,0,0,0,0,0,0,0,0,0,0,0,0,0,0,,,,,
Reset,74,8,20,10/04/2026 13:02:52,100.00%,0,0,0,0,0.0,0,2,0,0,6,0,0,0,0,0,0,0,0,0,0,0,0,0,0,0,0,0,0,0,0,0,0,0,0,,,,,
Reset,69,4,16,10/04/2026 12:52:29,75.00%,0,0,0,0,0.0,0,4,0,0,0,0,0,0,0,0,0,0,0,0,0,0,0,0,0,0,0,0,0,0,0,0,0,0,0,,,,,
Reset,71,11,20,10/04/2026 12:41:15,45.00%,0,0,0,0,0.0,1,7,0,0,3,0,0,0,0,0,0,0,0,0,0,0,0,0,0,0,0,0,0,0,0,0,0,0,0,,,,,
Reset,69,4,16,10/04/2026 12:38:54,75.00%,0,0,0,0,0.0,0,4,0,0,0,0,0,0,0,0,0,0,0,0,0,0,0,0,0,0,0,0,0,0,0,0,0,0,0,,,,,
Reset,65,6,16,10/04/2026 12:38:48,62.50%,0,0,0,0,0.0,0,6,0,0,0,0,0,0,0,0,0,0,0,0,0,0,0,0,0,0,0,0,0,0,0,0,0,0,0,,,,,
Reset,65,1,16,10/04/2026 12:18:16,93.75%,0,0,0,0,0.0,0,1,0,0,0,0,0,0,0,0,0,0,0,0,0,0,0,0,0,0,0,0,0,0,0,0,0,0,0,,,,,
Reset,69,3,16,10/04/2026 12:18:06,81.25%,0,0,0,0,0.0,0,3,0,0,0,0,0,0,0,0,0,0,0,0,0,0,0,0,0,0,0,0,0,0,0,0,0,0,0,,,,,
Reset,73,4,20,10/04/2026 11:52:47,100.00%,0,0,0,0,0.0,2,2,0,0,0,0,0,0,0,0,0,0,0,0,0,0,0,0,0,0,0,0,0,0,0,0,0,0,0,,,,,
Reset,73,15,20,10/04/2026 11:44:41,100.00%,0,0,0,0,0.0,0,0,0,0,15,0,0,0,0,0,0,0,0,0,0,0,0,0,0,0,0,0,0,0,0,0,0,0,0,,,,,
Reset,74,12,20,10/04/2026 11:16:10,100.00%,0,0,0,0,1.0,0,4,0,0,7,0,0,0,0,0,0,0,0,0,0,0,0,0,0,0,0,0,0,0,0,0,0,0,0,,,,,
Reset,71,8,20,10/04/2026 10:54:32,100.00%,0,0,0,0,0.0,0,8,0,0,0,0,0,0,0,0,0,0,0,0,0,0,0,0,0,0,0,0,0,0,0,0,0,0,0,,,,,
Reset,68,3,16,10/04/2026 10:51:14,81.25%,0,0,0,0,0.0,0,3,0,0,0,0,0,0,0,0,0,0,0,0,0,0,0,0,0,0,0,0,0,0,0,0,0,0,0,,,,,
Reset,65,1,16,10/04/2026 10:48:16,93.75%,0,0,0,0,0.0,0,1,0,0,0,0,0,0,0,0,0,0,0,0,0,0,0,0,0,0,0,0,0,0,0,0,0,0,0,,,,,
Reset,52,2,15,10/04/2026 10:45:29,86.67%,0,0,0,0,0.0,0,1,0,0,0,0,0,0,0,0,0,0,0,1,0,0,0,0,0,0,0,0,0,0,0,0,0,0,0,,,,,
Reset,74,8,20,10/04/2026 10:40:20,100.00%,0,0,0,0,7.0,0,0,0,0,1,0,0,0,0,0,0,0,0,0,0,0,0,0,0,0,0,0,0,0,0,0,0,0,0,,,,,
Reset,39,0,15,10/04/2026 10:35:41,100.00%,0,0,0,0,0.0,0,0,0,0,0,0,0,0,0,0,0,0,0,0,0,0,0,0,0,0,0,0,0,0,0,0,0,0,0,,,,,
Reset,72,2,20,10/04/2026 10:30:41,100.00%,0,0,0,0,1.0,0,1,0,0,0,0,0,0,0,0,0,0,0,0,0,0,0,0,0,0,0,0,0,0,0,0,0,0,0,,,,,
Reset,69,3,16,10/04/2026 10:27:57,81.25%,0,0,0,0,0.0,0,3,0,0,0,0,0,0,0,0,0,0,0,0,0,0,0,0,0,0,0,0,0,0,0,0,0,0,0,,,,,
Reset,40,0,15,10/04/2026 10:23:12,100.00%,0,0,0,0,0.0,0,0,0,0,0,0,0,0,0,0,0,0,0,0,0,0,0,0,0,0,0,0,0,0,0,0,0,0,0,,,,,
Reset,68,1,16,10/04/2026 10:20:06,93.75%,0,0,0,0,0.0,0,1,0,0,0,0,0,0,0,0,0,0,0,0,0,0,0,0,0,0,0,0,0,0,0,0,0,0,0,,,,,
Reset,74,7,20,10/04/2026 10:18:56,100.00%,0,0,0,0,1.0,0,4,0,0,1,0,0,0,0,0,0,0,0,1,0,0,0,0,0,0,0,0,0,0,0,0,0,0,0,,,,,
Reset,37,1,15,10/04/2026 10:15:52,93.33%,0,0,0,0,0.0,0,1,0,0,0,0,0,0,0,0,0,0,0,0,0,0,0,0,0,0,0,0,0,0,0,0,0,0,0,,,,,
Reset,65,1,16,10/04/2026 10:14:50,93.75%,0,0,0,0,0.0,0,1,0,0,0,0,0,0,0,0,0,0,0,0,0,0,0,0,0,0,0,0,0,0,0,0,0,0,0,,,,,
Reset,73,4,20,10/04/2026 10:07:59,100.00%,0,0,0,0,0.0,0,1,0,0,0,0,0,0,0,0,0,0,0,3,0,0,0,0,0,0,0,0,0,0,0,0,0,0,0,,,,,
Reset,39,2,15,10/04/2026 10:06:58,86.67%,0,0,0,0,0.0,0,2,0,0,0,0,0,0,0,0,0,0,0,0,0,0,0,0,0,0,0,0,0,0,0,0,0,0,0,,,,,
Reset,72,1,20,10/04/2026 09:54:43,100.00%,0,0,0,0,0.0,0,0,0,0,0,0,0,0,0,0,0,0,0,0,0,0,0,0,0,0,0,1,0,0,0,0,0,0,0,,,,,
Reset,69,2,16,10/04/2026 09:50:30,87.50%,0,0,0,0,0.0,0,2,0,0,0,0,0,0,0,0,0,0,0,0,0,0,0,0,0,0,0,0,0,0,0,0,0,0,0,,,,,
Reset,72,1,20,10/04/2026 09:47:37,100.00%,0,0,0,0,0.0,0,0,0,0,0,0,0,0,0,0,0,0,0,0,0,0,0,0,0,0,1,0,0,0,0,0,0,0,0,,,,,
Reset,68,4,16,10/04/2026 09:42:49,75.00%,0,0,0,0,0.0,0,4,0,0,0,0,0,0,0,0,0,0,0,0,0,0,0,0,0,0,0,0,0,0,0,0,0,0,0,,,,,
Reset,65,1,16,10/04/2026 09:42:40,93.75%,0,0,0,0,0.0,0,1,0,0,0,0,0,0,0,0,0,0,0,0,0,0,0,0,0,0,0,0,0,0,0,0,0,0,0,,,,,
Reset,73,12,20,10/04/2026 09:30:20,100.00%,0,0,0,0,0.0,0,6,0,0,0,0,0,0,0,0,0,0,0,6,0,0,0,0,0,0,0,0,0,0,0,0,0,0,0,,,,,
Reset,52,1,15,10/04/2026 09:22:51,93.33%,0,0,0,0,0.0,0,1,0,0,0,0,0,0,0,0,0,0,0,0,0,0,0,0,0,0,0,0,0,0,0,0,0,0,0,,,,,
Reset,68,3,16,10/04/2026 09:21:17,81.25%,0,0,0,0,0.0,0,3,0,0,0,0,0,0,0,0,0,0,0,0,0,0,0,0,0,0,0,0,0,0,0,0,0,0,0,,,,,
Reset,68,3,16,10/04/2026 09:19:59,81.25%,0,0,0,0,0.0,0,2,0,0,1,0,0,0,0,0,0,0,0,0,0,0,0,0,0,0,0,0,0,0,0,0,0,0,0,,,,,
Reset,40,2,15,10/04/2026 09:13:43,86.67%,0,0,0,0,0.0,0,2,0,0,0,0,0,0,0,0,0,0,0,0,0,0,0,0,0,0,0,0,0,0,0,0,0,0,0,,,,,
Reset,72,11,20,10/04/2026 09:12:00,100.00%,0,0,0,0,0.0,2,4,0,0,2,0,0,0,0,0,0,0,0,0,0,0,0,0,0,0,3,0,0,0,0,0,0,0,0,,,,,
Reset,65,0,16,10/04/2026 09:01:37,100.00%,0,0,0,0,0.0,0,0,0,0,0,0,0,0,0,0,0,0,0,0,0,0,0,0,0,0,0,0,0,0,0,0,0,0,0,,,,,
Reset,72,2,20,10/04/2026 08:59:27,100.00%,0,0,0,0,0.0,0,0,0,0,2,0,0,0,0,0,0,0,0,0,0,0,0,0,0,0,0,0,0,0,0,0,0,0,0,,,,,
Reset,69,3,16,10/04/2026 08:48:31,81.25%,0,0,0,0,0.0,0,2,0,0,1,0,0,0,0,0,0,0,0,0,0,0,0,0,0,0,0,0,0,0,0,0,0,0,0,,,,,
Reset,74,5,20,10/04/2026 08:47:51,100.00%,0,0,0,0,0.0,0,4,0,0,1,0,0,0,0,0,0,0,0,0,0,0,0,0,0,0,0,0,0,0,0,0,0,0,0,,,,,
Reset,68,5,16,10/04/2026 08:46:46,68.75%,0,0,0,0,0.0,0,3,0,0,0,0,0,0,0,2,0,0,0,0,0,0,0,0,0,0,0,0,0,0,0,0,0,0,0,,,,,
Reset,71,10,20,10/04/2026 08:15:24,100.00%,0,0,0,0,0.0,0,7,0,0,1,0,0,0,0,0,0,0,0,0,0,0,0,0,0,0,0,2,0,0,0,0,0,0,0,,,,,
Reset,39,3,15,10/04/2026 08:13:57,80.00%,0,0,0,0,0.0,0,3,0,0,0,0,0,0,0,0,0,0,0,0,0,0,0,0,0,0,0,0,0,0,0,0,0,0,0,,,,,
Reset,65,1,16,10/04/2026 08:13:35,93.75%,0,0,0,0,0.0,0,1,0,0,0,0,0,0,0,0,0,0,0,0,0,0,0,0,0,0,0,0,0,0,0,0,0,0,0,,,,,
Reset,66,9,16,10/04/2026 08:11:46,43.75%,0,0,0,0,2.0,2,5,0,0,0,0,0,0,0,0,0,0,0,0,0,0,0,0,0,0,0,0,0,0,0,0,0,0,0,,,,,
Reset,69,1,16,10/04/2026 08:09:52,93.75%,0,0,0,0,0.0,0,0,0,0,0,0,0,0,0,1,0,0,0,0,0,0,0,0,0,0,0,0,0,0,0,0,0,0,0,,,,,
Reset,74,9,20,10/04/2026 08:06:23,100.00%,0,0,0,0,8.0,0,0,0,0,1,0,0,0,0,0,0,0,0,0,0,0,0,0,0,0,0,0,0,0,0,0,0,0,0,,,,,
Reset,37,4,15,10/04/2026 08:04:21,73.33%,0,0,0,0,0.0,0,3,0,0,0,0,0,0,0,1,0,0,0,0,0,0,0,0,0,0,0,0,0,0,0,0,0,0,0,,,,,
Reset,68,2,16,10/04/2026 08:03:26,87.50%,0,0,0,0,0.0,0,2,0,0,0,0,0,0,0,0,0,0,0,0,0,0,0,0,0,0,0,0,0,0,0,0,0,0,0,,,,,
Reset,65,0,16,10/04/2026 07:46:35,100.00%,0,0,0,0,0.0,0,0,0,0,0,0,0,0,0,0,0,0,0,0,0,0,0,0,0,0,0,0,0,0,0,0,0,0,0,,,,,
Reset,36,4,15,10/04/2026 07:45:40,73.33%,0,0,0,0,0.0,0,4,0,0,0,0,0,0,0,0,0,0,0,0,0,0,0,0,0,0,0,0,0,0,0,0,0,0,0,,,,,
Reset,72,23,20,10/04/2026 07:41:29,100.00%,0,0,0,0,12.0,0,0,0,0,11,0,0,0,0,0,0,0,0,0,0,0,0,0,0,0,0,0,0,0,0,0,0,0,0,,,,,
Reset,71,6,20,10/04/2026 07:38:26,100.00%,0,0,0,0,0.0,0,2,0,0,4,0,0,0,0,0,0,0,0,0,0,0,0,0,0,0,0,0,0,0,0,0,0,0,0,,,,,
Reset,69,2,16,10/04/2026 07:32:19,87.50%,0,0,0,0,0.0,0,2,0,0,0,0,0,0,0,0,0,0,0,0,0,0,0,0,0,0,0,0,0,0,0,0,0,0,0,,,,,
Reset,39,2,15,10/04/2026 07:31:43,86.67%,0,0,0,0,0.0,0,2,0,0,0,0,0,0,0,0,0,0,0,0,0,0,0,0,0,0,0,0,0,0,0,0,0,0,0,,,,,
Reset,68,3,16,10/04/2026 07:28:26,81.25%,0,0,0,0,0.0,0,3,0,0,0,0,0,0,0,0,0,0,0,0,0,0,0,0,0,0,0,0,0,0,0,0,0,0,0,,,,,
Reset,72,2,20,10/04/2026 07:20:00,100.00%,0,0,0,0,0.0,0,0,0,0,0,0,0,0,1,0,0,0,0,0,0,0,0,0,0,0,0,1,0,0,0,0,0,0,0,,,,,
Reset,66,12,16,10/04/2026 07:14:38,25.00%,0,0,0,0,4.0,0,8,0,0,0,0,0,0,0,0,0,0,0,0,0,0,0,0,0,0,0,0,0,0,0,0,0,0,0,,,,,
Reset,65,2,16,10/04/2026 07:13:45,87.50%,0,0,0,0,0.0,0,2,0,0,0,0,0,0,0,0,0,0,0,0,0,0,0,0,0,0,0,0,0,0,0,0,0,0,0,,,,,
Reset,73,5,20,10/04/2026 07:07:59,100.00%,0,0,0,0,3.0,0,1,0,0,0,0,0,0,0,0,0,0,0,0,0,0,0,0,0,0,0,1,0,0,0,0,0,0,0,,,,,
Reset,69,1,16,10/04/2026 06:55:18,93.75%,0,0,0,0,0.0,0,1,0,0,0,0,0,0,0,0,0,0,0,0,0,0,0,0,0,0,0,0,0,0,0,0,0,0,0,,,,,
Reset,71,3,20,10/04/2026 06:53:36,85.00%,0,0,0,0,0.0,0,0,0,0,3,0,0,0,0,0,0,0,0,0,0,0,0,0,0,0,0,0,0,0,0,0,0,0,0,,,,,
Reset,72,0,20,10/04/2026 06:51:42,100.00%,0,0,0,0,0.0,0,0,0,0,0,0,0,0,0,0,0,0,0,0,0,0,0,0,0,0,0,0,0,0,0,0,0,0,0,,,,,
Reset,68,3,16,10/04/2026 06:45:30,81.25%,0,0,0,0,0.0,0,3,0,0,0,0,0,0,0,0,0,0,0,0,0,0,0,0,0,0,0,0,0,0,0,0,0,0,0,,,,,
Reset,73,9,20,10/04/2026 06:28:29,100.00%,0,0,0,0,0.0,0,7,0,0,2,0,0,0,0,0,0,0,0,0,0,0,0,0,0,0,0,0,0,0,0,0,0,0,0,,,,,
Reset,40,2,15,09/04/2026 23:17:28,86.67%,0,0,0,0,0.0,0,2,0,0,0,0,0,0,0,0,0,0,0,0,0,0,0,0,0,0,0,0,0,0,0,0,0,0,0,,,,,
Reset,51,4,15,09/04/2026 23:11:22,73.33%,0,0,0,0,0.0,0,2,0,0,0,0,0,0,0,0,0,0,0,0,0,0,0,0,0,0,0,2,0,0,0,0,0,0,0,,,,,
Reset,71,14,20,09/04/2026 23:10:24,30.00%,0,0,0,0,0.0,2,5,0,0,2,0,0,0,0,0,0,0,0,5,0,0,0,0,0,0,0,0,0,0,0,0,0,0,0,,,,,
0,-*****************************************************************************************************************************************************************************************************************************************************************************************************************************************************************************************************************************************************************************************************************-------------------------------------------------------------------------------------------------------------------,0,0,09/04/2026 23:09:12,0,0,0,0,0,0.0,0,0,0,0,0,0,0,0,0,0,0,0,0,0,0,0,0,0,0,0,0,0,0,0,0,0,0,0,0,,,,,
Reset,37,2,15,09/04/2026 22:58:37,86.67%,0,0,0,0,1.0,0,1,0,0,0,0,0,0,0,0,0,0,0,0,0,0,0,0,0,0,0,0,0,0,0,0,0,0,0,,,,,
Reset,52,2,15,09/04/2026 22:48:15,86.67%,0,0,0,0,0.0,0,2,0,0,0,0,0,0,0,0,0,0,0,0,0,0,0,0,0,0,0,0,0,0,0,0,0,0,0,,,,,
Reset,40,2,15,09/04/2026 22:40:38,86.67%,0,0,0,0,1.0,0,0,0,0,0,0,0,0,0,0,0,0,0,0,0,0,0,0,0,0,0,1,0,0,0,0,0,0,0,,,,,
Reset,39,2,15,09/04/2026 22:29:20,86.67%,0,0,0,0,0.0,0,2,0,0,0,0,0,0,0,0,0,0,0,0,0,0,0,0,0,0,0,0,0,0,0,0,0,0,0,,,,,
Reset,37,4,15,09/04/2026 22:18:29,73.33%,0,0,0,0,2.0,0,2,0,0,0,0,0,0,0,0,0,0,0,0,0,0,0,0,0,0,0,0,0,0,0,0,0,0,0,,,,,
Reset,40,1,15,09/04/2026 22:07:38,93.33%,0,0,0,0,0.0,0,1,0,0,0,0,0,0,0,0,0,0,0,0,0,0,0,0,0,0,0,0,0,0,0,0,0,0,0,,,,,
Reset,134,40,40,09/04/2026 22:01:04,0,2000,880,45,50,40.0,0,0,0,0,0,0,0,0,0,0,0,0,0,0,0,0,0,0,0,0,0,0,0,0,0,0,0,0,0,,,,,
Reset,39,2,15,09/04/2026 21:57:40,86.67%,0,0,0,0,0.0,0,2,0,0,0,0,0,0,0,0,0,0,0,0,0,0,0,0,0,0,0,0,0,0,0,0,0,0,0,,,,,
Reset,51,3,15,09/04/2026 21:47:05,80.00%,0,0,0,0,0.0,3,0,0,0,0,0,0,0,0,0,0,0,0,0,0,0,0,0,0,0,0,0,0,0,0,0,0,0,0,,,,,
Reset,136,12,40,09/04/2026 21:42:44,70.00%,200,80,45,50,0.0,0,7,0,0,0,0,0,0,0,0,0,0,5,0,0,0,0,0,0,0,0,0,0,0,0,0,0,0,0,,,,,
Reset,37,3,15,09/04/2026 21:34:54,80.00%,0,0,0,0,1.0,0,1,0,0,0,0,0,0,0,0,0,0,0,0,0,0,0,0,0,0,0,1,0,0,0,0,0,0,0,,,,,
Reset,52,3,15,09/04/2026 21:31:10,80.00%,0,0,0,0,1.0,0,0,0,0,0,0,0,0,0,0,0,0,0,0,0,0,0,0,2,0,0,0,0,0,0,0,0,0,0,,,,,
Reset,40,0,15,09/04/2026 21:26:16,100.00%,0,0,0,0,0.0,0,0,0,0,0,0,0,0,0,0,0,0,0,0,0,0,0,0,0,0,0,0,0,0,0,0,0,0,0,,,,,
Reset,65,2,16,09/04/2026 21:25:59,87.50%,0,0,0,0,2.0,0,0,0,0,0,0,0,0,0,0,0,0,0,0,0,0,0,0,0,0,0,0,0,0,0,0,0,0,0,,,,,
Reset,135,10,40,09/04/2026 21:15:26,75.00%,2000,80,45,50,0.0,0,7,0,0,0,0,0,0,0,0,0,0,1,2,0,0,0,0,0,0,0,0,0,0,0,0,0,0,0,,,,,
Reset,39,2,15,09/04/2026 21:11:58,86.67%,0,0,0,0,0.0,0,1,0,0,0,0,0,0,0,0,0,0,0,0,0,0,0,0,0,0,0,0,0,1,0,0,0,0,0,,,,,
Reset,133,11,40,09/04/2026 21:09:25,72.50%,2000,880,45,50,0.0,0,6,0,0,0,0,0,0,0,0,0,0,2,3,0,0,0,0,0,0,0,0,0,0,0,0,0,0,0,,,,,
Reset,51,3,15,09/04/2026 21:08:14,80.00%,0,0,0,0,0.0,1,2,0,0,0,0,0,0,0,0,0,0,0,0,0,0,0,0,0,0,0,0,0,0,0,0,0,0,0,,,,,
Reset,131,8,40,09/04/2026 21:04:23,80.00%,2000,880,45,50,0.0,0,2,0,0,0,0,0,0,0,0,0,0,4,2,0,0,0,0,0,0,0,0,0,0,0,0,0,0,0,,,,,
Reset,134,6,40,09/04/2026 20:58:16,85.00%,2000,880,45,50,0.0,0,4,0,0,0,0,0,0,0,0,0,0,2,0,0,0,0,0,0,0,0,0,0,0,0,0,0,0,0,,,,,
Reset,52,2,15,09/04/2026 20:56:31,86.67%,0,0,0,0,0.0,0,1,0,0,0,0,0,0,0,0,0,0,0,0,0,0,0,0,0,0,0,0,0,1,0,0,0,0,0,,,,,
Reset,131,5,40,09/04/2026 20:54:37,87.50%,2000,880,45,50,0.0,0,2,0,0,0,0,0,0,0,0,0,0,0,3,0,0,0,0,0,0,0,0,0,0,0,0,0,0,0,,,,,
Reset,37,2,15,09/04/2026 20:52:16,86.67%,0,0,0,0,1.0,0,1,0,0,0,0,0,0,0,0,0,0,0,0,0,0,0,0,0,0,0,0,0,0,0,0,0,0,0,,,,,
Reset,134,7,40,09/04/2026 20:50:16,82.50%,2000,880,45,50,0.0,0,5,0,0,0,0,0,0,0,0,0,0,0,2,0,0,0,0,0,0,0,0,0,0,0,0,0,0,0,,,,,
Reset,136,6,40,09/04/2026 20:47:06,85.00%,200,80,45,50,0.0,0,1,0,0,0,0,0,0,0,0,0,0,3,2,0,0,0,0,0,0,0,0,0,0,0,0,0,0,0,,,,,
Reset,135,4,40,09/04/2026 20:42:05,90.00%,2000,80,45,50,0.0,0,2,0,0,0,0,0,0,0,0,0,0,1,1,0,0,0,0,0,0,0,0,0,0,0,0,0,0,0,,,,,
Reset,134,5,40,09/04/2026 20:38:46,87.50%,2000,880,45,50,0.0,0,2,0,0,0,0,0,0,0,0,0,0,0,0,0,0,0,0,3,0,0,0,0,0,0,0,0,0,0,,,,,
Reset,68,2,16,09/04/2026 20:37:50,87.50%,0,0,0,0,0.0,0,1,0,0,0,0,0,0,0,0,0,0,0,1,0,0,0,0,0,0,0,0,0,0,0,0,0,0,0,,,,,
Reset,65,0,16,09/04/2026 20:31:00,100.00%,0,0,0,0,0.0,0,0,0,0,0,0,0,0,0,0,0,0,0,0,0,0,0,0,0,0,0,0,0,0,0,0,0,0,0,,,,,
Reset,136,8,40,09/04/2026 20:23:11,80.00%,200,80,45,50,0.0,0,8,0,0,0,0,0,0,0,0,0,0,0,0,0,0,0,0,0,0,0,0,0,0,0,0,0,0,0,,,,,
Reset,40,4,15,09/04/2026 20:19:13,73.33%,0,0,0,0,0.0,0,4,0,0,0,0,0,0,0,0,0,0,0,0,0,0,0,0,0,0,0,0,0,0,0,0,0,0,0,,,,,
Reset,51,2,15,09/04/2026 20:11:12,86.67%,0,0,0,0,0.0,2,0,0,0,0,0,0,0,0,0,0,0,0,0,0,0,0,0,0,0,0,0,0,0,0,0,0,0,0,,,,,
Reset,133,7,40,09/04/2026 19:57:47,82.50%,2000,880,45,50,0.0,0,7,0,0,0,0,0,0,0,0,0,0,0,0,0,0,0,0,0,0,0,0,0,0,0,0,0,0,0,,,,,
Reset,69,0,16,09/04/2026 19:52:20,100.00%,0,0,0,0,0.0,0,0,0,0,0,0,0,0,0,0,0,0,0,0,0,0,0,0,0,0,0,0,0,0,0,0,0,0,0,,,,,
Reset,135,12,40,09/04/2026 19:49:19,70.00%,2000,80,45,50,0.0,0,12,0,0,0,0,0,0,0,0,0,0,0,0,0,0,0,0,0,0,0,0,0,0,0,0,0,0,0,,,,,
Reset,37,3,15,09/04/2026 19:48:16,80.00%,0,0,0,0,1.0,0,2,0,0,0,0,0,0,0,0,0,0,0,0,0,0,0,0,0,0,0,0,0,0,0,0,0,0,0,,,,,
Reset,40,2,15,09/04/2026 19:46:27,86.67%,0,0,0,0,0.0,0,2,0,0,0,0,0,0,0,0,0,0,0,0,0,0,0,0,0,0,0,0,0,0,0,0,0,0,0,,,,,
Reset,52,0,15,09/04/2026 19:46:16,100.00%,0,0,0,0,0.0,0,0,0,0,0,0,0,0,0,0,0,0,0,0,0,0,0,0,0,0,0,0,0,0,0,0,0,0,0,,,,,
Reset,133,10,40,09/04/2026 19:45:35,75.00%,2000,880,45,50,0.0,0,8,0,0,0,0,0,0,0,0,0,0,0,2,0,0,0,0,0,0,0,0,0,0,0,0,0,0,0,,,,,
Reset,39,1,15,09/04/2026 19:40:10,93.33%,0,0,0,0,0.0,0,1,0,0,0,0,0,0,0,0,0,0,0,0,0,0,0,0,0,0,0,0,0,0,0,0,0,0,0,,,,,
Reset,136,5,40,09/04/2026 19:39:39,87.50%,200,80,45,50,0.0,0,5,0,0,0,0,0,0,0,0,0,0,0,0,0,0,0,0,0,0,0,0,0,0,0,0,0,0,0,,,,,
Reset,133,9,40,09/04/2026 19:34:59,77.50%,2000,880,45,50,0.0,0,9,0,0,0,0,0,0,0,0,0,0,0,0,0,0,0,0,0,0,0,0,0,0,0,0,0,0,0,,,,,
Reset,135,13,40,09/04/2026 19:31:44,67.50%,2000,80,45,50,0.0,0,8,0,0,0,0,0,0,0,0,0,0,0,5,0,0,0,0,0,0,0,0,0,0,0,0,0,0,0,,,,,
Reset,131,5,40,09/04/2026 19:27:54,87.50%,2000,880,45,50,3.0,0,1,0,0,0,0,0,0,0,0,0,0,0,1,0,0,0,0,0,0,0,0,0,0,0,0,0,0,0,,,,,
Reset,65,0,16,09/04/2026 19:27:00,100.00%,0,0,0,0,0.0,0,0,0,0,0,0,0,0,0,0,0,0,0,0,0,0,0,0,0,0,0,0,0,0,0,0,0,0,0,,,,,
Reset,131,15,40,09/04/2026 19:21:10,62.50%,2000,880,45,50,0.0,0,3,0,0,0,0,0,0,0,0,0,0,0,12,0,0,0,0,0,0,0,0,0,0,0,0,0,0,0,,,,,
Reset,131,14,40,09/04/2026 19:17:04,65.00%,2000,880,45,50,0.0,0,4,0,0,0,0,0,0,0,0,0,0,0,10,0,0,0,0,0,0,0,0,0,0,0,0,0,0,0,,,,,
Reset,134,10,40,09/04/2026 19:13:10,75.00%,2000,880,45,50,0.0,0,6,0,0,0,0,0,0,0,0,0,0,0,4,0,0,0,0,0,0,0,0,0,0,0,0,0,0,0,,,,,
Reset,40,4,15,09/04/2026 18:07:21,73.33%,0,0,0,0,0.0,0,4,0,0,0,0,0,0,0,0,0,0,0,0,0,0,0,0,0,0,0,0,0,0,0,0,0,0,0,,,,,
Reset,136,10,40,09/04/2026 18:06:44,75.00%,200,80,45,50,0.0,0,6,0,0,0,0,0,0,0,0,0,0,0,4,0,0,0,0,0,0,0,0,0,0,0,0,0,0,0,,,,,
Reset,37,4,15,09/04/2026 17:56:33,73.33%,0,0,0,0,1.0,0,3,0,0,0,0,0,0,0,0,0,0,0,0,0,0,0,0,0,0,0,0,0,0,0,0,0,0,0,,,,,
Reset,69,0,16,09/04/2026 17:48:55,100.00%,0,0,0,0,0.0,0,0,0,0,0,0,0,0,0,0,0,0,0,0,0,0,0,0,0,0,0,0,0,0,0,0,0,0,0,,,,,
Reset,135,17,40,09/04/2026 17:46:02,57.50%,2000,80,45,50,0.0,0,12,0,0,0,0,0,0,0,0,0,0,0,5,0,0,0,0,0,0,0,0,0,0,0,0,0,0,0,,,,,
Reset,39,2,15,09/04/2026 17:43:08,86.67%,0,0,0,0,0.0,0,2,0,0,0,0,0,0,0,0,0,0,0,0,0,0,0,0,0,0,0,0,0,0,0,0,0,0,0,,,,,
Reset,133,9,40,09/04/2026 17:28:00,77.50%,2000,880,45,50,0.0,0,5,0,0,0,0,0,0,0,0,0,0,0,4,0,0,0,0,0,0,0,0,0,0,0,0,0,0,0,,,,,
Reset,134,9,40,09/04/2026 17:24:04,77.50%,2000,880,45,50,6.0,0,3,0,0,0,0,0,0,0,0,0,0,0,0,0,0,0,0,0,0,0,0,0,0,0,0,0,0,0,,,,,
Reset,52,2,15,09/04/2026 17:22:03,86.67%,0,0,0,0,0.0,0,1,0,0,0,0,0,0,0,0,0,0,0,0,0,0,0,0,0,0,0,1,0,0,0,0,0,0,0,,,,,
Reset,40,2,15,09/04/2026 17:11:52,86.67%,0,0,0,0,0.0,0,2,0,0,0,0,0,0,0,0,0,0,0,0,0,0,0,0,0,0,0,0,0,0,0,0,0,0,0,,,,,
Reset,65,5,16,09/04/2026 16:59:26,68.75%,0,0,0,0,2.0,0,3,0,0,0,0,0,0,0,0,0,0,0,0,0,0,0,0,0,0,0,0,0,0,0,0,0,0,0,,,,,
Reset,39,2,15,09/04/2026 16:57:11,86.67%,0,0,0,0,0.0,0,2,0,0,0,0,0,0,0,0,0,0,0,0,0,0,0,0,0,0,0,0,0,0,0,0,0,0,0,,,,,
Reset,136,10,40,09/04/2026 16:42:12,75.00%,200,80,45,50,10.0,0,0,0,0,0,0,0,0,0,0,0,0,0,0,0,0,0,0,0,0,0,0,0,0,0,0,0,0,0,,,,,
Reset,51,6,15,09/04/2026 16:41:58,60.00%,0,0,0,0,0.0,3,3,0,0,0,0,0,0,0,0,0,0,0,0,0,0,0,0,0,0,0,0,0,0,0,0,0,0,0,,,,,
Reset,40,2,15,09/04/2026 16:31:38,86.67%,0,0,0,0,0.0,0,2,0,0,0,0,0,0,0,0,0,0,0,0,0,0,0,0,0,0,0,0,0,0,0,0,0,0,0,,,,,
Reset,39,2,15,09/04/2026 16:21:07,86.67%,0,0,0,0,0.0,1,1,0,0,0,0,0,0,0,0,0,0,0,0,0,0,0,0,0,0,0,0,0,0,0,0,0,0,0,,,,,
Reset,134,6,40,09/04/2026 16:15:41,85.00%,2000,880,45,50,6.0,0,0,0,0,0,0,0,0,0,0,0,0,0,0,0,0,0,0,0,0,0,0,0,0,0,0,0,0,0,,,,,
Reset,135,15,40,09/04/2026 16:03:27,62.50%,2000,80,45,50,15.0,0,0,0,0,0,0,0,0,0,0,0,0,0,0,0,0,0,0,0,0,0,0,0,0,0,0,0,0,0,,,,,
Reset,136,20,40,09/04/2026 16:03:17,50.00%,200,80,45,50,20.0,0,0,0,0,0,0,0,0,0,0,0,0,0,0,0,0,0,0,0,0,0,0,0,0,0,0,0,0,0,,,,,
Reset,131,12,40,09/04/2026 15:39:27,70.00%,2000,880,45,50,12.0,0,0,0,0,0,0,0,0,0,0,0,0,0,0,0,0,0,0,0,0,0,0,0,0,0,0,0,0,0,,,,,
Reset,136,4,40,09/04/2026 14:44:55,90.00%,200,80,45,50,0.0,0,4,0,0,0,0,0,0,0,0,0,0,0,0,0,0,0,0,0,0,0,0,0,0,0,0,0,0,0,,,,,
Reset,69,10,16,09/04/2026 14:42:42,37.50%,0,0,0,0,6.0,0,4,0,0,0,0,0,0,0,0,0,0,0,0,0,0,0,0,0,0,0,0,0,0,0,0,0,0,0,,,,,
Reset,68,10,16,09/04/2026 14:31:10,37.50%,0,0,0,0,9.0,0,1,0,0,0,0,0,0,0,0,0,0,0,0,0,0,0,0,0,0,0,0,0,0,0,0,0,0,0,,,,,
Reset,65,5,16,09/04/2026 14:28:59,68.75%,0,0,0,0,4.0,0,1,0,0,0,0,0,0,0,0,0,0,0,0,0,0,0,0,0,0,0,0,0,0,0,0,0,0,0,,,,,
Reset,65,4,16,09/04/2026 14:22:10,75.00%,0,0,0,0,4.0,0,0,0,0,0,0,0,0,0,0,0,0,0,0,0,0,0,0,0,0,0,0,0,0,0,0,0,0,0,,,,,
Reset,69,3,16,09/04/2026 14:13:15,81.25%,0,0,0,0,3.0,0,0,0,0,0,0,0,0,0,0,0,0,0,0,0,0,0,0,0,0,0,0,0,0,0,0,0,0,0,,,,,
Reset,71,14,20,09/04/2026 14:10:54,30.00%,0,0,0,0,12.0,0,0,0,0,2,0,0,0,0,0,0,0,0,0,0,0,0,0,0,0,0,0,0,0,0,0,0,0,0,,,,,
Reset,66,1,16,09/04/2026 14:05:03,93.75%,0,0,0,0,1.0,0,0,0,0,0,0,0,0,0,0,0,0,0,0,0,0,0,0,0,0,0,0,0,0,0,0,0,0,0,,,,,
Reset,68,6,16,09/04/2026 14:03:16,62.50%,0,0,0,0,6.0,0,0,0,0,0,0,0,0,0,0,0,0,0,0,0,0,0,0,0,0,0,0,0,0,0,0,0,0,0,,,,,
Reset,65,6,16,09/04/2026 13:59:21,62.50%,0,0,0,0,4.0,0,1,0,0,0,0,0,0,0,1,0,0,0,0,0,0,0,0,0,0,0,0,0,0,0,0,0,0,0,,,,,
Reset,69,8,16,09/04/2026 13:44:39,50.00%,0,0,0,0,8.0,0,0,0,0,0,0,0,0,0,0,0,0,0,0,0,0,0,0,0,0,0,0,0,0,0,0,0,0,0,,,,,
Reset,73,5,20,09/04/2026 13:43:08,75.00%,0,0,0,0,4.0,0,0,0,0,1,0,0,0,0,0,0,0,0,0,0,0,0,0,0,0,0,0,0,0,0,0,0,0,0,,,,,
Reset,66,1,16,09/04/2026 13:39:50,93.75%,0,0,0,0,1.0,0,0,0,0,0,0,0,0,0,0,0,0,0,0,0,0,0,0,0,0,0,0,0,0,0,0,0,0,0,,,,,
Reset,72,20,20,09/04/2026 13:35:02,0,0,0,0,0,20.0,0,0,0,0,0,0,0,0,0,0,0,0,0,0,0,0,0,0,0,0,0,0,0,0,0,0,0,0,0,,,,,
Reset,134,35,40,09/04/2026 13:33:46,12.50%,2000,880,45,50,35.0,0,0,0,0,0,0,0,0,0,0,0,0,0,0,0,0,0,0,0,0,0,0,0,0,0,0,0,0,0,,,,,
Reset,136,37,40,09/04/2026 13:33:31,7.50%,200,80,45,50,37.0,0,0,0,0,0,0,0,0,0,0,0,0,0,0,0,0,0,0,0,0,0,0,0,0,0,0,0,0,0,,,,,
Reset,134,13,40,09/04/2026 13:33:20,67.50%,2000,880,45,50,13.0,0,0,0,0,0,0,0,0,0,0,0,0,0,0,0,0,0,0,0,0,0,0,0,0,0,0,0,0,0,,,,,
Reset,132,30,40,09/04/2026 13:33:07,25.00%,2000,880,45,50,30.0,0,0,0,0,0,0,0,0,0,0,0,0,0,0,0,0,0,0,0,0,0,0,0,0,0,0,0,0,0,,,,,
Reset,68,4,16,09/04/2026 13:31:01,75.00%,0,0,0,0,4.0,0,0,0,0,0,0,0,0,0,0,0,0,0,0,0,0,0,0,0,0,0,0,0,0,0,0,0,0,0,,,,,
Reset,71,20,20,09/04/2026 13:14:13,0,0,0,0,0,20.0,0,0,0,0,0,0,0,0,0,0,0,0,0,0,0,0,0,0,0,0,0,0,0,0,0,0,0,0,0,,,,,
PR20,82,15,24,09/04/2026 13:06:58,37.50%,1400,1520,50,100,11.0,0,0,0,0,0,0,0,0,0,0,0,0,0,0,0,0,0,0,0,0,0,0,0,0,0,0,0,0,4,,,,,
Reset,132,21,40,09/04/2026 13:05:53,47.50%,2000,880,45,50,18.0,0,3,0,0,0,0,0,0,0,0,0,0,0,0,0,0,0,0,0,0,0,0,0,0,0,0,0,0,0,,,,,
Reset,134,8,40,09/04/2026 13:03:20,80.00%,2000,880,45,50,0.0,0,4,0,0,0,0,0,0,0,0,0,0,0,4,0,0,0,0,0,0,0,0,0,0,0,0,0,0,0,,,,,
Reset,74,7,20,09/04/2026 13:00:12,65.00%,0,0,0,0,5.0,0,0,0,0,1,0,0,0,0,0,0,0,0,0,0,0,0,0,0,0,0,0,0,0,0,1,0,0,0,,,,,
Reset,66,1,16,09/04/2026 12:52:57,93.75%,0,0,0,0,0.0,0,1,0,0,0,0,0,0,0,0,0,0,0,0,0,0,0,0,0,0,0,0,0,0,0,0,0,0,0,,,,,
PR20,83,12,24,09/04/2026 12:45:27,50.00%,1400,1520,50,100,9.0,0,1,0,0,0,0,0,0,0,0,0,0,0,0,0,0,0,0,0,0,0,0,0,0,0,0,0,0,2,,,,,
Reset,133,18,40,09/04/2026 12:36:08,55.00%,2000,880,45,50,14.0,0,2,0,0,0,0,0,0,0,0,0,0,0,2,0,0,0,0,0,0,0,0,0,0,0,0,0,0,0,,,,,
Reset,131,19,40,09/04/2026 12:25:45,52.50%,2000,880,45,50,19.0,0,0,0,0,0,0,0,0,0,0,0,0,0,0,0,0,0,0,0,0,0,0,0,0,0,0,0,0,0,,,,,
PR20,82,0,24,09/04/2026 12:04:14,100.00%,1400,1520,50,100,0.0,0,0,0,0,0,0,0,0,0,0,0,0,0,0,0,0,0,0,0,0,0,0,0,0,0,0,0,0,0,,,,,
PR20,83,2,24,09/04/2026 11:54:48,100.00%,1400,1520,50,100,0.0,0,0,0,0,2,0,0,0,0,0,0,0,0,0,0,0,0,0,0,0,0,0,0,0,0,0,0,0,0,,,,,
PR20,80,2,24,09/04/2026 11:40:05,100.00%,1400,1520,50,100,0.0,0,0,0,0,0,0,0,0,0,0,0,0,0,0,0,0,0,0,0,0,0,2,0,0,0,0,0,0,0,,,,,
PR20,82,5,24,09/04/2026 11:14:09,79.17%,1400,1520,50,100,5.0,0,0,0,0,0,0,0,0,0,0,0,0,0,0,0,0,0,0,0,0,0,0,0,0,0,0,0,0,0,,,,,
PR20,83,11,24,09/04/2026 11:13:51,100.00%,1400,1520,50,100,8.0,0,2,0,0,0,0,0,0,0,0,0,0,0,1,0,0,0,0,0,0,0,0,0,0,0,0,0,0,0,,,,,
PR20,80,2,24,09/04/2026 11:04:43,91.67%,1400,1520,50,100,2.0,0,0,0,0,0,0,0,0,0,0,0,0,0,0,0,0,0,0,0,0,0,0,0,0,0,0,0,0,0,,,,,
Reset,132,24,40,09/04/2026 10:41:30,40.00%,2000,880,45,50,22.0,0,2,0,0,0,0,0,0,0,0,0,0,0,0,0,0,0,0,0,0,0,0,0,0,0,0,0,0,0,,,,,
Reset,73,5,20,09/04/2026 10:04:40,100.00%,0,0,0,0,3.0,0,0,0,0,0,0,0,0,0,0,0,0,2,0,0,0,0,0,0,0,0,0,0,0,0,0,0,0,0,,,,,
Reset,68,7,16,09/04/2026 10:03:58,56.25%,0,0,0,0,6.0,0,1,0,0,0,0,0,0,0,0,0,0,0,0,0,0,0,0,0,0,0,0,0,0,0,0,0,0,0,,,,,
0,687,7,0,09/04/2026 10:03:04,0,0,0,0,0,6.0,0,1,0,0,0,0,0,0,0,0,0,0,0,0,0,0,0,0,0,0,0,0,0,0,0,0,0,0,0,,,,,
Reset,132,26,40,09/04/2026 10:02:10,35.00%,2000,880,45,50,21.0,0,2,0,0,0,0,0,0,0,0,0,0,0,3,0,0,0,0,0,0,0,0,0,0,0,0,0,0,0,,,,,
Reset,3,0,20,09/04/2026 10:01:30,100.00%,0,0,0,0,0.0,0,0,0,0,0,0,0,0,0,0,0,0,0,0,0,0,0,0,0,0,0,0,0,0,0,0,0,0,0,,,,,
Reset,71,2,20,09/04/2026 09:51:29,100.00%,0,0,0,0,0.0,0,0,0,0,2,0,0,0,0,0,0,0,0,0,0,0,0,0,0,0,0,0,0,0,0,0,0,0,0,,,,,
Reset,72,17,20,09/04/2026 09:50:00,15.00%,0,0,0,0,17.0,0,0,0,0,0,0,0,0,0,0,0,0,0,0,0,0,0,0,0,0,0,0,0,0,0,0,0,0,0,,,,,
Reset,69,5,16,09/04/2026 09:38:55,68.75%,0,0,0,0,2.0,0,3,0,0,0,0,0,0,0,0,0,0,0,0,0,0,0,0,0,0,0,0,0,0,0,0,0,0,0,,,,,
Reset,68,10,16,09/04/2026 09:31:02,37.50%,0,0,0,0,9.0,0,1,0,0,0,0,0,0,0,0,0,0,0,0,0,0,0,0,0,0,0,0,0,0,0,0,0,0,0,,,,,
Reset,66,3,16,09/04/2026 09:28:55,81.25%,0,0,0,0,0.0,0,3,0,0,0,0,0,0,0,0,0,0,0,0,0,0,0,0,0,0,0,0,0,0,0,0,0,0,0,,,,,
Reset,73,6,20,09/04/2026 09:25:55,70.00%,0,0,0,0,4.0,0,0,0,0,0,0,0,0,0,0,0,0,2,0,0,0,0,0,0,0,0,0,0,0,0,0,0,0,0,,,,,
Reset,69,4,16,09/04/2026 09:07:40,75.00%,0,0,0,0,4.0,0,0,0,0,0,0,0,0,0,0,0,0,0,0,0,0,0,0,0,0,0,0,0,0,0,0,0,0,0,,,,,
Reset,65,1,16,09/04/2026 09:01:35,93.75%,0,0,0,0,0.0,0,1,0,0,0,0,0,0,0,0,0,0,0,0,0,0,0,0,0,0,0,0,0,0,0,0,0,0,0,,,,,
Reset,136,20,40,09/04/2026 08:48:16,50.00%,200,80,45,50,9.0,0,6,0,0,0,0,0,0,0,0,0,0,0,5,0,0,0,0,0,0,0,0,0,0,0,0,0,0,0,,,,,
Reset,66,0,16,09/04/2026 08:46:57,100.00%,0,0,0,0,0.0,0,0,0,0,0,0,0,0,0,0,0,0,0,0,0,0,0,0,0,0,0,0,0,0,0,0,0,0,0,,,,,
Reset,71,8,20,09/04/2026 08:44:47,60.00%,0,0,0,0,8.0,0,0,0,0,0,0,0,0,0,0,0,0,0,0,0,0,0,0,0,0,0,0,0,0,0,0,0,0,0,,,,,
Reset,69,5,16,09/04/2026 08:34:42,68.75%,0,0,0,0,2.0,0,2,0,0,0,0,0,0,0,1,0,0,0,0,0,0,0,0,0,0,0,0,0,0,0,0,0,0,0,,,,,
Reset,74,6,20,09/04/2026 08:20:47,70.00%,0,0,0,0,5.0,0,0,0,0,0,0,0,0,0,0,0,0,0,0,0,0,1,0,0,0,0,0,0,0,0,0,0,0,0,,,,,
Reset,68,8,16,09/04/2026 08:13:30,50.00%,0,0,0,0,6.0,0,1,0,0,0,0,0,0,0,1,0,0,0,0,0,0,0,0,0,0,0,0,0,0,0,0,0,0,0,,,,,
Reset,66,2,16,09/04/2026 08:09:52,87.50%,0,0,0,0,0.0,0,1,0,0,0,0,0,0,0,1,0,0,0,0,0,0,0,0,0,0,0,0,0,0,0,0,0,0,0,,,,,
Reset,72,19,20,09/04/2026 08:01:36,5.00%,0,0,0,0,19.0,0,0,0,0,0,0,0,0,0,0,0,0,0,0,0,0,0,0,0,0,0,0,0,0,0,0,0,0,0,,,,,
Reset,73,5,20,09/04/2026 07:55:08,75.00%,0,0,0,0,4.0,0,0,0,0,0,0,0,0,0,0,0,0,1,0,0,0,0,0,0,0,0,0,0,0,0,0,0,0,0,,,,,
Reset,71,7,20,09/04/2026 07:46:29,65.00%,0,0,0,0,6.0,0,1,0,0,0,0,0,0,0,0,0,0,0,0,0,0,0,0,0,0,0,0,0,0,0,0,0,0,0,,,,,
Reset,135,18,40,09/04/2026 07:38:02,55.00%,2000,80,45,50,14.0,0,4,0,0,0,0,0,0,0,0,0,0,0,0,0,0,0,0,0,0,0,0,0,0,0,0,0,0,0,,,,,
Reset,73,6,20,09/04/2026 07:36:55,100.00%,0,0,0,0,5.0,0,0,0,0,1,0,0,0,0,0,0,0,0,0,0,0,0,0,0,0,0,0,0,0,0,0,0,0,0,,,,,
Reset,65,0,16,09/04/2026 07:36:13,100.00%,0,0,0,0,0.0,0,0,0,0,0,0,0,0,0,0,0,0,0,0,0,0,0,0,0,0,0,0,0,0,0,0,0,0,0,,,,,
Reset,69,5,16,09/04/2026 07:35:17,68.75%,0,0,0,0,3.0,0,1,0,0,0,0,0,0,0,1,0,0,0,0,0,0,0,0,0,0,0,0,0,0,0,0,0,0,0,,,,,
Reset,135,18,40,09/04/2026 07:30:47,55.00%,2000,80,45,50,15.0,0,3,0,0,0,0,0,0,0,0,0,0,0,0,0,0,0,0,0,0,0,0,0,0,0,0,0,0,0,,,,,
Reset,72,16,20,09/04/2026 07:19:40,100.00%,0,0,0,0,16.0,0,0,0,0,0,0,0,0,0,0,0,0,0,0,0,0,0,0,0,0,0,0,0,0,0,0,0,0,0,,,,,
Reset,134,21,40,09/04/2026 06:59:46,47.50%,2000,880,45,50,20.0,0,1,0,0,0,0,0,0,0,0,0,0,0,0,0,0,0,0,0,0,0,0,0,0,0,0,0,0,0,,,,,
Reset,68,8,16,09/04/2026 06:57:48,50.00%,0,0,0,0,7.0,0,1,0,0,0,0,0,0,0,0,0,0,0,0,0,0,0,0,0,0,0,0,0,0,0,0,0,0,0,,,,,
Reset,132,24,40,09/04/2026 06:39:02,40.00%,2000,880,45,50,22.0,0,2,0,0,0,0,0,0,0,0,0,0,0,0,0,0,0,0,0,0,0,0,0,0,0,0,0,0,0,,,,,
Reset,66,2,16,09/04/2026 06:35:03,87.50%,0,0,0,0,1.0,0,1,0,0,0,0,0,0,0,0,0,0,0,0,0,0,0,0,0,0,0,0,0,0,0,0,0,0,0,,,,,
Reset,131,17,40,09/04/2026 06:25:45,57.50%,2000,880,45,50,13.0,0,2,0,0,0,0,0,0,0,0,0,0,0,2,0,0,0,0,0,0,0,0,0,0,0,0,0,0,0,,,,,
PR20,83,6,24,08/04/2026 23:05:32,75.00%,1400,1520,50,100,3.0,0,0,0,0,0,0,0,0,0,0,0,0,0,0,0,0,0,0,0,0,0,0,0,0,0,0,0,0,3,,,,,
Reset,134,10,40,08/04/2026 22:57:41,75.00%,2000,880,45,50,10.0,0,0,0,0,0,0,0,0,0,0,0,0,0,0,0,0,0,0,0,0,0,0,0,0,0,0,0,0,0,,,,,
Reset,69,3,16,08/04/2026 22:56:21,81.25%,0,0,0,0,1.0,0,2,0,0,0,0,0,0,0,0,0,0,0,0,0,0,0,0,0,0,0,0,0,0,0,0,0,0,0,,,,,
Reset,65,2,16,08/04/2026 22:33:06,87.50%,0,0,0,0,0.0,0,2,0,0,0,0,0,0,0,0,0,0,0,0,0,0,0,0,0,0,0,0,0,0,0,0,0,0,0,,,,,
PR20,82,5,24,08/04/2026 22:27:07,79.17%,1400,1520,50,100,2.0,0,0,0,0,0,0,0,0,0,0,0,0,0,0,0,0,0,0,0,0,0,0,0,0,0,0,0,0,3,,,,,
Reset,133,10,40,08/04/2026 22:20:22,75.00%,2000,880,45,50,8.0,0,2,0,0,0,0,0,0,0,0,0,0,0,0,0,0,0,0,0,0,0,0,0,0,0,0,0,0,0,,,,,
Reset,68,8,16,08/04/2026 22:16:15,50.00%,0,0,0,0,7.0,0,1,0,0,0,0,0,0,0,0,0,0,0,0,0,0,0,0,0,0,0,0,0,0,0,0,0,0,0,,,,,
Reset,66,0,16,08/04/2026 22:13:48,100.00%,0,0,0,0,0.0,0,0,0,0,0,0,0,0,0,0,0,0,0,0,0,0,0,0,0,0,0,0,0,0,0,0,0,0,0,,,,,
PR20,80,3,24,08/04/2026 22:09:48,87.50%,1400,1520,50,100,2.0,0,0,0,0,0,0,0,0,1,0,0,0,0,0,0,0,0,0,0,0,0,0,0,0,0,0,0,0,0,,,,,
Reset,69,4,16,08/04/2026 22:02:34,75.00%,0,0,0,0,3.0,0,1,0,0,0,0,0,0,0,0,0,0,0,0,0,0,0,0,0,0,0,0,0,0,0,0,0,0,0,,,,,
Reset,65,2,16,08/04/2026 21:53:58,87.50%,0,0,0,0,0.0,0,2,0,0,0,0,0,0,0,0,0,0,0,0,0,0,0,0,0,0,0,0,0,0,0,0,0,0,0,,,,,
PR20,83,18,24,08/04/2026 21:44:31,25.00%,1400,1520,50,100,2.0,0,0,0,0,0,0,0,0,0,0,0,0,0,0,0,0,0,0,0,0,0,0,0,0,0,0,0,0,16,,,,,
Reset,134,4,40,08/04/2026 21:38:58,90.00%,2000,880,45,50,4.0,0,0,0,0,0,0,0,0,0,0,0,0,0,0,0,0,0,0,0,0,0,0,0,0,0,0,0,0,0,,,,,
Reset,66,0,16,08/04/2026 21:34:26,100.00%,0,0,0,0,0.0,0,0,0,0,0,0,0,0,0,0,0,0,0,0,0,0,0,0,0,0,0,0,0,0,0,0,0,0,0,,,,,
PR20,82,4,24,08/04/2026 21:30:38,83.33%,1400,1520,50,100,2.0,0,0,0,0,0,0,0,0,0,0,0,0,0,0,0,0,0,0,0,0,0,0,0,0,0,0,0,0,2,,,,,
Reset,69,4,16,08/04/2026 21:23:40,75.00%,0,0,0,0,3.0,0,1,0,0,0,0,0,0,0,0,0,0,0,0,0,0,0,0,0,0,0,0,0,0,0,0,0,0,0,,,,,
Reset,68,11,16,08/04/2026 21:21:38,31.25%,0,0,0,0,11.0,0,0,0,0,0,0,0,0,0,0,0,0,0,0,0,0,0,0,0,0,0,0,0,0,0,0,0,0,0,,,,,
Reset,65,6,16,08/04/2026 21:19:29,62.50%,0,0,0,0,5.0,0,1,0,0,0,0,0,0,0,0,0,0,0,0,0,0,0,0,0,0,0,0,0,0,0,0,0,0,0,,,,,
Reset,52,6,15,08/04/2026 21:17:04,60.00%,0,0,0,0,2.0,0,1,0,0,0,0,0,0,0,1,0,0,0,0,0,0,0,0,0,0,0,0,0,2,0,0,0,0,0,,,,,
PR20,80,6,24,08/04/2026 21:13:02,75.00%,1400,1520,50,100,2.0,0,0,0,0,0,0,0,0,0,0,0,0,0,1,0,0,0,0,0,0,0,0,0,0,0,0,0,0,3,,,,,
Reset,37,5,15,08/04/2026 21:08:10,66.67%,0,0,0,0,2.0,0,2,0,0,0,0,0,0,0,0,0,0,0,1,0,0,0,0,0,0,0,0,0,0,0,0,0,0,0,,,,,
Reset,51,2,15,08/04/2026 21:04:15,86.67%,0,0,0,0,1.0,0,1,0,0,0,0,0,0,0,0,0,0,0,0,0,0,0,0,0,0,0,0,0,0,0,0,0,0,0,,,,,
Reset,66,1,16,08/04/2026 20:58:27,93.75%,0,0,0,0,1.0,0,0,0,0,0,0,0,0,0,0,0,0,0,0,0,0,0,0,0,0,0,0,0,0,0,0,0,0,0,,,,,
Reset,40,4,15,08/04/2026 20:55:33,73.33%,0,0,0,0,1.0,0,3,0,0,0,0,0,0,0,0,0,0,0,0,0,0,0,0,0,0,0,0,0,0,0,0,0,0,0,,,,,
PR20,83,18,24,08/04/2026 20:46:50,25.00%,1400,1520,50,100,1.0,0,0,0,0,0,0,0,0,0,0,0,0,0,0,0,0,0,0,0,0,0,0,0,0,0,0,0,0,17,,,,,
Reset,69,11,16,08/04/2026 20:28:01,31.25%,0,0,0,0,11.0,0,0,0,0,0,0,0,0,0,0,0,0,0,0,0,0,0,0,0,0,0,0,0,0,0,0,0,0,0,,,,,
Reset,69,8,16,08/04/2026 20:26:16,50.00%,0,0,0,0,6.0,0,2,0,0,0,0,0,0,0,0,0,0,0,0,0,0,0,0,0,0,0,0,0,0,0,0,0,0,0,,,,,
Reset,37,5,15,08/04/2026 20:23:18,66.67%,0,0,0,0,3.0,0,2,0,0,0,0,0,0,0,0,0,0,0,0,0,0,0,0,0,0,0,0,0,0,0,0,0,0,0,,,,,
PR20,82,3,24,08/04/2026 20:09:14,87.50%,1400,1520,50,100,0.0,0,0,0,0,0,0,0,0,0,0,0,0,0,0,0,0,0,0,0,0,0,0,0,0,0,0,0,0,3,,,,,
Reset,52,5,15,08/04/2026 20:04:47,66.67%,0,0,0,0,4.0,0,1,0,0,0,0,0,0,0,0,0,0,0,0,0,0,0,0,0,0,0,0,0,0,0,0,0,0,0,,,,,
Reset,51,8,15,08/04/2026 19:59:25,46.67%,0,0,0,0,1.0,0,3,0,0,0,0,0,0,0,0,0,0,0,0,0,0,0,0,0,0,0,1,0,3,0,0,0,0,0,,,,,
Reset,65,9,16,08/04/2026 19:52:31,43.75%,0,0,0,0,9.0,0,0,0,0,0,0,0,0,0,0,0,0,0,0,0,0,0,0,0,0,0,0,0,0,0,0,0,0,0,,,,,
Reset,40,4,15,08/04/2026 19:48:39,73.33%,0,0,0,0,0.0,0,4,0,0,0,0,0,0,0,0,0,0,0,0,0,0,0,0,0,0,0,0,0,0,0,0,0,0,0,,,,,
Reset,37,26,15,08/04/2026 19:45:37,-73.33%,0,0,0,0,3.0,0,23,0,0,0,0,0,0,0,0,0,0,0,0,0,0,0,0,0,0,0,0,0,0,0,0,0,0,0,,,,,
PR20,83,21,24,08/04/2026 19:42:00,12.50%,1400,1520,50,100,0.0,0,0,0,0,0,0,0,0,0,0,0,0,0,0,0,0,0,0,0,0,0,0,0,0,0,0,0,0,21,,,,,
Reset,39,1,15,08/04/2026 19:29:02,93.33%,0,0,0,0,0.0,0,1,0,0,0,0,0,0,0,0,0,0,0,0,0,0,0,0,0,0,0,0,0,0,0,0,0,0,0,,,,,
Reset,51,4,15,08/04/2026 19:21:59,73.33%,0,0,0,0,1.0,0,3,0,0,0,0,0,0,0,0,0,0,0,0,0,0,0,0,0,0,0,0,0,0,0,0,0,0,0,,,,,
Reset,69,7,16,08/04/2026 19:19:59,56.25%,0,0,0,0,7.0,0,0,0,0,0,0,0,0,0,0,0,0,0,0,0,0,0,0,0,0,0,0,0,0,0,0,0,0,0,,,,,
PR20,82,3,24,08/04/2026 19:17:01,87.50%,1400,1520,50,100,1.0,0,0,0,0,0,0,0,0,0,0,0,0,0,0,0,0,0,0,0,0,0,0,0,0,0,0,0,0,2,,,,,
Reset,52,4,15,08/04/2026 19:12:23,73.33%,0,0,0,0,4.0,0,0,0,0,0,0,0,0,0,0,0,0,0,0,0,0,0,0,0,0,0,0,0,0,0,0,0,0,0,,,,,
Reset,37,4,15,08/04/2026 19:07:18,73.33%,0,0,0,0,4.0,0,0,0,0,0,0,0,0,0,0,0,0,0,0,0,0,0,0,0,0,0,0,0,0,0,0,0,0,0,,,,,
Reset,40,5,15,08/04/2026 19:03:11,66.67%,0,0,0,0,0.0,0,4,0,0,0,0,0,0,0,0,0,0,0,0,0,0,0,0,0,0,0,1,0,0,0,0,0,0,0,,,,,
Reset,39,3,15,08/04/2026 18:04:52,80.00%,0,0,0,0,1.0,0,2,0,0,0,0,0,0,0,0,0,0,0,0,0,0,0,0,0,0,0,0,0,0,0,0,0,0,0,,,,,
Reset,51,3,15,08/04/2026 18:01:29,80.00%,0,0,0,0,1.0,0,0,0,0,0,0,0,0,0,1,0,0,0,0,0,0,0,0,0,0,0,0,0,1,0,0,0,0,0,,,,,
PR20,80,0,24,08/04/2026 17:57:24,100.00%,1400,1520,50,100,0.0,0,0,0,0,0,0,0,0,0,0,0,0,0,0,0,0,0,0,0,0,0,0,0,0,0,0,0,0,0,,,,,
Reset,52,5,15,08/04/2026 17:55:44,66.67%,0,0,0,0,2.0,0,3,0,0,0,0,0,0,0,0,0,0,0,0,0,0,0,0,0,0,0,0,0,0,0,0,0,0,0,,,,,
Reset,37,4,15,08/04/2026 17:47:21,73.33%,0,0,0,0,0.0,0,4,0,0,0,0,0,0,0,0,0,0,0,0,0,0,0,0,0,0,0,0,0,0,0,0,0,0,0,,,,,
Reset,40,3,15,08/04/2026 17:27:04,80.00%,0,0,0,0,0.0,0,3,0,0,0,0,0,0,0,0,0,0,0,0,0,0,0,0,0,0,0,0,0,0,0,0,0,0,0,,,,,
Reset,39,1,15,08/04/2026 17:23:56,100.00%,0,0,0,0,0.0,0,1,0,0,0,0,0,0,0,0,0,0,0,0,0,0,0,0,0,0,0,0,0,0,0,0,0,0,0,,,,,
Reset,51,11,15,08/04/2026 17:14:41,26.67%,0,0,0,0,5.0,0,2,0,0,0,0,0,0,0,0,0,0,4,0,0,0,0,0,0,0,0,0,0,0,0,0,0,0,0,,,,,
Reset,51,3,15,08/04/2026 17:06:17,80.00%,0,0,0,0,1.0,0,1,0,0,0,0,0,0,0,0,0,0,0,0,0,0,0,0,0,0,0,0,0,1,0,0,0,0,0,,,,,
Reset,39,10,15,08/04/2026 17:05:56,33.33%,0,0,0,0,10.0,0,0,0,0,0,0,0,0,0,0,0,0,0,0,0,0,0,0,0,0,0,0,0,0,0,0,0,0,0,,,,,
Reset,52,4,15,08/04/2026 16:59:02,73.33%,0,0,0,0,2.0,0,0,0,0,0,0,0,0,0,0,0,0,0,0,0,0,0,0,0,0,0,0,0,2,0,0,0,0,0,,,,,
Reset,37,6,15,08/04/2026 16:58:28,60.00%,0,0,0,0,6.0,0,0,0,0,0,0,0,0,0,0,0,0,0,0,0,0,0,0,0,0,0,0,0,0,0,0,0,0,0,,,,,
Reset,37,5,15,08/04/2026 16:55:35,66.67%,0,0,0,0,2.0,0,3,0,0,0,0,0,0,0,0,0,0,0,0,0,0,0,0,0,0,0,0,0,0,0,0,0,0,0,,,,,
Reset,39,3,15,08/04/2026 16:51:44,80.00%,0,0,0,0,0.0,0,2,0,0,0,0,0,0,0,1,0,0,0,0,0,0,0,0,0,0,0,0,0,0,0,0,0,0,0,,,,,
Reset,66,0,16,08/04/2026 16:48:08,100.00%,0,0,0,0,0.0,0,0,0,0,0,0,0,0,0,0,0,0,0,0,0,0,0,0,0,0,0,0,0,0,0,0,0,0,0,,,,,
Reset,37,5,15,08/04/2026 16:46:05,66.67%,0,0,0,0,0.0,0,2,0,0,0,0,0,0,0,1,0,1,0,0,0,0,0,0,0,0,0,0,0,1,0,0,0,0,0,,,,,
Reset,36,13,15,08/04/2026 16:39:03,13.33%,0,0,0,0,0.0,0,0,0,0,0,0,0,0,0,4,0,0,0,0,0,0,0,0,0,0,0,0,0,9,0,0,0,0,0,,,,,
Reset,39,3,15,08/04/2026 16:37:20,80.00%,0,0,0,0,0.0,0,3,0,0,0,0,0,0,0,0,0,0,0,0,0,0,0,0,0,0,0,0,0,0,0,0,0,0,0,,,,,
Reset,51,6,15,08/04/2026 16:31:41,60.00%,0,0,0,0,3.0,0,1,0,0,0,0,0,0,0,2,0,0,0,0,0,0,0,0,0,0,0,0,0,0,0,0,0,0,0,,,,,
Reset,52,8,15,08/04/2026 16:27:04,46.67%,0,0,0,0,0.0,0,0,0,0,0,0,0,0,0,6,0,0,0,0,0,0,0,0,0,0,0,0,0,2,0,0,0,0,0,,,,,
Reset,40,7,15,08/04/2026 16:17:02,53.33%,0,0,0,0,0.0,0,2,0,0,0,0,0,0,0,5,0,0,0,0,0,0,0,0,0,0,0,0,0,0,0,0,0,0,0,,,,,
Reset,51,3,15,08/04/2026 16:16:44,80.00%,0,0,0,0,1.0,0,1,0,0,0,0,0,0,0,0,0,0,0,0,0,0,0,0,0,0,0,1,0,0,0,0,0,0,0,,,,,
Reset,37,10,15,08/04/2026 16:07:11,33.33%,0,0,0,0,10.0,0,0,0,0,0,0,0,0,0,0,0,0,0,0,0,0,0,0,0,0,0,0,0,0,0,0,0,0,0,,,,,
Reset,69,6,16,08/04/2026 15:56:37,62.50%,0,0,0,0,6.0,0,0,0,0,0,0,0,0,0,0,0,0,0,0,0,0,0,0,0,0,0,0,0,0,0,0,0,0,0,,,,,
Reset,39,7,15,08/04/2026 15:51:30,53.33%,0,0,0,0,5.0,0,1,0,0,0,0,0,0,0,1,0,0,0,0,0,0,0,0,0,0,0,0,0,0,0,0,0,0,0,,,,,
Reset,37,6,15,08/04/2026 15:29:09,60.00%,0,0,0,0,6.0,0,0,0,0,0,0,0,0,0,0,0,0,0,0,0,0,0,0,0,0,0,0,0,0,0,0,0,0,0,,,,,
Reset,74,2,20,08/04/2026 14:43:03,100.00%,0,0,0,0,0.0,0,0,0,0,0,0,0,0,0,0,0,0,0,0,0,0,0,0,0,0,2,0,0,0,0,0,0,0,0,,,,,
Reset,74,7,20,08/04/2026 14:31:17,100.00%,0,0,0,0,6.0,0,0,0,0,0,0,0,0,1,0,0,0,0,0,0,0,0,0,0,0,0,0,0,0,0,0,0,0,0,,,,,
Reset,71,3,20,08/04/2026 14:21:36,100.00%,0,0,0,0,2.0,0,1,0,0,0,0,0,0,0,0,0,0,0,0,0,0,0,0,0,0,0,0,0,0,0,0,0,0,0,,,,,
Reset,71,6,20,08/04/2026 14:17:50,70.00%,0,0,0,0,0.0,0,0,0,0,6,0,0,0,0,0,0,0,0,0,0,0,0,0,0,0,0,0,0,0,0,0,0,0,0,,,,,
Reset,73,5,20,08/04/2026 14:12:54,100.00%,0,0,0,0,4.0,0,1,0,0,0,0,0,0,0,0,0,0,0,0,0,0,0,0,0,0,0,0,0,0,0,0,0,0,0,,,,,
Reset,74,15,20,08/04/2026 14:09:03,25.00%,0,0,0,0,15.0,0,0,0,0,0,0,0,0,0,0,0,0,0,0,0,0,0,0,0,0,0,0,0,0,0,0,0,0,0,,,,,
Reset,72,5,20,08/04/2026 14:03:44,100.00%,0,0,0,0,5.0,0,0,0,0,0,0,0,0,0,0,0,0,0,0,0,0,0,0,0,0,0,0,0,0,0,0,0,0,0,,,,,
Reset,37,11,15,08/04/2026 14:02:03,26.67%,0,0,0,0,4.0,0,5,0,0,0,0,0,0,0,0,0,0,0,2,0,0,0,0,0,0,0,0,0,0,0,0,0,0,0,,,,,
Reset,39,5,15,08/04/2026 13:56:37,66.67%,0,0,0,0,0.0,0,5,0,0,0,0,0,0,0,0,0,0,0,0,0,0,0,0,0,0,0,0,0,0,0,0,0,0,0,,,,,
PR20,83,20,24,08/04/2026 13:53:03,16.67%,1400,1520,50,100,1.0,0,0,0,0,0,0,0,0,0,0,0,0,0,0,0,0,0,0,0,0,0,0,0,0,0,0,0,0,19,,,,,
Reset,40,4,15,08/04/2026 13:26:42,73.33%,0,0,0,0,2.0,0,2,0,0,0,0,0,0,0,0,0,0,0,0,0,0,0,0,0,0,0,0,0,0,0,0,0,0,0,,,,,
PR20,82,9,24,08/04/2026 13:25:27,62.50%,1400,1520,50,100,4.0,0,0,0,0,1,0,0,0,0,0,0,0,0,0,0,0,0,0,0,0,0,0,0,0,0,0,0,0,4,,,,,
Reset,71,7,20,08/04/2026 13:18:11,65.00%,0,0,0,0,3.0,0,0,0,0,4,0,0,0,0,0,0,0,0,0,0,0,0,0,0,0,0,0,0,0,0,0,0,0,0,,,,,
Reset,40,5,15,08/04/2026 13:14:35,66.67%,0,0,0,0,3.0,0,2,0,0,0,0,0,0,0,0,0,0,0,0,0,0,0,0,0,0,0,0,0,0,0,0,0,0,0,,,,,
Reset,72,20,20,08/04/2026 13:09:03,0,0,0,0,0,18.0,0,0,0,0,2,0,0,0,0,0,0,0,0,0,0,0,0,0,0,0,0,0,0,0,0,0,0,0,0,,,,,
PR20,80,3,24,08/04/2026 12:59:26,87.50%,1400,1520,50,100,3.0,0,0,0,0,0,0,0,0,0,0,0,0,0,0,0,0,0,0,0,0,0,0,0,0,0,0,0,0,0,,,,,
Reset,51,3,15,08/04/2026 12:48:46,80.00%,0,0,0,0,0.0,0,2,0,0,0,0,0,0,0,0,0,0,0,0,0,0,0,0,0,0,0,0,0,1,0,0,0,0,0,,,,,
Reset,39,0,15,08/04/2026 12:29:51,100.00%,0,0,0,0,0.0,0,0,0,0,0,0,0,0,0,0,0,0,0,0,0,0,0,0,0,0,0,0,0,0,0,0,0,0,0,,,,,
PR20,82,2,24,08/04/2026 12:24:47,91.67%,1400,1520,50,100,1.0,0,0,0,0,0,0,0,0,0,0,0,0,0,0,0,0,0,0,0,0,0,0,0,0,0,0,0,0,1,,,,,
Reset,36,4,15,08/04/2026 12:22:21,73.33%,0,0,0,0,0.0,0,0,0,0,0,0,0,0,0,2,0,0,0,0,0,0,0,0,0,0,0,0,0,2,0,0,0,0,0,,,,,
Reset,52,6,15,08/04/2026 11:24:40,60.00%,0,0,0,0,6.0,0,0,0,0,0,0,0,0,0,0,0,0,0,0,0,0,0,0,0,0,0,0,0,0,0,0,0,0,0,,,,,
PR20,83,20,24,08/04/2026 11:22:21,16.67%,1400,1520,50,100,1.0,0,0,0,0,0,0,0,0,0,0,0,0,0,0,0,0,0,0,0,0,0,0,0,0,0,0,0,0,19,,,,,
Reset,37,5,15,08/04/2026 11:21:07,66.67%,0,0,0,0,3.0,0,2,0,0,0,0,0,0,0,0,0,0,0,0,0,0,0,0,0,0,0,0,0,0,0,0,0,0,0,,,,,
PR20,80,2,24,08/04/2026 11:14:35,91.67%,1400,1520,50,100,1.0,0,0,0,0,0,0,0,0,0,0,0,0,0,0,0,0,0,0,0,0,0,0,0,0,0,0,0,0,1,,,,,
Reset,39,4,15,08/04/2026 11:03:59,73.33%,0,0,0,0,2.0,0,2,0,0,0,0,0,0,0,0,0,0,0,0,0,0,0,0,0,0,0,0,0,0,0,0,0,0,0,,,,,
Reset,36,1,15,08/04/2026 10:56:26,93.33%,0,0,0,0,0.0,0,0,0,0,0,0,0,0,0,1,0,0,0,0,0,0,0,0,0,0,0,0,0,0,0,0,0,0,0,,,,,
PR20,82,7,24,08/04/2026 10:54:26,70.83%,1400,1520,50,100,4.0,0,0,0,0,0,0,0,0,0,0,0,0,0,0,0,0,0,0,0,0,0,0,0,0,0,0,0,0,3,,,,,
Reset,51,4,15,08/04/2026 10:47:45,73.33%,0,0,0,0,1.0,0,2,0,0,0,0,0,0,0,1,0,0,0,0,0,0,0,0,0,0,0,0,0,0,0,0,0,0,0,,,,,
Reset,37,9,15,08/04/2026 10:45:47,40.00%,0,0,0,0,3.0,0,6,0,0,0,0,0,0,0,0,0,0,0,0,0,0,0,0,0,0,0,0,0,0,0,0,0,0,0,,,,,
Reset,73,5,20,08/04/2026 10:35:48,100.00%,0,0,0,0,4.0,0,0,0,0,0,0,0,1,0,0,0,0,0,0,0,0,0,0,0,0,0,0,0,0,0,0,0,0,0,,,,,
Reset,74,14,20,08/04/2026 10:35:06,30.00%,0,0,0,0,14.0,0,0,0,0,0,0,0,0,0,0,0,0,0,0,0,0,0,0,0,0,0,0,0,0,0,0,0,0,0,,,,,
Reset,74,6,20,08/04/2026 10:24:43,100.00%,0,0,0,0,5.0,0,0,0,0,0,0,0,0,0,0,0,0,1,0,0,0,0,0,0,0,0,0,0,0,0,0,0,0,0,,,,,
PR20,83,24,24,08/04/2026 10:21:52,0,1400,1520,50,100,0.0,0,1,0,0,0,0,0,0,0,0,0,0,0,0,0,0,0,0,0,0,0,0,0,0,0,0,0,0,23,,,,,
PR20,82,6,24,08/04/2026 10:13:27,75.00%,1400,1520,50,100,3.0,0,0,0,0,0,0,0,0,0,0,0,0,0,0,0,0,0,0,0,0,0,0,0,0,0,0,0,0,3,,,,,
Reset,39,6,15,08/04/2026 10:07:40,60.00%,0,0,0,0,5.0,0,1,0,0,0,0,0,0,0,0,0,0,0,0,0,0,0,0,0,0,0,0,0,0,0,0,0,0,0,,,,,
Reset,73,3,20,08/04/2026 10:06:24,100.00%,0,0,0,0,2.0,0,0,0,0,0,0,0,0,1,0,0,0,0,0,0,0,0,0,0,0,0,0,0,0,0,0,0,0,0,,,,,
Reset,52,6,15,08/04/2026 09:58:58,60.00%,0,0,0,0,5.0,0,0,0,0,0,0,0,0,0,1,0,0,0,0,0,0,0,0,0,0,0,0,0,0,0,0,0,0,0,,,,,
Reset,39,7,15,08/04/2026 09:50:13,53.33%,0,0,0,0,7.0,0,0,0,0,0,0,0,0,0,0,0,0,0,0,0,0,0,0,0,0,0,0,0,0,0,0,0,0,0,,,,,
Reset,74,20,20,08/04/2026 09:48:12,100.00%,0,0,0,0,20.0,0,0,0,0,0,0,0,0,0,0,0,0,0,0,0,0,0,0,0,0,0,0,0,0,0,0,0,0,0,,,,,
PR20,80,4,24,08/04/2026 09:37:54,83.33%,1400,1520,50,100,3.0,0,0,0,0,0,0,0,0,0,0,0,0,0,0,0,0,0,0,0,0,0,0,0,0,0,0,0,0,1,,,,,
Reset,72,8,20,08/04/2026 09:35:37,100.00%,0,0,0,0,2.0,0,0,0,0,6,0,0,0,0,0,0,0,0,0,0,0,0,0,0,0,0,0,0,0,0,0,0,0,0,,,,,
Reset,37,7,15,08/04/2026 09:30:27,53.33%,0,0,0,0,4.0,0,3,0,0,0,0,0,0,0,0,0,0,0,0,0,0,0,0,0,0,0,0,0,0,0,0,0,0,0,,,,,
PR20,82,10,24,08/04/2026 09:23:59,58.33%,1400,1520,50,100,5.0,0,0,0,0,0,0,0,0,0,0,0,0,0,0,0,0,0,0,0,0,0,0,0,0,0,0,0,0,5,,,,,
Reset,37,4,15,08/04/2026 09:19:29,73.33%,0,0,0,0,2.0,0,0,0,0,0,0,0,0,0,0,0,0,0,1,0,0,0,0,0,0,0,1,0,0,0,0,0,0,0,,,,,
Reset,37,2,15,08/04/2026 09:14:13,86.67%,0,0,0,0,2.0,0,0,0,0,0,0,0,0,0,0,0,0,0,0,0,0,0,0,0,0,0,0,0,0,0,0,0,0,0,,,,,
Reset,39,5,15,08/04/2026 08:57:11,66.67%,0,0,0,0,2.0,0,0,0,0,0,0,0,1,0,0,0,0,0,2,0,0,0,0,0,0,0,0,0,0,0,0,0,0,0,,,,,
Reset,73,4,20,08/04/2026 08:53:13,100.00%,0,0,0,0,2.0,0,0,0,0,2,0,0,0,0,0,0,0,0,0,0,0,0,0,0,0,0,0,0,0,0,0,0,0,0,,,,,
Reset,40,3,15,08/04/2026 08:47:35,80.00%,0,0,0,0,2.0,0,1,0,0,0,0,0,0,0,0,0,0,0,0,0,0,0,0,0,0,0,0,0,0,0,0,0,0,0,,,,,
Reset,39,3,15,08/04/2026 08:36:47,80.00%,0,0,0,0,2.0,0,1,0,0,0,0,0,0,0,0,0,0,0,0,0,0,0,0,0,0,0,0,0,0,0,0,0,0,0,,,,,
Reset,40,4,15,08/04/2026 08:30:20,73.33%,0,0,0,0,4.0,0,0,0,0,0,0,0,0,0,0,0,0,0,0,0,0,0,0,0,0,0,0,0,0,0,0,0,0,0,,,,,
PR20,82,2,24,08/04/2026 08:21:17,91.67%,1400,1520,50,100,2.0,0,0,0,0,0,0,0,0,0,0,0,0,0,0,0,0,0,0,0,0,0,0,0,0,0,0,0,0,0,,,,,
Reset,72,15,20,08/04/2026 08:10:54,100.00%,0,0,0,0,5.0,0,0,0,0,10,0,0,0,0,0,0,0,0,0,0,0,0,0,0,0,0,0,0,0,0,0,0,0,0,,,,,
PR20,83,7,24,08/04/2026 08:03:18,70.83%,1400,1520,50,100,3.0,0,0,0,0,0,0,0,0,1,0,0,0,0,0,0,0,0,0,0,0,0,0,0,0,0,0,0,0,3,,,,,
PR20,80,6,24,08/04/2026 07:45:58,75.00%,1400,1520,50,100,0.0,0,1,0,0,0,0,0,0,0,0,0,0,1,0,0,0,0,0,0,0,0,0,0,0,0,0,0,0,4,,,,,
Reset,72,20,20,08/04/2026 07:41:28,0,0,0,0,0,20.0,0,0,0,0,0,0,0,0,0,0,0,0,0,0,0,0,0,0,0,0,0,0,0,0,0,0,0,0,0,,,,,
Reset,82,4,24,08/04/2026 07:23:02,83.33%,1400,1520,50,100,1.0,0,0,0,0,0,0,0,0,0,0,0,0,0,0,0,0,0,0,0,0,0,0,0,0,0,0,0,0,3,,,,,
Reset,80,18,24,08/04/2026 06:58:05,25.00%,1400,1520,50,100,1.0,0,0,0,0,0,0,0,0,0,0,0,0,0,0,0,0,0,0,0,0,0,0,0,0,0,0,0,0,17,,,,,
Reset,83,19,24,08/04/2026 06:45:06,20.83%,1400,1520,50,100,0.0,0,0,0,0,1,0,0,0,0,0,0,0,0,0,0,0,0,0,0,0,0,0,0,0,0,0,0,0,18,,,,,
Reset,51,2,15,07/04/2026 23:16:27,86.67%,0,0,0,0,2.0,0,0,0,0,0,0,0,0,0,0,0,0,0,0,0,0,0,0,0,0,0,0,0,0,0,0,0,0,0,,,,,
Reset,40,3,15,07/04/2026 23:06:04,80.00%,0,0,0,0,3.0,0,0,0,0,0,0,0,0,0,0,0,0,0,0,0,0,0,0,0,0,0,0,0,0,0,0,0,0,0,,,,,
Reset,52,4,15,07/04/2026 22:58:29,73.33%,0,0,0,0,4.0,0,0,0,0,0,0,0,0,0,0,0,0,0,0,0,0,0,0,0,0,0,0,0,0,0,0,0,0,0,,,,,
Reset,80,22,24,07/04/2026 22:55:13,8.33%,1400,1520,50,100,4.0,0,0,0,0,0,0,0,0,0,0,0,0,0,0,0,0,0,0,0,0,0,0,0,0,0,0,0,0,18,,,,,
Reset,37,4,15,07/04/2026 22:49:31,73.33%,0,0,0,0,4.0,0,0,0,0,0,0,0,0,0,0,0,0,0,0,0,0,0,0,0,0,0,0,0,0,0,0,0,0,0,,,,,
Reset,40,3,15,07/04/2026 22:39:42,80.00%,0,0,0,0,3.0,0,0,0,0,0,0,0,0,0,0,0,0,0,0,0,0,0,0,0,0,0,0,0,0,0,0,0,0,0,,,,,
Reset,83,20,24,07/04/2026 22:36:14,16.67%,1400,1520,50,100,2.0,0,0,0,0,0,0,0,0,0,0,0,0,0,0,0,0,0,0,0,0,0,0,0,0,0,0,0,0,18,,,,,
Reset,39,3,15,07/04/2026 22:31:33,80.00%,0,0,0,0,3.0,0,0,0,0,0,0,0,0,0,0,0,0,0,0,0,0,0,0,0,0,0,0,0,0,0,0,0,0,0,,,,,
Reset,37,4,15,07/04/2026 22:22:47,73.33%,0,0,0,0,4.0,0,0,0,0,0,0,0,0,0,0,0,0,0,0,0,0,0,0,0,0,0,0,0,0,0,0,0,0,0,,,,,
Reset,51,1,15,07/04/2026 22:18:52,93.33%,0,0,0,0,1.0,0,0,0,0,0,0,0,0,0,0,0,0,0,0,0,0,0,0,0,0,0,0,0,0,0,0,0,0,0,,,,,
Reset,80,13,24,07/04/2026 22:14:17,45.83%,1400,1520,50,100,1.0,0,0,0,0,0,0,0,0,0,0,0,0,0,0,0,0,0,0,0,0,0,0,0,0,0,0,0,0,12,,,,,
Reset,40,3,15,07/04/2026 22:08:40,80.00%,0,0,0,0,3.0,0,0,0,0,0,0,0,0,0,0,0,0,0,0,0,0,0,0,0,0,0,0,0,0,0,0,0,0,0,,,,,
Reset,39,2,15,07/04/2026 22:02:08,86.67%,0,0,0,0,2.0,0,0,0,0,0,0,0,0,0,0,0,0,0,0,0,0,0,0,0,0,0,0,0,0,0,0,0,0,0,,,,,
Reset,82,20,24,07/04/2026 21:58:57,16.67%,1400,1520,50,100,6.0,0,0,0,0,0,0,0,0,0,0,0,0,0,0,0,0,0,0,0,0,0,0,0,0,0,0,0,0,14,,,,,
Reset,37,4,15,07/04/2026 21:50:00,73.33%,0,0,0,0,4.0,0,0,0,0,0,0,0,0,0,0,0,0,0,0,0,0,0,0,0,0,0,0,0,0,0,0,0,0,0,,,,,
Reset,83,20,24,07/04/2026 21:46:08,16.67%,1400,1520,50,100,0.0,0,0,0,0,0,0,0,0,0,0,0,0,0,0,0,0,0,0,0,0,0,0,0,0,0,0,0,0,20,,,,,
Reset,40,2,15,07/04/2026 21:40:55,86.67%,0,0,0,0,2.0,0,0,0,0,0,0,0,0,0,0,0,0,0,0,0,0,0,0,0,0,0,0,0,0,0,0,0,0,0,,,,,
Reset,52,4,15,07/04/2026 21:29:49,73.33%,0,0,0,0,2.0,0,0,0,0,0,0,0,0,0,0,0,0,0,2,0,0,0,0,0,0,0,0,0,0,0,0,0,0,0,,,,,
Reset,39,3,15,07/04/2026 21:22:46,80.00%,0,0,0,0,3.0,0,0,0,0,0,0,0,0,0,0,0,0,0,0,0,0,0,0,0,0,0,0,0,0,0,0,0,0,0,,,,,
Reset,80,19,24,07/04/2026 21:17:22,20.83%,1400,1520,50,100,2.0,0,0,0,0,0,0,0,0,0,0,0,0,0,0,0,0,0,0,0,0,0,0,0,0,0,0,0,0,17,,,,,
Reset,37,3,15,07/04/2026 21:12:17,80.00%,0,0,0,0,3.0,0,0,0,0,0,0,0,0,0,0,0,0,0,0,0,0,0,0,0,0,0,0,0,0,0,0,0,0,0,,,,,
Reset,40,4,15,07/04/2026 21:04:23,73.33%,0,0,0,0,3.0,0,1,0,0,0,0,0,0,0,0,0,0,0,0,0,0,0,0,0,0,0,0,0,0,0,0,0,0,0,,,,,
Reset,82,8,24,07/04/2026 20:54:05,66.67%,1400,1520,50,100,0.0,0,0,0,0,0,0,0,0,0,0,0,0,0,0,0,0,0,0,0,0,0,0,0,0,0,0,0,0,8,,,,,
Reset,39,3,15,07/04/2026 20:46:30,80.00%,0,0,0,0,2.0,0,1,0,0,0,0,0,0,0,0,0,0,0,0,0,0,0,0,0,0,0,0,0,0,0,0,0,0,0,,,,,
Reset,37,3,15,07/04/2026 20:43:12,80.00%,0,0,0,0,3.0,0,0,0,0,0,0,0,0,0,0,0,0,0,0,0,0,0,0,0,0,0,0,0,0,0,0,0,0,0,,,,,
Reset,40,3,15,07/04/2026 20:29:26,80.00%,0,0,0,0,2.0,0,0,0,0,0,0,0,0,0,0,0,0,0,0,0,0,0,0,0,0,0,1,0,0,0,0,0,0,0,,,,,
Reset,80,21,24,07/04/2026 20:25:35,12.50%,1400,1520,50,100,0.0,0,0,0,0,0,0,0,0,0,0,0,0,0,0,0,0,0,0,0,0,0,0,0,0,0,0,0,0,21,,,,,
Reset,39,4,15,07/04/2026 20:08:18,73.33%,0,0,0,0,4.0,0,0,0,0,0,0,0,0,0,0,0,0,0,0,0,0,0,0,0,0,0,0,0,0,0,0,0,0,0,,,,,
Reset,82,12,24,07/04/2026 20:02:23,50.00%,1400,1520,50,100,0.0,0,0,0,0,0,0,0,0,0,0,0,0,0,0,0,0,0,0,0,0,0,0,0,0,0,0,0,0,12,,,,,
Reset,37,2,15,07/04/2026 19:55:18,86.67%,0,0,0,0,2.0,0,0,0,0,0,0,0,0,0,0,0,0,0,0,0,0,0,0,0,0,0,0,0,0,0,0,0,0,0,,,,,
Reset,40,3,15,07/04/2026 19:44:55,80.00%,0,0,0,0,3.0,0,0,0,0,0,0,0,0,0,0,0,0,0,0,0,0,0,0,0,0,0,0,0,0,0,0,0,0,0,,,,,
Reset,80,21,24,07/04/2026 19:37:21,12.50%,1400,1520,50,100,1.0,0,0,0,0,0,0,0,0,0,0,0,0,0,0,0,0,0,0,0,0,0,0,0,0,0,0,0,0,20,,,,,
Reset,51,2,15,07/04/2026 19:28:45,86.67%,0,0,0,0,2.0,0,0,0,0,0,0,0,0,0,0,0,0,0,0,0,0,0,0,0,0,0,0,0,0,0,0,0,0,0,,,,,
Reset,52,4,15,07/04/2026 19:23:41,73.33%,0,0,0,0,4.0,0,0,0,0,0,0,0,0,0,0,0,0,0,0,0,0,0,0,0,0,0,0,0,0,0,0,0,0,0,,,,,
Reset,82,15,24,07/04/2026 19:14:11,37.50%,1400,1520,50,100,14.0,0,1,0,0,0,0,0,0,0,0,0,0,0,0,0,0,0,0,0,0,0,0,0,0,0,0,0,0,0,,,,,
Reset,37,4,15,07/04/2026 19:06:10,73.33%,0,0,0,0,3.0,0,1,0,0,0,0,0,0,0,0,0,0,0,0,0,0,0,0,0,0,0,0,0,0,0,0,0,0,0,,,,,
Reset,40,1,15,07/04/2026 19:02:21,93.33%,0,0,0,0,1.0,0,0,0,0,0,0,0,0,0,0,0,0,0,0,0,0,0,0,0,0,0,0,0,0,0,0,0,0,0,,,,,
Reset,5,3,20,07/04/2026 18:02:50,85.00%,0,0,0,0,3.0,0,0,0,0,0,0,0,0,0,0,0,0,0,0,0,0,0,0,0,0,0,0,0,0,0,0,0,0,0,,,,,
Reset,39,3,15,07/04/2026 17:49:03,80.00%,0,0,0,0,3.0,0,0,0,0,0,0,0,0,0,0,0,0,0,0,0,0,0,0,0,0,0,0,0,0,0,0,0,0,0,,,,,
Reset,3,2,20,07/04/2026 17:43:04,90.00%,0,0,0,0,2.0,0,0,0,0,0,0,0,0,0,0,0,0,0,0,0,0,0,0,0,0,0,0,0,0,0,0,0,0,0,,,,,
Reset,10,2,20,07/04/2026 17:33:39,90.00%,0,0,0,0,2.0,0,0,0,0,0,0,0,0,0,0,0,0,0,0,0,0,0,0,0,0,0,0,0,0,0,0,0,0,0,,,,,
Reset,40,3,15,07/04/2026 17:30:33,80.00%,0,0,0,0,3.0,0,0,0,0,0,0,0,0,0,0,0,0,0,0,0,0,0,0,0,0,0,0,0,0,0,0,0,0,0,,,,,
Reset,37,3,15,07/04/2026 17:26:23,80.00%,0,0,0,0,3.0,0,0,0,0,0,0,0,0,0,0,0,0,0,0,0,0,0,0,0,0,0,0,0,0,0,0,0,0,0,,,,,
Reset,5,2,20,07/04/2026 17:23:17,90.00%,0,0,0,0,1.0,0,0,0,0,0,0,0,0,0,0,0,0,0,0,0,0,0,0,0,0,0,1,0,0,0,0,0,0,0,,,,,
Reset,8,1,20,07/04/2026 17:20:40,95.00%,0,0,0,0,1.0,0,0,0,0,0,0,0,0,0,0,0,0,0,0,0,0,0,0,0,0,0,0,0,0,0,0,0,0,0,,,,,
Reset,39,4,15,07/04/2026 17:17:23,73.33%,0,0,0,0,4.0,0,0,0,0,0,0,0,0,0,0,0,0,0,0,0,0,0,0,0,0,0,0,0,0,0,0,0,0,0,,,,,
Reset,51,4,15,07/04/2026 17:02:35,73.33%,0,0,0,0,2.0,0,0,0,0,0,0,0,0,0,0,0,0,0,0,0,0,0,0,2,0,0,0,0,0,0,0,0,0,0,,,,,
Reset,52,4,15,07/04/2026 16:57:38,73.33%,0,0,0,0,3.0,0,0,0,0,0,0,0,0,0,0,0,0,0,0,0,0,0,0,1,0,0,0,0,0,0,0,0,0,0,,,,,
Reset,10,1,20,07/04/2026 16:53:42,95.00%,0,0,0,0,1.0,0,0,0,0,0,0,0,0,0,0,0,0,0,0,0,0,0,0,0,0,0,0,0,0,0,0,0,0,0,,,,,
Reset,3,3,20,07/04/2026 16:50:55,85.00%,0,0,0,0,3.0,0,0,0,0,0,0,0,0,0,0,0,0,0,0,0,0,0,0,0,0,0,0,0,0,0,0,0,0,0,,,,,
Reset,37,5,15,07/04/2026 16:47:00,66.67%,0,0,0,0,5.0,0,0,0,0,0,0,0,0,0,0,0,0,0,0,0,0,0,0,0,0,0,0,0,0,0,0,0,0,0,,,,,
Reset,8,3,20,07/04/2026 16:42:15,85.00%,0,0,0,0,2.0,0,0,0,0,0,0,0,0,0,0,0,0,0,0,0,0,0,0,0,0,0,1,0,0,0,0,0,0,0,,,,,
Reset,39,1,15,07/04/2026 16:38:11,93.33%,0,0,0,0,1.0,0,0,0,0,0,0,0,0,0,0,0,0,0,0,0,0,0,0,0,0,0,0,0,0,0,0,0,0,0,,,,,
Reset,5,2,20,07/04/2026 16:35:42,90.00%,0,0,0,0,1.0,0,0,0,0,0,0,0,0,0,0,0,0,0,0,0,0,0,0,0,0,0,1,0,0,0,0,0,0,0,,,,,
Reset,51,1,15,07/04/2026 16:29:37,93.33%,0,0,0,0,1.0,0,0,0,0,0,0,0,0,0,0,0,0,0,0,0,0,0,0,0,0,0,0,0,0,0,0,0,0,0,,,,,
Reset,10,0,20,07/04/2026 16:23:03,100.00%,0,0,0,0,0.0,0,0,0,0,0,0,0,0,0,0,0,0,0,0,0,0,0,0,0,0,0,0,0,0,0,0,0,0,0,,,,,
Reset,52,3,15,07/04/2026 16:18:52,80.00%,0,0,0,0,3.0,0,0,0,0,0,0,0,0,0,0,0,0,0,0,0,0,0,0,0,0,0,0,0,0,0,0,0,0,0,,,,,
Reset,3,2,20,07/04/2026 16:10:58,90.00%,0,0,0,0,2.0,0,0,0,0,0,0,0,0,0,0,0,0,0,0,0,0,0,0,0,0,0,0,0,0,0,0,0,0,0,,,,,
Reset,40,4,15,07/04/2026 15:53:30,73.33%,0,0,0,0,3.0,0,0,0,0,0,0,0,0,0,0,0,0,0,0,0,0,0,0,1,0,0,0,0,0,0,0,0,0,0,,,,,
Reset,37,4,15,07/04/2026 15:45:39,73.33%,0,0,0,0,4.0,0,0,0,0,0,0,0,0,0,0,0,0,0,0,0,0,0,0,0,0,0,0,0,0,0,0,0,0,0,,,,,
Reset,83,21,24,07/04/2026 15:42:00,12.50%,1400,1520,50,100,0.0,0,0,0,0,0,0,0,0,0,0,0,0,0,0,0,0,0,0,0,0,0,0,0,0,0,0,0,0,21,,,,,
Reset,39,3,15,07/04/2026 15:34:14,80.00%,0,0,0,0,3.0,0,0,0,0,0,0,0,0,0,0,0,0,0,0,0,0,0,0,0,0,0,0,0,0,0,0,0,0,0,,,,,
Reset,36,7,15,07/04/2026 15:32:41,53.33%,0,0,0,0,0.0,0,1,0,0,0,0,0,0,0,0,0,0,0,0,0,0,0,0,0,0,0,0,0,6,0,0,0,0,0,,,,,
Reset,51,1,15,07/04/2026 15:29:42,93.33%,0,0,0,0,1.0,0,0,0,0,0,0,0,0,0,0,0,0,0,0,0,0,0,0,0,0,0,0,0,0,0,0,0,0,0,,,,,
Reset,39,5,15,07/04/2026 15:29:30,66.67%,0,0,0,0,3.0,0,2,0,0,0,0,0,0,0,0,0,0,0,0,0,0,0,0,0,0,0,0,0,0,0,0,0,0,0,,,,,
Reset,36,15,15,07/04/2026 15:00:52,0,0,0,0,0,15.0,0,0,0,0,0,0,0,0,0,0,0,0,0,0,0,0,0,0,0,0,0,0,0,0,0,0,0,0,0,,,,,
Reset,37,3,15,07/04/2026 14:51:30,80.00%,0,0,0,0,2.0,0,0,0,0,0,0,0,0,0,0,0,0,0,0,0,0,0,0,0,0,0,1,0,0,0,0,0,0,0,,,,,
Reset,80,18,24,07/04/2026 14:47:49,25.00%,1400,1520,50,100,0.0,0,0,0,0,0,0,0,0,0,0,0,0,0,0,0,0,0,0,0,0,0,0,0,0,0,0,0,0,18,,,,,
Reset,40,11,15,07/04/2026 14:40:57,26.67%,0,0,0,0,10.0,0,1,0,0,0,0,0,0,0,0,0,0,0,0,0,0,0,0,0,0,0,0,0,0,0,0,0,0,0,,,,,
Reset,52,16,15,07/04/2026 14:38:35,-6.67%,0,0,0,0,5.0,0,0,0,0,0,0,0,0,0,11,0,0,0,0,0,0,0,0,0,0,0,0,0,0,0,0,0,0,0,,,,,
Reset,37,5,15,07/04/2026 14:35:32,66.67%,0,0,0,0,2.0,0,0,0,0,0,0,0,0,0,0,0,0,0,0,0,0,0,0,0,0,0,0,0,3,0,0,0,0,0,,,,,
Reset,37,4,15,07/04/2026 14:30:15,73.33%,0,0,0,0,3.0,0,1,0,0,0,0,0,0,0,0,0,0,0,0,0,0,0,0,0,0,0,0,0,0,0,0,0,0,0,,,,,
Reset,71,10,20,07/04/2026 14:28:32,50.00%,0,0,0,0,6.0,0,0,0,0,4,0,0,0,0,0,0,0,0,0,0,0,0,0,0,0,0,0,0,0,0,0,0,0,0,,,,,
Reset,74,21,20,07/04/2026 14:24:29,-5.00%,0,0,0,0,16.0,0,0,0,0,5,0,0,0,0,0,0,0,0,0,0,0,0,0,0,0,0,0,0,0,0,0,0,0,0,,,,,
Reset,37,5,15,07/04/2026 14:19:04,66.67%,0,0,0,0,5.0,0,0,0,0,0,0,0,0,0,0,0,0,0,0,0,0,0,0,0,0,0,0,0,0,0,0,0,0,0,,,,,
Reset,82,20,24,07/04/2026 14:16:31,16.67%,1400,1520,50,100,2.0,0,0,0,0,0,0,0,0,0,0,0,0,0,0,0,0,0,0,0,0,0,0,0,0,0,0,0,0,18,,,,,
Reset,72,17,20,07/04/2026 14:00:17,15.00%,0,0,0,0,17.0,0,0,0,0,0,0,0,0,0,0,0,0,0,0,0,0,0,0,0,0,0,0,0,0,0,0,0,0,0,,,,,
Reset,71,0,20,07/04/2026 13:59:53,100.00%,0,0,0,0,0.0,0,0,0,0,0,0,0,0,0,0,0,0,0,0,0,0,0,0,0,0,0,0,0,0,0,0,0,0,0,,,,,
Reset,37,3,15,07/04/2026 13:56:00,80.00%,0,0,0,0,0.0,0,3,0,0,0,0,0,0,0,0,0,0,0,0,0,0,0,0,0,0,0,0,0,0,0,0,0,0,0,,,,,
Reset,73,6,20,07/04/2026 13:52:59,100.00%,0,0,0,0,0.0,0,0,0,0,0,0,0,0,0,0,0,0,0,0,0,0,0,0,0,0,6,0,0,0,0,0,0,0,0,,,,,
Reset,40,10,15,07/04/2026 13:48:25,33.33%,0,0,0,0,10.0,0,0,0,0,0,0,0,0,0,0,0,0,0,0,0,0,0,0,0,0,0,0,0,0,0,0,0,0,0,,,,,
Reset,72,6,20,07/04/2026 13:45:08,100.00%,0,0,0,0,0.0,0,0,0,0,0,0,0,0,0,0,0,0,0,0,0,0,0,0,0,0,6,0,0,0,0,0,0,0,0,,,,,
Reset,52,5,15,07/04/2026 13:39:06,66.67%,0,0,0,0,0.0,0,0,0,0,0,0,0,0,0,0,0,0,5,0,0,0,0,0,0,0,0,0,0,0,0,0,0,0,0,,,,,
Reset,73,3,20,07/04/2026 13:36:07,85.00%,0,0,0,0,3.0,0,0,0,0,0,0,0,0,0,0,0,0,0,0,0,0,0,0,0,0,0,0,0,0,0,0,0,0,0,,,,,
Reset,74,5,20,07/04/2026 13:35:59,100.00%,0,0,0,0,0.0,0,0,0,0,1,0,0,0,0,0,0,0,0,0,0,0,0,0,0,0,4,0,0,0,0,0,0,0,0,,,,,
Reset,80,16,24,07/04/2026 13:29:22,33.33%,1400,1520,50,100,0.0,0,0,0,0,0,0,0,0,0,0,0,0,0,0,0,0,0,0,0,0,0,0,0,0,0,0,0,0,16,,,,,
Reset,40,2,15,07/04/2026 13:26:42,86.67%,0,0,0,0,0.0,0,2,0,0,0,0,0,0,0,0,0,0,0,0,0,0,0,0,0,0,0,0,0,0,0,0,0,0,0,,,,,
Reset,72,9,20,07/04/2026 13:22:56,55.00%,0,0,0,0,8.0,0,0,0,0,1,0,0,0,0,0,0,0,0,0,0,0,0,0,0,0,0,0,0,0,0,0,0,0,0,,,,,
Reset,73,5,20,07/04/2026 13:17:13,100.00%,0,0,0,0,0.0,0,5,0,0,0,0,0,0,0,0,0,0,0,0,0,0,0,0,0,0,0,0,0,0,0,0,0,0,0,,,,,
Reset,52,12,15,07/04/2026 13:16:54,20.00%,0,0,0,0,6.0,0,0,0,0,0,0,0,0,0,6,0,0,0,0,0,0,0,0,0,0,0,0,0,0,0,0,0,0,0,,,,,
Reset,39,5,15,07/04/2026 13:13:11,66.67%,0,0,0,0,5.0,0,0,0,0,0,0,0,0,0,0,0,0,0,0,0,0,0,0,0,0,0,0,0,0,0,0,0,0,0,,,,,
Reset,37,7,15,07/04/2026 13:11:25,53.33%,0,0,0,0,7.0,0,0,0,0,0,0,0,0,0,0,0,0,0,0,0,0,0,0,0,0,0,0,0,0,0,0,0,0,0,,,,,
Reset,39,3,15,07/04/2026 13:07:02,80.00%,0,0,0,0,0.0,0,0,0,0,0,0,0,0,0,0,0,0,0,0,0,0,0,0,0,0,0,0,0,3,0,0,0,0,0,,,,,
Reset,82,16,24,07/04/2026 12:47:28,33.33%,1400,1520,50,100,0.0,0,0,0,0,0,0,0,0,0,0,0,0,0,0,0,0,0,0,0,0,0,0,0,0,0,0,0,0,16,,,,,
Reset,52,6,15,07/04/2026 12:41:11,60.00%,0,0,0,0,6.0,0,0,0,0,0,0,0,0,0,0,0,0,0,0,0,0,0,0,0,0,0,0,0,0,0,0,0,0,0,,,,,
Reset,37,14,15,07/04/2026 12:26:49,6.67%,0,0,0,0,14.0,0,0,0,0,0,0,0,0,0,0,0,0,0,0,0,0,0,0,0,0,0,0,0,0,0,0,0,0,0,,,,,
Reset,80,3,24,07/04/2026 12:22:29,87.50%,1400,1520,50,100,1.0,0,0,0,0,0,0,0,0,0,0,0,0,0,0,0,0,0,0,0,0,0,0,0,0,0,0,0,0,2,,,,,
Reset,40,0,15,07/04/2026 12:07:38,100.00%,0,0,0,0,0.0,0,0,0,0,0,0,0,0,0,0,0,0,0,0,0,0,0,0,0,0,0,0,0,0,0,0,0,0,0,,,,,
Reset,71,2,20,07/04/2026 11:48:49,100.00%,0,0,0,0,0.0,0,2,0,0,0,0,0,0,0,0,0,0,0,0,0,0,0,0,0,0,0,0,0,0,0,0,0,0,0,,,,,
Reset,74,10,20,07/04/2026 11:27:16,100.00%,0,0,0,0,10.0,0,0,0,0,0,0,0,0,0,0,0,0,0,0,0,0,0,0,0,0,0,0,0,0,0,0,0,0,0,,,,,
Reset,73,11,20,07/04/2026 11:21:52,45.00%,0,0,0,0,8.0,3,0,0,0,0,0,0,0,0,0,0,0,0,0,0,0,0,0,0,0,0,0,0,0,0,0,0,0,0,,,,,
Reset,37,5,15,07/04/2026 11:18:18,66.67%,0,0,0,0,0.0,0,5,0,0,0,0,0,0,0,0,0,0,0,0,0,0,0,0,0,0,0,0,0,0,0,0,0,0,0,,,,,
Reset,83,7,24,07/04/2026 11:14:19,70.83%,1400,1520,50,100,4.0,0,0,0,0,0,0,0,0,0,0,0,0,0,0,0,0,0,0,0,0,0,0,0,0,0,0,0,0,3,,,,,
Reset,37,4,15,07/04/2026 11:00:31,73.33%,0,0,0,0,0.0,0,4,0,0,0,0,0,0,0,0,0,0,0,0,0,0,0,0,0,0,0,0,0,0,0,0,0,0,0,,,,,
Reset,39,4,15,07/04/2026 10:39:41,73.33%,0,0,0,0,0.0,0,2,0,0,0,0,0,0,0,0,0,0,0,0,0,0,0,0,0,0,0,0,0,2,0,0,0,0,0,,,,,
Reset,80,4,24,07/04/2026 10:32:57,83.33%,1400,1520,50,100,0.0,0,0,0,0,0,0,0,0,0,0,0,0,0,0,0,0,0,0,0,0,0,0,0,0,0,0,0,0,4,,,,,
Reset,39,15,15,07/04/2026 10:32:35,0,0,0,0,0,15.0,0,0,0,0,0,0,0,0,0,0,0,0,0,0,0,0,0,0,0,0,0,0,0,0,0,0,0,0,0,,,,,
Reset,82,4,24,07/04/2026 10:24:09,83.33%,1400,1520,50,100,2.0,0,2,0,0,0,0,0,0,0,0,0,0,0,0,0,0,0,0,0,0,0,0,0,0,0,0,0,0,0,,,,,
Reset,71,3,20,07/04/2026 10:13:15,100.00%,0,0,0,0,1.0,0,2,0,0,0,0,0,0,0,0,0,0,0,0,0,0,0,0,0,0,0,0,0,0,0,0,0,0,0,,,,,
Reset,73,7,20,07/04/2026 10:11:57,65.00%,0,0,0,0,0.0,0,7,0,0,0,0,0,0,0,0,0,0,0,0,0,0,0,0,0,0,0,0,0,0,0,0,0,0,0,,,,,
Reset,83,9,24,07/04/2026 10:06:51,62.50%,1400,1520,50,100,6.0,0,1,0,0,0,0,0,0,0,0,0,0,0,0,0,0,0,0,0,0,0,0,0,0,0,0,0,0,2,,,,,
Reset,80,2,24,07/04/2026 09:54:36,91.67%,1400,1520,50,100,2.0,0,0,0,0,0,0,0,0,0,0,0,0,0,0,0,0,0,0,0,0,0,0,0,0,0,0,0,0,0,,,,,
Reset,74,12,20,07/04/2026 09:46:04,40.00%,0,0,0,0,10.0,0,0,0,0,2,0,0,0,0,0,0,0,0,0,0,0,0,0,0,0,0,0,0,0,0,0,0,0,0,,,,,
Reset,72,1,20,07/04/2026 09:31:32,100.00%,0,0,0,0,0.0,0,0,0,0,0,0,0,0,0,0,0,0,0,0,0,0,0,0,0,0,0,1,0,0,0,0,0,0,0,,,,,
Reset,72,1,20,07/04/2026 09:21:35,100.00%,0,0,0,0,1.0,0,0,0,0,0,0,0,0,0,0,0,0,0,0,0,0,0,0,0,0,0,0,0,0,0,0,0,0,0,,,,,
Reset,80,3,24,07/04/2026 08:53:51,87.50%,1400,1520,50,100,1.0,0,0,0,0,0,0,0,0,0,0,0,0,0,0,0,0,0,0,0,0,0,0,0,0,0,0,0,0,2,,,,,
Reset,73,20,20,07/04/2026 08:44:34,0,0,0,0,0,8.0,0,0,0,0,9,0,0,0,0,0,0,0,0,0,0,0,0,0,0,0,0,0,0,3,0,0,0,0,0,,,,,
Reset,82,4,24,07/04/2026 08:36:55,83.33%,1400,1520,50,100,4.0,0,0,0,0,0,0,0,0,0,0,0,0,0,0,0,0,0,0,0,0,0,0,0,0,0,0,0,0,0,,,,,
Reset,74,9,20,07/04/2026 08:25:41,55.00%,0,0,0,0,8.0,0,0,0,0,1,0,0,0,0,0,0,0,0,0,0,0,0,0,0,0,0,0,0,0,0,0,0,0,0,,,,,
Reset,83,4,24,07/04/2026 08:11:50,83.33%,1400,1520,50,100,1.0,0,0,0,0,0,0,0,0,0,0,0,0,0,0,0,0,0,0,0,0,0,0,0,0,0,0,0,0,3,,,,,
Reset,39,6,15,07/04/2026 08:08:13,60.00%,0,0,0,0,0.0,0,4,0,0,0,0,0,0,0,0,0,0,0,0,0,0,0,0,0,0,0,0,0,2,0,0,0,0,0,,,,,
Reset,80,3,24,07/04/2026 08:03:50,87.50%,1400,1520,50,100,3.0,0,0,0,0,0,0,0,0,0,0,0,0,0,0,0,0,0,0,0,0,0,0,0,0,0,0,0,0,0,,,,,
Reset,71,4,20,07/04/2026 07:51:07,80.00%,0,0,0,0,0.0,0,4,0,0,0,0,0,0,0,0,0,0,0,0,0,0,0,0,0,0,0,0,0,0,0,0,0,0,0,,,,,
Reset,83,20,24,07/04/2026 07:40:11,16.67%,1400,1520,50,100,20.0,0,0,0,0,0,0,0,0,0,0,0,0,0,0,0,0,0,0,0,0,0,0,0,0,0,0,0,0,0,,,,,
Reset,40,0,15,07/04/2026 07:29:01,100.00%,0,0,0,0,0.0,0,0,0,0,0,0,0,0,0,0,0,0,0,0,0,0,0,0,0,0,0,0,0,0,0,0,0,0,0,,,,,
Reset,4,0,20,07/04/2026 07:28:56,100.00%,0,0,0,0,0.0,0,0,0,0,0,0,0,0,0,0,0,0,0,0,0,0,0,0,0,0,0,0,0,0,0,0,0,0,0,,,,,
Reset,37,7,15,07/04/2026 07:26:36,53.33%,0,0,0,0,0.0,0,7,0,0,0,0,0,0,0,0,0,0,0,0,0,0,0,0,0,0,0,0,0,0,0,0,0,0,0,,,,,
Reset,82,2,24,07/04/2026 07:24:16,91.67%,1400,1520,50,100,0.0,0,1,0,0,0,0,0,0,0,0,0,0,0,1,0,0,0,0,0,0,0,0,0,0,0,0,0,0,0,,,,,
Reset,73,20,20,07/04/2026 07:17:20,0,0,0,0,0,16.0,0,4,0,0,0,0,0,0,0,0,0,0,0,0,0,0,0,0,0,0,0,0,0,0,0,0,0,0,0,,,,,
Reset,74,10,20,07/04/2026 07:15:41,50.00%,0,0,0,0,9.0,0,0,0,0,1,0,0,0,0,0,0,0,0,0,0,0,0,0,0,0,0,0,0,0,0,0,0,0,0,,,,,
Reset,80,1,24,07/04/2026 07:09:29,95.83%,1400,1520,50,100,1.0,0,0,0,0,0,0,0,0,0,0,0,0,0,0,0,0,0,0,0,0,0,0,0,0,0,0,0,0,0,,,,,
Reset,39,2,15,07/04/2026 07:03:02,86.67%,0,0,0,0,0.0,0,2,0,0,0,0,0,0,0,0,0,0,0,0,0,0,0,0,0,0,0,0,0,0,0,0,0,0,0,,,,,
Reset,10,1,20,07/04/2026 06:59:47,95.00%,0,0,0,0,0.0,0,0,0,0,0,0,0,0,0,0,0,0,0,0,0,0,0,0,0,0,0,1,0,0,0,0,0,0,0,,,,,
Reset,3,5,20,07/04/2026 06:55:44,75.00%,0,0,0,0,5.0,0,0,0,0,0,0,0,0,0,0,0,0,0,0,0,0,0,0,0,0,0,0,0,0,0,0,0,0,0,,,,,
Reset,71,5,20,07/04/2026 06:29:04,100.00%,0,0,0,0,0.0,2,3,0,0,0,0,0,0,0,0,0,0,0,0,0,0,0,0,0,0,0,0,0,0,0,0,0,0,0,,,,,
Reset,40,0,15,06/04/2026 23:20:15,100.00%,0,0,0,0,0.0,0,0,0,0,0,0,0,0,0,0,0,0,0,0,0,0,0,0,0,0,0,0,0,0,0,0,0,0,0,,,,,
Reset,39,0,15,06/04/2026 23:08:40,100.00%,0,0,0,0,0.0,0,0,0,0,0,0,0,0,0,0,0,0,0,0,0,0,0,0,0,0,0,0,0,0,0,0,0,0,0,,,,,
Reset,5,0,20,06/04/2026 23:04:15,100.00%,0,0,0,0,0.0,0,0,0,0,0,0,0,0,0,0,0,0,0,0,0,0,0,0,0,0,0,0,0,0,0,0,0,0,0,,,,,
Reset,37,2,15,06/04/2026 22:58:31,86.67%,0,0,0,0,0.0,0,2,0,0,0,0,0,0,0,0,0,0,0,0,0,0,0,0,0,0,0,0,0,0,0,0,0,0,0,,,,,
Reset,10,1,20,06/04/2026 22:56:24,95.00%,0,0,0,0,1.0,0,0,0,0,0,0,0,0,0,0,0,0,0,0,0,0,0,0,0,0,0,0,0,0,0,0,0,0,0,,,,,
Reset,37,2,15,06/04/2026 22:47:54,86.67%,0,0,0,0,0.0,0,2,0,0,0,0,0,0,0,0,0,0,0,0,0,0,0,0,0,0,0,0,0,0,0,0,0,0,0,,,,,
Reset,3,3,20,06/04/2026 22:46:10,85.00%,0,0,0,0,3.0,0,0,0,0,0,0,0,0,0,0,0,0,0,0,0,0,0,0,0,0,0,0,0,0,0,0,0,0,0,,,,,
Reset,37,0,15,06/04/2026 22:29:24,100.00%,0,0,0,0,0.0,0,0,0,0,0,0,0,0,0,0,0,0,0,0,0,0,0,0,0,0,0,0,0,0,0,0,0,0,0,,,,,
Reset,10,1,20,06/04/2026 22:24:46,95.00%,0,0,0,0,1.0,0,0,0,0,0,0,0,0,0,0,0,0,0,0,0,0,0,0,0,0,0,0,0,0,0,0,0,0,0,,,,,
Reset,39,0,15,06/04/2026 22:10:41,100.00%,0,0,0,0,0.0,0,0,0,0,0,0,0,0,0,0,0,0,0,0,0,0,0,0,0,0,0,0,0,0,0,0,0,0,0,,,,,
Reset,3,3,20,06/04/2026 22:07:49,85.00%,0,0,0,0,3.0,0,0,0,0,0,0,0,0,0,0,0,0,0,0,0,0,0,0,0,0,0,0,0,0,0,0,0,0,0,,,,,
Reset,37,2,15,06/04/2026 22:01:56,86.67%,0,0,0,0,0.0,0,2,0,0,0,0,0,0,0,0,0,0,0,0,0,0,0,0,0,0,0,0,0,0,0,0,0,0,0,,,,,
Reset,40,0,15,06/04/2026 21:50:20,100.00%,0,0,0,0,0.0,0,0,0,0,0,0,0,0,0,0,0,0,0,0,0,0,0,0,0,0,0,0,0,0,0,0,0,0,0,,,,,
Reset,10,2,20,06/04/2026 21:42:37,90.00%,0,0,0,0,2.0,0,0,0,0,0,0,0,0,0,0,0,0,0,0,0,0,0,0,0,0,0,0,0,0,0,0,0,0,0,,,,,
Reset,39,0,15,06/04/2026 21:39:06,100.00%,0,0,0,0,0.0,0,0,0,0,0,0,0,0,0,0,0,0,0,0,0,0,0,0,0,0,0,0,0,0,0,0,0,0,0,,,,,
Reset,3,3,20,06/04/2026 21:33:07,85.00%,0,0,0,0,3.0,0,0,0,0,0,0,0,0,0,0,0,0,0,0,0,0,0,0,0,0,0,0,0,0,0,0,0,0,0,,,,,
Reset,37,3,15,06/04/2026 21:27:06,80.00%,0,0,0,0,1.0,0,2,0,0,0,0,0,0,0,0,0,0,0,0,0,0,0,0,0,0,0,0,0,0,0,0,0,0,0,,,,,
Reset,5,1,20,06/04/2026 21:24:00,95.00%,0,0,0,0,1.0,0,0,0,0,0,0,0,0,0,0,0,0,0,0,0,0,0,0,0,0,0,0,0,0,0,0,0,0,0,,,,,
Reset,40,0,15,06/04/2026 21:20:01,100.00%,0,0,0,0,0.0,0,0,0,0,0,0,0,0,0,0,0,0,0,0,0,0,0,0,0,0,0,0,0,0,0,0,0,0,0,,,,,
Reset,39,0,15,06/04/2026 21:11:37,100.00%,0,0,0,0,0.0,0,0,0,0,0,0,0,0,0,0,0,0,0,0,0,0,0,0,0,0,0,0,0,0,0,0,0,0,0,,,,,
Reset,37,1,15,06/04/2026 20:56:26,93.33%,0,0,0,0,0.0,0,1,0,0,0,0,0,0,0,0,0,0,0,0,0,0,0,0,0,0,0,0,0,0,0,0,0,0,0,,,,,
Reset,3,1,20,06/04/2026 20:52:58,95.00%,0,0,0,0,1.0,0,0,0,0,0,0,0,0,0,0,0,0,0,0,0,0,0,0,0,0,0,0,0,0,0,0,0,0,0,,,,,
Reset,8,1,20,06/04/2026 20:47:27,95.00%,0,0,0,0,0.0,0,0,0,0,0,0,0,0,0,0,0,0,0,0,0,1,0,0,0,0,0,0,0,0,0,0,0,0,0,,,,,
Reset,40,0,15,06/04/2026 20:43:19,100.00%,0,0,0,0,0.0,0,0,0,0,0,0,0,0,0,0,0,0,0,0,0,0,0,0,0,0,0,0,0,0,0,0,0,0,0,,,,,
Reset,39,0,15,06/04/2026 20:35:57,100.00%,0,0,0,0,0.0,0,0,0,0,0,0,0,0,0,0,0,0,0,0,0,0,0,0,0,0,0,0,0,0,0,0,0,0,0,,,,,
Reset,10,1,20,06/04/2026 20:32:27,95.00%,0,0,0,0,1.0,0,0,0,0,0,0,0,0,0,0,0,0,0,0,0,0,0,0,0,0,0,0,0,0,0,0,0,0,0,,,,,
Reset,37,4,15,06/04/2026 20:27:47,73.33%,0,0,0,0,0.0,0,4,0,0,0,0,0,0,0,0,0,0,0,0,0,0,0,0,0,0,0,0,0,0,0,0,0,0,0,,,,,
Reset,3,4,20,06/04/2026 20:21:16,80.00%,0,0,0,0,3.0,0,0,0,0,0,0,0,0,0,0,0,0,0,0,0,0,0,0,0,0,0,0,1,0,0,0,0,0,0,,,,,
Reset,37,3,15,06/04/2026 20:13:33,80.00%,0,0,0,0,0.0,0,2,0,0,0,0,0,0,0,0,0,0,0,1,0,0,0,0,0,0,0,0,0,0,0,0,0,0,0,,,,,
Reset,5,1,20,06/04/2026 20:06:48,95.00%,0,0,0,0,1.0,0,0,0,0,0,0,0,0,0,0,0,0,0,0,0,0,0,0,0,0,0,0,0,0,0,0,0,0,0,,,,,
Reset,39,1,15,06/04/2026 20:01:09,93.33%,0,0,0,0,0.0,0,1,0,0,0,0,0,0,0,0,0,0,0,0,0,0,0,0,0,0,0,0,0,0,0,0,0,0,0,,,,,
Reset,37,5,15,06/04/2026 19:52:27,66.67%,0,0,0,0,1.0,0,4,0,0,0,0,0,0,0,0,0,0,0,0,0,0,0,0,0,0,0,0,0,0,0,0,0,0,0,,,,,
Reset,10,2,20,06/04/2026 19:48:06,90.00%,0,0,0,0,2.0,0,0,0,0,0,0,0,0,0,0,0,0,0,0,0,0,0,0,0,0,0,0,0,0,0,0,0,0,0,,,,,
Reset,40,0,15,06/04/2026 19:39:53,100.00%,0,0,0,0,0.0,0,0,0,0,0,0,0,0,0,0,0,0,0,0,0,0,0,0,0,0,0,0,0,0,0,0,0,0,0,,,,,
Reset,8,1,20,06/04/2026 19:37:27,95.00%,0,0,0,0,1.0,0,0,0,0,0,0,0,0,0,0,0,0,0,0,0,0,0,0,0,0,0,0,0,0,0,0,0,0,0,,,,,
Reset,39,3,15,06/04/2026 19:31:50,80.00%,0,0,0,0,1.0,0,1,0,0,0,0,0,0,0,1,0,0,0,0,0,0,0,0,0,0,0,0,0,0,0,0,0,0,0,,,,,
Reset,40,0,15,06/04/2026 19:07:05,100.00%,0,0,0,0,0.0,0,0,0,0,0,0,0,0,0,0,0,0,0,0,0,0,0,0,0,0,0,0,0,0,0,0,0,0,0,,,,,
Reset,39,1,15,06/04/2026 19:02:13,93.33%,0,0,0,0,1.0,0,0,0,0,0,0,0,0,0,0,0,0,0,0,0,0,0,0,0,0,0,0,0,0,0,0,0,0,0,,,,,
Reset,5,1,20,06/04/2026 18:59:21,95.00%,0,0,0,0,1.0,0,0,0,0,0,0,0,0,0,0,0,0,0,0,0,0,0,0,0,0,0,0,0,0,0,0,0,0,0,,,,,
Reset,10,1,20,06/04/2026 18:59:11,95.00%,0,0,0,0,1.0,0,0,0,0,0,0,0,0,0,0,0,0,0,0,0,0,0,0,0,0,0,0,0,0,0,0,0,0,0,,,,,
Reset,8,1,20,06/04/2026 18:04:36,95.00%,0,0,0,0,1.0,0,0,0,0,0,0,0,0,0,0,0,0,0,0,0,0,0,0,0,0,0,0,0,0,0,0,0,0,0,,,,,
Reset,40,1,15,06/04/2026 17:59:21,93.33%,0,0,0,0,0.0,0,1,0,0,0,0,0,0,0,0,0,0,0,0,0,0,0,0,0,0,0,0,0,0,0,0,0,0,0,,,,,
Reset,39,0,15,06/04/2026 17:46:00,100.00%,0,0,0,0,0.0,0,0,0,0,0,0,0,0,0,0,0,0,0,0,0,0,0,0,0,0,0,0,0,0,0,0,0,0,0,,,,,
Reset,3,3,20,06/04/2026 17:43:09,85.00%,0,0,0,0,3.0,0,0,0,0,0,0,0,0,0,0,0,0,0,0,0,0,0,0,0,0,0,0,0,0,0,0,0,0,0,,,,,
Reset,10,1,20,06/04/2026 17:25:29,95.00%,0,0,0,0,1.0,0,0,0,0,0,0,0,0,0,0,0,0,0,0,0,0,0,0,0,0,0,0,0,0,0,0,0,0,0,,,,,
Reset,5,3,20,06/04/2026 17:16:53,85.00%,0,0,0,0,3.0,0,0,0,0,0,0,0,0,0,0,0,0,0,0,0,0,0,0,0,0,0,0,0,0,0,0,0,0,0,,,,,
Reset,8,1,20,06/04/2026 17:04:28,95.00%,0,0,0,0,1.0,0,0,0,0,0,0,0,0,0,0,0,0,0,0,0,0,0,0,0,0,0,0,0,0,0,0,0,0,0,,,,,
Reset,39,0,15,06/04/2026 16:47:32,100.00%,0,0,0,0,0.0,0,0,0,0,0,0,0,0,0,0,0,0,0,0,0,0,0,0,0,0,0,0,0,0,0,0,0,0,0,,,,,
Reset,52,11,15,06/04/2026 16:36:24,26.67%,0,0,0,0,0.0,0,1,0,0,0,0,0,0,0,9,0,0,0,0,0,0,0,0,0,0,0,0,0,1,0,0,0,0,0,,,,,
Reset,40,0,15,06/04/2026 16:34:06,100.00%,0,0,0,0,0.0,0,0,0,0,0,0,0,0,0,0,0,0,0,0,0,0,0,0,0,0,0,0,0,0,0,0,0,0,0,,,,,
Reset,39,2,15,06/04/2026 16:25:26,86.67%,0,0,0,0,0.0,0,0,0,0,0,0,0,0,0,1,0,0,1,0,0,0,0,0,0,0,0,0,0,0,0,0,0,0,0,,,,,
Reset,40,4,15,06/04/2026 16:19:08,73.33%,0,0,0,0,0.0,0,0,0,0,0,0,0,0,0,2,0,0,0,0,0,0,0,0,0,0,0,0,0,2,0,0,0,0,0,,,,,
Reset,39,0,15,06/04/2026 16:17:07,100.00%,0,0,0,0,0.0,0,0,0,0,0,0,0,0,0,0,0,0,0,0,0,0,0,0,0,0,0,0,0,0,0,0,0,0,0,,,,,
Reset,40,2,15,06/04/2026 16:09:18,86.67%,0,0,0,0,0.0,0,0,0,0,0,0,0,0,0,2,0,0,0,0,0,0,0,0,0,0,0,0,0,0,0,0,0,0,0,,,,,
Reset,39,7,15,06/04/2026 16:08:56,53.33%,0,0,0,0,0.0,0,0,0,0,0,0,0,0,0,6,0,0,0,0,0,0,0,0,0,0,0,0,0,1,0,0,0,0,0,,,,,
Reset,40,0,15,06/04/2026 15:56:15,100.00%,0,0,0,0,0.0,0,0,0,0,0,0,0,0,0,0,0,0,0,0,0,0,0,0,0,0,0,0,0,0,0,0,0,0,0,,,,,
Reset,39,2,15,06/04/2026 15:52:58,86.67%,0,0,0,0,0.0,0,0,0,0,0,0,0,0,0,1,0,0,0,0,0,0,0,0,0,0,0,0,0,1,0,0,0,0,0,,,,,
Reset,83,8,24,06/04/2026 15:28:01,66.67%,1400,1520,50,100,0.0,0,0,0,0,0,0,0,0,0,0,0,0,0,2,0,0,0,0,0,0,0,0,0,0,0,0,0,0,6,,,,,
Reset,40,7,15,06/04/2026 15:27:23,53.33%,0,0,0,0,0.0,0,0,0,0,0,0,0,0,0,6,0,0,0,0,0,0,0,0,0,0,0,0,0,1,0,0,0,0,0,,,,,
Reset,80,8,24,06/04/2026 14:23:32,66.67%,1400,1520,50,100,3.0,0,0,0,0,0,0,0,0,0,0,0,1,0,0,0,0,0,0,0,0,0,0,0,0,0,0,0,0,4,,,,,
Reset,83,11,24,06/04/2026 14:08:46,54.17%,1400,1520,50,100,2.0,3,0,0,0,0,0,0,0,0,0,0,0,0,0,0,0,0,0,0,0,0,2,0,0,0,0,0,0,4,,,,,
Reset,40,3,15,06/04/2026 13:55:40,80.00%,0,0,0,0,0.0,0,0,0,0,0,0,0,0,0,3,0,0,0,0,0,0,0,0,0,0,0,0,0,0,0,0,0,0,0,,,,,
Reset,82,6,24,06/04/2026 13:53:45,75.00%,1400,1520,50,100,5.0,0,0,0,0,0,0,0,0,0,0,0,0,0,0,0,0,0,0,0,0,0,1,0,0,0,0,0,0,0,,,,,
Reset,80,6,24,06/04/2026 13:46:03,75.00%,1400,1520,50,100,2.0,1,0,0,0,0,0,0,0,0,0,0,0,1,0,0,0,1,0,0,0,0,1,0,0,0,0,0,0,0,,,,,
Reset,72,7,20,06/04/2026 13:38:34,65.00%,0,0,0,0,1.0,0,0,0,0,6,0,0,0,0,0,0,0,0,0,0,0,0,0,0,0,0,0,0,0,0,0,0,0,0,,,,,
Reset,39,1,15,06/04/2026 13:30:53,93.33%,0,0,0,0,0.0,0,0,0,0,0,0,0,0,0,1,0,0,0,0,0,0,0,0,0,0,0,0,0,0,0,0,0,0,0,,,,,
Reset,52,10,15,06/04/2026 13:28:26,33.33%,0,0,0,0,0.0,0,4,0,0,0,0,0,0,0,5,0,0,0,0,0,0,0,0,0,0,0,0,0,1,0,0,0,0,0,,,,,
Reset,83,7,24,06/04/2026 13:17:46,70.83%,1400,1520,50,100,0.0,7,0,0,0,0,0,0,0,0,0,0,0,0,0,0,0,0,0,0,0,0,0,0,0,0,0,0,0,0,,,,,
Reset,74,10,20,06/04/2026 13:13:03,50.00%,0,0,0,0,8.0,0,0,0,0,2,0,0,0,0,0,0,0,0,0,0,0,0,0,0,0,0,0,0,0,0,0,0,0,0,,,,,
Reset,83,2,24,06/04/2026 12:11:07,91.67%,1400,1520,50,100,1.0,0,1,0,0,0,0,0,0,0,0,0,0,0,0,0,0,0,0,0,0,0,0,0,0,0,0,0,0,0,,,,,
Reset,80,3,24,06/04/2026 12:04:28,87.50%,1400,1520,50,100,1.0,0,0,0,0,0,0,0,0,0,0,0,0,1,0,0,0,1,0,0,0,0,0,0,0,0,0,0,0,0,,,,,
Reset,73,11,20,06/04/2026 11:31:26,45.00%,0,0,0,0,0.0,6,3,0,0,2,0,0,0,0,0,0,0,0,0,0,0,0,0,0,0,0,0,0,0,0,0,0,0,0,,,,,
Reset,72,3,20,06/04/2026 11:06:30,100.00%,0,0,0,0,1.0,2,0,0,0,0,0,0,0,0,0,0,0,0,0,0,0,0,0,0,0,0,0,0,0,0,0,0,0,0,,,,,
Reset,37,19,15,06/04/2026 11:05:47,-26.67%,0,0,0,0,0.0,6,13,0,0,0,0,0,0,0,0,0,0,0,0,0,0,0,0,0,0,0,0,0,0,0,0,0,0,0,,,,,
Reset,39,11,15,06/04/2026 11:02:43,26.67%,0,0,0,0,0.0,1,10,0,0,0,0,0,0,0,0,0,0,0,0,0,0,0,0,0,0,0,0,0,0,0,0,0,0,0,,,,,
Reset,80,25,24,06/04/2026 10:57:23,-4.17%,1400,1520,50,100,0.0,7,9,0,0,0,0,0,0,0,8,0,0,1,0,0,0,0,0,0,0,0,0,0,0,0,0,0,0,0,,,,,
Reset,40,14,15,06/04/2026 10:41:40,6.67%,0,0,0,0,0.0,7,7,0,0,0,0,0,0,0,0,0,0,0,0,0,0,0,0,0,0,0,0,0,0,0,0,0,0,0,,,,,
Reset,82,2,24,06/04/2026 10:37:35,91.67%,1400,1520,50,100,1.0,1,0,0,0,0,0,0,0,0,0,0,0,0,0,0,0,0,0,0,0,0,0,0,0,0,0,0,0,0,,,,,
Reset,37,13,15,06/04/2026 10:31:40,13.33%,0,0,0,0,0.0,0,13,0,0,0,0,0,0,0,0,0,0,0,0,0,0,0,0,0,0,0,0,0,0,0,0,0,0,0,,,,,
Reset,71,13,20,06/04/2026 10:30:19,35.00%,0,0,0,0,8.0,5,0,0,0,0,0,0,0,0,0,0,0,0,0,0,0,0,0,0,0,0,0,0,0,0,0,0,0,0,,,,,
Reset,72,4,20,06/04/2026 10:28:55,100.00%,0,0,0,0,2.0,0,2,0,0,0,0,0,0,0,0,0,0,0,0,0,0,0,0,0,0,0,0,0,0,0,0,0,0,0,,,,,
Reset,83,1,24,06/04/2026 10:25:35,95.83%,1400,1520,50,100,1.0,0,0,0,0,0,0,0,0,0,0,0,0,0,0,0,0,0,0,0,0,0,0,0,0,0,0,0,0,0,,,,,
Reset,73,13,20,06/04/2026 10:00:44,35.00%,0,0,0,0,0.0,0,7,0,0,3,0,0,0,3,0,0,0,0,0,0,0,0,0,0,0,0,0,0,0,0,0,0,0,0,,,,,
Reset,73,7,20,06/04/2026 09:58:44,100.00%,0,0,0,0,0.0,2,2,0,0,0,0,0,1,1,0,0,0,1,0,0,0,0,0,0,0,0,0,0,0,0,0,0,0,0,,,,,
Reset,52,12,15,06/04/2026 09:47:02,20.00%,0,0,0,0,0.0,0,7,0,0,0,0,0,0,0,3,0,0,0,0,0,0,0,0,0,0,0,0,0,2,0,0,0,0,0,,,,,
Reset,135,14,40,06/04/2026 09:39:09,65.00%,2000,80,45,50,9.0,0,0,0,0,0,0,0,0,0,0,0,0,0,5,0,0,0,0,0,0,0,0,0,0,0,0,0,0,0,,,,,
Reset,134,9,40,06/04/2026 09:34:52,77.50%,2000,880,45,50,0.0,0,4,0,0,0,0,0,0,0,0,0,0,0,5,0,0,0,0,0,0,0,0,0,0,0,0,0,0,0,,,,,
Reset,73,7,20,06/04/2026 09:30:32,100.00%,0,0,0,0,0.0,5,1,0,0,1,0,0,0,0,0,0,0,0,0,0,0,0,0,0,0,0,0,0,0,0,0,0,0,0,,,,,
Reset,133,9,40,06/04/2026 09:29:56,77.50%,2000,880,45,50,1.0,0,2,0,0,0,0,0,0,0,0,0,0,0,6,0,0,0,0,0,0,0,0,0,0,0,0,0,0,0,,,,,
Reset,80,4,24,06/04/2026 09:26:53,83.33%,1400,1520,50,100,2.0,0,0,0,0,1,0,0,0,0,0,0,0,0,0,0,0,0,0,0,0,0,1,0,0,0,0,0,0,0,,,,,
Reset,131,13,40,06/04/2026 09:25:29,67.50%,2000,880,45,50,0.0,0,9,0,0,0,0,0,0,0,0,0,0,0,4,0,0,0,0,0,0,0,0,0,0,0,0,0,0,0,,,,,
Reset,132,6,40,06/04/2026 09:23:34,85.00%,2000,880,45,50,0.0,0,2,0,0,0,0,0,0,0,0,0,0,0,4,0,0,0,0,0,0,0,0,0,0,0,0,0,0,0,,,,,
Reset,39,14,15,06/04/2026 09:19:20,6.67%,0,0,0,0,0.0,0,14,0,0,0,0,0,0,0,0,0,0,0,0,0,0,0,0,0,0,0,0,0,0,0,0,0,0,0,,,,,
Reset,40,2,15,06/04/2026 09:18:37,86.67%,0,0,0,0,0.0,0,2,0,0,0,0,0,0,0,0,0,0,0,0,0,0,0,0,0,0,0,0,0,0,0,0,0,0,0,,,,,
Reset,37,10,15,06/04/2026 09:17:59,33.33%,0,0,0,0,0.0,0,10,0,0,0,0,0,0,0,0,0,0,0,0,0,0,0,0,0,0,0,0,0,0,0,0,0,0,0,,,,,
Reset,82,5,24,06/04/2026 09:16:53,79.17%,1400,1520,50,100,3.0,0,0,0,0,2,0,0,0,0,0,0,0,0,0,0,0,0,0,0,0,0,0,0,0,0,0,0,0,0,,,,,
Reset,135,20,40,06/04/2026 09:06:19,50.00%,2000,80,45,50,14.0,0,0,0,0,0,0,0,0,0,0,0,0,0,6,0,0,0,0,0,0,0,0,0,0,0,0,0,0,0,,,,,
Reset,133,14,40,06/04/2026 09:05:11,65.00%,2000,880,45,50,8.0,0,6,0,0,0,0,0,0,0,0,0,0,0,0,0,0,0,0,0,0,0,0,0,0,0,0,0,0,0,,,,,
Reset,72,7,20,06/04/2026 08:59:24,100.00%,0,0,0,0,5.0,0,2,0,0,0,0,0,0,0,0,0,0,0,0,0,0,0,0,0,0,0,0,0,0,0,0,0,0,0,,,,,
Reset,74,10,20,06/04/2026 08:38:19,50.00%,0,0,0,0,10.0,0,0,0,0,0,0,0,0,0,0,0,0,0,0,0,0,0,0,0,0,0,0,0,0,0,0,0,0,0,,,,,
Reset,83,5,24,06/04/2026 08:35:40,79.17%,1400,1520,50,100,3.0,0,2,0,0,0,0,0,0,0,0,0,0,0,0,0,0,0,0,0,0,0,0,0,0,0,0,0,0,0,,,,,
Reset,74,7,20,06/04/2026 08:24:24,100.00%,0,0,0,0,6.0,0,0,0,0,1,0,0,0,0,0,0,0,0,0,0,0,0,0,0,0,0,0,0,0,0,0,0,0,0,,,,,
Reset,74,10,20,06/04/2026 08:12:04,50.00%,0,0,0,0,6.0,0,0,0,0,4,0,0,0,0,0,0,0,0,0,0,0,0,0,0,0,0,0,0,0,0,0,0,0,0,,,,,
Reset,73,14,20,06/04/2026 08:11:01,30.00%,0,0,0,0,8.0,6,0,0,0,0,0,0,0,0,0,0,0,0,0,0,0,0,0,0,0,0,0,0,0,0,0,0,0,0,,,,,
Reset,80,1,24,06/04/2026 08:06:52,95.83%,1400,1520,50,100,1.0,0,0,0,0,0,0,0,0,0,0,0,0,0,0,0,0,0,0,0,0,0,0,0,0,0,0,0,0,0,,,,,
Reset,72,3,20,06/04/2026 07:51:06,100.00%,0,0,0,0,0.0,0,0,0,0,0,0,0,3,0,0,0,0,0,0,0,0,0,0,0,0,0,0,0,0,0,0,0,0,0,,,,,
Reset,82,3,24,06/04/2026 07:48:28,87.50%,1400,1520,50,100,3.0,0,0,0,0,0,0,0,0,0,0,0,0,0,0,0,0,0,0,0,0,0,0,0,0,0,0,0,0,0,,,,,
Reset,72,17,20,06/04/2026 07:20:40,100.00%,0,0,0,0,0.0,0,0,0,0,17,0,0,0,0,0,0,0,0,0,0,0,0,0,0,0,0,0,0,0,0,0,0,0,0,,,,,
Reset,83,2,24,06/04/2026 07:15:57,91.67%,1400,1520,50,100,1.0,0,1,0,0,0,0,0,0,0,0,0,0,0,0,0,0,0,0,0,0,0,0,0,0,0,0,0,0,0,,,,,
Reset,80,2,24,06/04/2026 07:00:35,91.67%,1400,1520,50,100,2.0,0,0,0,0,0,0,0,0,0,0,0,0,0,0,0,0,0,0,0,0,0,0,0,0,0,0,0,0,0,,,,,
Reset,133,14,40,06/04/2026 06:50:35,65.00%,2000,880,45,50,9.0,0,5,0,0,0,0,0,0,0,0,0,0,0,0,0,0,0,0,0,0,0,0,0,0,0,0,0,0,0,,,,,
Reset,131,4,40,06/04/2026 06:46:37,90.00%,2000,880,45,50,0.0,1,3,0,0,0,0,0,0,0,0,0,0,0,0,0,0,0,0,0,0,0,0,0,0,0,0,0,0,0,,,,,
Reset,136,7,40,06/04/2026 06:29:40,82.50%,200,80,45,50,0.0,0,4,0,0,0,0,0,0,0,0,0,0,0,3,0,0,0,0,0,0,0,0,0,0,0,0,0,0,0,,,,,
Reset,131,7,40,06/04/2026 06:25:41,82.50%,2000,880,45,50,5.0,0,2,0,0,0,0,0,0,0,0,0,0,0,0,0,0,0,0,0,0,0,0,0,0,0,0,0,0,0,,,,,
Reset,132,5,40,06/04/2026 06:16:46,87.50%,2000,880,45,50,0.0,0,2,0,0,0,0,0,0,0,0,0,0,0,3,0,0,0,0,0,0,0,0,0,0,0,0,0,0,0,,,,,
Reset,82,4,24,01/04/2026 23:02:36,87.50%,1400,1520,50,100,0.0,3,0,0,0,1,0,0,0,0,0,0,0,0,0,0,0,0,0,0,0,0,0,0,0,0,0,0,0,0,,,,,
Reset,131,6,40,01/04/2026 22:50:25,85.00%,2000,880,45,50,0.0,0,3,0,0,0,0,0,0,0,0,0,0,0,3,0,0,0,0,0,0,0,0,0,0,0,0,0,0,0,,,,,
Reset,39,6,15,01/04/2026 22:47:51,60.00%,0,0,0,0,0.0,0,5,0,0,0,0,0,0,0,0,0,0,0,0,0,0,0,0,0,0,0,0,0,1,0,0,0,0,0,,,,,
Reset,132,5,40,01/04/2026 22:47:05,87.50%,2000,880,45,50,0.0,0,5,0,0,0,0,0,0,0,0,0,0,0,0,0,0,0,0,0,0,0,0,0,0,0,0,0,0,0,,,,,
Reset,40,7,15,01/04/2026 22:39:56,53.33%,0,0,0,0,0.0,1,6,0,0,0,0,0,0,0,0,0,0,0,0,0,0,0,0,0,0,0,0,0,0,0,0,0,0,0,,,,,
Reset,136,23,40,01/04/2026 22:26:28,42.50%,200,80,45,50,20.0,0,3,0,0,0,0,0,0,0,0,0,0,0,0,0,0,0,0,0,0,0,0,0,0,0,0,0,0,0,,,,,
Reset,39,6,15,01/04/2026 22:16:24,60.00%,0,0,0,0,0.0,0,6,0,0,0,0,0,0,0,0,0,0,0,0,0,0,0,0,0,0,0,0,0,0,0,0,0,0,0,,,,,
Reset,132,19,40,01/04/2026 22:14:14,52.50%,2000,880,45,50,10.0,0,6,0,0,0,0,0,0,0,0,0,0,0,3,0,0,0,0,0,0,0,0,0,0,0,0,0,0,0,,,,,
Reset,131,5,40,01/04/2026 22:08:09,87.50%,2000,880,45,50,3.0,0,2,0,0,0,0,0,0,0,0,0,0,0,0,0,0,0,0,0,0,0,0,0,0,0,0,0,0,0,,,,,
Reset,40,6,15,01/04/2026 22:07:16,60.00%,0,0,0,0,0.0,0,6,0,0,0,0,0,0,0,0,0,0,0,0,0,0,0,0,0,0,0,0,0,0,0,0,0,0,0,,,,,
Reset,131,3,40,01/04/2026 22:06:16,92.50%,2000,880,45,50,0.0,0,3,0,0,0,0,0,0,0,0,0,0,0,0,0,0,0,0,0,0,0,0,0,0,0,0,0,0,0,,,,,
Reset,134,3,40,01/04/2026 22:04:03,92.50%,2000,880,45,50,0.0,0,3,0,0,0,0,0,0,0,0,0,0,0,0,0,0,0,0,0,0,0,0,0,0,0,0,0,0,0,,,,,
Reset,136,10,40,01/04/2026 22:00:17,75.00%,200,80,45,50,0.0,0,10,0,0,0,0,0,0,0,0,0,0,0,0,0,0,0,0,0,0,0,0,0,0,0,0,0,0,0,,,,,
Reset,80,1,24,01/04/2026 21:54:22,95.83%,1400,1520,50,100,0.0,0,0,0,0,0,0,0,0,0,0,0,0,0,0,0,0,0,0,0,0,0,0,0,0,0,0,0,0,1,,,,,
Reset,135,5,40,01/04/2026 21:54:03,87.50%,2000,80,45,50,0.0,0,0,0,0,0,0,0,0,0,0,0,0,0,5,0,0,0,0,0,0,0,0,0,0,0,0,0,0,0,,,,,
Reset,39,6,15,01/04/2026 21:43:00,60.00%,0,0,0,0,0.0,0,6,0,0,0,0,0,0,0,0,0,0,0,0,0,0,0,0,0,0,0,0,0,0,0,0,0,0,0,,,,,
Reset,131,3,40,01/04/2026 21:39:55,92.50%,2000,880,45,50,0.0,0,3,0,0,0,0,0,0,0,0,0,0,0,0,0,0,0,0,0,0,0,0,0,0,0,0,0,0,0,,,,,
VERSA MAIN,13,3,25,01/04/2026 21:39:13,88.00%,0,0,0,0,0.0,0,3,0,0,0,0,0,0,0,0,0,0,0,0,0,0,0,0,0,0,0,0,0,0,0,0,0,0,0,,,,,
Reset,40,7,15,01/04/2026 21:35:59,53.33%,0,0,0,0,0.0,1,5,0,0,0,0,0,0,0,0,0,0,0,0,0,0,0,0,0,0,0,0,0,1,0,0,0,0,0,,,,,
Reset,131,10,40,01/04/2026 21:33:40,75.00%,2000,880,45,50,0.0,0,10,0,0,0,0,0,0,0,0,0,0,0,0,0,0,0,0,0,0,0,0,0,0,0,0,0,0,0,,,,,
Reset,135,4,40,01/04/2026 21:32:38,90.00%,2000,80,45,50,0.0,0,1,0,0,0,0,0,0,0,0,0,0,0,3,0,0,0,0,0,0,0,0,0,0,0,0,0,0,0,,,,,
Reset,134,3,40,01/04/2026 21:27:16,92.50%,2000,880,45,50,0.0,0,0,0,0,0,0,0,0,0,0,0,0,0,3,0,0,0,0,0,0,0,0,0,0,0,0,0,0,0,,,,,
Reset,133,4,40,01/04/2026 21:16:34,90.00%,2000,880,45,50,0.0,0,0,0,0,0,0,0,0,0,0,0,0,0,4,0,0,0,0,0,0,0,0,0,0,0,0,0,0,0,,,,,
Reset,132,4,40,01/04/2026 21:12:55,90.00%,2000,880,45,50,0.0,0,1,0,0,0,0,0,0,0,0,0,0,0,3,0,0,0,0,0,0,0,0,0,0,0,0,0,0,0,,,,,
Reset,136,5,40,01/04/2026 21:09:06,87.50%,200,80,45,50,0.0,2,0,0,0,0,0,0,0,0,0,0,0,0,3,0,0,0,0,0,0,0,0,0,0,0,0,0,0,0,,,,,
Reset,39,9,15,01/04/2026 21:06:19,40.00%,0,0,0,0,0.0,0,9,0,0,0,0,0,0,0,0,0,0,0,0,0,0,0,0,0,0,0,0,0,0,0,0,0,0,0,,,,,
Reset,136,3,40,01/04/2026 21:05:33,92.50%,200,80,45,50,0.0,0,3,0,0,0,0,0,0,0,0,0,0,0,0,0,0,0,0,0,0,0,0,0,0,0,0,0,0,0,,,,,
Reset,40,2,15,01/04/2026 21:04:13,86.67%,0,0,0,0,0.0,0,2,0,0,0,0,0,0,0,0,0,0,0,0,0,0,0,0,0,0,0,0,0,0,0,0,0,0,0,,,,,
Reset,40,5,15,01/04/2026 21:02:33,66.67%,0,0,0,0,0.0,2,3,0,0,0,0,0,0,0,0,0,0,0,0,0,0,0,0,0,0,0,0,0,0,0,0,0,0,0,,,,,
Reset,135,1,40,01/04/2026 20:55:45,97.50%,2000,80,45,50,0.0,0,1,0,0,0,0,0,0,0,0,0,0,0,0,0,0,0,0,0,0,0,0,0,0,0,0,0,0,0,,,,,
Reset,131,3,40,01/04/2026 20:53:20,92.50%,2000,880,45,50,0.0,0,1,0,0,0,0,0,0,0,0,0,0,0,2,0,0,0,0,0,0,0,0,0,0,0,0,0,0,0,,,,,
Reset,39,4,15,01/04/2026 20:51:12,73.33%,0,0,0,0,0.0,0,4,0,0,0,0,0,0,0,0,0,0,0,0,0,0,0,0,0,0,0,0,0,0,0,0,0,0,0,,,,,
Reset,135,4,40,01/04/2026 20:50:51,90.00%,2000,80,45,50,0.0,0,4,0,0,0,0,0,0,0,0,0,0,0,0,0,0,0,0,0,0,0,0,0,0,0,0,0,0,0,,,,,
Reset,80,1,24,01/04/2026 20:48:04,95.83%,1400,1520,50,100,1.0,0,0,0,0,0,0,0,0,0,0,0,0,0,0,0,0,0,0,0,0,0,0,0,0,0,0,0,0,0,,,,,
Reset,136,3,40,01/04/2026 20:46:38,92.50%,200,80,45,50,0.0,0,3,0,0,0,0,0,0,0,0,0,0,0,0,0,0,0,0,0,0,0,0,0,0,0,0,0,0,0,,,,,
Reset,133,3,40,01/04/2026 20:43:45,92.50%,2000,880,45,50,0.0,0,3,0,0,0,0,0,0,0,0,0,0,0,0,0,0,0,0,0,0,0,0,0,0,0,0,0,0,0,,,,,
Reset,37,4,15,01/04/2026 20:42:14,73.33%,0,0,0,0,0.0,0,4,0,0,0,0,0,0,0,0,0,0,0,0,0,0,0,0,0,0,0,0,0,0,0,0,0,0,0,,,,,
Reset,134,3,40,01/04/2026 20:39:47,92.50%,2000,880,45,50,0.0,0,1,0,0,0,0,0,0,0,0,0,0,0,2,0,0,0,0,0,0,0,0,0,0,0,0,0,0,0,,,,,
Reset,131,5,40,01/04/2026 20:36:16,87.50%,2000,880,45,50,0.0,0,5,0,0,0,0,0,0,0,0,0,0,0,0,0,0,0,0,0,0,0,0,0,0,0,0,0,0,0,,,,,
Reset,39,4,15,01/04/2026 20:35:12,73.33%,0,0,0,0,0.0,0,4,0,0,0,0,0,0,0,0,0,0,0,0,0,0,0,0,0,0,0,0,0,0,0,0,0,0,0,,,,,
Reset,135,3,40,01/04/2026 20:29:52,92.50%,2000,80,45,50,0.0,0,0,0,0,0,0,0,0,0,0,0,0,0,3,0,0,0,0,0,0,0,0,0,0,0,0,0,0,0,,,,,
Reset,132,3,40,01/04/2026 20:27:38,92.50%,2000,880,45,50,0.0,0,0,0,0,0,0,0,0,0,0,0,0,0,3,0,0,0,0,0,0,0,0,0,0,0,0,0,0,0,,,,,
Reset,39,7,15,01/04/2026 20:26:41,53.33%,0,0,0,0,0.0,0,6,0,0,0,0,0,0,0,1,0,0,0,0,0,0,0,0,0,0,0,0,0,0,0,0,0,0,0,,,,,
Reset,132,3,40,01/04/2026 20:23:40,92.50%,2000,880,45,50,0.0,0,1,0,0,0,0,0,0,0,0,0,0,0,2,0,0,0,0,0,0,0,0,0,0,0,0,0,0,0,,,,,
Reset,40,9,15,01/04/2026 20:23:15,40.00%,0,0,0,0,0.0,2,7,0,0,0,0,0,0,0,0,0,0,0,0,0,0,0,0,0,0,0,0,0,0,0,0,0,0,0,,,,,
Reset,134,2,40,01/04/2026 20:20:49,95.00%,2000,880,45,50,0.0,0,2,0,0,0,0,0,0,0,0,0,0,0,0,0,0,0,0,0,0,0,0,0,0,0,0,0,0,0,,,,,
Reset,134,9,40,01/04/2026 20:18:09,77.50%,2000,880,45,50,0.0,0,6,0,0,0,0,0,0,0,3,0,0,0,0,0,0,0,0,0,0,0,0,0,0,0,0,0,0,0,,,,,
Reset,131,5,40,01/04/2026 20:16:14,87.50%,2000,880,45,50,0.0,0,2,0,0,0,0,0,0,0,0,0,0,0,3,0,0,0,0,0,0,0,0,0,0,0,0,0,0,0,,,,,
Reset,132,1,40,01/04/2026 20:13:16,97.50%,2000,880,45,50,0.0,0,1,0,0,0,0,0,0,0,0,0,0,0,0,0,0,0,0,0,0,0,0,0,0,0,0,0,0,0,,,,,
Reset,132,1,40,01/04/2026 20:12:10,97.50%,2000,880,45,50,0.0,0,0,0,0,0,0,0,0,0,1,0,0,0,0,0,0,0,0,0,0,0,0,0,0,0,0,0,0,0,,,,,
Reset,133,3,40,01/04/2026 20:07:16,92.50%,2000,880,45,50,0.0,0,3,0,0,0,0,0,0,0,0,0,0,0,0,0,0,0,0,0,0,0,0,0,0,0,0,0,0,0,,,,,
Reset,135,1,40,01/04/2026 20:06:33,97.50%,2000,80,45,50,0.0,0,1,0,0,0,0,0,0,0,0,0,0,0,0,0,0,0,0,0,0,0,0,0,0,0,0,0,0,0,,,,,
Reset,135,1,40,01/04/2026 20:04:10,97.50%,2000,80,45,50,0.0,0,1,0,0,0,0,0,0,0,0,0,0,0,0,0,0,0,0,0,0,0,0,0,0,0,0,0,0,0,,,,,
Reset,136,3,40,01/04/2026 20:03:04,92.50%,200,80,45,50,0.0,0,1,0,0,0,0,0,0,0,0,0,0,0,2,0,0,0,0,0,0,0,0,0,0,0,0,0,0,0,,,,,
Reset,136,2,40,01/04/2026 20:01:36,95.00%,200,80,45,50,0.0,0,2,0,0,0,0,0,0,0,0,0,0,0,0,0,0,0,0,0,0,0,0,0,0,0,0,0,0,0,,,,,
Reset,133,6,40,01/04/2026 19:59:23,85.00%,2000,880,45,50,0.0,0,6,0,0,0,0,0,0,0,0,0,0,0,0,0,0,0,0,0,0,0,0,0,0,0,0,0,0,0,,,,,
Reset,37,0,15,01/04/2026 19:58:51,100.00%,0,0,0,0,0.0,0,0,0,0,0,0,0,0,0,0,0,0,0,0,0,0,0,0,0,0,0,0,0,0,0,0,0,0,0,,,,,
Reset,134,3,40,01/04/2026 19:52:26,92.50%,2000,880,45,50,0.0,0,3,0,0,0,0,0,0,0,0,0,0,0,0,0,0,0,0,0,0,0,0,0,0,0,0,0,0,0,,,,,
Reset,40,0,15,01/04/2026 19:47:48,100.00%,0,0,0,0,0.0,0,0,0,0,0,0,0,0,0,0,0,0,0,0,0,0,0,0,0,0,0,0,0,0,0,0,0,0,0,,,,,
Reset,131,5,40,01/04/2026 19:47:37,87.50%,2000,880,45,50,0.0,0,5,0,0,0,0,0,0,0,0,0,0,0,0,0,0,0,0,0,0,0,0,0,0,0,0,0,0,0,,,,,
Reset,132,3,40,01/04/2026 19:43:43,92.50%,2000,880,45,50,0.0,0,3,0,0,0,0,0,0,0,0,0,0,0,0,0,0,0,0,0,0,0,0,0,0,0,0,0,0,0,,,,,
Reset,39,4,15,01/04/2026 19:42:36,73.33%,0,0,0,0,0.0,0,4,0,0,0,0,0,0,0,0,0,0,0,0,0,0,0,0,0,0,0,0,0,0,0,0,0,0,0,,,,,
Reset,133,5,40,01/04/2026 19:38:03,87.50%,2000,880,45,50,0.0,0,5,0,0,0,0,0,0,0,0,0,0,0,0,0,0,0,0,0,0,0,0,0,0,0,0,0,0,0,,,,,
Reset,40,5,15,01/04/2026 19:34:29,66.67%,0,0,0,0,0.0,2,3,0,0,0,0,0,0,0,0,0,0,0,0,0,0,0,0,0,0,0,0,0,0,0,0,0,0,0,,,,,
Reset,136,2,40,01/04/2026 19:33:45,95.00%,200,80,45,50,0.0,0,2,0,0,0,0,0,0,0,0,0,0,0,0,0,0,0,0,0,0,0,0,0,0,0,0,0,0,0,,,,,
Reset,131,7,40,01/04/2026 19:30:47,82.50%,2000,880,45,50,0.0,0,5,0,0,0,0,0,0,0,0,0,0,0,2,0,0,0,0,0,0,0,0,0,0,0,0,0,0,0,,,,,
Reset,37,8,15,01/04/2026 19:27:28,46.67%,0,0,0,0,0.0,0,8,0,0,0,0,0,0,0,0,0,0,0,0,0,0,0,0,0,0,0,0,0,0,0,0,0,0,0,,,,,
Reset,135,3,40,01/04/2026 19:24:13,92.50%,2000,80,45,50,0.0,0,1,0,0,0,0,0,0,0,0,0,0,0,2,0,0,0,0,0,0,0,0,0,0,0,0,0,0,0,,,,,
Reset,134,7,40,01/04/2026 19:21:55,82.50%,2000,880,45,50,0.0,0,5,0,0,0,0,0,0,0,0,0,0,0,2,0,0,0,0,0,0,0,0,0,0,0,0,0,0,0,,,,,
Reset,39,7,15,01/04/2026 19:17:41,53.33%,0,0,0,0,0.0,0,7,0,0,0,0,0,0,0,0,0,0,0,0,0,0,0,0,0,0,0,0,0,0,0,0,0,0,0,,,,,
Reset,135,3,40,01/04/2026 19:13:02,92.50%,2000,80,45,50,0.0,0,3,0,0,0,0,0,0,0,0,0,0,0,0,0,0,0,0,0,0,0,0,0,0,0,0,0,0,0,,,,,
Reset,132,2,40,01/04/2026 19:09:29,95.00%,2000,880,45,50,0.0,0,2,0,0,0,0,0,0,0,0,0,0,0,0,0,0,0,0,0,0,0,0,0,0,0,0,0,0,0,,,,,
Reset,136,5,40,01/04/2026 18:18:55,87.50%,200,80,45,50,0.0,0,5,0,0,0,0,0,0,0,0,0,0,0,0,0,0,0,0,0,0,0,0,0,0,0,0,0,0,0,,,,,
Reset,134,8,40,01/04/2026 18:18:38,80.00%,2000,880,45,50,0.0,0,8,0,0,0,0,0,0,0,0,0,0,0,0,0,0,0,0,0,0,0,0,0,0,0,0,0,0,0,,,,,
Reset,133,7,40,01/04/2026 18:15:24,82.50%,2000,880,45,50,0.0,0,7,0,0,0,0,0,0,0,0,0,0,0,0,0,0,0,0,0,0,0,0,0,0,0,0,0,0,0,,,,,
Reset,131,3,40,01/04/2026 18:15:07,92.50%,2000,880,45,50,0.0,0,3,0,0,0,0,0,0,0,0,0,0,0,0,0,0,0,0,0,0,0,0,0,0,0,0,0,0,0,,,,,
0,135.,4,0,01/04/2026 18:11:45,0,0,0,0,0,0.0,0,4,0,0,0,0,0,0,0,0,0,0,0,0,0,0,0,0,0,0,0,0,0,0,0,0,0,0,0,,,,,
Reset,136,5,40,01/04/2026 18:07:29,87.50%,200,80,45,50,0.0,0,5,0,0,0,0,0,0,0,0,0,0,0,0,0,0,0,0,0,0,0,0,0,0,0,0,0,0,0,,,,,
Reset,74,6,20,01/04/2026 17:54:29,70.00%,0,0,0,0,3.0,0,3,0,0,0,0,0,0,0,0,0,0,0,0,0,0,0,0,0,0,0,0,0,0,0,0,0,0,0,,,,,
Reset,40,2,15,01/04/2026 17:47:23,86.67%,0,0,0,0,0.0,0,2,0,0,0,0,0,0,0,0,0,0,0,0,0,0,0,0,0,0,0,0,0,0,0,0,0,0,0,,,,,
Reset,39,9,15,01/04/2026 17:43:26,40.00%,0,0,0,0,0.0,0,9,0,0,0,0,0,0,0,0,0,0,0,0,0,0,0,0,0,0,0,0,0,0,0,0,0,0,0,,,,,
Reset,73,10,20,01/04/2026 17:41:37,50.00%,0,0,0,0,0.0,0,10,0,0,0,0,0,0,0,0,0,0,0,0,0,0,0,0,0,0,0,0,0,0,0,0,0,0,0,,,,,
Reset,40,4,15,01/04/2026 17:35:48,73.33%,0,0,0,0,0.0,2,2,0,0,0,0,0,0,0,0,0,0,0,0,0,0,0,0,0,0,0,0,0,0,0,0,0,0,0,,,,,
Reset,39,6,15,01/04/2026 17:35:20,60.00%,0,0,0,0,0.0,0,6,0,0,0,0,0,0,0,0,0,0,0,0,0,0,0,0,0,0,0,0,0,0,0,0,0,0,0,,,,,
Reset,135,2,40,01/04/2026 17:21:48,95.00%,2000,80,45,50,0.0,0,2,0,0,0,0,0,0,0,0,0,0,0,0,0,0,0,0,0,0,0,0,0,0,0,0,0,0,0,,,,,
Reset,133,7,40,01/04/2026 17:19:23,82.50%,2000,880,45,50,0.0,0,3,0,0,0,0,0,0,0,0,0,0,0,4,0,0,0,0,0,0,0,0,0,0,0,0,0,0,0,,,,,
Reset,131,5,40,01/04/2026 17:16:06,87.50%,2000,880,45,50,0.0,0,5,0,0,0,0,0,0,0,0,0,0,0,0,0,0,0,0,0,0,0,0,0,0,0,0,0,0,0,,,,,
Reset,39,9,15,01/04/2026 17:06:18,40.00%,0,0,0,0,0.0,0,9,0,0,0,0,0,0,0,0,0,0,0,0,0,0,0,0,0,0,0,0,0,0,0,0,0,0,0,,,,,
Reset,134,3,40,01/04/2026 16:55:49,92.50%,2000,880,45,50,0.0,0,3,0,0,0,0,0,0,0,0,0,0,0,0,0,0,0,0,0,0,0,0,0,0,0,0,0,0,0,,,,,
Reset,40,4,15,01/04/2026 16:55:37,73.33%,0,0,0,0,0.0,2,2,0,0,0,0,0,0,0,0,0,0,0,0,0,0,0,0,0,0,0,0,0,0,0,0,0,0,0,,,,,
Reset,134,10,40,01/04/2026 16:39:05,75.00%,2000,880,45,50,0.0,0,5,0,0,0,0,0,0,0,0,0,0,0,5,0,0,0,0,0,0,0,0,0,0,0,0,0,0,0,,,,,
Reset,37,13,15,01/04/2026 16:36:02,13.33%,0,0,0,0,0.0,0,13,0,0,0,0,0,0,0,0,0,0,0,0,0,0,0,0,0,0,0,0,0,0,0,0,0,0,0,,,,,
Reset,135,3,40,01/04/2026 16:35:15,92.50%,2000,80,45,50,0.0,0,3,0,0,0,0,0,0,0,0,0,0,0,0,0,0,0,0,0,0,0,0,0,0,0,0,0,0,0,,,,,
Reset,136,20,40,01/04/2026 16:29:26,50.00%,200,80,45,50,20.0,0,0,0,0,0,0,0,0,0,0,0,0,0,0,0,0,0,0,0,0,0,0,0,0,0,0,0,0,0,,,,,
Reset,40,4,15,01/04/2026 16:15:13,73.33%,0,0,0,0,0.0,0,4,0,0,0,0,0,0,0,0,0,0,0,0,0,0,0,0,0,0,0,0,0,0,0,0,0,0,0,,,,,
Reset,134,7,40,01/04/2026 16:08:46,82.50%,2000,880,45,50,0.0,0,4,0,0,0,0,0,0,0,0,0,0,0,3,0,0,0,0,0,0,0,0,0,0,0,0,0,0,0,,,,,
Reset,136,2,40,01/04/2026 15:55:05,95.00%,200,80,45,50,0.0,0,2,0,0,0,0,0,0,0,0,0,0,0,0,0,0,0,0,0,0,0,0,0,0,0,0,0,0,0,,,,,
Reset,132,8,40,01/04/2026 15:52:01,80.00%,2000,880,45,50,0.0,0,5,0,0,0,0,0,0,0,0,0,0,0,3,0,0,0,0,0,0,0,0,0,0,0,0,0,0,0,,,,,
Reset,39,8,15,01/04/2026 15:50:29,46.67%,0,0,0,0,0.0,0,8,0,0,0,0,0,0,0,0,0,0,0,0,0,0,0,0,0,0,0,0,0,0,0,0,0,0,0,,,,,
Reset,135,5,40,01/04/2026 15:48:06,87.50%,2000,80,45,50,0.0,0,1,0,0,0,0,0,0,0,0,0,0,0,4,0,0,0,0,0,0,0,0,0,0,0,0,0,0,0,,,,,
Reset,37,13,15,01/04/2026 15:41:23,13.33%,0,0,0,0,0.0,0,13,0,0,0,0,0,0,0,0,0,0,0,0,0,0,0,0,0,0,0,0,0,0,0,0,0,0,0,,,,,
Reset,135,1,40,01/04/2026 15:40:32,97.50%,2000,80,45,50,0.0,0,1,0,0,0,0,0,0,0,0,0,0,0,0,0,0,0,0,0,0,0,0,0,0,0,0,0,0,0,,,,,
Reset,131,5,40,01/04/2026 15:36:45,87.50%,2000,880,45,50,0.0,0,5,0,0,0,0,0,0,0,0,0,0,0,0,0,0,0,0,0,0,0,0,0,0,0,0,0,0,0,,,,,
Reset,40,5,15,01/04/2026 15:36:14,66.67%,0,0,0,0,0.0,0,5,0,0,0,0,0,0,0,0,0,0,0,0,0,0,0,0,0,0,0,0,0,0,0,0,0,0,0,,,,,
Reset,133,4,40,01/04/2026 15:33:21,90.00%,2000,880,45,50,0.0,0,4,0,0,0,0,0,0,0,0,0,0,0,0,0,0,0,0,0,0,0,0,0,0,0,0,0,0,0,,,,,
Reset,82,2,24,01/04/2026 15:05:16,91.67%,1400,1520,50,100,2.0,0,0,0,0,0,0,0,0,0,0,0,0,0,0,0,0,0,0,0,0,0,0,0,0,0,0,0,0,0,,,,,
Reset,83,5,24,01/04/2026 14:45:36,79.17%,1400,1520,50,100,2.0,0,1,0,0,0,0,0,0,0,0,0,0,0,0,0,0,0,0,0,0,0,2,0,0,0,0,0,0,0,,,,,
Reset,73,7,20,01/04/2026 14:38:11,65.00%,0,0,0,0,0.0,5,2,0,0,0,0,0,0,0,0,0,0,0,0,0,0,0,0,0,0,0,0,0,0,0,0,0,0,0,,,,,
Reset,136,4,40,01/04/2026 14:35:59,90.00%,200,80,45,50,0.0,0,4,0,0,0,0,0,0,0,0,0,0,0,0,0,0,0,0,0,0,0,0,0,0,0,0,0,0,0,,,,,
Reset,80,4,24,01/04/2026 14:31:49,83.33%,1400,1520,50,100,4.0,0,0,0,0,0,0,0,0,0,0,0,0,0,0,0,0,0,0,0,0,0,0,0,0,0,0,0,0,0,,,,,
Reset,136,3,40,01/04/2026 14:23:29,92.50%,200,80,45,50,0.0,0,3,0,0,0,0,0,0,0,0,0,0,0,0,0,0,0,0,0,0,0,0,0,0,0,0,0,0,0,,,,,
Reset,133,5,40,01/04/2026 14:21:04,87.50%,2000,880,45,50,0.0,0,3,0,0,0,1,0,0,0,1,0,0,0,0,0,0,0,0,0,0,0,0,0,0,0,0,0,0,0,,,,,
LOCUS,47,20,25,01/04/2026 14:20:23,100.00%,0,0,0,0,0.0,0,0,0,19,0,0,0,0,0,0,0,0,0,0,0,1,0,0,0,0,0,0,0,0,0,0,0,0,0,,,,,
Reset,132,9,40,01/04/2026 14:10:45,77.50%,2000,880,45,50,0.0,0,9,0,0,0,0,0,0,0,0,0,0,0,0,0,0,0,0,0,0,0,0,0,0,0,0,0,0,0,,,,,
Reset,135,2,40,01/04/2026 14:07:30,95.00%,2000,80,45,50,0.0,0,2,0,0,0,0,0,0,0,0,0,0,0,0,0,0,0,0,0,0,0,0,0,0,0,0,0,0,0,,,,,
Reset,74,10,20,01/04/2026 13:48:33,50.00%,0,0,0,0,10.0,0,0,0,0,0,0,0,0,0,0,0,0,0,0,0,0,0,0,0,0,0,0,0,0,0,0,0,0,0,,,,,
Reset,83,3,24,01/04/2026 13:43:59,87.50%,1400,1520,50,100,1.0,0,0,0,0,0,0,0,0,0,0,0,0,0,0,0,0,1,0,0,0,0,1,0,0,0,0,0,0,0,,,,,
Reset,83,2,24,01/04/2026 13:38:05,91.67%,1400,1520,50,100,1.0,0,0,0,0,0,0,0,0,0,0,0,0,0,0,0,0,1,0,0,0,0,0,0,0,0,0,0,0,0,,,,,
Reset,71,5,20,01/04/2026 13:25:32,100.00%,0,0,0,0,0.0,5,0,0,0,0,0,0,0,0,0,0,0,0,0,0,0,0,0,0,0,0,0,0,0,0,0,0,0,0,,,,,
Reset,82,2,24,01/04/2026 13:15:52,91.67%,1400,1520,50,100,2.0,0,0,0,0,0,0,0,0,0,0,0,0,0,0,0,0,0,0,0,0,0,0,0,0,0,0,0,0,0,,,,,
Reset,73,3,20,01/04/2026 13:06:35,85.00%,0,0,0,0,0.0,0,3,0,0,0,0,0,0,0,0,0,0,0,0,0,0,0,0,0,0,0,0,0,0,0,0,0,0,0,,,,,
Reset,135,2,40,01/04/2026 13:04:26,95.00%,2000,80,45,50,0.0,0,2,0,0,0,0,0,0,0,0,0,0,0,0,0,0,0,0,0,0,0,0,0,0,0,0,0,0,0,,,,,
Reset,131,4,40,01/04/2026 13:00:27,90.00%,2000,880,45,50,0.0,0,4,0,0,0,0,0,0,0,0,0,0,0,0,0,0,0,0,0,0,0,0,0,0,0,0,0,0,0,,,,,
Reset,132,3,40,01/04/2026 12:53:00,92.50%,2000,880,45,50,0.0,0,3,0,0,0,0,0,0,0,0,0,0,0,0,0,0,0,0,0,0,0,0,0,0,0,0,0,0,0,,,,,
Reset,135,7,40,01/04/2026 12:49:28,82.50%,2000,80,45,50,0.0,0,7,0,0,0,0,0,0,0,0,0,0,0,0,0,0,0,0,0,0,0,0,0,0,0,0,0,0,0,,,,,
Reset,132,5,40,01/04/2026 12:39:21,87.50%,2000,880,45,50,0.0,0,5,0,0,0,0,0,0,0,0,0,0,0,0,0,0,0,0,0,0,0,0,0,0,0,0,0,0,0,,,,,
Reset,134,6,40,01/04/2026 12:32:02,85.00%,2000,880,45,50,3.0,0,3,0,0,0,0,0,0,0,0,0,0,0,0,0,0,0,0,0,0,0,0,0,0,0,0,0,0,0,,,,,
Reset,136,3,40,01/04/2026 12:14:03,92.50%,200,80,45,50,0.0,0,3,0,0,0,0,0,0,0,0,0,0,0,0,0,0,0,0,0,0,0,0,0,0,0,0,0,0,0,,,,,
Reset,133,6,40,01/04/2026 12:11:28,85.00%,2000,880,45,50,0.0,0,6,0,0,0,0,0,0,0,0,0,0,0,0,0,0,0,0,0,0,0,0,0,0,0,0,0,0,0,,,,,
Reset,131,5,40,01/04/2026 12:04:40,87.50%,2000,880,45,50,0.0,0,5,0,0,0,0,0,0,0,0,0,0,0,0,0,0,0,0,0,0,0,0,0,0,0,0,0,0,0,,,,,
Reset,133,3,40,01/04/2026 12:00:36,92.50%,2000,880,45,50,1.0,0,2,0,0,0,0,0,0,0,0,0,0,0,0,0,0,0,0,0,0,0,0,0,0,0,0,0,0,0,,,,,
Reset,134,4,40,01/04/2026 11:18:13,90.00%,2000,880,45,50,0.0,0,4,0,0,0,0,0,0,0,0,0,0,0,0,0,0,0,0,0,0,0,0,0,0,0,0,0,0,0,,,,,
Reset,134,5,40,01/04/2026 11:11:11,87.50%,2000,880,45,50,0.0,0,4,0,0,0,0,0,1,0,0,0,0,0,0,0,0,0,0,0,0,0,0,0,0,0,0,0,0,0,,,,,
Reset,71,9,20,01/04/2026 11:09:04,100.00%,0,0,0,0,6.0,3,0,0,0,0,0,0,0,0,0,0,0,0,0,0,0,0,0,0,0,0,0,0,0,0,0,0,0,0,,,,,
Reset,83,22,24,01/04/2026 11:07:38,8.33%,1400,1520,50,100,5.0,0,17,0,0,0,0,0,0,0,0,0,0,0,0,0,0,0,0,0,0,0,0,0,0,0,0,0,0,0,,,,,
Reset,133,5,40,01/04/2026 11:06:23,87.50%,2000,880,45,50,1.0,0,4,0,0,0,0,0,0,0,0,0,0,0,0,0,0,0,0,0,0,0,0,0,0,0,0,0,0,0,,,,,
Reset,134,3,40,01/04/2026 11:04:26,92.50%,2000,880,45,50,0.0,0,3,0,0,0,0,0,0,0,0,0,0,0,0,0,0,0,0,0,0,0,0,0,0,0,0,0,0,0,,,,,
Reset,73,11,20,01/04/2026 10:59:16,45.00%,0,0,0,0,11.0,0,0,0,0,0,0,0,0,0,0,0,0,0,0,0,0,0,0,0,0,0,0,0,0,0,0,0,0,0,,,,,
Reset,136,5,40,01/04/2026 10:58:22,87.50%,200,80,45,50,0.0,0,5,0,0,0,0,0,0,0,0,0,0,0,0,0,0,0,0,0,0,0,0,0,0,0,0,0,0,0,,,,,
Reset,13,2,40,01/04/2026 10:49:17,95.00%,2000,80,45,50,0.0,0,2,0,0,0,0,0,0,0,0,0,0,0,0,0,0,0,0,0,0,0,0,0,0,0,0,0,0,0,,,,,
Reset,72,2,20,01/04/2026 10:47:14,100.00%,0,0,0,0,0.0,2,0,0,0,0,0,0,0,0,0,0,0,0,0,0,0,0,0,0,0,0,0,0,0,0,0,0,0,0,,,,,
Reset,134,3,40,01/04/2026 10:46:16,92.50%,2000,880,45,50,0.0,0,3,0,0,0,0,0,0,0,0,0,0,0,0,0,0,0,0,0,0,0,0,0,0,0,0,0,0,0,,,,,
Reset,136,2,40,01/04/2026 10:43:13,95.00%,200,80,45,50,0.0,0,2,0,0,0,0,0,0,0,0,0,0,0,0,0,0,0,0,0,0,0,0,0,0,0,0,0,0,0,,,,,
Reset,80,3,24,01/04/2026 10:38:30,87.50%,1400,1520,50,100,3.0,0,0,0,0,0,0,0,0,0,0,0,0,0,0,0,0,0,0,0,0,0,0,0,0,0,0,0,0,0,,,,,
Reset,136,6,40,01/04/2026 10:36:20,85.00%,200,80,45,50,1.0,0,5,0,0,0,0,0,0,0,0,0,0,0,0,0,0,0,0,0,0,0,0,0,0,0,0,0,0,0,,,,,
Reset,73,8,20,01/04/2026 10:31:40,60.00%,0,0,0,0,4.0,4,0,0,0,0,0,0,0,0,0,0,0,0,0,0,0,0,0,0,0,0,0,0,0,0,0,0,0,0,,,,,
Reset,133,3,40,01/04/2026 10:31:00,92.50%,2000,880,45,50,0.0,0,3,0,0,0,0,0,0,0,0,0,0,0,0,0,0,0,0,0,0,0,0,0,0,0,0,0,0,0,,,,,
Reset,132,8,40,01/04/2026 10:28:28,80.00%,2000,880,45,50,0.0,0,8,0,0,0,0,0,0,0,0,0,0,0,0,0,0,0,0,0,0,0,0,0,0,0,0,0,0,0,,,,,
Reset,131,30,40,01/04/2026 10:26:24,25.00%,2000,880,45,50,30.0,0,0,0,0,0,0,0,0,0,0,0,0,0,0,0,0,0,0,0,0,0,0,0,0,0,0,0,0,0,,,,,
Reset,74,3,20,01/04/2026 10:25:25,100.00%,0,0,0,0,3.0,0,0,0,0,0,0,0,0,0,0,0,0,0,0,0,0,0,0,0,0,0,0,0,0,0,0,0,0,0,,,,,
Reset,134,1,40,01/04/2026 10:22:13,97.50%,2000,880,45,50,0.0,0,1,0,0,0,0,0,0,0,0,0,0,0,0,0,0,0,0,0,0,0,0,0,0,0,0,0,0,0,,,,,
Reset,82,6,24,01/04/2026 10:19:37,75.00%,1400,1520,50,100,2.0,1,3,0,0,0,0,0,0,0,0,0,0,0,0,0,0,0,0,0,0,0,0,0,0,0,0,0,0,0,,,,,
Reset,83,4,24,01/04/2026 10:08:10,83.33%,1400,1520,50,100,4.0,0,0,0,0,0,0,0,0,0,0,0,0,0,0,0,0,0,0,0,0,0,0,0,0,0,0,0,0,0,,,,,
Reset,136,1,40,01/04/2026 10:02:14,97.50%,200,80,45,50,0.0,0,1,0,0,0,0,0,0,0,0,0,0,0,0,0,0,0,0,0,0,0,0,0,0,0,0,0,0,0,,,,,
Reset,135,1,40,01/04/2026 09:59:37,97.50%,2000,80,45,50,0.0,0,1,0,0,0,0,0,0,0,0,0,0,0,0,0,0,0,0,0,0,0,0,0,0,0,0,0,0,0,,,,,
Reset,131,2,40,01/04/2026 09:56:40,95.00%,2000,880,45,50,0.0,0,2,0,0,0,0,0,0,0,0,0,0,0,0,0,0,0,0,0,0,0,0,0,0,0,0,0,0,0,,,,,
Reset,72,3,20,01/04/2026 09:55:30,100.00%,0,0,0,0,1.0,2,0,0,0,0,0,0,0,0,0,0,0,0,0,0,0,0,0,0,0,0,0,0,0,0,0,0,0,0,,,,,
Reset,133,7,40,01/04/2026 09:54:46,82.50%,2000,880,45,50,0.0,0,7,0,0,0,0,0,0,0,0,0,0,0,0,0,0,0,0,0,0,0,0,0,0,0,0,0,0,0,,,,,
Reset,134,7,40,01/04/2026 09:52:09,82.50%,2000,880,45,50,4.0,0,3,0,0,0,0,0,0,0,0,0,0,0,0,0,0,0,0,0,0,0,0,0,0,0,0,0,0,0,,,,,
Reset,80,3,24,01/04/2026 09:17:05,87.50%,1400,1520,50,100,2.0,0,1,0,0,0,0,0,0,0,0,0,0,0,0,0,0,0,0,0,0,0,0,0,0,0,0,0,0,0,,,,,
Reset,82,2,24,01/04/2026 09:01:45,91.67%,1400,1520,50,100,2.0,0,0,0,0,0,0,0,0,0,0,0,0,0,0,0,0,0,0,0,0,0,0,0,0,0,0,0,0,0,,,,,
Reset,71,17,20,01/04/2026 08:38:48,15.00%,0,0,0,0,0.0,0,0,0,17,0,0,0,0,0,0,0,0,0,0,0,0,0,0,0,0,0,0,0,0,0,0,0,0,0,,,,,
Reset,83,9,24,01/04/2026 08:37:44,62.50%,1400,1520,50,100,3.0,0,1,0,0,1,0,0,0,0,0,0,0,0,0,0,0,0,0,0,0,0,0,0,0,0,0,0,0,4,,,,,
Reset,133,19,40,01/04/2026 08:29:37,52.50%,2000,880,45,50,19.0,0,0,0,0,0,0,0,0,0,0,0,0,0,0,0,0,0,0,0,0,0,0,0,0,0,0,0,0,0,,,,,
Reset,133,8,40,01/04/2026 08:27:07,80.00%,2000,880,45,50,6.0,0,2,0,0,0,0,0,0,0,0,0,0,0,0,0,0,0,0,0,0,0,0,0,0,0,0,0,0,0,,,,,
Reset,82,8,24,01/04/2026 08:25:43,66.67%,1400,1520,50,100,2.0,0,5,0,0,1,0,0,0,0,0,0,0,0,0,0,0,0,0,0,0,0,0,0,0,0,0,0,0,0,,,,,
Reset,136,3,40,01/04/2026 08:18:24,92.50%,200,80,45,50,0.0,0,3,0,0,0,0,0,0,0,0,0,0,0,0,0,0,0,0,0,0,0,0,0,0,0,0,0,0,0,,,,,
Reset,133,13,40,01/04/2026 08:01:35,67.50%,2000,880,45,50,0.0,0,13,0,0,0,0,0,0,0,0,0,0,0,0,0,0,0,0,0,0,0,0,0,0,0,0,0,0,0,,,,,
Reset,82,4,24,01/04/2026 07:58:13,83.33%,1400,1520,50,100,2.0,0,2,0,0,0,0,0,0,0,0,0,0,0,0,0,0,0,0,0,0,0,0,0,0,0,0,0,0,0,,,,,
Reset,135,9,40,01/04/2026 07:57:59,77.50%,2000,80,45,50,0.0,0,9,0,0,0,0,0,0,0,0,0,0,0,0,0,0,0,0,0,0,0,0,0,0,0,0,0,0,0,,,,,
Reset,132,10,40,01/04/2026 07:44:15,75.00%,2000,880,45,50,2.0,0,8,0,0,0,0,0,0,0,0,0,0,0,0,0,0,0,0,0,0,0,0,0,0,0,0,0,0,0,,,,,
Reset,83,7,24,01/04/2026 07:38:37,70.83%,1400,1520,50,100,1.0,3,0,0,0,0,0,0,0,0,0,0,0,0,0,0,0,0,0,0,0,0,0,0,0,0,0,0,0,3,,,,,
Reset,135,9,40,01/04/2026 07:32:05,77.50%,2000,80,45,50,5.0,0,4,0,0,0,0,0,0,0,0,0,0,0,0,0,0,0,0,0,0,0,0,0,0,0,0,0,0,0,,,,,
Reset,133,8,40,01/04/2026 07:21:39,80.00%,2000,880,45,50,4.0,0,4,0,0,0,0,0,0,0,0,0,0,0,0,0,0,0,0,0,0,0,0,0,0,0,0,0,0,0,,,,,
Reset,80,3,24,01/04/2026 07:20:18,87.50%,1400,1520,50,100,1.0,0,0,0,0,0,0,0,0,0,0,0,0,0,0,0,0,1,0,0,0,0,0,0,0,0,0,0,0,1,,,,,
Reset,134,5,40,01/04/2026 07:05:46,87.50%,2000,880,45,50,3.0,0,2,0,0,0,0,0,0,0,0,0,0,0,0,0,0,0,0,0,0,0,0,0,0,0,0,0,0,0,,,,,
Reset,131,7,40,01/04/2026 06:54:13,82.50%,2000,880,45,50,4.0,0,3,0,0,0,0,0,0,0,0,0,0,0,0,0,0,0,0,0,0,0,0,0,0,0,0,0,0,0,,,,,
Reset,134,4,40,31/03/2026 23:09:26,90.00%,2000,880,45,50,0.0,0,3,0,0,0,0,0,0,0,1,0,0,0,0,0,0,0,0,0,0,0,0,0,0,0,0,0,0,0,,,,,
Reset,39,5,15,31/03/2026 22:47:34,66.67%,0,0,0,0,0.0,0,5,0,0,0,0,0,0,0,0,0,0,0,0,0,0,0,0,0,0,0,0,0,0,0,0,0,0,0,,,,,
Reset,132,10,40,31/03/2026 22:44:49,75.00%,2000,880,45,50,4.0,0,6,0,0,0,0,0,0,0,0,0,0,0,0,0,0,0,0,0,0,0,0,0,0,0,0,0,0,0,,,,,
Reset,134,13,40,31/03/2026 22:38:01,67.50%,2000,880,45,50,4.0,0,9,0,0,0,0,0,0,0,0,0,0,0,0,0,0,0,0,0,0,0,0,0,0,0,0,0,0,0,,,,,
Reset,132,10,40,31/03/2026 22:29:34,75.00%,2000,880,45,50,7.0,0,3,0,0,0,0,0,0,0,0,0,0,0,0,0,0,0,0,0,0,0,0,0,0,0,0,0,0,0,,,,,
Reset,131,8,40,31/03/2026 22:11:31,80.00%,2000,880,45,50,7.0,0,1,0,0,0,0,0,0,0,0,0,0,0,0,0,0,0,0,0,0,0,0,0,0,0,0,0,0,0,,,,,
Reset,132,31,40,31/03/2026 21:39:25,22.50%,2000,880,45,50,28.0,0,3,0,0,0,0,0,0,0,0,0,0,0,0,0,0,0,0,0,0,0,0,0,0,0,0,0,0,0,,,,,
0,102,32,0,31/03/2026 21:38:42,0,0,0,0,0,29.0,0,3,0,0,0,0,0,0,0,0,0,0,0,0,0,0,0,0,0,0,0,0,0,0,0,0,0,0,0,,,,,
Reset,131,17,40,31/03/2026 21:21:26,57.50%,2000,880,45,50,12.0,0,5,0,0,0,0,0,0,0,0,0,0,0,0,0,0,0,0,0,0,0,0,0,0,0,0,0,0,0,,,,,
Reset,136,5,40,31/03/2026 21:17:26,87.50%,200,80,45,50,1.0,0,4,0,0,0,0,0,0,0,0,0,0,0,0,0,0,0,0,0,0,0,0,0,0,0,0,0,0,0,,,,,
Reset,37,11,15,31/03/2026 21:05:43,26.67%,0,0,0,0,0.0,1,8,0,0,0,0,0,0,0,0,0,0,0,0,0,0,0,0,0,0,0,2,0,0,0,0,0,0,0,,,,,
Reset,132,16,40,31/03/2026 20:44:21,60.00%,2000,880,45,50,11.0,0,5,0,0,0,0,0,0,0,0,0,0,0,0,0,0,0,0,0,0,0,0,0,0,0,0,0,0,0,,,,,
Reset,39,12,15,31/03/2026 20:39:39,20.00%,0,0,0,0,0.0,6,6,0,0,0,0,0,0,0,0,0,0,0,0,0,0,0,0,0,0,0,0,0,0,0,0,0,0,0,,,,,
Reset,134,19,40,31/03/2026 20:30:43,52.50%,2000,880,45,50,11.0,0,8,0,0,0,0,0,0,0,0,0,0,0,0,0,0,0,0,0,0,0,0,0,0,0,0,0,0,0,,,,,
Reset,40,7,15,31/03/2026 20:29:44,53.33%,0,0,0,0,0.0,0,7,0,0,0,0,0,0,0,0,0,0,0,0,0,0,0,0,0,0,0,0,0,0,0,0,0,0,0,,,,,
Reset,135,16,40,31/03/2026 20:18:42,60.00%,2000,80,45,50,8.0,0,8,0,0,0,0,0,0,0,0,0,0,0,0,0,0,0,0,0,0,0,0,0,0,0,0,0,0,0,,,,,
Reset,37,7,15,31/03/2026 20:11:20,53.33%,0,0,0,0,0.0,0,7,0,0,0,0,0,0,0,0,0,0,0,0,0,0,0,0,0,0,0,0,0,0,0,0,0,0,0,,,,,
Reset,135,16,40,31/03/2026 19:57:32,60.00%,2000,80,45,50,14.0,0,2,0,0,0,0,0,0,0,0,0,0,0,0,0,0,0,0,0,0,0,0,0,0,0,0,0,0,0,,,,,
Reset,132,14,40,31/03/2026 19:46:37,65.00%,2000,880,45,50,11.0,0,3,0,0,0,0,0,0,0,0,0,0,0,0,0,0,0,0,0,0,0,0,0,0,0,0,0,0,0,,,,,
Reset,40,10,15,31/03/2026 19:39:10,33.33%,0,0,0,0,0.0,6,4,0,0,0,0,0,0,0,0,0,0,0,0,0,0,0,0,0,0,0,0,0,0,0,0,0,0,0,,,,,
Reset,37,9,15,31/03/2026 19:27:49,40.00%,0,0,0,0,0.0,3,6,0,0,0,0,0,0,0,0,0,0,0,0,0,0,0,0,0,0,0,0,0,0,0,0,0,0,0,,,,,
Reset,39,5,15,31/03/2026 19:24:50,66.67%,0,0,0,0,5.0,0,0,0,0,0,0,0,0,0,0,0,0,0,0,0,0,0,0,0,0,0,0,0,0,0,0,0,0,0,,,,,
Reset,135,11,40,31/03/2026 19:24:03,72.50%,2000,80,45,50,9.0,0,2,0,0,0,0,0,0,0,0,0,0,0,0,0,0,0,0,0,0,0,0,0,0,0,0,0,0,0,,,,,
Reset,132,16,40,31/03/2026 19:16:46,60.00%,2000,880,45,50,11.0,0,5,0,0,0,0,0,0,0,0,0,0,0,0,0,0,0,0,0,0,0,0,0,0,0,0,0,0,0,,,,,
Reset,134,10,40,31/03/2026 18:08:37,75.00%,2000,880,45,50,5.0,0,5,0,0,0,0,0,0,0,0,0,0,0,0,0,0,0,0,0,0,0,0,0,0,0,0,0,0,0,,,,,
Reset,133,10,40,31/03/2026 18:01:56,75.00%,2000,880,45,50,7.0,0,3,0,0,0,0,0,0,0,0,0,0,0,0,0,0,0,0,0,0,0,0,0,0,0,0,0,0,0,,,,,
Reset,40,5,15,31/03/2026 17:55:43,66.67%,0,0,0,0,0.0,0,5,0,0,0,0,0,0,0,0,0,0,0,0,0,0,0,0,0,0,0,0,0,0,0,0,0,0,0,,,,,
Reset,131,8,40,31/03/2026 17:53:24,80.00%,2000,880,45,50,8.0,0,0,0,0,0,0,0,0,0,0,0,0,0,0,0,0,0,0,0,0,0,0,0,0,0,0,0,0,0,,,,,
Reset,37,6,15,31/03/2026 17:45:08,60.00%,0,0,0,0,0.0,0,6,0,0,0,0,0,0,0,0,0,0,0,0,0,0,0,0,0,0,0,0,0,0,0,0,0,0,0,,,,,
Reset,70,11,20,31/03/2026 17:44:29,45.00%,0,0,0,0,11.0,0,0,0,0,0,0,0,0,0,0,0,0,0,0,0,0,0,0,0,0,0,0,0,0,0,0,0,0,0,,,,,
Reset,72,3,20,31/03/2026 17:36:20,85.00%,0,0,0,0,3.0,0,0,0,0,0,0,0,0,0,0,0,0,0,0,0,0,0,0,0,0,0,0,0,0,0,0,0,0,0,,,,,
Reset,74,19,20,31/03/2026 17:26:09,5.00%,0,0,0,0,19.0,0,0,0,0,0,0,0,0,0,0,0,0,0,0,0,0,0,0,0,0,0,0,0,0,0,0,0,0,0,,,,,
Reset,74,19,20,31/03/2026 17:25:42,5.00%,0,0,0,0,0.0,19,0,0,0,0,0,0,0,0,0,0,0,0,0,0,0,0,0,0,0,0,0,0,0,0,0,0,0,0,,,,,
Reset,40,4,15,31/03/2026 17:23:15,73.33%,0,0,0,0,0.0,0,4,0,0,0,0,0,0,0,0,0,0,0,0,0,0,0,0,0,0,0,0,0,0,0,0,0,0,0,,,,,
Reset,52,6,15,31/03/2026 17:11:44,60.00%,0,0,0,0,0.0,0,6,0,0,0,0,0,0,0,0,0,0,0,0,0,0,0,0,0,0,0,0,0,0,0,0,0,0,0,,,,,
Reset,72,2,20,31/03/2026 17:02:31,90.00%,0,0,0,0,0.0,0,2,0,0,0,0,0,0,0,0,0,0,0,0,0,0,0,0,0,0,0,0,0,0,0,0,0,0,0,,,,,
Reset,37,5,15,31/03/2026 17:01:36,66.67%,0,0,0,0,0.0,0,5,0,0,0,0,0,0,0,0,0,0,0,0,0,0,0,0,0,0,0,0,0,0,0,0,0,0,0,,,,,
Reset,39,6,15,31/03/2026 16:55:03,60.00%,0,0,0,0,0.0,0,6,0,0,0,0,0,0,0,0,0,0,0,0,0,0,0,0,0,0,0,0,0,0,0,0,0,0,0,,,,,
Reset,40,4,15,31/03/2026 16:47:15,73.33%,0,0,0,0,0.0,0,4,0,0,0,0,0,0,0,0,0,0,0,0,0,0,0,0,0,0,0,0,0,0,0,0,0,0,0,,,,,
Reset,37,6,15,31/03/2026 16:31:28,60.00%,0,0,0,0,0.0,0,6,0,0,0,0,0,0,0,0,0,0,0,0,0,0,0,0,0,0,0,0,0,0,0,0,0,0,0,,,,,
Reset,52,6,15,31/03/2026 16:22:04,60.00%,0,0,0,0,0.0,0,4,0,0,0,0,0,0,0,0,0,0,0,0,0,0,0,0,0,0,0,0,0,2,0,0,0,0,0,,,,,
Reset,74,3,20,31/03/2026 16:15:09,85.00%,0,0,0,0,2.0,0,1,0,0,0,0,0,0,0,0,0,0,0,0,0,0,0,0,0,0,0,0,0,0,0,0,0,0,0,,,,,
Reset,40,8,15,31/03/2026 16:08:42,46.67%,0,0,0,0,0.0,1,7,0,0,0,0,0,0,0,0,0,0,0,0,0,0,0,0,0,0,0,0,0,0,0,0,0,0,0,,,,,
Reset,73,8,20,31/03/2026 16:03:48,60.00%,0,0,0,0,2.0,2,4,0,0,0,0,0,0,0,0,0,0,0,0,0,0,0,0,0,0,0,0,0,0,0,0,0,0,0,,,,,
Reset,39,6,15,31/03/2026 15:57:45,60.00%,0,0,0,0,0.0,0,6,0,0,0,0,0,0,0,0,0,0,0,0,0,0,0,0,0,0,0,0,0,0,0,0,0,0,0,,,,,
Reset,37,6,15,31/03/2026 15:54:34,60.00%,0,0,0,0,0.0,0,6,0,0,0,0,0,0,0,0,0,0,0,0,0,0,0,0,0,0,0,0,0,0,0,0,0,0,0,,,,,
Reset,82,4,24,31/03/2026 15:46:43,83.33%,1400,1520,50,100,4.0,0,0,0,0,0,0,0,0,0,0,0,0,0,0,0,0,0,0,0,0,0,0,0,0,0,0,0,0,0,,,,,
Reset,80,4,24,31/03/2026 14:53:18,83.33%,1400,1520,50,100,2.0,0,2,0,0,0,0,0,0,0,0,0,0,0,0,0,0,0,0,0,0,0,0,0,0,0,0,0,0,0,,,,,
Reset,72,14,20,31/03/2026 14:50:32,30.00%,0,0,0,0,12.0,0,0,0,0,0,0,0,0,0,0,0,0,0,0,0,0,2,0,0,0,0,0,0,0,0,0,0,0,0,,,,,
Reset,83,6,24,31/03/2026 14:43:01,75.00%,1400,1520,50,100,4.0,0,0,0,0,0,0,0,0,0,0,0,0,0,0,0,0,0,0,0,0,0,2,0,0,0,0,0,0,0,,,,,
Reset,72,1,20,31/03/2026 14:30:34,95.00%,0,0,0,0,1.0,0,0,0,0,0,0,0,0,0,0,0,0,0,0,0,0,0,0,0,0,0,0,0,0,0,0,0,0,0,,,,,
Reset,71,16,20,31/03/2026 14:28:38,20.00%,0,0,0,0,9.0,0,7,0,0,0,0,0,0,0,0,0,0,0,0,0,0,0,0,0,0,0,0,0,0,0,0,0,0,0,,,,,
Reset,82,4,24,31/03/2026 14:15:53,83.33%,1400,1520,50,100,4.0,0,0,0,0,0,0,0,0,0,0,0,0,0,0,0,0,0,0,0,0,0,0,0,0,0,0,0,0,0,,,,,
Reset,80,5,24,31/03/2026 14:07:01,79.17%,1400,1520,50,100,4.0,0,1,0,0,0,0,0,0,0,0,0,0,0,0,0,0,0,0,0,0,0,0,0,0,0,0,0,0,0,,,,,
Reset,40,5,15,31/03/2026 14:05:38,66.67%,0,0,0,0,0.0,0,5,0,0,0,0,0,0,0,0,0,0,0,0,0,0,0,0,0,0,0,0,0,0,0,0,0,0,0,,,,,
Reset,72,2,20,31/03/2026 13:54:48,100.00%,0,0,0,0,0.0,0,1,0,0,0,0,0,0,0,0,0,0,0,1,0,0,0,0,0,0,0,0,0,0,0,0,0,0,0,,,,,
Reset,83,3,24,31/03/2026 13:35:44,87.50%,1400,1520,50,100,2.0,0,1,0,0,0,0,0,0,0,0,0,0,0,0,0,0,0,0,0,0,0,0,0,0,0,0,0,0,0,,,,,
Reset,72,2,20,31/03/2026 13:34:52,90.00%,0,0,0,0,2.0,0,0,0,0,0,0,0,0,0,0,0,0,0,0,0,0,0,0,0,0,0,0,0,0,0,0,0,0,0,,,,,
Reset,80,4,24,31/03/2026 13:22:40,83.33%,1400,1520,50,100,3.0,0,0,0,0,0,0,0,0,0,0,0,0,0,0,0,0,0,0,0,0,0,1,0,0,0,0,0,0,0,,,,,
Reset,39,6,15,31/03/2026 13:10:59,60.00%,0,0,0,0,6.0,0,0,0,0,0,0,0,0,0,0,0,0,0,0,0,0,0,0,0,0,0,0,0,0,0,0,0,0,0,,,,,
Reset,82,12,24,31/03/2026 11:09:22,50.00%,1400,1520,50,100,3.0,0,0,0,0,0,0,0,0,0,0,0,0,0,0,0,0,0,0,0,0,0,0,0,0,0,0,0,0,9,,,,,
Reset,83,10,24,31/03/2026 10:32:28,58.33%,1400,1520,50,100,0.0,0,0,0,0,0,0,0,0,0,0,0,0,0,0,0,0,0,0,0,0,0,0,0,0,0,0,0,0,10,,,,,
Reset,40,11,15,31/03/2026 10:30:30,26.67%,0,0,0,0,11.0,0,0,0,0,0,0,0,0,0,0,0,0,0,0,0,0,0,0,0,0,0,0,0,0,0,0,0,0,0,,,,,
Reset,74,20,20,31/03/2026 10:21:37,0,0,0,0,0,20.0,0,0,0,0,0,0,0,0,0,0,0,0,0,0,0,0,0,0,0,0,0,0,0,0,0,0,0,0,0,,,,,
Reset,71,5,20,31/03/2026 10:14:10,75.00%,0,0,0,0,5.0,0,0,0,0,0,0,0,0,0,0,0,0,0,0,0,0,0,0,0,0,0,0,0,0,0,0,0,0,0,,,,,
Reset,72,20,20,31/03/2026 10:13:51,0,0,0,0,0,20.0,0,0,0,0,0,0,0,0,0,0,0,0,0,0,0,0,0,0,0,0,0,0,0,0,0,0,0,0,0,,,,,
Reset,80,11,24,31/03/2026 10:09:39,54.17%,1400,1520,50,100,0.0,0,0,0,0,0,0,0,0,0,0,0,0,0,0,0,0,0,0,0,0,0,0,0,0,0,0,0,0,11,,,,,
Reset,82,6,24,31/03/2026 09:59:20,75.00%,1400,1520,50,100,1.0,0,1,0,0,0,0,0,0,0,0,0,0,0,0,0,0,0,0,0,0,0,0,0,0,0,0,0,0,4,,,,,
Reset,73,20,20,31/03/2026 09:45:17,0,0,0,0,0,20.0,0,0,0,0,0,0,0,0,0,0,0,0,0,0,0,0,0,0,0,0,0,0,0,0,0,0,0,0,0,,,,,
Reset,74,20,20,31/03/2026 09:43:37,0,0,0,0,0,20.0,0,0,0,0,0,0,0,0,0,0,0,0,0,0,0,0,0,0,0,0,0,0,0,0,0,0,0,0,0,,,,,
Reset,73,20,20,31/03/2026 09:43:26,0,0,0,0,0,20.0,0,0,0,0,0,0,0,0,0,0,0,0,0,0,0,0,0,0,0,0,0,0,0,0,0,0,0,0,0,,,,,
Reset,80,12,24,31/03/2026 09:16:55,50.00%,1400,1520,50,100,6.0,0,3,0,0,0,0,0,0,0,0,0,0,0,0,0,0,0,0,0,0,0,0,0,0,0,0,0,0,3,,,,,
Reset,83,13,24,31/03/2026 08:55:16,45.83%,1400,1520,50,100,0.0,0,0,0,0,0,0,0,0,0,0,0,0,0,0,0,0,0,0,0,0,0,0,0,0,0,0,0,0,13,,,,,
Reset,82,4,24,31/03/2026 08:48:30,83.33%,1400,1520,50,100,1.0,0,1,0,0,0,0,0,0,0,0,0,0,0,0,0,0,0,0,0,0,0,0,0,0,0,0,0,0,2,,,,,
Reset,80,14,24,31/03/2026 08:13:14,41.67%,1400,1520,50,100,1.0,0,3,0,0,0,0,0,0,0,0,0,0,0,0,0,0,0,0,0,0,0,0,0,0,0,0,0,0,10,,,,,
Reset,72,2,20,31/03/2026 08:08:06,100.00%,0,0,0,0,0.0,2,0,0,0,0,0,0,0,0,0,0,0,0,0,0,0,0,0,0,0,0,0,0,0,0,0,0,0,0,,,,,
Reset,83,1,24,31/03/2026 07:56:05,95.83%,1400,1520,50,100,0.0,0,1,0,0,0,0,0,0,0,0,0,0,0,0,0,0,0,0,0,0,0,0,0,0,0,0,0,0,0,,,,,
Reset,83,10,24,31/03/2026 07:49:29,58.33%,1400,1520,50,100,0.0,0,1,0,0,0,0,0,0,0,0,0,0,0,0,0,0,0,0,0,0,0,0,0,0,0,0,0,0,9,,,,,
Reset,72,1,20,31/03/2026 07:42:20,100.00%,0,0,0,0,0.0,0,1,0,0,0,0,0,0,0,0,0,0,0,0,0,0,0,0,0,0,0,0,0,0,0,0,0,0,0,,,,,
Reset,82,7,24,31/03/2026 07:38:57,70.83%,1400,1520,50,100,1.0,0,1,0,0,0,0,0,0,0,0,0,0,0,0,0,0,0,0,0,0,0,0,0,0,0,0,0,0,5,,,,,
Reset,80,11,24,31/03/2026 07:19:01,54.17%,1400,1520,50,100,1.0,0,3,0,0,0,0,0,0,0,0,0,0,0,0,0,0,0,0,0,0,0,0,0,0,0,0,0,0,7,,,,,
Reset,37,5,15,30/03/2026 23:05:20,66.67%,0,0,0,0,0.0,0,5,0,0,0,0,0,0,0,0,0,0,0,0,0,0,0,0,0,0,0,0,0,0,0,0,0,0,0,,,,,
Reset,136,3,40,30/03/2026 23:02:42,92.50%,200,80,45,50,0.0,0,3,0,0,0,0,0,0,0,0,0,0,0,0,0,0,0,0,0,0,0,0,0,0,0,0,0,0,0,,,,,
Reset,134,3,40,30/03/2026 23:00:11,92.50%,2000,880,45,50,0.0,0,3,0,0,0,0,0,0,0,0,0,0,0,0,0,0,0,0,0,0,0,0,0,0,0,0,0,0,0,,,,,
Reset,135,3,40,30/03/2026 22:57:13,92.50%,2000,80,45,50,0.0,0,3,0,0,0,0,0,0,0,0,0,0,0,0,0,0,0,0,0,0,0,0,0,0,0,0,0,0,0,,,,,
Reset,39,4,15,30/03/2026 22:56:30,73.33%,0,0,0,0,0.0,0,4,0,0,0,0,0,0,0,0,0,0,0,0,0,0,0,0,0,0,0,0,0,0,0,0,0,0,0,,,,,
Reset,40,5,15,30/03/2026 22:45:02,66.67%,0,0,0,0,0.0,0,5,0,0,0,0,0,0,0,0,0,0,0,0,0,0,0,0,0,0,0,0,0,0,0,0,0,0,0,,,,,
Reset,37,10,15,30/03/2026 22:26:30,33.33%,0,0,0,0,4.0,0,6,0,0,0,0,0,0,0,0,0,0,0,0,0,0,0,0,0,0,0,0,0,0,0,0,0,0,0,,,,,
Reset,74,4,20,30/03/2026 22:16:54,80.00%,0,0,0,0,2.0,1,1,0,0,0,0,0,0,0,0,0,0,0,0,0,0,0,0,0,0,0,0,0,0,0,0,0,0,0,,,,,
Reset,39,6,15,30/03/2026 22:16:32,60.00%,0,0,0,0,1.0,0,5,0,0,0,0,0,0,0,0,0,0,0,0,0,0,0,0,0,0,0,0,0,0,0,0,0,0,0,,,,,
Reset,52,6,15,30/03/2026 22:12:14,60.00%,0,0,0,0,3.0,0,3,0,0,0,0,0,0,0,0,0,0,0,0,0,0,0,0,0,0,0,0,0,0,0,0,0,0,0,,,,,
Reset,72,3,20,30/03/2026 22:03:06,85.00%,0,0,0,0,2.0,1,0,0,0,0,0,0,0,0,0,0,0,0,0,0,0,0,0,0,0,0,0,0,0,0,0,0,0,0,,,,,
Reset,40,6,15,30/03/2026 21:56:00,60.00%,0,0,0,0,0.0,0,6,0,0,0,0,0,0,0,0,0,0,0,0,0,0,0,0,0,0,0,0,0,0,0,0,0,0,0,,,,,
Reset,73,8,20,30/03/2026 21:52:47,60.00%,0,0,0,0,6.0,0,0,0,0,0,0,0,0,0,0,0,0,0,0,0,0,0,0,0,0,0,2,0,0,0,0,0,0,0,,,,,
Reset,37,7,15,30/03/2026 21:44:47,53.33%,0,0,0,0,2.0,0,4,0,0,0,0,0,0,0,0,0,0,0,0,0,0,0,0,0,0,0,1,0,0,0,0,0,0,0,,,,,
Reset,73,2,20,30/03/2026 21:40:55,90.00%,0,0,0,0,2.0,0,0,0,0,0,0,0,0,0,0,0,0,0,0,0,0,0,0,0,0,0,0,0,0,0,0,0,0,0,,,,,
Reset,39,6,15,30/03/2026 21:39:43,60.00%,0,0,0,0,1.0,0,5,0,0,0,0,0,0,0,0,0,0,0,0,0,0,0,0,0,0,0,0,0,0,0,0,0,0,0,,,,,
Reset,40,5,15,30/03/2026 21:27:12,66.67%,0,0,0,0,0.0,0,5,0,0,0,0,0,0,0,0,0,0,0,0,0,0,0,0,0,0,0,0,0,0,0,0,0,0,0,,,,,
Reset,37,6,15,30/03/2026 21:14:59,60.00%,0,0,0,0,2.0,0,4,0,0,0,0,0,0,0,0,0,0,0,0,0,0,0,0,0,0,0,0,0,0,0,0,0,0,0,,,,,
Reset,39,8,15,30/03/2026 21:07:50,46.67%,0,0,0,0,1.0,0,6,0,0,0,0,0,0,0,0,0,0,0,0,0,0,0,0,0,0,0,1,0,0,0,0,0,0,0,,,,,
Reset,40,5,15,30/03/2026 20:57:51,66.67%,0,0,0,0,0.0,0,5,0,0,0,0,0,0,0,0,0,0,0,0,0,0,0,0,0,0,0,0,0,0,0,0,0,0,0,,,,,
Reset,52,6,15,30/03/2026 20:52:48,60.00%,0,0,0,0,3.0,0,2,0,0,0,0,0,0,0,0,0,0,0,0,0,0,0,0,0,0,0,1,0,0,0,0,0,0,0,,,,,
Reset,37,8,15,30/03/2026 20:36:02,46.67%,0,0,0,0,2.0,0,6,0,0,0,0,0,0,0,0,0,0,0,0,0,0,0,0,0,0,0,0,0,0,0,0,0,0,0,,,,,
Reset,39,9,15,30/03/2026 20:27:22,40.00%,0,0,0,0,1.0,0,6,0,0,0,0,0,0,0,0,0,0,0,0,0,0,0,0,0,0,0,2,0,0,0,0,0,0,0,,,,,
Reset,40,6,15,30/03/2026 20:20:28,60.00%,0,0,0,0,2.0,0,4,0,0,0,0,0,0,0,0,0,0,0,0,0,0,0,0,0,0,0,0,0,0,0,0,0,0,0,,,,,
Reset,37,6,15,30/03/2026 20:09:39,60.00%,0,0,0,0,2.0,0,4,0,0,0,0,0,0,0,0,0,0,0,0,0,0,0,0,0,0,0,0,0,0,0,0,0,0,0,,,,,
Reset,39,4,15,30/03/2026 19:57:01,73.33%,0,0,0,0,2.0,0,2,0,0,0,0,0,0,0,0,0,0,0,0,0,0,0,0,0,0,0,0,0,0,0,0,0,0,0,,,,,
Reset,40,10,15,30/03/2026 19:47:58,33.33%,0,0,0,0,3.0,0,5,0,0,0,0,0,0,0,0,0,0,0,0,0,0,0,0,0,0,0,2,0,0,0,0,0,0,0,,,,,
Reset,37,6,15,30/03/2026 19:39:34,60.00%,0,0,0,0,3.0,0,3,0,0,0,0,0,0,0,0,0,0,0,0,0,0,0,0,0,0,0,0,0,0,0,0,0,0,0,,,,,
Reset,39,9,15,30/03/2026 19:30:12,40.00%,0,0,0,0,4.0,0,3,0,0,0,0,0,0,0,0,0,0,0,0,0,0,0,0,0,0,0,2,0,0,0,0,0,0,0,,,,,
Reset,52,10,15,30/03/2026 19:16:33,33.33%,0,0,0,0,8.0,0,1,0,0,0,0,0,0,0,0,0,0,0,0,0,0,0,0,0,0,0,1,0,0,0,0,0,0,0,,,,,
Reset,40,7,15,30/03/2026 19:09:49,53.33%,0,0,0,0,2.0,0,5,0,0,0,0,0,0,0,0,0,0,0,0,0,0,0,0,0,0,0,0,0,0,0,0,0,0,0,,,,,
Reset,37,11,15,30/03/2026 19:06:33,26.67%,0,0,0,0,5.0,0,4,0,0,0,0,0,0,0,0,0,0,0,0,0,0,0,0,0,0,0,2,0,0,0,0,0,0,0,,,,,
Reset,39,6,15,30/03/2026 19:03:26,60.00%,0,0,0,0,2.0,0,2,0,0,0,0,0,0,0,0,0,0,0,0,0,0,0,0,0,0,0,2,0,0,0,0,0,0,0,,,,,
Reset,52,12,15,30/03/2026 17:58:45,20.00%,0,0,0,0,8.0,0,0,0,0,0,0,0,0,0,1,0,0,0,0,0,0,0,0,1,0,0,2,0,0,0,0,0,0,0,,,,,
Reset,40,6,15,30/03/2026 17:48:47,60.00%,0,0,0,0,2.0,0,4,0,0,0,0,0,0,0,0,0,0,0,0,0,0,0,0,0,0,0,0,0,0,0,0,0,0,0,,,,,
Reset,37,8,15,30/03/2026 17:41:42,46.67%,0,0,0,0,3.0,0,5,0,0,0,0,0,0,0,0,0,0,0,0,0,0,0,0,0,0,0,0,0,0,0,0,0,0,0,,,,,
Reset,39,5,15,30/03/2026 17:32:36,66.67%,0,0,0,0,3.0,0,2,0,0,0,0,0,0,0,0,0,0,0,0,0,0,0,0,0,0,0,0,0,0,0,0,0,0,0,,,,,
Reset,52,8,15,30/03/2026 17:22:39,46.67%,0,0,0,0,7.0,1,0,0,0,0,0,0,0,0,0,0,0,0,0,0,0,0,0,0,0,0,0,0,0,0,0,0,0,0,,,,,
Reset,40,7,15,30/03/2026 17:18:19,53.33%,0,0,0,0,2.0,1,4,0,0,0,0,0,0,0,0,0,0,0,0,0,0,0,0,0,0,0,0,0,0,0,0,0,0,0,,,,,
Reset,37,8,15,30/03/2026 17:07:18,46.67%,0,0,0,0,3.0,0,5,0,0,0,0,0,0,0,0,0,0,0,0,0,0,0,0,0,0,0,0,0,0,0,0,0,0,0,,,,,
Reset,39,5,15,30/03/2026 16:59:01,66.67%,0,0,0,0,2.0,0,3,0,0,0,0,0,0,0,0,0,0,0,0,0,0,0,0,0,0,0,0,0,0,0,0,0,0,0,,,,,
Reset,40,7,15,30/03/2026 16:51:52,53.33%,0,0,0,0,2.0,0,5,0,0,0,0,0,0,0,0,0,0,0,0,0,0,0,0,0,0,0,0,0,0,0,0,0,0,0,,,,,
Reset,37,7,15,30/03/2026 16:19:18,53.33%,0,0,0,0,6.0,0,0,0,0,0,0,0,0,0,0,0,0,0,0,0,0,0,0,0,0,0,1,0,0,0,0,0,0,0,,,,,
Reset,39,6,15,30/03/2026 16:03:31,60.00%,0,0,0,0,2.0,1,3,0,0,0,0,0,0,0,0,0,0,0,0,0,0,0,0,0,0,0,0,0,0,0,0,0,0,0,,,,,
Reset,52,11,15,30/03/2026 15:58:22,26.67%,0,0,0,0,11.0,0,0,0,0,0,0,0,0,0,0,0,0,0,0,0,0,0,0,0,0,0,0,0,0,0,0,0,0,0,,,,,
Reset,136,4,40,30/03/2026 15:57:15,90.00%,200,80,45,50,1.0,0,3,0,0,0,0,0,0,0,0,0,0,0,0,0,0,0,0,0,0,0,0,0,0,0,0,0,0,0,,,,,
Reset,40,4,15,30/03/2026 15:53:14,73.33%,0,0,0,0,0.0,2,2,0,0,0,0,0,0,0,0,0,0,0,0,0,0,0,0,0,0,0,0,0,0,0,0,0,0,0,,,,,
Reset,52,10,15,30/03/2026 15:51:40,33.33%,0,0,0,0,8.0,0,2,0,0,0,0,0,0,0,0,0,0,0,0,0,0,0,0,0,0,0,0,0,0,0,0,0,0,0,,,,,
Reset,37,7,15,30/03/2026 15:37:10,53.33%,0,0,0,0,2.0,0,4,0,0,0,0,0,0,0,0,0,0,0,0,0,0,0,0,0,0,0,1,0,0,0,0,0,0,0,,,,,
Reset,39,6,15,30/03/2026 15:34:12,60.00%,0,0,0,0,1.0,2,2,0,0,0,0,0,0,0,0,0,0,0,0,0,0,0,0,0,0,0,1,0,0,0,0,0,0,0,,,,,
Reset,39,11,15,30/03/2026 14:40:16,26.67%,0,0,0,0,0.0,5,6,0,0,0,0,0,0,0,0,0,0,0,0,0,0,0,0,0,0,0,0,0,0,0,0,0,0,0,,,,,
Reset,37,16,15,30/03/2026 14:30:32,-6.67%,0,0,0,0,0.0,11,5,0,0,0,0,0,0,0,0,0,0,0,0,0,0,0,0,0,0,0,0,0,0,0,0,0,0,0,,,,,
Reset,40,11,15,30/03/2026 14:23:34,26.67%,0,0,0,0,0.0,0,11,0,0,0,0,0,0,0,0,0,0,0,0,0,0,0,0,0,0,0,0,0,0,0,0,0,0,0,,,,,
Reset,39,10,15,30/03/2026 14:16:24,33.33%,0,0,0,0,0.0,5,5,0,0,0,0,0,0,0,0,0,0,0,0,0,0,0,0,0,0,0,0,0,0,0,0,0,0,0,,,,,
Reset,39,1,15,30/03/2026 14:07:25,93.33%,0,0,0,0,0.0,0,1,0,0,0,0,0,0,0,0,0,0,0,0,0,0,0,0,0,0,0,0,0,0,0,0,0,0,0,,,,,
Reset,73,8,20,30/03/2026 14:06:17,60.00%,0,0,0,0,0.0,0,8,0,0,0,0,0,0,0,0,0,0,0,0,0,0,0,0,0,0,0,0,0,0,0,0,0,0,0,,,,,
Reset,72,8,20,30/03/2026 14:02:16,60.00%,0,0,0,0,0.0,4,2,0,0,0,0,0,0,0,1,0,0,0,0,0,0,0,0,0,0,0,0,0,1,0,0,0,0,0,,,,,
Reset,39,4,15,30/03/2026 13:56:05,73.33%,0,0,0,0,0.0,2,1,0,1,0,0,0,0,0,0,0,0,0,0,0,0,0,0,0,0,0,0,0,0,0,0,0,0,0,,,,,
Reset,72,0,20,30/03/2026 13:48:08,100.00%,0,0,0,0,0.0,0,0,0,0,0,0,0,0,0,0,0,0,0,0,0,0,0,0,0,0,0,0,0,0,0,0,0,0,0,,,,,
Reset,40,7,15,30/03/2026 13:48:00,53.33%,0,0,0,0,0.0,4,3,0,0,0,0,0,0,0,0,0,0,0,0,0,0,0,0,0,0,0,0,0,0,0,0,0,0,0,,,,,
Reset,37,5,15,30/03/2026 13:42:12,66.67%,0,0,0,0,0.0,0,5,0,0,0,0,0,0,0,0,0,0,0,0,0,0,0,0,0,0,0,0,0,0,0,0,0,0,0,,,,,
Reset,37,12,15,30/03/2026 13:36:22,20.00%,0,0,0,0,0.0,7,5,0,0,0,0,0,0,0,0,0,0,0,0,0,0,0,0,0,0,0,0,0,0,0,0,0,0,0,,,,,
Reset,74,0,20,30/03/2026 13:35:50,100.00%,0,0,0,0,0.0,0,0,0,0,0,0,0,0,0,0,0,0,0,0,0,0,0,0,0,0,0,0,0,0,0,0,0,0,0,,,,,
Reset,72,1,20,30/03/2026 13:22:11,100.00%,0,0,0,0,1.0,0,0,0,0,0,0,0,0,0,0,0,0,0,0,0,0,0,0,0,0,0,0,0,0,0,0,0,0,0,,,,,
Reset,73,6,20,30/03/2026 13:04:56,100.00%,0,0,0,0,0.0,4,2,0,0,0,0,0,0,0,0,0,0,0,0,0,0,0,0,0,0,0,0,0,0,0,0,0,0,0,,,,,
Reset,37,8,15,30/03/2026 12:31:50,46.67%,0,0,0,0,0.0,0,8,0,0,0,0,0,0,0,0,0,0,0,0,0,0,0,0,0,0,0,0,0,0,0,0,0,0,0,,,,,
Reset,39,9,15,30/03/2026 12:25:18,40.00%,0,0,0,0,0.0,0,9,0,0,0,0,0,0,0,0,0,0,0,0,0,0,0,0,0,0,0,0,0,0,0,0,0,0,0,,,,,
Reset,72,1,20,30/03/2026 11:57:40,95.00%,0,0,0,0,1.0,0,0,0,0,0,0,0,0,0,0,0,0,0,0,0,0,0,0,0,0,0,0,0,0,0,0,0,0,0,,,,,
Reset,72,8,20,30/03/2026 11:37:04,60.00%,0,0,0,0,5.0,2,0,0,0,0,0,0,0,0,0,0,0,0,0,0,0,0,0,0,0,0,1,0,0,0,0,0,0,0,,,,,
Reset,40,21,15,30/03/2026 11:20:12,-40.00%,0,0,0,0,0.0,12,9,0,0,0,0,0,0,0,0,0,0,0,0,0,0,0,0,0,0,0,0,0,0,0,0,0,0,0,,,,,
Reset,52,4,15,30/03/2026 11:10:03,73.33%,0,0,0,0,0.0,0,4,0,0,0,0,0,0,0,0,0,0,0,0,0,0,0,0,0,0,0,0,0,0,0,0,0,0,0,,,,,
Reset,72,1,20,30/03/2026 10:56:23,95.00%,0,0,0,0,1.0,0,0,0,0,0,0,0,0,0,0,0,0,0,0,0,0,0,0,0,0,0,0,0,0,0,0,0,0,0,,,,,
Reset,73,9,20,30/03/2026 10:53:44,55.00%,0,0,0,0,1.0,4,4,0,0,0,0,0,0,0,0,0,0,0,0,0,0,0,0,0,0,0,0,0,0,0,0,0,0,0,,,,,
Reset,135,2,40,30/03/2026 10:49:46,95.00%,2000,80,45,50,0.0,0,2,0,0,0,0,0,0,0,0,0,0,0,0,0,0,0,0,0,0,0,0,0,0,0,0,0,0,0,,,,,
Reset,132,6,40,30/03/2026 10:41:08,85.00%,2000,880,45,50,0.0,0,6,0,0,0,0,0,0,0,0,0,0,0,0,0,0,0,0,0,0,0,0,0,0,0,0,0,0,0,,,,,
Reset,71,7,20,30/03/2026 10:38:52,65.00%,0,0,0,0,4.0,0,2,0,0,0,0,0,0,0,0,0,0,0,0,0,0,0,0,0,0,0,1,0,0,0,0,0,0,0,,,,,
Reset,132,6,40,30/03/2026 10:27:52,85.00%,2000,880,45,50,0.0,0,6,0,0,0,0,0,0,0,0,0,0,0,0,0,0,0,0,0,0,0,0,0,0,0,0,0,0,0,,,,,
Reset,136,5,40,30/03/2026 10:24:26,87.50%,200,80,45,50,0.0,0,0,0,0,5,0,0,0,0,0,0,0,0,0,0,0,0,0,0,0,0,0,0,0,0,0,0,0,0,,,,,
Reset,131,4,40,30/03/2026 10:13:14,90.00%,2000,880,45,50,0.0,0,1,0,0,0,0,0,0,0,3,0,0,0,0,0,0,0,0,0,0,0,0,0,0,0,0,0,0,0,,,,,
Reset,132,5,40,30/03/2026 10:07:33,87.50%,2000,880,45,50,0.0,0,3,0,0,0,0,0,0,0,0,0,0,0,2,0,0,0,0,0,0,0,0,0,0,0,0,0,0,0,,,,,
Reset,131,5,40,30/03/2026 10:02:38,87.50%,2000,880,45,50,0.0,0,2,0,0,0,0,0,0,0,3,0,0,0,0,0,0,0,0,0,0,0,0,0,0,0,0,0,0,0,,,,,
Reset,135,4,40,30/03/2026 09:54:34,90.00%,2000,80,45,50,0.0,0,3,0,0,0,0,0,0,0,0,0,0,0,1,0,0,0,0,0,0,0,0,0,0,0,0,0,0,0,,,,,
Reset,134,4,40,30/03/2026 09:47:36,90.00%,2000,880,45,50,0.0,0,2,0,0,0,0,0,1,0,1,0,0,0,0,0,0,0,0,0,0,0,0,0,0,0,0,0,0,0,,,,,
Reset,134,4,40,30/03/2026 09:42:32,90.00%,2000,880,45,50,1.0,0,3,0,0,0,0,0,0,0,0,0,0,0,0,0,0,0,0,0,0,0,0,0,0,0,0,0,0,0,,,,,
Reset,133,4,40,30/03/2026 09:37:46,90.00%,2000,880,45,50,0.0,0,4,0,0,0,0,0,0,0,0,0,0,0,0,0,0,0,0,0,0,0,0,0,0,0,0,0,0,0,,,,,
Reset,71,9,20,30/03/2026 09:35:26,55.00%,0,0,0,0,0.0,7,2,0,0,0,0,0,0,0,0,0,0,0,0,0,0,0,0,0,0,0,0,0,0,0,0,0,0,0,,,,,
Reset,68,6,16,30/03/2026 09:26:52,62.50%,0,0,0,0,0.0,0,6,0,0,0,0,0,0,0,0,0,0,0,0,0,0,0,0,0,0,0,0,0,0,0,0,0,0,0,,,,,
Reset,69,13,16,30/03/2026 09:21:34,18.75%,0,0,0,0,0.0,0,12,0,0,0,0,0,0,0,0,0,0,1,0,0,0,0,0,0,0,0,0,0,0,0,0,0,0,0,,,,,
Reset,131,7,40,30/03/2026 09:20:03,82.50%,2000,880,45,50,1.0,0,3,0,0,0,0,0,0,0,3,0,0,0,0,0,0,0,0,0,0,0,0,0,0,0,0,0,0,0,,,,,
Reset,65,17,16,30/03/2026 09:17:42,-6.25%,0,0,0,0,2.0,0,15,0,0,0,0,0,0,0,0,0,0,0,0,0,0,0,0,0,0,0,0,0,0,0,0,0,0,0,,,,,
Reset,132,5,40,30/03/2026 09:15:24,87.50%,2000,880,45,50,2.0,0,3,0,0,0,0,0,0,0,0,0,0,0,0,0,0,0,0,0,0,0,0,0,0,0,0,0,0,0,,,,,
Reset,74,1,20,30/03/2026 09:12:33,95.00%,0,0,0,0,0.0,0,1,0,0,0,0,0,0,0,0,0,0,0,0,0,0,0,0,0,0,0,0,0,0,0,0,0,0,0,,,,,
Reset,133,1,40,30/03/2026 09:12:15,97.50%,2000,880,45,50,0.0,0,1,0,0,0,0,0,0,0,0,0,0,0,0,0,0,0,0,0,0,0,0,0,0,0,0,0,0,0,,,,,
Reset,134,3,40,30/03/2026 09:09:16,92.50%,2000,880,45,50,0.0,0,3,0,0,0,0,0,0,0,0,0,0,0,0,0,0,0,0,0,0,0,0,0,0,0,0,0,0,0,,,,,
Reset,133,0,40,30/03/2026 09:04:50,100.00%,2000,880,45,50,0.0,0,0,0,0,0,0,0,0,0,0,0,0,0,0,0,0,0,0,0,0,0,0,0,0,0,0,0,0,0,,,,,
Reset,133,5,40,30/03/2026 08:57:31,87.50%,2000,880,45,50,0.0,0,3,0,0,0,0,0,0,0,2,0,0,0,0,0,0,0,0,0,0,0,0,0,0,0,0,0,0,0,,,,,
Reset,134,10,40,30/03/2026 08:56:52,75.00%,2000,880,45,50,0.0,0,10,0,0,0,0,0,0,0,0,0,0,0,0,0,0,0,0,0,0,0,0,0,0,0,0,0,0,0,,,,,
Reset,135,0,40,30/03/2026 08:56:38,100.00%,2000,80,45,50,0.0,0,0,0,0,0,0,0,0,0,0,0,0,0,0,0,0,0,0,0,0,0,0,0,0,0,0,0,0,0,,,,,
Reset,131,5,40,30/03/2026 08:34:09,87.50%,2000,880,45,50,0.0,0,2,0,0,0,0,0,0,0,3,0,0,0,0,0,0,0,0,0,0,0,0,0,0,0,0,0,0,0,,,,,
Reset,72,5,20,30/03/2026 08:23:37,75.00%,0,0,0,0,0.0,5,0,0,0,0,0,0,0,0,0,0,0,0,0,0,0,0,0,0,0,0,0,0,0,0,0,0,0,0,,,,,
Reset,133,8,40,30/03/2026 08:20:39,80.00%,2000,880,45,50,2.0,0,6,0,0,0,0,0,0,0,0,0,0,0,0,0,0,0,0,0,0,0,0,0,0,0,0,0,0,0,,,,,
Reset,39,0,15,30/03/2026 08:10:10,100.00%,0,0,0,0,0.0,0,0,0,0,0,0,0,0,0,0,0,0,0,0,0,0,0,0,0,0,0,0,0,0,0,0,0,0,0,,,,,
Reset,73,14,20,30/03/2026 08:08:44,30.00%,0,0,0,0,0.0,12,1,0,0,0,0,0,0,0,0,0,0,0,0,0,0,0,0,0,0,0,0,0,0,0,1,0,0,0,,,,,
Reset,37,4,15,30/03/2026 08:07:54,73.33%,0,0,0,0,0.0,0,4,0,0,0,0,0,0,0,0,0,0,0,0,0,0,0,0,0,0,0,0,0,0,0,0,0,0,0,,,,,
Reset,39,1,15,30/03/2026 08:02:51,93.33%,0,0,0,0,0.0,0,0,0,0,0,0,0,0,0,1,0,0,0,0,0,0,0,0,0,0,0,0,0,0,0,0,0,0,0,,,,,
Reset,72,5,20,30/03/2026 07:59:52,75.00%,0,0,0,0,0.0,5,0,0,0,0,0,0,0,0,0,0,0,0,0,0,0,0,0,0,0,0,0,0,0,0,0,0,0,0,,,,,
Reset,136,40,40,30/03/2026 07:57:11,0,200,80,45,50,40.0,0,0,0,0,0,0,0,0,0,0,0,0,0,0,0,0,0,0,0,0,0,0,0,0,0,0,0,0,0,,,,,
Reset,134,20,40,30/03/2026 07:56:59,50.00%,2000,880,45,50,20.0,0,0,0,0,0,0,0,0,0,0,0,0,0,0,0,0,0,0,0,0,0,0,0,0,0,0,0,0,0,,,,,
Reset,40,7,15,30/03/2026 07:54:58,53.33%,0,0,0,0,0.0,4,3,0,0,0,0,0,0,0,0,0,0,0,0,0,0,0,0,0,0,0,0,0,0,0,0,0,0,0,,,,,
Reset,69,23,16,30/03/2026 07:27:36,-43.75%,0,0,0,0,0.0,0,23,0,0,0,0,0,0,0,0,0,0,0,0,0,0,0,0,0,0,0,0,0,0,0,0,0,0,0,,,,,
Reset,68,6,16,30/03/2026 07:24:45,62.50%,0,0,0,0,0.0,0,4,0,0,0,0,0,0,1,1,0,0,0,0,0,0,0,0,0,0,0,0,0,0,0,0,0,0,0,,,,,
Reset,65,14,16,30/03/2026 07:21:24,12.50%,0,0,0,0,4.0,3,7,0,0,0,0,0,0,0,0,0,0,0,0,0,0,0,0,0,0,0,0,0,0,0,0,0,0,0,,,,,
Reset,73,9,20,30/03/2026 07:15:51,55.00%,0,0,0,0,3.0,0,4,0,0,0,0,0,0,0,0,0,0,0,0,0,0,0,0,0,0,0,2,0,0,0,0,0,0,0,,,,,
Reset,80,8,24,30/03/2026 07:12:54,66.67%,1400,1520,50,100,0.0,8,0,0,0,0,0,0,0,0,0,0,0,0,0,0,0,0,0,0,0,0,0,0,0,0,0,0,0,0,,,,,
Reset,74,5,20,30/03/2026 06:56:58,75.00%,0,0,0,0,4.0,1,0,0,0,0,0,0,0,0,0,0,0,0,0,0,0,0,0,0,0,0,0,0,0,0,0,0,0,0,,,,,
Reset,131,1,40,27/03/2026 22:54:44,97.50%,2000,880,45,50,0.0,0,1,0,0,0,0,0,0,0,0,0,0,0,0,0,0,0,0,0,0,0,0,0,0,0,0,0,0,0,,,,,
Reset,82,15,24,27/03/2026 22:54:20,37.50%,1400,1520,50,100,2.0,0,0,0,0,0,0,0,0,0,0,0,0,0,13,0,0,0,0,0,0,0,0,0,0,0,0,0,0,0,,,,,
Reset,136,2,40,27/03/2026 22:51:37,95.00%,200,80,45,50,0.0,0,2,0,0,0,0,0,0,0,0,0,0,0,0,0,0,0,0,0,0,0,0,0,0,0,0,0,0,0,,,,,
Reset,135,3,40,27/03/2026 22:47:21,92.50%,2000,80,45,50,0.0,0,2,0,0,0,0,0,0,0,1,0,0,0,0,0,0,0,0,0,0,0,0,0,0,0,0,0,0,0,,,,,
Reset,83,8,24,27/03/2026 22:43:34,66.67%,1400,1520,50,100,0.0,0,0,0,0,0,0,0,0,0,0,0,0,0,8,0,0,0,0,0,0,0,0,0,0,0,0,0,0,0,,,,,
Reset,134,2,40,27/03/2026 22:42:36,95.00%,2000,880,45,50,0.0,0,2,0,0,0,0,0,0,0,0,0,0,0,0,0,0,0,0,0,0,0,0,0,0,0,0,0,0,0,,,,,
Reset,132,2,40,27/03/2026 22:38:55,95.00%,2000,880,45,50,0.0,0,2,0,0,0,0,0,0,0,0,0,0,0,0,0,0,0,0,0,0,0,0,0,0,0,0,0,0,0,,,,,
Reset,134,4,40,27/03/2026 22:33:07,90.00%,2000,880,45,50,0.0,0,4,0,0,0,0,0,0,0,0,0,0,0,0,0,0,0,0,0,0,0,0,0,0,0,0,0,0,0,,,,,
Reset,131,2,40,27/03/2026 22:24:17,95.00%,2000,880,45,50,0.0,0,2,0,0,0,0,0,0,0,0,0,0,0,0,0,0,0,0,0,0,0,0,0,0,0,0,0,0,0,,,,,
Reset,136,3,40,27/03/2026 22:20:34,92.50%,200,80,45,50,0.0,0,3,0,0,0,0,0,0,0,0,0,0,0,0,0,0,0,0,0,0,0,0,0,0,0,0,0,0,0,,,,,
Reset,71,8,20,27/03/2026 22:19:32,60.00%,0,0,0,0,0.0,6,2,0,0,0,0,0,0,0,0,0,0,0,0,0,0,0,0,0,0,0,0,0,0,0,0,0,0,0,,,,,
Reset,40,5,15,27/03/2026 22:15:10,66.67%,0,0,0,0,0.0,0,5,0,0,0,0,0,0,0,0,0,0,0,0,0,0,0,0,0,0,0,0,0,0,0,0,0,0,0,,,,,
Reset,81,12,24,27/03/2026 22:12:50,50.00%,1400,1520,50,100,0.0,0,0,0,0,0,0,0,0,0,0,0,0,0,12,0,0,0,0,0,0,0,0,0,0,0,0,0,0,0,,,,,
Reset,37,0,15,27/03/2026 22:12:07,100.00%,0,0,0,0,0.0,0,0,0,0,0,0,0,0,0,0,0,0,0,0,0,0,0,0,0,0,0,0,0,0,0,0,0,0,0,,,,,
Reset,37,2,15,27/03/2026 22:08:10,86.67%,0,0,0,0,0.0,0,0,0,0,0,0,0,0,0,0,0,0,0,0,0,0,0,0,0,0,0,2,0,0,0,0,0,0,0,,,,,
Reset,80,1,24,27/03/2026 21:55:29,95.83%,1400,1520,50,100,0.0,0,0,0,0,0,0,0,0,0,0,0,0,0,1,0,0,0,0,0,0,0,0,0,0,0,0,0,0,0,,,,,
Reset,39,7,15,27/03/2026 21:51:55,53.33%,0,0,0,0,0.0,0,7,0,0,0,0,0,0,0,0,0,0,0,0,0,0,0,0,0,0,0,0,0,0,0,0,0,0,0,,,,,
Reset,39,3,15,27/03/2026 21:46:42,80.00%,0,0,0,0,0.0,0,3,0,0,0,0,0,0,0,0,0,0,0,0,0,0,0,0,0,0,0,0,0,0,0,0,0,0,0,,,,,
Reset,40,2,15,27/03/2026 21:41:34,86.67%,0,0,0,0,0.0,0,2,0,0,0,0,0,0,0,0,0,0,0,0,0,0,0,0,0,0,0,0,0,0,0,0,0,0,0,,,,,
Reset,40,8,15,27/03/2026 21:35:28,46.67%,0,0,0,0,0.0,2,6,0,0,0,0,0,0,0,0,0,0,0,0,0,0,0,0,0,0,0,0,0,0,0,0,0,0,0,,,,,
Reset,37,3,15,27/03/2026 21:25:45,80.00%,0,0,0,0,0.0,0,2,0,0,0,0,0,0,0,0,0,0,0,0,0,0,0,0,0,0,0,1,0,0,0,0,0,0,0,,,,,
Reset,40,3,15,27/03/2026 21:19:32,80.00%,0,0,0,0,0.0,0,3,0,0,0,0,0,0,0,0,0,0,0,0,0,0,0,0,0,0,0,0,0,0,0,0,0,0,0,,,,,
Reset,81,12,24,27/03/2026 21:15:39,50.00%,1400,1520,50,100,1.0,0,0,0,0,0,0,0,0,0,0,0,0,0,11,0,0,0,0,0,0,0,0,0,0,0,0,0,0,0,,,,,
Reset,37,5,15,27/03/2026 21:13:27,66.67%,0,0,0,0,0.0,0,5,0,0,0,0,0,0,0,0,0,0,0,0,0,0,0,0,0,0,0,0,0,0,0,0,0,0,0,,,,,
Reset,37,4,15,27/03/2026 21:05:40,73.33%,0,0,0,0,0.0,0,4,0,0,0,0,0,0,0,0,0,0,0,0,0,0,0,0,0,0,0,0,0,0,0,0,0,0,0,,,,,
Reset,131,0,40,27/03/2026 20:58:27,100.00%,2000,880,45,50,0.0,0,0,0,0,0,0,0,0,0,0,0,0,0,0,0,0,0,0,0,0,0,0,0,0,0,0,0,0,0,,,,,
Reset,133,3,40,27/03/2026 20:56:29,92.50%,2000,880,45,50,0.0,0,3,0,0,0,0,0,0,0,0,0,0,0,0,0,0,0,0,0,0,0,0,0,0,0,0,0,0,0,,,,,
Reset,134,5,40,27/03/2026 20:53:00,87.50%,2000,880,45,50,2.0,0,3,0,0,0,0,0,0,0,0,0,0,0,0,0,0,0,0,0,0,0,0,0,0,0,0,0,0,0,,,,,
0,1341,5,0,27/03/2026 20:52:41,0,0,0,0,0,2.0,0,3,0,0,0,0,0,0,0,0,0,0,0,0,0,0,0,0,0,0,0,0,0,0,0,0,0,0,0,,,,,
Reset,80,1,24,27/03/2026 20:52:18,95.83%,1400,1520,50,100,0.0,0,0,0,0,0,0,0,0,0,0,0,0,0,1,0,0,0,0,0,0,0,0,0,0,0,0,0,0,0,,,,,
Reset,37,10,15,27/03/2026 20:47:55,100.00%,0,0,0,0,10.0,0,0,0,0,0,0,0,0,0,0,0,0,0,0,0,0,0,0,0,0,0,0,0,0,0,0,0,0,0,,,,,
Reset,136,4,40,27/03/2026 20:47:05,90.00%,200,80,45,50,0.0,0,4,0,0,0,0,0,0,0,0,0,0,0,0,0,0,0,0,0,0,0,0,0,0,0,0,0,0,0,,,,,
0,1313,3,0,27/03/2026 20:42:41,0,0,0,0,0,1.0,0,2,0,0,0,0,0,0,0,0,0,0,0,0,0,0,0,0,0,0,0,0,0,0,0,0,0,0,0,,,,,
Reset,83,4,24,27/03/2026 20:41:48,83.33%,1400,1520,50,100,2.0,0,2,0,0,0,0,0,0,0,0,0,0,0,0,0,0,0,0,0,0,0,0,0,0,0,0,0,0,0,,,,,
Reset,135,4,40,27/03/2026 20:39:26,90.00%,2000,80,45,50,0.0,0,4,0,0,0,0,0,0,0,0,0,0,0,0,0,0,0,0,0,0,0,0,0,0,0,0,0,0,0,,,,,
Reset,134,3,40,27/03/2026 20:34:03,92.50%,2000,880,45,50,0.0,0,3,0,0,0,0,0,0,0,0,0,0,0,0,0,0,0,0,0,0,0,0,0,0,0,0,0,0,0,,,,,
Reset,134,0,40,27/03/2026 20:23:57,100.00%,2000,880,45,50,0.0,0,0,0,0,0,0,0,0,0,0,0,0,0,0,0,0,0,0,0,0,0,0,0,0,0,0,0,0,0,,,,,
Reset,134,4,40,27/03/2026 20:20:44,90.00%,2000,880,45,50,0.0,0,4,0,0,0,0,0,0,0,0,0,0,0,0,0,0,0,0,0,0,0,0,0,0,0,0,0,0,0,,,,,
Reset,132,5,40,27/03/2026 20:17:13,87.50%,2000,880,45,50,2.0,0,3,0,0,0,0,0,0,0,0,0,0,0,0,0,0,0,0,0,0,0,0,0,0,0,0,0,0,0,,,,,
Reset,135,3,40,27/03/2026 20:11:26,92.50%,2000,80,45,50,0.0,0,3,0,0,0,0,0,0,0,0,0,0,0,0,0,0,0,0,0,0,0,0,0,0,0,0,0,0,0,,,,,
Reset,1313,2,40,27/03/2026 20:08:01,95.00%,2000,880,45,50,0.0,0,2,0,0,0,0,0,0,0,0,0,0,0,0,0,0,0,0,0,0,0,0,0,0,0,0,0,0,0,,,,,
Reset,132,7,40,27/03/2026 20:04:47,82.50%,2000,880,45,50,4.0,0,3,0,0,0,0,0,0,0,0,0,0,0,0,0,0,0,0,0,0,0,0,0,0,0,0,0,0,0,,,,,
Reset,80,3,24,27/03/2026 20:01:06,87.50%,1400,1520,50,100,0.0,0,2,0,0,0,0,0,0,0,0,0,0,0,0,0,0,0,0,0,0,0,1,0,0,0,0,0,0,0,,,,,
Reset,136,1,40,27/03/2026 19:48:22,97.50%,200,80,45,50,0.0,0,1,0,0,0,0,0,0,0,0,0,0,0,0,0,0,0,0,0,0,0,0,0,0,0,0,0,0,0,,,,,
Reset,132,2,40,27/03/2026 19:41:34,95.00%,2000,880,45,50,0.0,0,2,0,0,0,0,0,0,0,0,0,0,0,0,0,0,0,0,0,0,0,0,0,0,0,0,0,0,0,,,,,
Reset,82,0,24,27/03/2026 19:40:38,100.00%,1400,1520,50,100,0.0,0,0,0,0,0,0,0,0,0,0,0,0,0,0,0,0,0,0,0,0,0,0,0,0,0,0,0,0,0,,,,,
Reset,133,3,40,27/03/2026 19:33:51,92.50%,2000,880,45,50,0.0,0,3,0,0,0,0,0,0,0,0,0,0,0,0,0,0,0,0,0,0,0,0,0,0,0,0,0,0,0,,,,,
Reset,136,2,40,27/03/2026 19:33:41,95.00%,200,80,45,50,0.0,0,2,0,0,0,0,0,0,0,0,0,0,0,0,0,0,0,0,0,0,0,0,0,0,0,0,0,0,0,,,,,
Reset,135,1,40,27/03/2026 19:25:14,97.50%,2000,80,45,50,0.0,0,1,0,0,0,0,0,0,0,0,0,0,0,0,0,0,0,0,0,0,0,0,0,0,0,0,0,0,0,,,,,
Reset,132,1,40,27/03/2026 19:20:56,97.50%,2000,880,45,50,0.0,0,1,0,0,0,0,0,0,0,0,0,0,0,0,0,0,0,0,0,0,0,0,0,0,0,0,0,0,0,,,,,
Reset,83,2,24,27/03/2026 19:20:42,91.67%,1400,1520,50,100,1.0,0,0,0,0,0,0,0,0,0,0,0,0,0,0,0,0,0,0,0,0,0,1,0,0,0,0,0,0,0,,,,,
Reset,135,2,40,27/03/2026 19:17:08,95.00%,2000,80,45,50,0.0,0,2,0,0,0,0,0,0,0,0,0,0,0,0,0,0,0,0,0,0,0,0,0,0,0,0,0,0,0,,,,,
Reset,133,0,40,27/03/2026 19:13:15,100.00%,2000,880,45,50,0.0,0,0,0,0,0,0,0,0,0,0,0,0,0,0,0,0,0,0,0,0,0,0,0,0,0,0,0,0,0,,,,,
Reset,135,5,40,27/03/2026 19:08:35,87.50%,2000,80,45,50,1.0,0,4,0,0,0,0,0,0,0,0,0,0,0,0,0,0,0,0,0,0,0,0,0,0,0,0,0,0,0,,,,,
Reset,134,2,40,27/03/2026 19:04:39,95.00%,2000,880,45,50,0.0,0,2,0,0,0,0,0,0,0,0,0,0,0,0,0,0,0,0,0,0,0,0,0,0,0,0,0,0,0,,,,,
Reset,131,0,40,27/03/2026 18:17:04,100.00%,2000,880,45,50,0.0,0,0,0,0,0,0,0,0,0,0,0,0,0,0,0,0,0,0,0,0,0,0,0,0,0,0,0,0,0,,,,,
Reset,132,5,40,27/03/2026 18:13:47,87.50%,2000,880,45,50,3.0,0,2,0,0,0,0,0,0,0,0,0,0,0,0,0,0,0,0,0,0,0,0,0,0,0,0,0,0,0,,,,,
Reset,80,1,24,27/03/2026 18:13:03,95.83%,1400,1520,50,100,0.0,0,1,0,0,0,0,0,0,0,0,0,0,0,0,0,0,0,0,0,0,0,0,0,0,0,0,0,0,0,,,,,
Reset,71,10,20,27/03/2026 18:08:13,50.00%,0,0,0,0,0.0,10,0,0,0,0,0,0,0,0,0,0,0,0,0,0,0,0,0,0,0,0,0,0,0,0,0,0,0,0,,,,,
Reset,136,3,40,27/03/2026 18:01:30,92.50%,200,80,45,50,0.0,0,3,0,0,0,0,0,0,0,0,0,0,0,0,0,0,0,0,0,0,0,0,0,0,0,0,0,0,0,,,,,
Reset,134,3,40,27/03/2026 17:54:52,92.50%,2000,880,45,50,0.0,0,3,0,0,0,0,0,0,0,0,0,0,0,0,0,0,0,0,0,0,0,0,0,0,0,0,0,0,0,,,,,
Reset,83,4,24,27/03/2026 17:51:02,83.33%,1400,1520,50,100,0.0,0,3,0,0,0,0,0,0,0,0,0,0,0,0,0,0,0,0,0,0,0,1,0,0,0,0,0,0,0,,,,,
Reset,131,0,40,27/03/2026 17:48:38,100.00%,2000,880,45,50,0.0,0,0,0,0,0,0,0,0,0,0,0,0,0,0,0,0,0,0,0,0,0,0,0,0,0,0,0,0,0,,,,,
Reset,131,3,40,27/03/2026 17:44:48,92.50%,2000,880,45,50,0.0,0,3,0,0,0,0,0,0,0,0,0,0,0,0,0,0,0,0,0,0,0,0,0,0,0,0,0,0,0,,,,,
Reset,132,2,40,27/03/2026 17:39:39,95.00%,2000,880,45,50,0.0,0,2,0,0,0,0,0,0,0,0,0,0,0,0,0,0,0,0,0,0,0,0,0,0,0,0,0,0,0,,,,,
Reset,133,3,40,27/03/2026 17:34:02,92.50%,2000,880,45,50,0.0,2,1,0,0,0,0,0,0,0,0,0,0,0,0,0,0,0,0,0,0,0,0,0,0,0,0,0,0,0,,,,,
Reset,83,0,24,27/03/2026 17:32:00,100.00%,1400,1520,50,100,0.0,0,0,0,0,0,0,0,0,0,0,0,0,0,0,0,0,0,0,0,0,0,0,0,0,0,0,0,0,0,,,,,
Reset,133,3,40,27/03/2026 17:29:24,92.50%,2000,880,45,50,0.0,0,3,0,0,0,0,0,0,0,0,0,0,0,0,0,0,0,0,0,0,0,0,0,0,0,0,0,0,0,,,,,
Reset,82,2,24,27/03/2026 17:25:01,91.67%,1400,1520,50,100,2.0,0,0,0,0,0,0,0,0,0,0,0,0,0,0,0,0,0,0,0,0,0,0,0,0,0,0,0,0,0,,,,,
Reset,81,8,24,27/03/2026 17:07:21,66.67%,1400,1520,50,100,4.0,2,2,0,0,0,0,0,0,0,0,0,0,0,0,0,0,0,0,0,0,0,0,0,0,0,0,0,0,0,,,,,
Reset,40,5,15,27/03/2026 16:44:09,66.67%,0,0,0,0,0.0,0,5,0,0,0,0,0,0,0,0,0,0,0,0,0,0,0,0,0,0,0,0,0,0,0,0,0,0,0,,,,,
Reset,40,5,15,27/03/2026 16:43:50,66.67%,0,0,0,0,0.0,0,5,0,0,0,0,0,0,0,0,0,0,0,0,0,0,0,0,0,0,0,0,0,0,0,0,0,0,0,,,,,
Reset,80,0,24,27/03/2026 16:41:32,100.00%,1400,1520,50,100,0.0,0,0,0,0,0,0,0,0,0,0,0,0,0,0,0,0,0,0,0,0,0,0,0,0,0,0,0,0,0,,,,,
Reset,83,3,24,27/03/2026 16:19:20,87.50%,1400,1520,50,100,1.0,1,1,0,0,0,0,0,0,0,0,0,0,0,0,0,0,0,0,0,0,0,0,0,0,0,0,0,0,0,,,,,
Reset,68,0,16,27/03/2026 16:12:09,100.00%,0,0,0,0,0.0,0,0,0,0,0,0,0,0,0,0,0,0,0,0,0,0,0,0,0,0,0,0,0,0,0,0,0,0,0,,,,,
Reset,68,1,16,27/03/2026 16:12:05,93.75%,0,0,0,0,0.0,0,0,0,0,0,0,0,0,0,0,0,0,0,0,0,0,0,0,0,0,0,1,0,0,0,0,0,0,0,,,,,
Reset,83,1,24,27/03/2026 16:08:07,95.83%,1400,1520,50,100,1.0,0,0,0,0,0,0,0,0,0,0,0,0,0,0,0,0,0,0,0,0,0,0,0,0,0,0,0,0,0,,,,,
Reset,80,5,24,27/03/2026 15:52:35,79.17%,1400,1520,50,100,1.0,0,2,0,0,0,0,0,0,0,0,0,0,0,0,0,0,0,0,0,0,0,0,0,0,0,2,0,0,0,,,,,
Reset,39,2,15,27/03/2026 15:28:45,86.67%,0,0,0,0,0.0,0,2,0,0,0,0,0,0,0,0,0,0,0,0,0,0,0,0,0,0,0,0,0,0,0,0,0,0,0,,,,,
Reset,40,2,15,27/03/2026 15:22:55,86.67%,0,0,0,0,0.0,0,2,0,0,0,0,0,0,0,0,0,0,0,0,0,0,0,0,0,0,0,0,0,0,0,0,0,0,0,,,,,
Reset,40,3,15,27/03/2026 15:15:35,80.00%,0,0,0,0,0.0,0,3,0,0,0,0,0,0,0,0,0,0,0,0,0,0,0,0,0,0,0,0,0,0,0,0,0,0,0,,,,,
Reset,134,4,40,27/03/2026 14:49:41,90.00%,2000,880,45,50,0.0,0,2,0,0,0,0,0,0,0,2,0,0,0,0,0,0,0,0,0,0,0,0,0,0,0,0,0,0,0,,,,,
Reset,136,8,40,27/03/2026 14:45:55,80.00%,200,80,45,50,3.0,0,2,0,0,0,0,0,0,0,3,0,0,0,0,0,0,0,0,0,0,0,0,0,0,0,0,0,0,0,,,,,
Reset,131,1,40,27/03/2026 14:33:51,97.50%,2000,880,45,50,0.0,0,1,0,0,0,0,0,0,0,0,0,0,0,0,0,0,0,0,0,0,0,0,0,0,0,0,0,0,0,,,,,
Reset,133,2,40,27/03/2026 14:31:10,95.00%,2000,880,45,50,0.0,0,2,0,0,0,0,0,0,0,0,0,0,0,0,0,0,0,0,0,0,0,0,0,0,0,0,0,0,0,,,,,
Reset,133,3,40,27/03/2026 14:27:42,92.50%,2000,880,45,50,0.0,0,3,0,0,0,0,0,0,0,0,0,0,0,0,0,0,0,0,0,0,0,0,0,0,0,0,0,0,0,,,,,
Reset,132,5,40,27/03/2026 14:22:41,87.50%,2000,880,45,50,0.0,0,5,0,0,0,0,0,0,0,0,0,0,0,0,0,0,0,0,0,0,0,0,0,0,0,0,0,0,0,,,,,
Reset,134,12,40,27/03/2026 14:22:18,70.00%,2000,880,45,50,0.0,0,2,0,0,0,0,0,0,0,0,0,0,0,10,0,0,0,0,0,0,0,0,0,0,0,0,0,0,0,,,,,
Reset,31,4,9,27/03/2026 14:13:18,55.56%,0,0,0,0,0.0,0,3,0,0,0,0,0,0,0,1,0,0,0,0,0,0,0,0,0,0,0,0,0,0,0,0,0,0,0,,,,,
Reset,132,9,40,27/03/2026 14:11:50,77.50%,2000,880,45,50,0.0,0,6,0,0,0,0,0,0,0,3,0,0,0,0,0,0,0,0,0,0,0,0,0,0,0,0,0,0,0,,,,,
Reset,133,9,40,27/03/2026 13:59:04,77.50%,2000,880,45,50,0.0,0,6,0,0,0,0,0,0,0,3,0,0,0,0,0,0,0,0,0,0,0,0,0,0,0,0,0,0,0,,,,,
Reset,131,2,40,27/03/2026 13:56:19,95.00%,2000,880,45,50,0.0,0,2,0,0,0,0,0,0,0,0,0,0,0,0,0,0,0,0,0,0,0,0,0,0,0,0,0,0,0,,,,,
Reset,131,4,40,27/03/2026 13:53:06,90.00%,2000,880,45,50,0.0,0,3,0,0,0,0,0,0,0,1,0,0,0,0,0,0,0,0,0,0,0,0,0,0,0,0,0,0,0,,,,,
Reset,81,5,24,27/03/2026 13:43:13,79.17%,1400,1520,50,100,0.0,0,0,0,0,0,0,0,0,0,0,0,0,0,2,0,0,0,0,0,0,0,0,0,0,0,0,0,0,3,,,,,
Reset,37,6,15,27/03/2026 13:39:00,60.00%,0,0,0,0,0.0,0,6,0,0,0,0,0,0,0,0,0,0,0,0,0,0,0,0,0,0,0,0,0,0,0,0,0,0,0,,,,,
VERSA MAIN,13,7,25,27/03/2026 13:38:36,72.00%,0,0,0,0,0.0,0,2,0,0,0,0,0,0,0,5,0,0,0,0,0,0,0,0,0,0,0,0,0,0,0,0,0,0,0,,,,,
Reset,132,6,40,27/03/2026 13:38:24,85.00%,2000,880,45,50,0.0,0,4,0,0,0,0,0,0,0,2,0,0,0,0,0,0,0,0,0,0,0,0,0,0,0,0,0,0,0,,,,,
Reset,133,7,40,27/03/2026 13:18:11,82.50%,2000,880,45,50,0.0,0,5,0,0,0,0,0,0,0,2,0,0,0,0,0,0,0,0,0,0,0,0,0,0,0,0,0,0,0,,,,,
Reset,80,9,24,27/03/2026 13:13:56,62.50%,1400,1520,50,100,0.0,0,0,0,0,0,0,0,0,0,0,0,0,0,7,0,0,0,0,0,0,0,0,0,0,0,0,0,0,2,,,,,
Reset,40,5,15,27/03/2026 13:06:45,66.67%,0,0,0,0,1.0,0,4,0,0,0,0,0,0,0,0,0,0,0,0,0,0,0,0,0,0,0,0,0,0,0,0,0,0,0,,,,,
Reset,37,6,15,27/03/2026 12:58:36,60.00%,0,0,0,0,0.0,0,6,0,0,0,0,0,0,0,0,0,0,0,0,0,0,0,0,0,0,0,0,0,0,0,0,0,0,0,,,,,
Reset,83,8,24,27/03/2026 12:53:37,66.67%,1400,1520,50,100,0.0,0,0,0,0,0,0,0,0,0,0,0,0,0,8,0,0,0,0,0,0,0,0,0,0,0,0,0,0,0,,,,,
Reset,52,3,15,27/03/2026 12:40:39,80.00%,0,0,0,0,1.0,0,1,0,0,0,0,0,0,0,0,0,0,0,0,0,0,0,0,0,0,0,1,0,0,0,0,0,0,0,,,,,
Reset,132,27,40,27/03/2026 12:39:56,32.50%,2000,880,45,50,0.0,0,1,0,0,0,0,0,0,0,26,0,0,0,0,0,0,0,0,0,0,0,0,0,0,0,0,0,0,0,,,,,
0,152,27,0,27/03/2026 12:39:31,0,0,0,0,0,0.0,0,1,0,0,0,0,0,0,0,26,0,0,0,0,0,0,0,0,0,0,0,0,0,0,0,0,0,0,0,,,,,
Reset,81,4,24,27/03/2026 12:35:46,83.33%,1400,1520,50,100,0.0,0,0,0,0,0,0,0,0,0,0,0,0,0,1,0,0,0,0,0,0,0,0,0,0,0,0,0,0,3,,,,,
Reset,136,18,40,27/03/2026 12:31:01,55.00%,200,80,45,50,0.0,0,3,0,0,0,0,0,0,0,15,0,0,0,0,0,0,0,0,0,0,0,0,0,0,0,0,0,0,0,,,,,
Reset,39,8,15,27/03/2026 12:28:40,46.67%,0,0,0,0,0.0,0,7,0,0,0,0,0,0,0,0,0,0,0,0,0,1,0,0,0,0,0,0,0,0,0,0,0,0,0,,,,,
Reset,40,5,15,27/03/2026 12:19:11,66.67%,0,0,0,0,0.0,0,5,0,0,0,0,0,0,0,0,0,0,0,0,0,0,0,0,0,0,0,0,0,0,0,0,0,0,0,,,,,
Reset,80,7,24,27/03/2026 12:15:28,70.83%,1400,1520,50,100,4.0,0,0,0,0,0,0,0,0,0,0,0,0,0,0,0,0,0,0,3,0,0,0,0,0,0,0,0,0,0,,,,,
Reset,37,8,15,27/03/2026 12:09:21,46.67%,0,0,0,0,1.0,0,6,0,0,0,0,0,0,0,0,0,0,0,0,0,1,0,0,0,0,0,0,0,0,0,0,0,0,0,,,,,
Reset,52,5,15,27/03/2026 12:04:35,66.67%,0,0,0,0,1.0,0,0,0,0,0,0,0,0,0,0,0,0,0,0,0,0,0,0,0,0,0,1,0,3,0,0,0,0,0,,,,,
Reset,83,6,24,27/03/2026 12:00:01,75.00%,1400,1520,50,100,0.0,0,0,0,0,0,0,0,0,0,0,0,0,0,6,0,0,0,0,0,0,0,0,0,0,0,0,0,0,0,,,,,
Reset,39,4,15,27/03/2026 11:07:20,73.33%,0,0,0,0,0.0,0,3,0,0,0,0,0,0,0,0,0,0,0,1,0,0,0,0,0,0,0,0,0,0,0,0,0,0,0,,,,,
Reset,134,5,40,27/03/2026 11:03:52,87.50%,2000,880,45,50,0.0,0,3,0,0,0,0,0,0,0,0,0,0,0,2,0,0,0,0,0,0,0,0,0,0,0,0,0,0,0,,,,,
Reset,132,3,40,27/03/2026 11:03:37,92.50%,2000,880,45,50,0.0,0,2,0,0,0,0,0,0,0,1,0,0,0,0,0,0,0,0,0,0,0,0,0,0,0,0,0,0,0,,,,,
Reset,132,5,40,27/03/2026 11:03:24,87.50%,2000,880,45,50,0.0,0,2,0,0,0,0,0,0,0,2,0,0,0,1,0,0,0,0,0,0,0,0,0,0,0,0,0,0,0,,,,,
Reset,133,5,40,27/03/2026 11:03:08,87.50%,2000,880,45,50,0.0,0,1,0,0,0,0,0,0,0,2,0,0,0,2,0,0,0,0,0,0,0,0,0,0,0,0,0,0,0,,,,,
Reset,134,5,40,27/03/2026 11:02:50,87.50%,2000,880,45,50,0.0,0,3,0,0,0,0,0,0,0,0,0,0,0,2,0,0,0,0,0,0,0,0,0,0,0,0,0,0,0,,,,,
Reset,135,6,40,27/03/2026 11:02:35,85.00%,2000,80,45,50,0.0,0,3,0,0,0,0,0,0,0,0,0,0,0,3,0,0,0,0,0,0,0,0,0,0,0,0,0,0,0,,,,,
Reset,132,4,40,27/03/2026 11:02:25,90.00%,2000,880,45,50,1.0,0,3,0,0,0,0,0,0,0,0,0,0,0,0,0,0,0,0,0,0,0,0,0,0,0,0,0,0,0,,,,,
0,1752,3,0,27/03/2026 11:02:00,0,0,0,0,0,0.0,0,3,0,0,0,0,0,0,0,0,0,0,0,0,0,0,0,0,0,0,0,0,0,0,0,0,0,0,0,,,,,
Reset,81,3,24,27/03/2026 10:57:27,87.50%,1400,1520,50,100,0.0,0,0,0,0,0,0,0,0,0,0,0,0,0,2,0,0,0,0,0,0,0,0,0,0,0,0,0,0,1,,,,,
Reset,40,5,15,27/03/2026 10:45:47,66.67%,0,0,0,0,0.0,0,5,0,0,0,0,0,0,0,0,0,0,0,0,0,0,0,0,0,0,0,0,0,0,0,0,0,0,0,,,,,
Reset,37,7,15,27/03/2026 10:40:24,53.33%,0,0,0,0,0.0,0,7,0,0,0,0,0,0,0,0,0,0,0,0,0,0,0,0,0,0,0,0,0,0,0,0,0,0,0,,,,,
Reset,132,3,40,27/03/2026 10:38:51,92.50%,2000,880,45,50,0.0,0,3,0,0,0,0,0,0,0,0,0,0,0,0,0,0,0,0,0,0,0,0,0,0,0,0,0,0,0,,,,,
Reset,135,4,40,27/03/2026 10:38:40,90.00%,2000,80,45,50,0.0,0,4,0,0,0,0,0,0,0,0,0,0,0,0,0,0,0,0,0,0,0,0,0,0,0,0,0,0,0,,,,,
Reset,80,0,24,27/03/2026 10:37:29,100.00%,1400,1520,50,100,0.0,0,0,0,0,0,0,0,0,0,0,0,0,0,0,0,0,0,0,0,0,0,0,0,0,0,0,0,0,0,,,,,
Reset,132,4,40,27/03/2026 10:30:01,90.00%,2000,880,45,50,0.0,0,4,0,0,0,0,0,0,0,0,0,0,0,0,0,0,0,0,0,0,0,0,0,0,0,0,0,0,0,,,,,
Reset,135,4,40,27/03/2026 10:29:50,90.00%,2000,80,45,50,2.0,0,2,0,0,0,0,0,0,0,0,0,0,0,0,0,0,0,0,0,0,0,0,0,0,0,0,0,0,0,,,,,
Reset,52,2,15,27/03/2026 10:29:11,86.67%,0,0,0,0,1.0,0,1,0,0,0,0,0,0,0,0,0,0,0,0,0,0,0,0,0,0,0,0,0,0,0,0,0,0,0,,,,,
Reset,39,6,15,27/03/2026 10:23:12,60.00%,0,0,0,0,0.0,0,6,0,0,0,0,0,0,0,0,0,0,0,0,0,0,0,0,0,0,0,0,0,0,0,0,0,0,0,,,,,
Reset,133,10,40,27/03/2026 10:21:44,75.00%,2000,880,45,50,0.0,0,4,0,0,0,0,0,0,0,6,0,0,0,0,0,0,0,0,0,0,0,0,0,0,0,0,0,0,0,,,,,
Reset,134,14,40,27/03/2026 10:21:17,65.00%,2000,880,45,50,0.0,0,6,0,0,0,0,0,0,0,8,0,0,0,0,0,0,0,0,0,0,0,0,0,0,0,0,0,0,0,,,,,
Reset,132,11,40,27/03/2026 10:21:01,72.50%,2000,880,45,50,0.0,0,3,0,0,0,0,0,0,0,8,0,0,0,0,0,0,0,0,0,0,0,0,0,0,0,0,0,0,0,,,,,
Reset,133,13,40,27/03/2026 10:20:29,67.50%,2000,880,45,50,2.0,0,6,0,0,0,0,0,0,0,5,0,0,0,0,0,0,0,0,0,0,0,0,0,0,0,0,0,0,0,,,,,
Reset,136,15,40,27/03/2026 10:19:58,62.50%,200,80,45,50,0.0,0,6,0,0,0,0,0,0,0,9,0,0,0,0,0,0,0,0,0,0,0,0,0,0,0,0,0,0,0,,,,,
Reset,134,10,40,27/03/2026 10:19:37,75.00%,2000,880,45,50,0.0,0,5,0,0,0,0,0,0,0,5,0,0,0,0,0,0,0,0,0,0,0,0,0,0,0,0,0,0,0,,,,,
Reset,83,4,24,27/03/2026 10:17:05,83.33%,1400,1520,50,100,0.0,2,0,0,0,0,0,0,0,0,0,0,0,0,2,0,0,0,0,0,0,0,0,0,0,0,0,0,0,0,,,,,
Reset,40,4,15,27/03/2026 10:12:19,73.33%,0,0,0,0,0.0,0,4,0,0,0,0,0,0,0,0,0,0,0,0,0,0,0,0,0,0,0,0,0,0,0,0,0,0,0,,,,,
Reset,37,9,15,27/03/2026 10:01:58,40.00%,0,0,0,0,1.0,0,8,0,0,0,0,0,0,0,0,0,0,0,0,0,0,0,0,0,0,0,0,0,0,0,0,0,0,0,,,,,
Reset,81,2,24,27/03/2026 09:51:53,91.67%,1400,1520,50,100,0.0,0,0,0,0,0,0,0,0,0,0,0,0,0,2,0,0,0,0,0,0,0,0,0,0,0,0,0,0,0,,,,,
Reset,52,5,15,27/03/2026 09:41:47,66.67%,0,0,0,0,2.0,0,3,0,0,0,0,0,0,0,0,0,0,0,0,0,0,0,0,0,0,0,0,0,0,0,0,0,0,0,,,,,
Reset,133,4,40,27/03/2026 09:39:36,90.00%,2000,880,45,50,2.0,0,2,0,0,0,0,0,0,0,0,0,0,0,0,0,0,0,0,0,0,0,0,0,0,0,0,0,0,0,,,,,
Reset,135,5,40,27/03/2026 09:39:14,87.50%,2000,80,45,50,3.0,0,2,0,0,0,0,0,0,0,0,0,0,0,0,0,0,0,0,0,0,0,0,0,0,0,0,0,0,0,,,,,
Reset,132,5,40,27/03/2026 09:39:01,87.50%,2000,880,45,50,3.0,0,2,0,0,0,0,0,0,0,0,0,0,0,0,0,0,0,0,0,0,0,0,0,0,0,0,0,0,0,,,,,
Reset,39,8,15,27/03/2026 09:37:23,46.67%,0,0,0,0,2.0,0,6,0,0,0,0,0,0,0,0,0,0,0,0,0,0,0,0,0,0,0,0,0,0,0,0,0,0,0,,,,,
Reset,80,0,24,27/03/2026 09:34:31,100.00%,1400,1520,50,100,0.0,0,0,0,0,0,0,0,0,0,0,0,0,0,0,0,0,0,0,0,0,0,0,0,0,0,0,0,0,0,,,,,
Reset,135,3,40,27/03/2026 09:25:42,92.50%,2000,80,45,50,0.0,0,3,0,0,0,0,0,0,0,0,0,0,0,0,0,0,0,0,0,0,0,0,0,0,0,0,0,0,0,,,,,
Reset,132,4,40,27/03/2026 09:21:30,90.00%,2000,880,45,50,0.0,0,2,0,0,0,0,0,0,0,2,0,0,0,0,0,0,0,0,0,0,0,0,0,0,0,0,0,0,0,,,,,
Reset,133,5,40,27/03/2026 09:21:03,87.50%,2000,880,45,50,0.0,0,2,0,0,0,0,0,0,0,0,0,0,0,3,0,0,0,0,0,0,0,0,0,0,0,0,0,0,0,,,,,
Reset,40,7,15,27/03/2026 09:19:06,53.33%,0,0,0,0,0.0,0,7,0,0,0,0,0,0,0,0,0,0,0,0,0,0,0,0,0,0,0,0,0,0,0,0,0,0,0,,,,,
Reset,37,7,15,27/03/2026 09:14:11,53.33%,0,0,0,0,0.0,0,7,0,0,0,0,0,0,0,0,0,0,0,0,0,0,0,0,0,0,0,0,0,0,0,0,0,0,0,,,,,
Reset,135,9,40,27/03/2026 09:13:45,77.50%,2000,80,45,50,6.0,0,3,0,0,0,0,0,0,0,0,0,0,0,0,0,0,0,0,0,0,0,0,0,0,0,0,0,0,0,,,,,
Reset,136,13,40,27/03/2026 09:13:13,67.50%,200,80,45,50,10.0,0,3,0,0,0,0,0,0,0,0,0,0,0,0,0,0,0,0,0,0,0,0,0,0,0,0,0,0,0,,,,,
Reset,132,17,40,27/03/2026 09:12:42,57.50%,2000,880,45,50,15.0,0,2,0,0,0,0,0,0,0,0,0,0,0,0,0,0,0,0,0,0,0,0,0,0,0,0,0,0,0,,,,,
Reset,51,9,15,27/03/2026 09:12:09,40.00%,0,0,0,0,0.0,0,8,0,0,0,0,0,0,0,0,0,0,0,0,0,0,0,0,0,0,0,0,0,1,0,0,0,0,0,,,,,
Reset,37,10,15,27/03/2026 09:11:51,33.33%,0,0,0,0,0.0,0,9,0,0,1,0,0,0,0,0,0,0,0,0,0,0,0,0,0,0,0,0,0,0,0,0,0,0,0,,,,,
Reset,40,10,15,27/03/2026 09:11:29,33.33%,0,0,0,0,0.0,1,7,0,0,0,0,0,0,0,0,0,0,0,0,0,0,0,0,0,0,0,0,0,2,0,0,0,0,0,,,,,
Reset,37,12,15,27/03/2026 09:10:29,20.00%,0,0,0,0,0.0,0,10,0,0,0,0,0,0,0,0,0,0,0,0,0,0,0,0,0,0,0,0,0,2,0,0,0,0,0,,,,,
Reset,39,12,15,27/03/2026 09:10:10,20.00%,0,0,0,0,0.0,3,9,0,0,0,0,0,0,0,0,0,0,0,0,0,0,0,0,0,0,0,0,0,0,0,0,0,0,0,,,,,
Reset,83,7,24,27/03/2026 09:09:41,70.83%,1400,1520,50,100,1.0,2,0,0,0,0,0,0,0,0,0,0,0,0,4,0,0,0,0,0,0,0,0,0,0,0,0,0,0,0,,,,,
Reset,39,6,15,27/03/2026 08:55:26,60.00%,0,0,0,0,0.0,0,6,0,0,0,0,0,0,0,0,0,0,0,0,0,0,0,0,0,0,0,0,0,0,0,0,0,0,0,,,,,
Reset,81,1,24,27/03/2026 08:51:43,95.83%,1400,1520,50,100,0.0,0,0,0,0,0,0,0,0,0,0,0,0,0,1,0,0,0,0,0,0,0,0,0,0,0,0,0,0,0,,,,,
Reset,52,2,15,27/03/2026 08:41:10,86.67%,0,0,0,0,0.0,0,1,0,0,0,0,0,0,0,0,0,0,0,0,0,0,0,0,0,0,0,0,0,1,0,0,0,0,0,,,,,
Reset,40,7,15,27/03/2026 08:38:14,53.33%,0,0,0,0,0.0,0,7,0,0,0,0,0,0,0,0,0,0,0,0,0,0,0,0,0,0,0,0,0,0,0,0,0,0,0,,,,,
Reset,37,2,15,27/03/2026 08:33:34,86.67%,0,0,0,0,0.0,0,2,0,0,0,0,0,0,0,0,0,0,0,0,0,0,0,0,0,0,0,0,0,0,0,0,0,0,0,,,,,
Reset,80,1,24,27/03/2026 08:30:16,95.83%,1400,1520,50,100,0.0,0,0,0,0,0,0,0,0,0,0,0,0,0,1,0,0,0,0,0,0,0,0,0,0,0,0,0,0,0,,,,,
Reset,83,7,24,27/03/2026 08:21:16,70.83%,1400,1520,50,100,1.0,0,0,0,0,0,0,0,0,0,0,0,0,0,6,0,0,0,0,0,0,0,0,0,0,0,0,0,0,0,,,,,
Reset,39,6,15,27/03/2026 08:15:39,60.00%,0,0,0,0,0.0,0,6,0,0,0,0,0,0,0,0,0,0,0,0,0,0,0,0,0,0,0,0,0,0,0,0,0,0,0,,,,,
Reset,39,13,15,27/03/2026 07:58:21,13.33%,0,0,0,0,10.0,0,3,0,0,0,0,0,0,0,0,0,0,0,0,0,0,0,0,0,0,0,0,0,0,0,0,0,0,0,,,,,
Reset,81,3,24,27/03/2026 07:49:13,87.50%,1400,1520,50,100,0.0,3,0,0,0,0,0,0,0,0,0,0,0,0,0,0,0,0,0,0,0,0,0,0,0,0,0,0,0,0,,,,,
Reset,40,8,15,27/03/2026 07:37:34,46.67%,0,0,0,0,0.0,0,8,0,0,0,0,0,0,0,0,0,0,0,0,0,0,0,0,0,0,0,0,0,0,0,0,0,0,0,,,,,
Reset,37,5,15,27/03/2026 07:34:27,66.67%,0,0,0,0,0.0,0,5,0,0,0,0,0,0,0,0,0,0,0,0,0,0,0,0,0,0,0,0,0,0,0,0,0,0,0,,,,,
Reset,40,11,15,27/03/2026 07:32:14,26.67%,0,0,0,0,0.0,0,8,0,0,0,0,0,0,0,3,0,0,0,0,0,0,0,0,0,0,0,0,0,0,0,0,0,0,0,,,,,
Reset,80,1,24,27/03/2026 07:24:10,95.83%,1400,1520,50,100,1.0,0,0,0,0,0,0,0,0,0,0,0,0,0,0,0,0,0,0,0,0,0,0,0,0,0,0,0,0,0,,,,,
Reset,39,9,15,27/03/2026 07:14:18,40.00%,0,0,0,0,0.0,0,9,0,0,0,0,0,0,0,0,0,0,0,0,0,0,0,0,0,0,0,0,0,0,0,0,0,0,0,,,,,
Reset,51,0,15,27/03/2026 07:08:22,100.00%,0,0,0,0,0.0,0,0,0,0,0,0,0,0,0,0,0,0,0,0,0,0,0,0,0,0,0,0,0,0,0,0,0,0,0,,,,,
Reset,132,7,40,27/03/2026 07:06:47,82.50%,2000,880,45,50,5.0,0,2,0,0,0,0,0,0,0,0,0,0,0,0,0,0,0,0,0,0,0,0,0,0,0,0,0,0,0,,,,,
Reset,83,4,24,27/03/2026 07:04:14,83.33%,1400,1520,50,100,0.0,0,2,0,0,0,0,0,0,0,0,0,0,0,1,0,0,0,0,0,0,0,0,0,0,0,0,0,0,1,,,,,
Reset,135,4,40,27/03/2026 06:59:18,90.00%,2000,80,45,50,0.0,0,1,0,0,0,0,0,0,0,0,0,0,0,3,0,0,0,0,0,0,0,0,0,0,0,0,0,0,0,,,,,
Reset,40,7,15,27/03/2026 06:56:12,53.33%,0,0,0,0,0.0,0,7,0,0,0,0,0,0,0,0,0,0,0,0,0,0,0,0,0,0,0,0,0,0,0,0,0,0,0,,,,,
Reset,136,7,40,27/03/2026 06:54:10,82.50%,200,80,45,50,5.0,0,2,0,0,0,0,0,0,0,0,0,0,0,0,0,0,0,0,0,0,0,0,0,0,0,0,0,0,0,,,,,
Reset,133,5,40,27/03/2026 06:47:44,87.50%,2000,880,45,50,3.0,0,2,0,0,0,0,0,0,0,0,0,0,0,0,0,0,0,0,0,0,0,0,0,0,0,0,0,0,0,,,,,
Reset,37,5,15,27/03/2026 06:44:34,66.67%,0,0,0,0,5.0,0,0,0,0,0,0,0,0,0,0,0,0,0,0,0,0,0,0,0,0,0,0,0,0,0,0,0,0,0,,,,,
Reset,132,3,40,27/03/2026 06:38:15,92.50%,2000,880,45,50,0.0,0,1,0,0,0,0,0,0,0,0,0,0,0,2,0,0,0,0,0,0,0,0,0,0,0,0,0,0,0,,,,,
Reset,134,0,40,27/03/2026 06:30:16,100.00%,2000,880,45,50,0.0,0,0,0,0,0,0,0,0,0,0,0,0,0,0,0,0,0,0,0,0,0,0,0,0,0,0,0,0,0,,,,,
Reset,131,4,40,27/03/2026 06:29:51,90.00%,2000,880,45,50,0.0,0,2,0,0,0,0,0,0,0,2,0,0,0,0,0,0,0,0,0,0,0,0,0,0,0,0,0,0,0,,,,,
Reset,39,7,15,27/03/2026 06:25:56,53.33%,0,0,0,0,1.0,0,6,0,0,0,0,0,0,0,0,0,0,0,0,0,0,0,0,0,0,0,0,0,0,0,0,0,0,0,,,,,
Reset,80,3,24,26/03/2026 23:14:27,87.50%,1400,1520,50,100,2.0,0,0,0,0,0,0,0,0,0,0,0,0,0,0,0,0,0,0,0,0,0,1,0,0,0,0,0,0,0,,,,,
Reset,65,1,16,26/03/2026 23:02:01,93.75%,0,0,0,0,1.0,0,0,0,0,0,0,0,0,0,0,0,0,0,0,0,0,0,0,0,0,0,0,0,0,0,0,0,0,0,,,,,
Reset,68,3,16,26/03/2026 22:43:42,81.25%,0,0,0,0,2.0,0,1,0,0,0,0,0,0,0,0,0,0,0,0,0,0,0,0,0,0,0,0,0,0,0,0,0,0,0,,,,,
Reset,68,3,16,26/03/2026 22:43:30,81.25%,0,0,0,0,3.0,0,0,0,0,0,0,0,0,0,0,0,0,0,0,0,0,0,0,0,0,0,0,0,0,0,0,0,0,0,,,,,
Reset,69,2,16,26/03/2026 22:43:21,87.50%,0,0,0,0,0.0,0,2,0,0,0,0,0,0,0,0,0,0,0,0,0,0,0,0,0,0,0,0,0,0,0,0,0,0,0,,,,,
Reset,40,3,15,26/03/2026 22:43:13,80.00%,0,0,0,0,0.0,0,3,0,0,0,0,0,0,0,0,0,0,0,0,0,0,0,0,0,0,0,0,0,0,0,0,0,0,0,,,,,
Reset,68,2,16,26/03/2026 22:42:59,87.50%,0,0,0,0,0.0,0,2,0,0,0,0,0,0,0,0,0,0,0,0,0,0,0,0,0,0,0,0,0,0,0,0,0,0,0,,,,,
Reset,69,0,16,26/03/2026 22:42:23,100.00%,0,0,0,0,0.0,0,0,0,0,0,0,0,0,0,0,0,0,0,0,0,0,0,0,0,0,0,0,0,0,0,0,0,0,0,,,,,
Reset,39,5,15,26/03/2026 22:37:20,66.67%,0,0,0,0,0.0,0,3,0,0,0,0,0,0,0,0,0,0,0,0,0,0,0,0,0,0,0,1,0,1,0,0,0,0,0,,,,,
Reset,131,3,40,26/03/2026 22:32:04,92.50%,2000,880,45,50,0.0,0,3,0,0,0,0,0,0,0,0,0,0,0,0,0,0,0,0,0,0,0,0,0,0,0,0,0,0,0,,,,,
Reset,132,4,40,26/03/2026 22:29:21,90.00%,2000,880,45,50,0.0,0,4,0,0,0,0,0,0,0,0,0,0,0,0,0,0,0,0,0,0,0,0,0,0,0,0,0,0,0,,,,,
Reset,135,2,40,26/03/2026 22:22:27,95.00%,2000,80,45,50,0.0,0,2,0,0,0,0,0,0,0,0,0,0,0,0,0,0,0,0,0,0,0,0,0,0,0,0,0,0,0,,,,,
Reset,37,0,15,26/03/2026 22:15:48,100.00%,0,0,0,0,0.0,0,0,0,0,0,0,0,0,0,0,0,0,0,0,0,0,0,0,0,0,0,0,0,0,0,0,0,0,0,,,,,
Reset,40,2,15,26/03/2026 21:54:24,86.67%,0,0,0,0,0.0,0,2,0,0,0,0,0,0,0,0,0,0,0,0,0,0,0,0,0,0,0,0,0,0,0,0,0,0,0,,,,,
Reset,71,16,20,26/03/2026 21:43:14,20.00%,0,0,0,0,9.0,0,3,0,0,0,0,0,0,0,0,0,0,0,0,0,0,0,0,0,0,0,0,0,0,0,4,0,0,0,,,,,
Reset,132,6,40,26/03/2026 21:34:43,85.00%,2000,880,45,50,2.0,0,4,0,0,0,0,0,0,0,0,0,0,0,0,0,0,0,0,0,0,0,0,0,0,0,0,0,0,0,,,,,
Reset,134,2,40,26/03/2026 21:29:42,95.00%,2000,880,45,50,0.0,0,2,0,0,0,0,0,0,0,0,0,0,0,0,0,0,0,0,0,0,0,0,0,0,0,0,0,0,0,,,,,
Reset,133,7,40,26/03/2026 21:23:31,82.50%,2000,880,45,50,4.0,0,3,0,0,0,0,0,0,0,0,0,0,0,0,0,0,0,0,0,0,0,0,0,0,0,0,0,0,0,,,,,
Reset,134,2,40,26/03/2026 21:14:46,95.00%,2000,880,45,50,0.0,0,2,0,0,0,0,0,0,0,0,0,0,0,0,0,0,0,0,0,0,0,0,0,0,0,0,0,0,0,,,,,
Reset,40,4,15,26/03/2026 21:09:36,73.33%,0,0,0,0,0.0,0,2,0,0,0,0,0,0,0,0,0,0,0,0,0,0,0,0,0,1,0,1,0,0,0,0,0,0,0,,,,,
Reset,135,0,40,26/03/2026 20:55:44,100.00%,2000,80,45,50,0.0,0,0,0,0,0,0,0,0,0,0,0,0,0,0,0,0,0,0,0,0,0,0,0,0,0,0,0,0,0,,,,,
Reset,131,2,40,26/03/2026 20:49:58,95.00%,2000,880,45,50,0.0,0,2,0,0,0,0,0,0,0,0,0,0,0,0,0,0,0,0,0,0,0,0,0,0,0,0,0,0,0,,,,,
Reset,133,5,40,26/03/2026 20:45:31,87.50%,2000,880,45,50,3.0,0,2,0,0,0,0,0,0,0,0,0,0,0,0,0,0,0,0,0,0,0,0,0,0,0,0,0,0,0,,,,,
Reset,39,5,15,26/03/2026 20:44:40,66.67%,0,0,0,0,0.0,1,4,0,0,0,0,0,0,0,0,0,0,0,0,0,0,0,0,0,0,0,0,0,0,0,0,0,0,0,,,,,
Reset,81,5,24,26/03/2026 20:40:29,79.17%,1400,1520,50,100,2.0,0,3,0,0,0,0,0,0,0,0,0,0,0,0,0,0,0,0,0,0,0,0,0,0,0,0,0,0,0,,,,,
Reset,135,3,40,26/03/2026 20:40:16,92.50%,2000,80,45,50,0.0,0,3,0,0,0,0,0,0,0,0,0,0,0,0,0,0,0,0,0,0,0,0,0,0,0,0,0,0,0,,,,,
Reset,37,3,15,26/03/2026 20:34:29,80.00%,0,0,0,0,0.0,0,3,0,0,0,0,0,0,0,0,0,0,0,0,0,0,0,0,0,0,0,0,0,0,0,0,0,0,0,,,,,
Reset,81,9,24,26/03/2026 20:22:31,62.50%,1400,1520,50,100,2.0,0,1,0,0,0,0,0,0,0,0,0,0,0,6,0,0,0,0,0,0,0,0,0,0,0,0,0,0,0,,,,,
Reset,69,4,16,26/03/2026 20:16:33,75.00%,0,0,0,0,1.0,0,3,0,0,0,0,0,0,0,0,0,0,0,0,0,0,0,0,0,0,0,0,0,0,0,0,0,0,0,,,,,
Reset,135,5,40,26/03/2026 20:13:37,87.50%,2000,80,45,50,1.0,0,4,0,0,0,0,0,0,0,0,0,0,0,0,0,0,0,0,0,0,0,0,0,0,0,0,0,0,0,,,,,
0,89,3,0,26/03/2026 20:12:04,0,0,0,0,0,0.0,0,2,0,0,0,0,0,0,0,1,0,0,0,0,0,0,0,0,0,0,0,0,0,0,0,0,0,0,0,,,,,
Reset,68,0,16,26/03/2026 20:09:09,100.00%,0,0,0,0,0.0,0,0,0,0,0,0,0,0,0,0,0,0,0,0,0,0,0,0,0,0,0,0,0,0,0,0,0,0,0,,,,,
Reset,134,3,40,26/03/2026 20:08:29,92.50%,2000,880,45,50,0.0,0,3,0,0,0,0,0,0,0,0,0,0,0,0,0,0,0,0,0,0,0,0,0,0,0,0,0,0,0,,,,,
Reset,131,3,40,26/03/2026 20:03:44,92.50%,2000,880,45,50,0.0,0,3,0,0,0,0,0,0,0,0,0,0,0,0,0,0,0,0,0,0,0,0,0,0,0,0,0,0,0,,,,,
Reset,133,7,40,26/03/2026 19:59:18,82.50%,2000,880,45,50,5.0,0,2,0,0,0,0,0,0,0,0,0,0,0,0,0,0,0,0,0,0,0,0,0,0,0,0,0,0,0,,,,,
Reset,39,4,15,26/03/2026 19:50:05,73.33%,0,0,0,0,0.0,0,4,0,0,0,0,0,0,0,0,0,0,0,0,0,0,0,0,0,0,0,0,0,0,0,0,0,0,0,,,,,
Reset,80,3,24,26/03/2026 19:45:02,87.50%,1400,1520,50,100,2.0,0,0,0,0,0,0,0,0,0,0,0,0,0,0,0,0,1,0,0,0,0,0,0,0,0,0,0,0,0,,,,,
Reset,73,3,20,26/03/2026 19:38:10,85.00%,0,0,0,0,0.0,2,0,0,0,0,0,0,0,0,0,0,0,0,0,0,0,0,0,0,0,0,0,0,1,0,0,0,0,0,,,,,
Reset,51,5,15,26/03/2026 19:16:19,66.67%,0,0,0,0,0.0,4,0,0,0,0,0,0,0,0,0,0,0,0,0,0,0,0,0,0,0,0,0,0,1,0,0,0,0,0,,,,,
Reset,134,2,40,26/03/2026 18:12:10,95.00%,2000,880,45,50,0.0,0,2,0,0,0,0,0,0,0,0,0,0,0,0,0,0,0,0,0,0,0,0,0,0,0,0,0,0,0,,,,,
Reset,69,3,16,26/03/2026 18:09:29,81.25%,0,0,0,0,1.0,0,2,0,0,0,0,0,0,0,0,0,0,0,0,0,0,0,0,0,0,0,0,0,0,0,0,0,0,0,,,,,
Reset,136,5,40,26/03/2026 18:08:16,87.50%,200,80,45,50,0.0,0,5,0,0,0,0,0,0,0,0,0,0,0,0,0,0,0,0,0,0,0,0,0,0,0,0,0,0,0,,,,,
Reset,81,6,24,26/03/2026 18:06:15,75.00%,1400,1520,50,100,0.0,0,3,0,0,0,0,0,0,0,0,0,0,0,2,0,0,0,0,0,0,0,1,0,0,0,0,0,0,0,,,,,
Reset,131,2,40,26/03/2026 18:05:47,95.00%,2000,880,45,50,0.0,0,2,0,0,0,0,0,0,0,0,0,0,0,0,0,0,0,0,0,0,0,0,0,0,0,0,0,0,0,,,,,
Reset,135,2,40,26/03/2026 18:01:02,95.00%,2000,80,45,50,0.0,0,2,0,0,0,0,0,0,0,0,0,0,0,0,0,0,0,0,0,0,0,0,0,0,0,0,0,0,0,,,,,
Reset,68,1,16,26/03/2026 17:56:28,93.75%,0,0,0,0,0.0,0,0,0,0,0,0,0,0,0,0,0,0,0,0,0,0,0,0,0,0,0,1,0,0,0,0,0,0,0,,,,,
Reset,133,3,40,26/03/2026 17:56:16,92.50%,2000,880,45,50,0.0,0,3,0,0,0,0,0,0,0,0,0,0,0,0,0,0,0,0,0,0,0,0,0,0,0,0,0,0,0,,,,,
Reset,72,43,20,26/03/2026 17:52:21,-115.00%,0,0,0,0,35.0,0,5,0,0,0,0,0,0,0,0,0,0,0,0,0,0,0,0,0,0,0,0,0,0,0,3,0,0,0,,,,,
Reset,83,5,24,26/03/2026 17:48:24,79.17%,1400,1520,50,100,0.0,0,4,0,0,0,0,0,0,0,0,0,0,0,0,0,0,0,0,0,0,0,1,0,0,0,0,0,0,0,,,,,
Reset,82,10,24,26/03/2026 17:16:03,58.33%,1400,1520,50,100,2.0,0,7,0,0,0,0,0,0,0,0,0,0,0,1,0,0,0,0,0,0,0,0,0,0,0,0,0,0,0,,,,,
0,58,14,0,26/03/2026 17:04:19,0,0,0,0,0,8.0,4,2,0,0,0,0,0,0,0,0,0,0,0,0,0,0,0,0,0,0,0,0,0,0,0,0,0,0,0,,,,,
Reset,65,1,16,26/03/2026 16:59:23,93.75%,0,0,0,0,1.0,0,0,0,0,0,0,0,0,0,0,0,0,0,0,0,0,0,0,0,0,0,0,0,0,0,0,0,0,0,,,,,
Reset,40,2,15,26/03/2026 16:56:34,86.67%,0,0,0,0,2.0,0,0,0,0,0,0,0,0,0,0,0,0,0,0,0,0,0,0,0,0,0,0,0,0,0,0,0,0,0,,,,,
Reset,40,4,15,26/03/2026 16:43:24,73.33%,0,0,0,0,1.0,1,0,0,0,0,0,0,0,0,0,0,0,0,0,0,0,0,0,0,0,0,0,0,2,0,0,0,0,0,,,,,
Reset,132,4,40,26/03/2026 16:41:28,90.00%,2000,880,45,50,0.0,0,4,0,0,0,0,0,0,0,0,0,0,0,0,0,0,0,0,0,0,0,0,0,0,0,0,0,0,0,,,,,
0,1340,2,0,26/03/2026 16:36:49,0,0,0,0,0,0.0,0,2,0,0,0,0,0,0,0,0,0,0,0,0,0,0,0,0,0,0,0,0,0,0,0,0,0,0,0,,,,,
Reset,133,0,40,26/03/2026 16:30:51,100.00%,2000,880,45,50,0.0,0,0,0,0,0,0,0,0,0,0,0,0,0,0,0,0,0,0,0,0,0,0,0,0,0,0,0,0,0,,,,,
0,13*3,7,0,26/03/2026 16:30:41,0,0,0,0,0,5.0,0,2,0,0,0,0,0,0,0,0,0,0,0,0,0,0,0,0,0,0,0,0,0,0,0,0,0,0,0,,,,,
Reset,80,4,24,26/03/2026 16:29:14,83.33%,1400,1520,50,100,3.0,0,1,0,0,0,0,0,0,0,0,0,0,0,0,0,0,0,0,0,0,0,0,0,0,0,0,0,0,0,,,,,
Reset,51,3,15,26/03/2026 16:29:00,80.00%,0,0,0,0,3.0,0,0,0,0,0,0,0,0,0,0,0,0,0,0,0,0,0,0,0,0,0,0,0,0,0,0,0,0,0,,,,,
Reset,135,2,40,26/03/2026 16:21:45,95.00%,2000,80,45,50,0.0,0,2,0,0,0,0,0,0,0,0,0,0,0,0,0,0,0,0,0,0,0,0,0,0,0,0,0,0,0,,,,,
Reset,83,6,24,26/03/2026 16:21:02,75.00%,1400,1520,50,100,2.0,0,3,0,0,0,0,0,0,0,0,0,0,0,1,0,0,0,0,0,0,0,0,0,0,0,0,0,0,0,,,,,
Reset,136,3,40,26/03/2026 16:17:31,92.50%,200,80,45,50,0.0,0,3,0,0,0,0,0,0,0,0,0,0,0,0,0,0,0,0,0,0,0,0,0,0,0,0,0,0,0,,,,,
Reset,51,2,15,26/03/2026 16:16:04,86.67%,0,0,0,0,0.0,0,0,0,0,0,0,0,0,0,0,0,0,0,0,0,0,0,0,0,0,0,0,0,2,0,0,0,0,0,,,,,
Reset,131,3,40,26/03/2026 16:12:28,92.50%,2000,880,45,50,0.0,0,3,0,0,0,0,0,0,0,0,0,0,0,0,0,0,0,0,0,0,0,0,0,0,0,0,0,0,0,,,,,
Reset,51,7,15,26/03/2026 16:04:35,53.33%,0,0,0,0,0.0,4,0,0,0,0,0,0,0,0,0,0,0,0,0,0,0,0,0,0,0,0,0,0,3,0,0,0,0,0,,,,,
Reset,83,5,24,26/03/2026 15:57:32,79.17%,1400,1520,50,100,1.0,0,2,0,0,0,0,0,0,0,0,0,0,0,0,0,0,0,0,0,0,0,0,0,0,0,0,0,0,2,,,,,
Reset,71,2,20,26/03/2026 15:48:46,90.00%,0,0,0,0,0.0,0,2,0,0,0,0,0,0,0,0,0,0,0,0,0,0,0,0,0,0,0,0,0,0,0,0,0,0,0,,,,,
Reset,71,3,20,26/03/2026 15:37:58,85.00%,0,0,0,0,0.0,0,3,0,0,0,0,0,0,0,0,0,0,0,0,0,0,0,0,0,0,0,0,0,0,0,0,0,0,0,,,,,
Reset,80,3,24,26/03/2026 15:37:21,87.50%,1400,1520,50,100,3.0,0,0,0,0,0,0,0,0,0,0,0,0,0,0,0,0,0,0,0,0,0,0,0,0,0,0,0,0,0,,,,,
Reset,66,14,16,26/03/2026 15:30:27,12.50%,0,0,0,0,4.0,0,10,0,0,0,0,0,0,0,0,0,0,0,0,0,0,0,0,0,0,0,0,0,0,0,0,0,0,0,,,,,
Reset,40,4,15,26/03/2026 15:29:26,73.33%,0,0,0,0,3.0,0,1,0,0,0,0,0,0,0,0,0,0,0,0,0,0,0,0,0,0,0,0,0,0,0,0,0,0,0,,,,,
Reset,131,2,40,26/03/2026 14:50:52,95.00%,2000,880,45,50,0.0,0,2,0,0,0,0,0,0,0,0,0,0,0,0,0,0,0,0,0,0,0,0,0,0,0,0,0,0,0,,,,,
Reset,135,2,40,26/03/2026 14:47:36,95.00%,2000,80,45,50,0.0,0,2,0,0,0,0,0,0,0,0,0,0,0,0,0,0,0,0,0,0,0,0,0,0,0,0,0,0,0,,,,,
Reset,132,6,40,26/03/2026 14:43:44,85.00%,2000,880,45,50,0.0,0,3,0,0,0,0,0,0,0,3,0,0,0,0,0,0,0,0,0,0,0,0,0,0,0,0,0,0,0,,,,,
Reset,131,3,40,26/03/2026 14:29:50,92.50%,2000,880,45,50,0.0,0,3,0,0,0,0,0,0,0,0,0,0,0,0,0,0,0,0,0,0,0,0,0,0,0,0,0,0,0,,,,,
Reset,131,1,40,26/03/2026 14:23:46,97.50%,2000,880,45,50,0.0,0,1,0,0,0,0,0,0,0,0,0,0,0,0,0,0,0,0,0,0,0,0,0,0,0,0,0,0,0,,,,,
Reset,132,4,40,26/03/2026 14:08:31,90.00%,2000,880,45,50,1.0,0,3,0,0,0,0,0,0,0,0,0,0,0,0,0,0,0,0,0,0,0,0,0,0,0,0,0,0,0,,,,,
Reset,132,5,40,26/03/2026 14:01:58,87.50%,2000,880,45,50,0.0,0,5,0,0,0,0,0,0,0,0,0,0,0,0,0,0,0,0,0,0,0,0,0,0,0,0,0,0,0,,,,,
Reset,83,0,24,26/03/2026 13:50:38,100.00%,1400,1520,50,100,0.0,0,0,0,0,0,0,0,0,0,0,0,0,0,0,0,0,0,0,0,0,0,0,0,0,0,0,0,0,0,,,,,
Reset,82,0,24,26/03/2026 13:50:11,100.00%,1400,1520,50,100,0.0,0,0,0,0,0,0,0,0,0,0,0,0,0,0,0,0,0,0,0,0,0,0,0,0,0,0,0,0,0,,,,,
Reset,134,2,40,26/03/2026 13:49:16,95.00%,2000,880,45,50,0.0,0,2,0,0,0,0,0,0,0,0,0,0,0,0,0,0,0,0,0,0,0,0,0,0,0,0,0,0,0,,,,,
Reset,136,1,40,26/03/2026 13:43:34,97.50%,200,80,45,50,0.0,0,0,0,0,0,0,0,0,0,1,0,0,0,0,0,0,0,0,0,0,0,0,0,0,0,0,0,0,0,,,,,
VERSA MAIN,13,1,25,26/03/2026 13:43:20,96.00%,0,0,0,0,0.0,0,0,0,0,0,0,0,0,0,1,0,0,0,0,0,0,0,0,0,0,0,0,0,0,0,0,0,0,0,,,,,
Reset,133,6,40,26/03/2026 13:40:12,85.00%,2000,880,45,50,0.0,0,3,0,0,0,0,0,0,0,3,0,0,0,0,0,0,0,0,0,0,0,0,0,0,0,0,0,0,0,,,,,
Reset,134,7,40,26/03/2026 13:29:38,82.50%,2000,880,45,50,0.0,0,4,0,0,0,0,0,0,0,3,0,0,0,0,0,0,0,0,0,0,0,0,0,0,0,0,0,0,0,,,,,
Reset,132,5,40,26/03/2026 13:23:52,87.50%,2000,880,45,50,0.0,0,0,0,0,0,0,0,0,0,5,0,0,0,0,0,0,0,0,0,0,0,0,0,0,0,0,0,0,0,,,,,
Reset,51,6,15,26/03/2026 13:19:46,60.00%,0,0,0,0,2.0,0,4,0,0,0,0,0,0,0,0,0,0,0,0,0,0,0,0,0,0,0,0,0,0,0,0,0,0,0,,,,,
Reset,135,4,40,26/03/2026 13:10:36,90.00%,2000,80,45,50,0.0,0,0,0,0,0,0,0,0,0,4,0,0,0,0,0,0,0,0,0,0,0,0,0,0,0,0,0,0,0,,,,,
Reset,131,0,40,26/03/2026 12:59:07,100.00%,2000,880,45,50,0.0,0,0,0,0,0,0,0,0,0,0,0,0,0,0,0,0,0,0,0,0,0,0,0,0,0,0,0,0,0,,,,,
Reset,135,5,40,26/03/2026 12:56:40,87.50%,2000,80,45,50,0.0,0,3,0,0,0,0,0,0,0,2,0,0,0,0,0,0,0,0,0,0,0,0,0,0,0,0,0,0,0,,,,,
Reset,40,5,15,26/03/2026 12:49:43,66.67%,0,0,0,0,3.0,0,2,0,0,0,0,0,0,0,0,0,0,0,0,0,0,0,0,0,0,0,0,0,0,0,0,0,0,0,,,,,
Reset,81,12,24,26/03/2026 12:43:38,50.00%,1400,1520,50,100,0.0,0,0,0,0,0,0,0,0,0,0,0,0,0,0,0,0,0,0,0,0,0,0,0,0,0,0,0,0,12,,,,,
Reset,131,2,40,26/03/2026 12:35:39,95.00%,2000,880,45,50,2.0,0,0,0,0,0,0,0,0,0,0,0,0,0,0,0,0,0,0,0,0,0,0,0,0,0,0,0,0,0,,,,,
Reset,132,11,40,26/03/2026 12:32:12,72.50%,2000,880,45,50,7.0,0,4,0,0,0,0,0,0,0,0,0,0,0,0,0,0,0,0,0,0,0,0,0,0,0,0,0,0,0,,,,,
Reset,133,8,40,26/03/2026 12:14:30,80.00%,2000,880,45,50,4.0,0,4,0,0,0,0,0,0,0,0,0,0,0,0,0,0,0,0,0,0,0,0,0,0,0,0,0,0,0,,,,,
Reset,132,2,40,26/03/2026 12:04:59,95.00%,2000,880,45,50,0.0,0,2,0,0,0,0,0,0,0,0,0,0,0,0,0,0,0,0,0,0,0,0,0,0,0,0,0,0,0,,,,,
Reset,132,3,40,26/03/2026 12:03:08,92.50%,2000,880,45,50,0.0,0,3,0,0,0,0,0,0,0,0,0,0,0,0,0,0,0,0,0,0,0,0,0,0,0,0,0,0,0,,,,,
Reset,81,11,24,26/03/2026 11:03:27,54.17%,1400,1520,50,100,0.0,0,0,0,0,0,0,0,0,0,0,0,0,0,0,0,0,0,0,0,0,0,0,0,0,0,0,0,0,11,,,,,
Reset,37,5,15,26/03/2026 10:58:16,66.67%,0,0,0,0,2.0,0,3,0,0,0,0,0,0,0,0,0,0,0,0,0,0,0,0,0,0,0,0,0,0,0,0,0,0,0,,,,,
Reset,39,3,15,26/03/2026 10:49:38,80.00%,0,0,0,0,1.0,0,2,0,0,0,0,0,0,0,0,0,0,0,0,0,0,0,0,0,0,0,0,0,0,0,0,0,0,0,,,,,
Reset,72,2,20,26/03/2026 10:26:54,90.00%,0,0,0,0,2.0,0,0,0,0,0,0,0,0,0,0,0,0,0,0,0,0,0,0,0,0,0,0,0,0,0,0,0,0,0,,,,,
Reset,40,6,15,26/03/2026 10:26:30,60.00%,0,0,0,0,2.0,0,4,0,0,0,0,0,0,0,0,0,0,0,0,0,0,0,0,0,0,0,0,0,0,0,0,0,0,0,,,,,
Reset,74,8,20,26/03/2026 10:19:40,60.00%,0,0,0,0,4.0,0,1,0,0,0,0,0,0,0,0,0,0,0,0,0,0,0,0,0,0,0,0,0,0,0,3,0,0,0,,,,,
Reset,51,6,15,26/03/2026 10:12:41,60.00%,0,0,0,0,1.0,0,5,0,0,0,0,0,0,0,0,0,0,0,0,0,0,0,0,0,0,0,0,0,0,0,0,0,0,0,,,,,
Reset,81,16,24,26/03/2026 10:06:00,33.33%,1400,1520,50,100,0.0,0,0,0,0,0,0,0,0,0,0,0,0,0,0,0,0,0,0,0,0,0,0,0,0,0,0,0,0,16,,,,,
Reset,70,10,20,26/03/2026 10:04:24,50.00%,0,0,0,0,5.0,0,0,0,0,1,0,0,1,0,0,0,0,0,0,0,0,0,0,0,0,0,0,0,0,0,3,0,0,0,,,,,
Reset,37,5,15,26/03/2026 10:00:43,66.67%,0,0,0,0,3.0,0,2,0,0,0,0,0,0,0,0,0,0,0,0,0,0,0,0,0,0,0,0,0,0,0,0,0,0,0,,,,,
Reset,40,4,15,26/03/2026 09:46:30,73.33%,0,0,0,0,2.0,0,1,0,0,0,0,0,0,0,0,0,0,0,0,0,0,0,0,0,0,0,1,0,0,0,0,0,0,0,,,,,
Reset,51,2,15,26/03/2026 09:42:28,86.67%,0,0,0,0,1.0,0,1,0,0,0,0,0,0,0,0,0,0,0,0,0,0,0,0,0,0,0,0,0,0,0,0,0,0,0,,,,,
Reset,73,3,20,26/03/2026 09:39:24,85.00%,0,0,0,0,2.0,0,1,0,0,0,0,0,0,0,0,0,0,0,0,0,0,0,0,0,0,0,0,0,0,0,0,0,0,0,,,,,
Reset,71,4,20,26/03/2026 09:31:15,80.00%,0,0,0,0,2.0,0,0,0,0,0,0,0,0,1,0,0,0,0,1,0,0,0,0,0,0,0,0,0,0,0,0,0,0,0,,,,,
Reset,74,7,20,26/03/2026 09:21:38,65.00%,0,0,0,0,4.0,0,0,0,0,0,0,0,0,0,0,0,0,0,0,0,0,0,0,0,0,0,0,0,0,0,3,0,0,0,,,,,
Reset,81,13,24,26/03/2026 09:20:02,45.83%,1400,1520,50,100,0.0,0,0,0,0,0,0,0,0,0,0,0,0,0,0,0,0,0,0,0,0,0,0,0,0,0,0,0,0,13,,,,,
Reset,40,4,15,26/03/2026 09:11:15,73.33%,0,0,0,0,1.0,0,3,0,0,0,0,0,0,0,0,0,0,0,0,0,0,0,0,0,0,0,0,0,0,0,0,0,0,0,,,,,
Reset,71,6,20,26/03/2026 09:05:32,70.00%,0,0,0,0,2.0,0,0,0,0,0,0,0,0,0,0,0,0,3,1,0,0,0,0,0,0,0,0,0,0,0,0,0,0,0,,,,,
Reset,51,6,15,26/03/2026 09:04:08,60.00%,0,0,0,0,1.0,0,5,0,0,0,0,0,0,0,0,0,0,0,0,0,0,0,0,0,0,0,0,0,0,0,0,0,0,0,,,,,
Reset,74,4,20,26/03/2026 08:54:56,80.00%,0,0,0,0,2.0,1,0,0,0,0,0,0,0,0,0,0,0,0,1,0,0,0,0,0,0,0,0,0,0,0,0,0,0,0,,,,,
Reset,83,1,24,26/03/2026 08:54:13,95.83%,1400,1520,50,100,1.0,0,0,0,0,0,0,0,0,0,0,0,0,0,0,0,0,0,0,0,0,0,0,0,0,0,0,0,0,0,,,,,
Reset,40,2,15,26/03/2026 08:41:12,86.67%,0,0,0,0,2.0,0,0,0,0,0,0,0,0,0,0,0,0,0,0,0,0,0,0,0,0,0,0,0,0,0,0,0,0,0,,,,,
Reset,72,6,20,26/03/2026 08:39:26,70.00%,0,0,0,0,2.0,0,0,0,0,0,0,0,0,1,0,0,0,0,0,0,0,0,0,0,0,0,0,0,0,0,3,0,0,0,,,,,
Reset,51,5,15,26/03/2026 08:32:02,66.67%,0,0,0,0,1.0,1,2,0,0,0,0,0,0,0,0,0,0,0,1,0,0,0,0,0,0,0,0,0,0,0,0,0,0,0,,,,,
Reset,39,4,15,26/03/2026 08:14:36,73.33%,0,0,0,0,0.0,0,3,0,0,0,0,0,0,0,0,0,0,0,0,0,0,0,0,0,0,0,0,0,1,0,0,0,0,0,,,,,
Reset,51,6,15,26/03/2026 08:04:09,60.00%,0,0,0,0,0.0,4,2,0,0,0,0,0,0,0,0,0,0,0,0,0,0,0,0,0,0,0,0,0,0,0,0,0,0,0,,,,,
Reset,51,4,15,26/03/2026 08:03:09,73.33%,0,0,0,0,0.0,2,2,0,0,0,0,0,0,0,0,0,0,0,0,0,0,0,0,0,0,0,0,0,0,0,0,0,0,0,,,,,
Reset,81,12,24,26/03/2026 07:56:33,50.00%,1400,1520,50,100,0.0,0,0,0,0,0,0,0,0,0,0,0,0,0,0,0,0,0,0,0,0,0,0,0,0,0,0,0,0,12,,,,,
Reset,40,4,15,26/03/2026 07:51:31,73.33%,0,0,0,0,1.0,0,3,0,0,0,0,0,0,0,0,0,0,0,0,0,0,0,0,0,0,0,0,0,0,0,0,0,0,0,,,,,
Reset,51,4,15,26/03/2026 07:44:23,73.33%,0,0,0,0,0.0,0,2,0,0,0,0,0,0,0,2,0,0,0,0,0,0,0,0,0,0,0,0,0,0,0,0,0,0,0,,,,,
Reset,39,3,15,26/03/2026 07:41:24,80.00%,0,0,0,0,1.0,0,1,0,0,0,0,0,0,0,0,0,0,0,0,0,0,0,0,0,0,0,1,0,0,0,0,0,0,0,,,,,
Reset,83,5,24,26/03/2026 07:37:39,79.17%,1400,1520,50,100,0.0,0,0,0,0,0,0,0,1,0,0,0,0,0,0,0,0,0,0,0,0,0,0,0,0,0,0,0,0,4,,,,,
Reset,51,6,15,26/03/2026 07:31:14,60.00%,0,0,0,0,1.0,2,2,0,0,0,0,0,0,0,0,0,0,0,0,0,0,0,0,1,0,0,0,0,0,0,0,0,0,0,,,,,
Reset,40,4,15,26/03/2026 07:28:44,73.33%,0,0,0,0,0.0,0,2,0,0,0,0,0,0,0,2,0,0,0,0,0,0,0,0,0,0,0,0,0,0,0,0,0,0,0,,,,,
Reset,40,6,15,26/03/2026 07:15:32,60.00%,0,0,0,0,1.0,0,5,0,0,0,0,0,0,0,0,0,0,0,0,0,0,0,0,0,0,0,0,0,0,0,0,0,0,0,,,,,
Reset,82,4,24,26/03/2026 07:10:27,83.33%,1400,1520,50,100,0.0,0,0,0,0,0,0,0,0,0,0,0,0,0,0,0,0,0,0,0,0,0,0,0,0,0,0,0,0,4,,,,,
Reset,51,8,15,26/03/2026 07:06:54,46.67%,0,0,0,0,0.0,5,3,0,0,0,0,0,0,0,0,0,0,0,0,0,0,0,0,0,0,0,0,0,0,0,0,0,0,0,,,,,
Reset,39,2,15,26/03/2026 07:05:33,86.67%,0,0,0,0,1.0,0,1,0,0,0,0,0,0,0,0,0,0,0,0,0,0,0,0,0,0,0,0,0,0,0,0,0,0,0,,,,,
Reset,51,7,15,26/03/2026 06:58:06,53.33%,0,0,0,0,1.0,2,4,0,0,0,0,0,0,0,0,0,0,0,0,0,0,0,0,0,0,0,0,0,0,0,0,0,0,0,,,,,
Reset,73,5,20,26/03/2026 06:50:21,75.00%,0,0,0,0,2.0,0,2,0,0,0,0,0,0,0,0,0,0,0,1,0,0,0,0,0,0,0,0,0,0,0,0,0,0,0,,,,,
Reset,71,2,20,26/03/2026 06:49:40,90.00%,0,0,0,0,0.0,2,0,0,0,0,0,0,0,0,0,0,0,0,0,0,0,0,0,0,0,0,0,0,0,0,0,0,0,0,,,,,
Reset,80,7,24,26/03/2026 06:46:46,70.83%,1400,1520,50,100,0.0,0,0,0,0,0,0,0,0,0,0,0,0,0,0,0,0,0,0,0,0,0,0,0,0,0,0,0,0,7,,,,,
Reset,81,12,24,26/03/2026 06:46:33,50.00%,1400,1520,50,100,0.0,0,0,0,0,0,0,0,0,0,0,0,0,0,0,0,0,0,0,0,0,0,0,0,0,0,0,0,0,12,,,,,
Reset,82,9,24,25/03/2026 23:02:50,62.50%,1400,1520,50,100,4.0,0,0,0,0,0,0,0,0,0,0,0,0,0,0,0,0,0,0,0,0,0,0,0,0,0,0,0,0,5,,,,,
Reset,39,1,15,25/03/2026 22:42:55,93.33%,0,0,0,0,0.0,0,0,0,0,0,0,0,0,0,0,0,0,0,0,0,0,0,0,0,1,0,0,0,0,0,0,0,0,0,,,,,
Reset,72,11,20,25/03/2026 22:39:48,45.00%,0,0,0,0,5.0,0,0,0,0,0,0,0,0,0,0,0,0,0,0,0,0,0,0,0,0,0,0,0,0,0,6,0,0,0,,,,,
Reset,68,3,16,25/03/2026 22:30:51,81.25%,0,0,0,0,3.0,0,0,0,0,0,0,0,0,0,0,0,0,0,0,0,0,0,0,0,0,0,0,0,0,0,0,0,0,0,,,,,
Reset,66,11,16,25/03/2026 22:26:43,31.25%,0,0,0,0,0.0,6,5,0,0,0,0,0,0,0,0,0,0,0,0,0,0,0,0,0,0,0,0,0,0,0,0,0,0,0,,,,,
Reset,73,10,20,25/03/2026 22:25:32,50.00%,0,0,0,0,4.0,0,1,0,0,0,0,0,0,0,0,0,0,0,0,0,0,0,0,0,0,0,0,0,0,0,5,0,0,0,,,,,
Reset,80,16,24,25/03/2026 22:21:28,33.33%,1400,1520,50,100,4.0,0,0,0,0,0,0,0,0,0,0,0,0,0,0,0,0,0,0,0,0,0,0,0,0,0,0,0,0,12,,,,,
Reset,81,14,24,25/03/2026 22:18:00,41.67%,1400,1520,50,100,4.0,0,0,0,0,0,0,0,0,0,0,0,0,0,0,0,0,0,0,0,0,0,0,0,0,0,0,0,0,10,,,,,
Reset,74,8,20,25/03/2026 22:12:39,60.00%,0,0,0,0,0.0,0,0,0,0,7,0,0,0,0,0,0,0,0,0,0,0,0,0,0,0,0,1,0,0,0,0,0,0,0,,,,,
Reset,40,4,15,25/03/2026 22:10:06,73.33%,0,0,0,0,0.0,0,0,0,0,0,0,0,0,0,0,0,0,0,0,0,0,0,0,0,0,0,0,0,4,0,0,0,0,0,,,,,
Reset,51,1,15,25/03/2026 22:03:04,93.33%,0,0,0,0,0.0,0,0,0,0,0,0,0,0,0,0,0,0,0,0,0,0,0,0,0,0,0,0,0,1,0,0,0,0,0,,,,,
Reset,66,2,16,25/03/2026 21:46:45,87.50%,0,0,0,0,0.0,0,2,0,0,0,0,0,0,0,0,0,0,0,0,0,0,0,0,0,0,0,0,0,0,0,0,0,0,0,,,,,
Reset,69,2,16,25/03/2026 21:33:20,87.50%,0,0,0,0,1.0,0,1,0,0,0,0,0,0,0,0,0,0,0,0,0,0,0,0,0,0,0,0,0,0,0,0,0,0,0,,,,,
Reset,68,4,16,25/03/2026 21:31:54,75.00%,0,0,0,0,4.0,0,0,0,0,0,0,0,0,0,0,0,0,0,0,0,0,0,0,0,0,0,0,0,0,0,0,0,0,0,,,,,
Reset,80,10,24,25/03/2026 21:12:10,58.33%,1400,1520,50,100,3.0,0,0,0,0,0,0,0,0,0,0,0,0,0,0,0,0,0,0,0,0,0,0,0,0,0,0,0,0,7,,,,,
Reset,51,6,15,25/03/2026 21:10:31,60.00%,0,0,0,0,0.0,2,1,0,0,0,0,0,0,0,0,0,0,0,0,0,0,0,0,0,0,0,0,0,3,0,0,0,0,0,,,,,
Reset,39,2,15,25/03/2026 20:55:58,86.67%,0,0,0,0,0.0,0,2,0,0,0,0,0,0,0,0,0,0,0,0,0,0,0,0,0,0,0,0,0,0,0,0,0,0,0,,,,,
Reset,81,13,24,25/03/2026 20:50:44,45.83%,1400,1520,50,100,0.0,0,0,0,0,0,0,0,0,0,0,0,0,0,0,0,0,0,0,0,0,0,1,0,0,0,0,0,0,12,,,,,
Reset,73,7,20,25/03/2026 20:48:33,65.00%,0,0,0,0,5.0,0,2,0,0,0,0,0,0,0,0,0,0,0,0,0,0,0,0,0,0,0,0,0,0,0,0,0,0,0,,,,,
Reset,82,8,24,25/03/2026 20:47:26,66.67%,1400,1520,50,100,0.0,0,0,0,0,0,0,0,0,0,0,0,0,0,0,0,0,0,0,0,0,0,0,0,0,0,0,0,0,8,,,,,
Reset,40,4,15,25/03/2026 20:45:36,73.33%,0,0,0,0,1.0,0,3,0,0,0,0,0,0,0,0,0,0,0,0,0,0,0,0,0,0,0,0,0,0,0,0,0,0,0,,,,,
Reset,66,3,16,25/03/2026 20:34:25,81.25%,0,0,0,0,0.0,0,3,0,0,0,0,0,0,0,0,0,0,0,0,0,0,0,0,0,0,0,0,0,0,0,0,0,0,0,,,,,
Reset,65,7,16,25/03/2026 20:33:04,56.25%,0,0,0,0,3.0,0,0,0,0,0,0,0,0,0,0,0,0,4,0,0,0,0,0,0,0,0,0,0,0,0,0,0,0,0,,,,,
Reset,40,2,15,25/03/2026 20:31:57,86.67%,0,0,0,0,0.0,0,2,0,0,0,0,0,0,0,0,0,0,0,0,0,0,0,0,0,0,0,0,0,0,0,0,0,0,0,,,,,
Reset,83,8,24,25/03/2026 20:30:47,66.67%,1400,1520,50,100,0.0,0,0,0,0,0,0,0,0,0,0,0,0,0,0,0,0,0,0,0,0,0,0,0,0,0,0,0,0,8,,,,,
Reset,72,5,20,25/03/2026 20:29:21,75.00%,0,0,0,0,5.0,0,0,0,0,0,0,0,0,0,0,0,0,0,0,0,0,0,0,0,0,0,0,0,0,0,0,0,0,0,,,,,
Reset,69,5,16,25/03/2026 20:27:26,68.75%,0,0,0,0,5.0,0,0,0,0,0,0,0,0,0,0,0,0,0,0,0,0,0,0,0,0,0,0,0,0,0,0,0,0,0,,,,,
Reset,68,5,16,25/03/2026 20:27:12,68.75%,0,0,0,0,5.0,0,0,0,0,0,0,0,0,0,0,0,0,0,0,0,0,0,0,0,0,0,0,0,0,0,0,0,0,0,,,,,
Reset,69,1,16,25/03/2026 20:22:45,93.75%,0,0,0,0,1.0,0,0,0,0,0,0,0,0,0,0,0,0,0,0,0,0,0,0,0,0,0,0,0,0,0,0,0,0,0,,,,,
Reset,39,3,15,25/03/2026 20:17:51,80.00%,0,0,0,0,0.0,0,2,0,0,0,0,0,0,0,0,0,0,0,0,0,0,0,0,0,0,0,0,0,1,0,0,0,0,0,,,,,
Reset,38,3,15,25/03/2026 20:04:09,80.00%,0,0,0,0,1.0,0,2,0,0,0,0,0,0,0,0,0,0,0,0,0,0,0,0,0,0,0,0,0,0,0,0,0,0,0,,,,,
Reset,66,2,16,25/03/2026 19:57:24,87.50%,0,0,0,0,0.0,0,2,0,0,0,0,0,0,0,0,0,0,0,0,0,0,0,0,0,0,0,0,0,0,0,0,0,0,0,,,,,
Reset,65,4,16,25/03/2026 19:55:29,75.00%,0,0,0,0,3.0,0,1,0,0,0,0,0,0,0,0,0,0,0,0,0,0,0,0,0,0,0,0,0,0,0,0,0,0,0,,,,,
Reset,70,1,20,25/03/2026 19:54:06,95.00%,0,0,0,0,0.0,0,0,0,0,0,0,0,0,0,0,0,0,0,0,0,0,0,0,0,0,0,0,0,0,0,1,0,0,0,,,,,
Reset,68,5,16,25/03/2026 19:49:10,68.75%,0,0,0,0,4.0,0,1,0,0,0,0,0,0,0,0,0,0,0,0,0,0,0,0,0,0,0,0,0,0,0,0,0,0,0,,,,,
Reset,51,5,15,25/03/2026 19:20:56,66.67%,0,0,0,0,0.0,0,2,0,0,0,0,0,0,0,0,0,0,0,0,0,0,0,0,0,0,0,0,0,3,0,0,0,0,0,,,,,
Reset,83,13,24,25/03/2026 18:17:09,45.83%,1400,1520,50,100,1.0,0,0,0,0,0,0,0,0,0,0,0,0,0,0,0,0,0,0,0,0,0,0,0,0,0,0,0,0,12,,,,,
Reset,40,3,15,25/03/2026 18:13:37,80.00%,0,0,0,0,0.0,0,3,0,0,0,0,0,0,0,0,0,0,0,0,0,0,0,0,0,0,0,0,0,0,0,0,0,0,0,,,,,
Reset,66,1,16,25/03/2026 18:04:25,93.75%,0,0,0,0,0.0,0,0,0,0,0,0,0,0,0,0,0,1,0,0,0,0,0,0,0,0,0,0,0,0,0,0,0,0,0,,,,,
Reset,39,3,15,25/03/2026 18:00:03,80.00%,0,0,0,0,0.0,0,3,0,0,0,0,0,0,0,0,0,0,0,0,0,0,0,0,0,0,0,0,0,0,0,0,0,0,0,,,,,
Reset,68,5,16,25/03/2026 17:53:13,68.75%,0,0,0,0,5.0,0,0,0,0,0,0,0,0,0,0,0,0,0,0,0,0,0,0,0,0,0,0,0,0,0,0,0,0,0,,,,,
Reset,65,3,16,25/03/2026 17:49:21,81.25%,0,0,0,0,3.0,0,0,0,0,0,0,0,0,0,0,0,0,0,0,0,0,0,0,0,0,0,0,0,0,0,0,0,0,0,,,,,
Reset,51,6,15,25/03/2026 17:48:01,60.00%,0,0,0,0,0.0,0,2,0,0,0,0,0,0,0,0,0,0,0,0,0,0,0,0,0,0,0,0,0,4,0,0,0,0,0,,,,,
Reset,69,2,16,25/03/2026 17:42:25,87.50%,0,0,0,0,2.0,0,0,0,0,0,0,0,0,0,0,0,0,0,0,0,0,0,0,0,0,0,0,0,0,0,0,0,0,0,,,,,
Reset,40,2,15,25/03/2026 17:33:28,86.67%,0,0,0,0,0.0,0,0,0,0,0,0,0,0,0,0,0,0,0,0,0,0,0,0,0,0,0,0,0,2,0,0,0,0,0,,,,,
Reset,39,5,15,25/03/2026 17:12:52,66.67%,0,0,0,0,2.0,0,0,0,0,0,0,0,0,0,1,0,0,0,0,0,0,0,0,0,1,0,0,0,1,0,0,0,0,0,,,,,
Reset,83,5,24,25/03/2026 16:45:58,79.17%,1400,1520,50,100,5.0,0,0,0,0,0,0,0,0,0,0,0,0,0,0,0,0,0,0,0,0,0,0,0,0,0,0,0,0,0,,,,,
Reset,40,9,15,25/03/2026 16:42:05,40.00%,0,0,0,0,2.0,0,3,0,0,0,0,0,0,0,0,0,0,0,0,0,0,0,0,0,0,0,0,0,4,0,0,0,0,0,,,,,
Reset,82,8,24,25/03/2026 16:37:01,66.67%,1400,1520,50,100,8.0,0,0,0,0,0,0,0,0,0,0,0,0,0,0,0,0,0,0,0,0,0,0,0,0,0,0,0,0,0,,,,,
Reset,81,12,24,25/03/2026 16:28:35,50.00%,1400,1520,50,100,12.0,0,0,0,0,0,0,0,0,0,0,0,0,0,0,0,0,0,0,0,0,0,0,0,0,0,0,0,0,0,,,,,
Reset,51,6,15,25/03/2026 16:27:19,60.00%,0,0,0,0,2.0,0,3,0,0,0,0,0,0,0,0,0,0,0,0,0,0,0,0,0,0,0,0,0,1,0,0,0,0,0,,,,,
Reset,81,10,24,25/03/2026 16:19:07,58.33%,1400,1520,50,100,8.0,0,1,0,0,0,0,0,0,0,0,0,0,0,0,0,0,0,0,0,0,0,1,0,0,0,0,0,0,0,,,,,
Reset,40,3,15,25/03/2026 16:13:18,80.00%,0,0,0,0,3.0,0,0,0,0,0,0,0,0,0,0,0,0,0,0,0,0,0,0,0,0,0,0,0,0,0,0,0,0,0,,,,,
Reset,72,15,20,25/03/2026 16:09:16,25.00%,0,0,0,0,5.0,0,0,0,0,0,0,0,0,0,0,0,0,0,0,0,0,0,0,0,0,0,0,0,0,0,0,0,0,10,,,,,
Reset,39,3,15,25/03/2026 16:00:35,80.00%,0,0,0,0,1.0,0,2,0,0,0,0,0,0,0,0,0,0,0,0,0,0,0,0,0,0,0,0,0,0,0,0,0,0,0,,,,,
Reset,82,6,24,25/03/2026 15:49:49,75.00%,1400,1520,50,100,6.0,0,0,0,0,0,0,0,0,0,0,0,0,0,0,0,0,0,0,0,0,0,0,0,0,0,0,0,0,0,,,,,
Reset,70,4,20,25/03/2026 15:39:31,80.00%,0,0,0,0,0.0,0,0,0,0,0,0,0,0,0,0,0,0,0,0,0,0,0,0,0,0,0,0,0,0,0,4,0,0,0,,,,,
Reset,51,5,15,25/03/2026 14:48:04,66.67%,0,0,0,0,1.0,0,3,0,0,0,0,0,0,0,0,0,0,0,0,0,0,0,0,0,0,0,0,0,1,0,0,0,0,0,,,,,
Reset,80,14,24,25/03/2026 14:33:14,41.67%,1400,1520,50,100,0.0,0,0,0,0,0,0,0,0,0,0,0,0,0,0,0,0,0,0,0,0,0,1,0,0,0,0,0,0,13,,,,,
Reset,39,3,15,25/03/2026 14:27:10,80.00%,0,0,0,0,1.0,0,2,0,0,0,0,0,0,0,0,0,0,0,0,0,0,0,0,0,0,0,0,0,0,0,0,0,0,0,,,,,
Reset,51,6,15,25/03/2026 14:18:31,60.00%,0,0,0,0,1.0,0,5,0,0,0,0,0,0,0,0,0,0,0,0,0,0,0,0,0,0,0,0,0,0,0,0,0,0,0,,,,,
Reset,81,16,24,25/03/2026 14:15:13,33.33%,1400,1520,50,100,0.0,0,0,0,0,0,0,0,0,0,0,0,0,0,0,0,0,0,0,0,0,0,0,0,0,0,0,0,0,16,,,,,
Reset,40,2,15,25/03/2026 14:10:55,86.67%,0,0,0,0,1.0,0,1,0,0,0,0,0,0,0,0,0,0,0,0,0,0,0,0,0,0,0,0,0,0,0,0,0,0,0,,,,,
Reset,83,10,24,25/03/2026 14:06:42,58.33%,1400,1520,50,100,0.0,0,0,0,0,0,0,0,0,0,0,0,0,0,0,0,0,0,0,0,0,0,0,0,0,0,0,0,0,10,,,,,
Reset,39,3,15,25/03/2026 13:50:42,80.00%,0,0,0,0,2.0,0,1,0,0,0,0,0,0,0,0,0,0,0,0,0,0,0,0,0,0,0,0,0,0,0,0,0,0,0,,,,,
Reset,51,3,15,25/03/2026 13:38:12,80.00%,0,0,0,0,0.0,0,2,0,0,0,0,0,0,0,0,0,0,0,0,0,0,0,0,0,0,0,0,0,1,0,0,0,0,0,,,,,
Reset,80,14,24,25/03/2026 13:24:56,41.67%,1400,1520,50,100,0.0,0,0,0,0,0,0,0,0,0,0,0,0,0,0,0,0,0,0,0,0,0,0,0,0,0,0,0,0,14,,,,,
Reset,40,4,15,25/03/2026 13:20:10,73.33%,0,0,0,0,1.0,0,3,0,0,0,0,0,0,0,0,0,0,0,0,0,0,0,0,0,0,0,0,0,0,0,0,0,0,0,,,,,
Reset,83,10,24,25/03/2026 13:07:17,58.33%,1400,1520,50,100,0.0,0,0,0,0,0,0,0,0,0,0,0,0,0,0,0,0,0,0,0,0,0,0,0,0,0,2,0,0,8,,,,,
Reset,51,6,15,25/03/2026 13:02:21,60.00%,0,0,0,0,1.0,2,3,0,0,0,0,0,0,0,0,0,0,0,0,0,0,0,0,0,0,0,0,0,0,0,0,0,0,0,,,,,
Reset,39,4,15,25/03/2026 12:41:21,73.33%,0,0,0,0,0.0,0,4,0,0,0,0,0,0,0,0,0,0,0,0,0,0,0,0,0,0,0,0,0,0,0,0,0,0,0,,,,,
Reset,51,7,15,25/03/2026 12:32:09,53.33%,0,0,0,0,2.0,2,3,0,0,0,0,0,0,0,0,0,0,0,0,0,0,0,0,0,0,0,0,0,0,0,0,0,0,0,,,,,
Reset,40,4,15,25/03/2026 12:27:44,73.33%,0,0,0,0,3.0,0,1,0,0,0,0,0,0,0,0,0,0,0,0,0,0,0,0,0,0,0,0,0,0,0,0,0,0,0,,,,,
Reset,80,11,24,25/03/2026 12:21:36,54.17%,1400,1520,50,100,0.0,0,0,0,0,0,0,0,0,0,0,0,0,0,0,0,0,0,0,0,0,0,1,0,0,0,0,0,0,10,,,,,
0,87,11,0,25/03/2026 12:16:43,0,0,0,0,0,7.0,0,0,0,0,0,0,0,0,0,0,0,0,0,0,0,0,0,0,0,0,0,4,0,0,0,0,0,0,0,,,,,
Reset,39,4,15,25/03/2026 11:01:39,73.33%,0,0,0,0,1.0,0,2,0,0,0,0,0,0,0,0,0,0,0,0,0,0,0,0,0,0,0,1,0,0,0,0,0,0,0,,,,,
Reset,82,8,24,25/03/2026 10:54:43,66.67%,1400,1520,50,100,3.0,1,0,0,0,0,0,0,0,0,0,0,0,0,1,0,0,0,0,0,0,0,3,0,0,0,0,0,0,0,,,,,
Reset,51,6,15,25/03/2026 10:46:07,60.00%,0,0,0,0,1.0,0,4,0,0,0,0,0,0,0,0,0,0,0,0,0,0,0,0,0,0,0,0,0,1,0,0,0,0,0,,,,,
Reset,40,7,15,25/03/2026 10:35:34,53.33%,0,0,0,0,3.0,0,4,0,0,0,0,0,0,0,0,0,0,0,0,0,0,0,0,0,0,0,0,0,0,0,0,0,0,0,,,,,
Reset,80,10,24,25/03/2026 10:31:22,58.33%,1400,1520,50,100,0.0,0,0,0,0,0,0,0,0,0,0,0,0,0,0,0,0,0,0,0,0,0,0,0,0,0,0,0,0,10,,,,,
Reset,39,5,15,25/03/2026 10:27:31,66.67%,0,0,0,0,2.0,0,3,0,0,0,0,0,0,0,0,0,0,0,0,0,0,0,0,0,0,0,0,0,0,0,0,0,0,0,,,,,
Reset,81,16,24,25/03/2026 10:05:44,33.33%,1400,1520,50,100,0.0,0,0,0,0,0,0,0,0,0,0,0,0,0,0,0,0,0,0,0,0,0,0,0,0,0,0,0,0,16,,,,,
Reset,40,4,15,25/03/2026 10:00:10,73.33%,0,0,0,0,1.0,0,3,0,0,0,0,0,0,0,0,0,0,0,0,0,0,0,0,0,0,0,0,0,0,0,0,0,0,0,,,,,
Reset,39,6,15,25/03/2026 09:56:38,60.00%,0,0,0,0,1.0,0,3,0,0,0,0,0,0,0,0,0,0,0,0,0,0,0,0,0,0,0,2,0,0,0,0,0,0,0,,,,,
Reset,82,7,24,25/03/2026 09:51:22,70.83%,1400,1520,50,100,7.0,0,0,0,0,0,0,0,0,0,0,0,0,0,0,0,0,0,0,0,0,0,0,0,0,0,0,0,0,0,,,,,
Reset,51,5,15,25/03/2026 09:44:05,66.67%,0,0,0,0,1.0,1,3,0,0,0,0,0,0,0,0,0,0,0,0,0,0,0,0,0,0,0,0,0,0,0,0,0,0,0,,,,,
Reset,40,3,15,25/03/2026 09:29:57,80.00%,0,0,0,0,1.0,0,1,0,0,0,0,0,0,0,0,0,0,0,0,0,0,0,0,0,0,0,1,0,0,0,0,0,0,0,,,,,
Reset,80,9,24,25/03/2026 09:22:10,62.50%,1400,1520,50,100,9.0,0,0,0,0,0,0,0,0,0,0,0,0,0,0,0,0,0,0,0,0,0,0,0,0,0,0,0,0,0,,,,,
Reset,39,3,15,25/03/2026 09:17:13,80.00%,0,0,0,0,2.0,0,1,0,0,0,0,0,0,0,0,0,0,0,0,0,0,0,0,0,0,0,0,0,0,0,0,0,0,0,,,,,
Reset,51,4,15,25/03/2026 09:09:05,73.33%,0,0,0,0,1.0,0,2,0,0,0,0,0,0,0,0,0,0,0,0,0,0,0,0,0,0,0,0,0,1,0,0,0,0,0,,,,,
Reset,81,19,24,25/03/2026 09:03:43,20.83%,1400,1520,50,100,19.0,0,0,0,0,0,0,0,0,0,0,0,0,0,0,0,0,0,0,0,0,0,0,0,0,0,0,0,0,0,,,,,
Reset,40,2,15,25/03/2026 08:56:26,86.67%,0,0,0,0,1.0,0,0,0,0,0,0,0,0,0,0,0,0,0,0,0,0,0,0,0,0,0,1,0,0,0,0,0,0,0,,,,,
Reset,39,1,15,25/03/2026 08:46:09,93.33%,0,0,0,0,0.0,0,1,0,0,0,0,0,0,0,0,0,0,0,0,0,0,0,0,0,0,0,0,0,0,0,0,0,0,0,,,,,
Reset,82,7,24,25/03/2026 08:40:11,70.83%,1400,1520,50,100,6.0,0,1,0,0,0,0,0,0,0,0,0,0,0,0,0,0,0,0,0,0,0,0,0,0,0,0,0,0,0,,,,,
Reset,51,1,15,25/03/2026 08:25:09,93.33%,0,0,0,0,1.0,0,0,0,0,0,0,0,0,0,0,0,0,0,0,0,0,0,0,0,0,0,0,0,0,0,0,0,0,0,,,,,
Reset,40,4,15,25/03/2026 08:19:10,73.33%,0,0,0,0,2.0,0,1,0,0,0,0,0,0,0,0,0,0,0,0,0,0,0,0,0,0,0,1,0,0,0,0,0,0,0,,,,,
Reset,39,1,15,25/03/2026 08:11:09,93.33%,0,0,0,0,1.0,0,0,0,0,0,0,0,0,0,0,0,0,0,0,0,0,0,0,0,0,0,0,0,0,0,0,0,0,0,,,,,
Reset,81,2,24,25/03/2026 08:05:49,91.67%,1400,1520,50,100,1.0,0,0,0,0,0,0,0,0,0,0,0,0,0,1,0,0,0,0,0,0,0,0,0,0,0,0,0,0,0,,,,,
Reset,40,6,15,25/03/2026 07:46:28,60.00%,0,0,0,0,2.0,0,3,0,0,0,0,0,0,0,0,0,0,0,0,0,0,0,0,0,0,0,1,0,0,0,0,0,0,0,,,,,
Reset,82,6,24,25/03/2026 07:41:58,75.00%,1400,1520,50,100,4.0,0,0,0,0,0,0,0,0,0,0,0,0,0,1,0,0,0,0,0,0,0,1,0,0,0,0,0,0,0,,,,,
Reset,39,5,15,25/03/2026 07:35:00,66.67%,0,0,0,0,5.0,0,0,0,0,0,0,0,0,0,0,0,0,0,0,0,0,0,0,0,0,0,0,0,0,0,0,0,0,0,,,,,
Reset,51,5,15,25/03/2026 07:27:09,66.67%,0,0,0,0,1.0,1,3,0,0,0,0,0,0,0,0,0,0,0,0,0,0,0,0,0,0,0,0,0,0,0,0,0,0,0,,,,,
Reset,83,7,24,25/03/2026 07:17:41,70.83%,1400,1520,50,100,6.0,0,0,0,0,0,0,0,0,0,0,0,0,0,1,0,0,0,0,0,0,0,0,0,0,0,0,0,0,0,,,,,
Reset,40,5,15,25/03/2026 07:12:09,66.67%,0,0,0,0,2.0,0,2,0,0,0,0,0,0,0,0,0,0,0,0,0,0,0,0,0,0,0,1,0,0,0,0,0,0,0,,,,,
Reset,51,4,15,25/03/2026 07:08:04,73.33%,0,0,0,0,1.0,0,3,0,0,0,0,0,0,0,0,0,0,0,0,0,0,0,0,0,0,0,0,0,0,0,0,0,0,0,,,,,
Reset,39,4,15,25/03/2026 07:02:21,73.33%,0,0,0,0,1.0,0,2,0,0,0,0,0,0,0,0,0,0,0,0,0,0,0,0,0,0,0,1,0,0,0,0,0,0,0,,,,,
Reset,81,9,24,25/03/2026 06:57:01,62.50%,1400,1520,50,100,9.0,0,0,0,0,0,0,0,0,0,0,0,0,0,0,0,0,0,0,0,0,0,0,0,0,0,0,0,0,0,,,,,
Reset,51,3,15,25/03/2026 06:50:37,80.00%,0,0,0,0,1.0,0,2,0,0,0,0,0,0,0,0,0,0,0,0,0,0,0,0,0,0,0,0,0,0,0,0,0,0,0,,,,,
Reset,51,8,15,25/03/2026 06:49:24,46.67%,0,0,0,0,2.0,1,5,0,0,0,0,0,0,0,0,0,0,0,0,0,0,0,0,0,0,0,0,0,0,0,0,0,0,0,,,,,
Reset,40,2,15,25/03/2026 06:43:38,86.67%,0,0,0,0,2.0,0,0,0,0,0,0,0,0,0,0,0,0,0,0,0,0,0,0,0,0,0,0,0,0,0,0,0,0,0,,,,,
Reset,82,3,24,25/03/2026 06:39:40,87.50%,1400,1520,50,100,1.0,0,1,0,0,0,0,0,0,0,0,0,0,0,1,0,0,0,0,0,0,0,0,0,0,0,0,0,0,0,,,,,
Reset,39,3,15,25/03/2026 06:35:06,80.00%,0,0,0,0,0.0,0,2,0,0,0,0,0,0,0,0,0,0,0,0,0,0,0,0,0,0,0,0,0,1,0,0,0,0,0,,,,,
Reset,39,8,15,25/03/2026 06:33:55,46.67%,0,0,0,0,1.0,0,7,0,0,0,0,0,0,0,0,0,0,0,0,0,0,0,0,0,0,0,0,0,0,0,0,0,0,0,,,,,
Reset,83,4,24,25/03/2026 06:29:18,83.33%,1400,1520,50,100,4.0,0,0,0,0,0,0,0,0,0,0,0,0,0,0,0,0,0,0,0,0,0,0,0,0,0,0,0,0,0,,,,,
Reset,72,5,20,24/03/2026 23:06:05,75.00%,0,0,0,0,4.0,0,0,0,0,0,0,0,0,0,0,0,0,0,0,0,0,0,0,0,0,0,0,0,0,0,1,0,0,0,,,,,
Reset,39,4,15,24/03/2026 23:02:04,73.33%,0,0,0,0,2.0,0,2,0,0,0,0,0,0,0,0,0,0,0,0,0,0,0,0,0,0,0,0,0,0,0,0,0,0,0,,,,,
Reset,81,0,24,24/03/2026 22:55:33,100.00%,1400,1520,50,100,0.0,0,0,0,0,0,0,0,0,0,0,0,0,0,0,0,0,0,0,0,0,0,0,0,0,0,0,0,0,0,,,,,
Reset,82,0,24,24/03/2026 22:54:47,100.00%,1400,1520,50,100,0.0,0,0,0,0,0,0,0,0,0,0,0,0,0,0,0,0,0,0,0,0,0,0,0,0,0,0,0,0,0,,,,,
Reset,52,0,15,24/03/2026 22:54:32,100.00%,0,0,0,0,0.0,0,0,0,0,0,0,0,0,0,0,0,0,0,0,0,0,0,0,0,0,0,0,0,0,0,0,0,0,0,,,,,
Reset,83,6,24,24/03/2026 22:32:56,75.00%,1400,1520,50,100,6.0,0,0,0,0,0,0,0,0,0,0,0,0,0,0,0,0,0,0,0,0,0,0,0,0,0,0,0,0,0,,,,,
Reset,82,6,24,24/03/2026 22:25:52,75.00%,1400,1520,50,100,6.0,0,0,0,0,0,0,0,0,0,0,0,0,0,0,0,0,0,0,0,0,0,0,0,0,0,0,0,0,0,,,,,
Reset,71,0,20,24/03/2026 22:22:07,100.00%,0,0,0,0,0.0,0,0,0,0,0,0,0,0,0,0,0,0,0,0,0,0,0,0,0,0,0,0,0,0,0,0,0,0,0,,,,,
Reset,81,10,24,24/03/2026 22:18:44,58.33%,1400,1520,50,100,9.0,0,1,0,0,0,0,0,0,0,0,0,0,0,0,0,0,0,0,0,0,0,0,0,0,0,0,0,0,0,,,,,
Reset,51,5,15,24/03/2026 21:56:22,66.67%,0,0,0,0,3.0,0,2,0,0,0,0,0,0,0,0,0,0,0,0,0,0,0,0,0,0,0,0,0,0,0,0,0,0,0,,,,,
Reset,72,6,20,24/03/2026 21:43:46,70.00%,0,0,0,0,5.0,0,0,0,0,0,0,0,0,0,0,0,0,0,0,0,0,0,0,0,0,0,0,0,0,0,1,0,0,0,,,,,
Reset,82,6,24,24/03/2026 21:41:06,75.00%,1400,1520,50,100,5.0,0,0,0,0,0,0,0,0,0,0,0,0,0,0,0,0,0,0,0,0,0,1,0,0,0,0,0,0,0,,,,,
Reset,39,6,15,24/03/2026 21:32:54,60.00%,0,0,0,0,4.0,0,2,0,0,0,0,0,0,0,0,0,0,0,0,0,0,0,0,0,0,0,0,0,0,0,0,0,0,0,,,,,
Reset,70,1,20,24/03/2026 21:25:55,95.00%,0,0,0,0,0.0,0,0,0,0,0,0,0,0,0,0,0,0,0,0,0,0,0,0,0,0,0,0,0,0,0,1,0,0,0,,,,,
Reset,83,10,24,24/03/2026 21:20:13,58.33%,1400,1520,50,100,10.0,0,0,0,0,0,0,0,0,0,0,0,0,0,0,0,0,0,0,0,0,0,0,0,0,0,0,0,0,0,,,,,
Reset,52,4,15,24/03/2026 21:05:51,73.33%,0,0,0,0,4.0,0,0,0,0,0,0,0,0,0,0,0,0,0,0,0,0,0,0,0,0,0,0,0,0,0,0,0,0,0,,,,,
Reset,72,6,20,24/03/2026 20:53:01,70.00%,0,0,0,0,2.0,0,0,0,0,0,0,0,0,0,0,0,0,0,0,0,0,0,0,0,0,0,0,0,0,0,4,0,0,0,,,,,
Reset,81,15,24,24/03/2026 20:50:48,37.50%,1400,1520,50,100,15.0,0,0,0,0,0,0,0,0,0,0,0,0,0,0,0,0,0,0,0,0,0,0,0,0,0,0,0,0,0,,,,,
Reset,71,5,20,24/03/2026 20:44:16,75.00%,0,0,0,0,1.0,0,2,0,0,0,0,0,0,0,0,0,0,0,0,0,0,0,0,0,0,0,0,0,0,0,2,0,0,0,,,,,
Reset,82,15,24,24/03/2026 20:40:33,37.50%,1400,1520,50,100,13.0,0,2,0,0,0,0,0,0,0,0,0,0,0,0,0,0,0,0,0,0,0,0,0,0,0,0,0,0,0,,,,,
Reset,83,10,24,24/03/2026 16:21:04,58.33%,1400,1520,50,100,10.0,0,0,0,0,0,0,0,0,0,0,0,0,0,0,0,0,0,0,0,0,0,0,0,0,0,0,0,0,0,,,,,
Reset,66,0,16,24/03/2026 16:06:42,100.00%,0,0,0,0,0.0,0,0,0,0,0,0,0,0,0,0,0,0,0,0,0,0,0,0,0,0,0,0,0,0,0,0,0,0,0,,,,,
Reset,70,3,20,24/03/2026 10:01:09,85.00%,0,0,0,0,3.0,0,0,0,0,0,0,0,0,0,0,0,0,0,0,0,0,0,0,0,0,0,0,0,0,0,0,0,0,0,,,,,
Reset,71,3,20,24/03/2026 10:00:54,85.00%,0,0,0,0,2.0,0,1,0,0,0,0,0,0,0,0,0,0,0,0,0,0,0,0,0,0,0,0,0,0,0,0,0,0,0,,,,,
Reset,73,4,20,24/03/2026 10:00:34,80.00%,0,0,0,0,2.0,0,2,0,0,0,0,0,0,0,0,0,0,0,0,0,0,0,0,0,0,0,0,0,0,0,0,0,0,0,,,,,
Reset,72,3,20,24/03/2026 10:00:20,85.00%,0,0,0,0,3.0,0,0,0,0,0,0,0,0,0,0,0,0,0,0,0,0,0,0,0,0,0,0,0,0,0,0,0,0,0,,,,,
Reset,81,14,24,24/03/2026 09:05:56,41.67%,1400,1520,50,100,12.0,0,1,0,0,0,0,0,0,0,0,0,0,0,1,0,0,0,0,0,0,0,0,0,0,0,0,0,0,0,,,,,
Reset,66,3,16,24/03/2026 08:39:13,81.25%,0,0,0,0,0.0,0,3,0,0,0,0,0,0,0,0,0,0,0,0,0,0,0,0,0,0,0,0,0,0,0,0,0,0,0,,,,,
Reset,74,5,20,24/03/2026 08:35:17,75.00%,0,0,0,0,4.0,0,1,0,0,0,0,0,0,0,0,0,0,0,0,0,0,0,0,0,0,0,0,0,0,0,0,0,0,0,,,,,
Reset,72,7,20,24/03/2026 08:34:54,65.00%,0,0,0,0,5.0,0,2,0,0,0,0,0,0,0,0,0,0,0,0,0,0,0,0,0,0,0,0,0,0,0,0,0,0,0,,,,,
Reset,68,6,16,24/03/2026 08:27:53,62.50%,0,0,0,0,5.0,0,1,0,0,0,0,0,0,0,0,0,0,0,0,0,0,0,0,0,0,0,0,0,0,0,0,0,0,0,,,,,
Reset,65,4,16,24/03/2026 08:26:06,75.00%,0,0,0,0,4.0,0,0,0,0,0,0,0,0,0,0,0,0,0,0,0,0,0,0,0,0,0,0,0,0,0,0,0,0,0,,,,,
Reset,70,2,20,24/03/2026 08:23:53,90.00%,0,0,0,0,1.0,0,1,0,0,0,0,0,0,0,0,0,0,0,0,0,0,0,0,0,0,0,0,0,0,0,0,0,0,0,,,,,
Reset,72,0,20,24/03/2026 08:23:40,100.00%,0,0,0,0,0.0,0,0,0,0,0,0,0,0,0,0,0,0,0,0,0,0,0,0,0,0,0,0,0,0,0,0,0,0,0,,,,,
Reset,70,0,20,24/03/2026 08:23:38,100.00%,0,0,0,0,0.0,0,0,0,0,0,0,0,0,0,0,0,0,0,0,0,0,0,0,0,0,0,0,0,0,0,0,0,0,0,,,,,
Reset,74,4,20,24/03/2026 08:23:30,80.00%,0,0,0,0,3.0,0,1,0,0,0,0,0,0,0,0,0,0,0,0,0,0,0,0,0,0,0,0,0,0,0,0,0,0,0,,,,,
Reset,70,0,20,24/03/2026 08:22:45,100.00%,0,0,0,0,0.0,0,0,0,0,0,0,0,0,0,0,0,0,0,0,0,0,0,0,0,0,0,0,0,0,0,0,0,0,0,,,,,
Reset,72,3,20,24/03/2026 08:22:34,85.00%,0,0,0,0,2.0,0,1,0,0,0,0,0,0,0,0,0,0,0,0,0,0,0,0,0,0,0,0,0,0,0,0,0,0,0,,,,,
Reset,74,5,20,24/03/2026 08:21:06,75.00%,0,0,0,0,4.0,0,1,0,0,0,0,0,0,0,0,0,0,0,0,0,0,0,0,0,0,0,0,0,0,0,0,0,0,0,,,,,
Reset,82,7,24,24/03/2026 08:16:25,70.83%,1400,1520,50,100,7.0,0,0,0,0,0,0,0,0,0,0,0,0,0,0,0,0,0,0,0,0,0,0,0,0,0,0,0,0,0,,,,,
Reset,66,3,16,24/03/2026 08:05:39,81.25%,0,0,0,0,0.0,0,3,0,0,0,0,0,0,0,0,0,0,0,0,0,0,0,0,0,0,0,0,0,0,0,0,0,0,0,,,,,
Reset,72,6,20,24/03/2026 07:56:21,70.00%,0,0,0,0,5.0,0,0,0,0,0,0,0,0,0,0,0,0,0,1,0,0,0,0,0,0,0,0,0,0,0,0,0,0,0,,,,,
Reset,81,5,24,24/03/2026 07:55:47,79.17%,1400,1520,50,100,5.0,0,0,0,0,0,0,0,0,0,0,0,0,0,0,0,0,0,0,0,0,0,0,0,0,0,0,0,0,0,,,,,
Reset,69,1,16,24/03/2026 07:42:35,93.75%,0,0,0,0,1.0,0,0,0,0,0,0,0,0,0,0,0,0,0,0,0,0,0,0,0,0,0,0,0,0,0,0,0,0,0,,,,,
Reset,68,3,16,24/03/2026 07:40:14,81.25%,0,0,0,0,3.0,0,0,0,0,0,0,0,0,0,0,0,0,0,0,0,0,0,0,0,0,0,0,0,0,0,0,0,0,0,,,,,
Reset,80,4,24,24/03/2026 07:38:31,83.33%,1400,1520,50,100,4.0,0,0,0,0,0,0,0,0,0,0,0,0,0,0,0,0,0,0,0,0,0,0,0,0,0,0,0,0,0,,,,,
Reset,70,6,20,24/03/2026 07:36:36,70.00%,0,0,0,0,3.0,0,0,0,0,0,0,0,0,0,0,0,0,0,0,0,0,0,0,0,0,3,0,0,0,0,0,0,0,0,,,,,
Reset,65,6,16,24/03/2026 07:28:39,62.50%,0,0,0,0,5.0,0,0,0,0,0,0,0,0,1,0,0,0,0,0,0,0,0,0,0,0,0,0,0,0,0,0,0,0,0,,,,,
Reset,71,3,20,24/03/2026 07:26:46,85.00%,0,0,0,0,3.0,0,0,0,0,0,0,0,0,0,0,0,0,0,0,0,0,0,0,0,0,0,0,0,0,0,0,0,0,0,,,,,
Reset,71,6,20,24/03/2026 07:18:29,70.00%,0,0,0,0,0.0,0,4,0,0,0,0,0,0,0,0,0,0,0,2,0,0,0,0,0,0,0,0,0,0,0,0,0,0,0,,,,,
Reset,66,1,16,24/03/2026 07:17:21,93.75%,0,0,0,0,0.0,0,1,0,0,0,0,0,0,0,0,0,0,0,0,0,0,0,0,0,0,0,0,0,0,0,0,0,0,0,,,,,
Reset,82,7,24,24/03/2026 07:13:40,70.83%,1400,1520,50,100,1.0,0,6,0,0,0,0,0,0,0,0,0,0,0,0,0,0,0,0,0,0,0,0,0,0,0,0,0,0,0,,,,,
Reset,68,3,16,24/03/2026 06:48:46,81.25%,0,0,0,0,3.0,0,0,0,0,0,0,0,0,0,0,0,0,0,0,0,0,0,0,0,0,0,0,0,0,0,0,0,0,0,,,,,
Reset,81,7,24,24/03/2026 06:46:53,70.83%,1400,1520,50,100,7.0,0,0,0,0,0,0,0,0,0,0,0,0,0,0,0,0,0,0,0,0,0,0,0,0,0,0,0,0,0,,,,,
Reset,66,7,16,24/03/2026 06:38:00,56.25%,0,0,0,0,0.0,3,4,0,0,0,0,0,0,0,0,0,0,0,0,0,0,0,0,0,0,0,0,0,0,0,0,0,0,0,,,,,
Reset,66,0,16,23/03/2026 23:23:56,100.00%,0,0,0,0,0.0,0,0,0,0,0,0,0,0,0,0,0,0,0,0,0,0,0,0,0,0,0,0,0,0,0,0,0,0,0,,,,,
Reset,69,3,16,23/03/2026 23:23:38,81.25%,0,0,0,0,0.0,0,3,0,0,0,0,0,0,0,0,0,0,0,0,0,0,0,0,0,0,0,0,0,0,0,0,0,0,0,,,,,
Reset,67,7,16,23/03/2026 23:23:26,56.25%,0,0,0,0,4.0,0,0,0,0,0,0,0,0,0,3,0,0,0,0,0,0,0,0,0,0,0,0,0,0,0,0,0,0,0,,,,,
Reset,68,12,16,23/03/2026 23:23:00,25.00%,0,0,0,0,10.0,0,0,0,0,0,0,0,0,0,2,0,0,0,0,0,0,0,0,0,0,0,0,0,0,0,0,0,0,0,,,,,
Reset,69,0,16,23/03/2026 23:22:21,100.00%,0,0,0,0,0.0,0,0,0,0,0,0,0,0,0,0,0,0,0,0,0,0,0,0,0,0,0,0,0,0,0,0,0,0,0,,,,,
Reset,66,14,16,23/03/2026 23:22:14,12.50%,0,0,0,0,0.0,1,11,0,0,0,0,0,0,0,0,0,0,0,0,0,0,0,0,0,0,0,2,0,0,0,0,0,0,0,,,,,
Reset,65,8,16,23/03/2026 23:21:17,50.00%,0,0,0,0,0.0,0,4,0,0,0,0,0,0,0,3,0,0,0,0,0,0,0,0,0,0,0,1,0,0,0,0,0,0,0,,,,,
Reset,83,5,24,23/03/2026 23:18:18,79.17%,1400,1520,50,100,3.0,0,0,0,0,0,0,0,0,0,0,0,1,0,0,0,0,0,0,0,0,0,1,0,0,0,0,0,0,0,,,,,
Reset,68,3,16,23/03/2026 23:11:58,81.25%,0,0,0,0,3.0,0,0,0,0,0,0,0,0,0,0,0,0,0,0,0,0,0,0,0,0,0,0,0,0,0,0,0,0,0,,,,,
Reset,66,2,16,23/03/2026 23:10:19,87.50%,0,0,0,0,0.0,0,2,0,0,0,0,0,0,0,0,0,0,0,0,0,0,0,0,0,0,0,0,0,0,0,0,0,0,0,,,,,
Reset,69,2,16,23/03/2026 22:42:29,87.50%,0,0,0,0,2.0,0,0,0,0,0,0,0,0,0,0,0,0,0,0,0,0,0,0,0,0,0,0,0,0,0,0,0,0,0,,,,,
Reset,82,10,24,23/03/2026 22:41:00,58.33%,1400,1520,50,100,10.0,0,0,0,0,0,0,0,0,0,0,0,0,0,0,0,0,0,0,0,0,0,0,0,0,0,0,0,0,0,,,,,
Reset,68,3,16,23/03/2026 22:28:36,81.25%,0,0,0,0,3.0,0,0,0,0,0,0,0,0,0,0,0,0,0,0,0,0,0,0,0,0,0,0,0,0,0,0,0,0,0,,,,,
Reset,66,7,16,23/03/2026 22:22:04,56.25%,0,0,0,0,0.0,7,0,0,0,0,0,0,0,0,0,0,0,0,0,0,0,0,0,0,0,0,0,0,0,0,0,0,0,0,,,,,
Reset,83,2,24,23/03/2026 22:14:18,91.67%,1400,1520,50,100,2.0,0,0,0,0,0,0,0,0,0,0,0,0,0,0,0,0,0,0,0,0,0,0,0,0,0,0,0,0,0,,,,,
Reset,69,3,16,23/03/2026 22:06:50,81.25%,0,0,0,0,1.0,0,2,0,0,0,0,0,0,0,0,0,0,0,0,0,0,0,0,0,0,0,0,0,0,0,0,0,0,0,,,,,
Reset,68,7,16,23/03/2026 22:01:12,56.25%,0,0,0,0,7.0,0,0,0,0,0,0,0,0,0,0,0,0,0,0,0,0,0,0,0,0,0,0,0,0,0,0,0,0,0,,,,,
Reset,80,6,24,23/03/2026 21:56:31,75.00%,1400,1520,50,100,6.0,0,0,0,0,0,0,0,0,0,0,0,0,0,0,0,0,0,0,0,0,0,0,0,0,0,0,0,0,0,,,,,
Reset,74,5,20,23/03/2026 21:55:04,75.00%,0,0,0,0,4.0,0,1,0,0,0,0,0,0,0,0,0,0,0,0,0,0,0,0,0,0,0,0,0,0,0,0,0,0,0,,,,,
Reset,65,1,16,23/03/2026 21:42:45,93.75%,0,0,0,0,0.0,0,1,0,0,0,0,0,0,0,0,0,0,0,0,0,0,0,0,0,0,0,0,0,0,0,0,0,0,0,,,,,
Reset,82,5,24,23/03/2026 21:40:25,79.17%,1400,1520,50,100,2.0,0,2,0,0,0,0,0,0,0,0,0,0,0,0,0,0,0,0,0,0,0,1,0,0,0,0,0,0,0,,,,,
Reset,66,5,16,23/03/2026 21:21:55,68.75%,0,0,0,0,0.0,3,2,0,0,0,0,0,0,0,0,0,0,0,0,0,0,0,0,0,0,0,0,0,0,0,0,0,0,0,,,,,
Reset,80,8,24,23/03/2026 21:19:44,66.67%,1400,1520,50,100,8.0,0,0,0,0,0,0,0,0,0,0,0,0,0,0,0,0,0,0,0,0,0,0,0,0,0,0,0,0,0,,,,,
Reset,83,5,24,23/03/2026 21:05:18,79.17%,1400,1520,50,100,5.0,0,0,0,0,0,0,0,0,0,0,0,0,0,0,0,0,0,0,0,0,0,0,0,0,0,0,0,0,0,,,,,
Reset,71,4,20,23/03/2026 20:50:39,80.00%,0,0,0,0,4.0,0,0,0,0,0,0,0,0,0,0,0,0,0,0,0,0,0,0,0,0,0,0,0,0,0,0,0,0,0,,,,,
Reset,82,5,24,23/03/2026 20:28:58,79.17%,1400,1520,50,100,4.0,0,1,0,0,0,0,0,0,0,0,0,0,0,0,0,0,0,0,0,0,0,0,0,0,0,0,0,0,0,,,,,
Reset,80,13,24,23/03/2026 20:04:39,45.83%,1400,1520,50,100,12.0,0,1,0,0,0,0,0,0,0,0,0,0,0,0,0,0,0,0,0,0,0,0,0,0,0,0,0,0,0,,,,,
Reset,8,7,20,23/03/2026 20:00:13,65.00%,0,0,0,0,7.0,0,0,0,0,0,0,0,0,0,0,0,0,0,0,0,0,0,0,0,0,0,0,0,0,0,0,0,0,0,,,,,
Reset,83,5,24,23/03/2026 19:45:06,79.17%,1400,1520,50,100,5.0,0,0,0,0,0,0,0,0,0,0,0,0,0,0,0,0,0,0,0,0,0,0,0,0,0,0,0,0,0,,,,,
Reset,74,6,20,23/03/2026 19:17:12,70.00%,0,0,0,0,5.0,0,1,0,0,0,0,0,0,0,0,0,0,0,0,0,0,0,0,0,0,0,0,0,0,0,0,0,0,0,,,,,
Reset,80,12,24,23/03/2026 19:11:41,50.00%,1400,1520,50,100,12.0,0,0,0,0,0,0,0,0,0,0,0,0,0,0,0,0,0,0,0,0,0,0,0,0,0,0,0,0,0,,,,,
Reset,81,9,24,23/03/2026 19:05:11,62.50%,1400,1520,50,100,9.0,0,0,0,0,0,0,0,0,0,0,0,0,0,0,0,0,0,0,0,0,0,0,0,0,0,0,0,0,0,,,,,
Reset,73,4,20,23/03/2026 18:13:44,80.00%,0,0,0,0,2.0,0,2,0,0,0,0,0,0,0,0,0,0,0,0,0,0,0,0,0,0,0,0,0,0,0,0,0,0,0,,,,,
Reset,67,3,16,23/03/2026 17:54:47,81.25%,0,0,0,0,3.0,0,0,0,0,0,0,0,0,0,0,0,0,0,0,0,0,0,0,0,0,0,0,0,0,0,0,0,0,0,,,,,
Reset,68,2,16,23/03/2026 17:52:16,87.50%,0,0,0,0,2.0,0,0,0,0,0,0,0,0,0,0,0,0,0,0,0,0,0,0,0,0,0,0,0,0,0,0,0,0,0,,,,,
Reset,82,4,24,23/03/2026 17:51:22,83.33%,1400,1520,50,100,4.0,0,0,0,0,0,0,0,0,0,0,0,0,0,0,0,0,0,0,0,0,0,0,0,0,0,0,0,0,0,,,,,
Reset,66,3,16,23/03/2026 17:50:52,81.25%,0,0,0,0,0.0,0,3,0,0,0,0,0,0,0,0,0,0,0,0,0,0,0,0,0,0,0,0,0,0,0,0,0,0,0,,,,,
Reset,82,9,24,23/03/2026 16:58:21,62.50%,1400,1520,50,100,9.0,0,0,0,0,0,0,0,0,0,0,0,0,0,0,0,0,0,0,0,0,0,0,0,0,0,0,0,0,0,,,,,
Reset,80,4,24,23/03/2026 16:49:30,83.33%,1400,1520,50,100,4.0,0,0,0,0,0,0,0,0,0,0,0,0,0,0,0,0,0,0,0,0,0,0,0,0,0,0,0,0,0,,,,,
Reset,82,7,24,23/03/2026 16:39:23,70.83%,1400,1520,50,100,4.0,0,2,0,0,1,0,0,0,0,0,0,0,0,0,0,0,0,0,0,0,0,0,0,0,0,0,0,0,0,,,,,
Reset,83,10,24,23/03/2026 16:34:35,58.33%,1400,1520,50,100,10.0,0,0,0,0,0,0,0,0,0,0,0,0,0,0,0,0,0,0,0,0,0,0,0,0,0,0,0,0,0,,,,,
Reset,131,5,40,23/03/2026 14:52:48,87.50%,2000,880,45,50,5.0,0,0,0,0,0,0,0,0,0,0,0,0,0,0,0,0,0,0,0,0,0,0,0,0,0,0,0,0,0,,,,,
Reset,83,9,24,23/03/2026 14:51:40,62.50%,1400,1520,50,100,9.0,0,0,0,0,0,0,0,0,0,0,0,0,0,0,0,0,0,0,0,0,0,0,0,0,0,0,0,0,0,,,,,
Reset,135,8,40,23/03/2026 14:45:14,80.00%,2000,80,45,50,3.0,0,5,0,0,0,0,0,0,0,0,0,0,0,0,0,0,0,0,0,0,0,0,0,0,0,0,0,0,0,,,,,
Reset,136,7,40,23/03/2026 14:39:28,82.50%,200,80,45,50,0.0,0,4,0,0,0,0,0,0,0,1,0,0,0,2,0,0,0,0,0,0,0,0,0,0,0,0,0,0,0,,,,,
Reset,132,7,40,23/03/2026 14:34:59,82.50%,2000,880,45,50,4.0,0,3,0,0,0,0,0,0,0,0,0,0,0,0,0,0,0,0,0,0,0,0,0,0,0,0,0,0,0,,,,,
Reset,132,5,40,23/03/2026 14:32:33,87.50%,2000,880,45,50,0.0,0,5,0,0,0,0,0,0,0,0,0,0,0,0,0,0,0,0,0,0,0,0,0,0,0,0,0,0,0,,,,,
Reset,81,7,24,23/03/2026 14:31:26,70.83%,1400,1520,50,100,6.0,0,0,0,0,1,0,0,0,0,0,0,0,0,0,0,0,0,0,0,0,0,0,0,0,0,0,0,0,0,,,,,
Reset,82,8,24,23/03/2026 14:28:30,66.67%,1400,1520,50,100,7.0,0,1,0,0,0,0,0,0,0,0,0,0,0,0,0,0,0,0,0,0,0,0,0,0,0,0,0,0,0,,,,,
Reset,134,12,40,23/03/2026 14:15:06,70.00%,2000,880,45,50,4.0,0,6,0,0,0,0,0,0,0,0,0,0,0,2,0,0,0,0,0,0,0,0,0,0,0,0,0,0,0,,,,,
Reset,131,7,40,23/03/2026 14:07:30,82.50%,2000,880,45,50,6.0,0,0,0,0,0,0,0,0,0,0,0,0,0,1,0,0,0,0,0,0,0,0,0,0,0,0,0,0,0,,,,,
Reset,135,12,40,23/03/2026 14:05:55,70.00%,2000,80,45,50,9.0,0,1,0,0,0,0,0,0,0,0,0,0,0,2,0,0,0,0,0,0,0,0,0,0,0,0,0,0,0,,,,,
Reset,136,2,40,23/03/2026 14:03:10,95.00%,200,80,45,50,0.0,0,2,0,0,0,0,0,0,0,0,0,0,0,0,0,0,0,0,0,0,0,0,0,0,0,0,0,0,0,,,,,
Reset,80,14,24,23/03/2026 14:02:22,41.67%,1400,1520,50,100,14.0,0,0,0,0,0,0,0,0,0,0,0,0,0,0,0,0,0,0,0,0,0,0,0,0,0,0,0,0,0,,,,,
Reset,133,5,40,23/03/2026 13:55:12,87.50%,2000,880,45,50,0.0,0,2,0,0,0,0,0,0,0,0,0,0,0,3,0,0,0,0,0,0,0,0,0,0,0,0,0,0,0,,,,,
Reset,132,13,40,23/03/2026 13:49:41,67.50%,2000,880,45,50,9.0,0,2,0,0,0,0,0,0,0,0,0,0,0,2,0,0,0,0,0,0,0,0,0,0,0,0,0,0,0,,,,,
Reset,134,7,40,23/03/2026 13:45:33,82.50%,2000,880,45,50,1.0,0,4,0,0,0,0,0,0,0,0,0,0,0,2,0,0,0,0,0,0,0,0,0,0,0,0,0,0,0,,,,,
Reset,136,8,40,23/03/2026 13:34:00,80.00%,200,80,45,50,5.0,0,3,0,0,0,0,0,0,0,0,0,0,0,0,0,0,0,0,0,0,0,0,0,0,0,0,0,0,0,,,,,
Reset,132,7,40,23/03/2026 13:21:05,82.50%,2000,880,45,50,3.0,0,0,0,0,0,0,0,0,0,0,0,0,0,4,0,0,0,0,0,0,0,0,0,0,0,0,0,0,0,,,,,
Reset,135,8,40,23/03/2026 13:19:44,80.00%,2000,80,45,50,4.0,0,4,0,0,0,0,0,0,0,0,0,0,0,0,0,0,0,0,0,0,0,0,0,0,0,0,0,0,0,,,,,
Reset,81,9,24,23/03/2026 13:10:08,62.50%,1400,1520,50,100,8.0,0,1,0,0,0,0,0,0,0,0,0,0,0,0,0,0,0,0,0,0,0,0,0,0,0,0,0,0,0,,,,,
Reset,131,11,40,23/03/2026 13:06:26,72.50%,2000,880,45,50,9.0,0,2,0,0,0,0,0,0,0,0,0,0,0,0,0,0,0,0,0,0,0,0,0,0,0,0,0,0,0,,,,,
Reset,82,7,24,23/03/2026 13:01:21,70.83%,1400,1520,50,100,4.0,0,2,0,0,0,0,0,0,0,0,0,0,0,1,0,0,0,0,0,0,0,0,0,0,0,0,0,0,0,,,,,
Reset,136,3,40,23/03/2026 12:51:14,92.50%,200,80,45,50,0.0,0,3,0,0,0,0,0,0,0,0,0,0,0,0,0,0,0,0,0,0,0,0,0,0,0,0,0,0,0,,,,,
Reset,134,4,40,23/03/2026 12:47:31,90.00%,2000,880,45,50,2.0,0,2,0,0,0,0,0,0,0,0,0,0,0,0,0,0,0,0,0,0,0,0,0,0,0,0,0,0,0,,,,,
Reset,132,9,40,23/03/2026 12:37:37,77.50%,2000,880,45,50,6.0,0,3,0,0,0,0,0,0,0,0,0,0,0,0,0,0,0,0,0,0,0,0,0,0,0,0,0,0,0,,,,,
Reset,80,7,24,23/03/2026 12:36:35,70.83%,1400,1520,50,100,5.0,0,0,0,0,0,0,0,0,0,0,0,0,0,2,0,0,0,0,0,0,0,0,0,0,0,0,0,0,0,,,,,
Reset,80,10,24,23/03/2026 12:29:10,58.33%,1400,1520,50,100,10.0,0,0,0,0,0,0,0,0,0,0,0,0,0,0,0,0,0,0,0,0,0,0,0,0,0,0,0,0,0,,,,,
Reset,135,9,40,23/03/2026 12:23:10,77.50%,2000,80,45,50,5.0,0,3,0,0,0,0,0,0,0,0,0,0,0,1,0,0,0,0,0,0,0,0,0,0,0,0,0,0,0,,,,,
Reset,133,6,40,23/03/2026 12:21:50,85.00%,2000,880,45,50,0.0,0,2,0,0,0,0,0,0,0,0,0,0,0,4,0,0,0,0,0,0,0,0,0,0,0,0,0,0,0,,,,,
Reset,81,4,24,23/03/2026 12:20:12,83.33%,1400,1520,50,100,4.0,0,0,0,0,0,0,0,0,0,0,0,0,0,0,0,0,0,0,0,0,0,0,0,0,0,0,0,0,0,,,,,
Reset,136,4,40,23/03/2026 12:14:12,90.00%,200,80,45,50,0.0,0,3,0,0,0,0,0,0,0,0,0,0,0,1,0,0,0,0,0,0,0,0,0,0,0,0,0,0,0,,,,,
Reset,131,13,40,23/03/2026 12:13:05,67.50%,2000,880,45,50,12.0,0,1,0,0,0,0,0,0,0,0,0,0,0,0,0,0,0,0,0,0,0,0,0,0,0,0,0,0,0,,,,,
Reset,134,4,40,23/03/2026 12:11:06,90.00%,2000,880,45,50,1.0,0,3,0,0,0,0,0,0,0,0,0,0,0,0,0,0,0,0,0,0,0,0,0,0,0,0,0,0,0,,,,,
Reset,132,7,40,23/03/2026 12:09:58,82.50%,2000,880,45,50,2.0,0,5,0,0,0,0,0,0,0,0,0,0,0,0,0,0,0,0,0,0,0,0,0,0,0,0,0,0,0,,,,,
Reset,82,5,24,23/03/2026 12:08:04,79.17%,1400,1520,50,100,5.0,0,0,0,0,0,0,0,0,0,0,0,0,0,0,0,0,0,0,0,0,0,0,0,0,0,0,0,0,0,,,,,
Reset,135,5,40,23/03/2026 11:59:55,87.50%,2000,80,45,50,1.0,0,4,0,0,0,0,0,0,0,0,0,0,0,0,0,0,0,0,0,0,0,0,0,0,0,0,0,0,0,,,,,
Reset,80,8,24,23/03/2026 11:50:48,66.67%,1400,1520,50,100,8.0,0,0,0,0,0,0,0,0,0,0,0,0,0,0,0,0,0,0,0,0,0,0,0,0,0,0,0,0,0,,,,,
Reset,81,6,24,23/03/2026 11:02:08,75.00%,1400,1520,50,100,6.0,0,0,0,0,0,0,0,0,0,0,0,0,0,0,0,0,0,0,0,0,0,0,0,0,0,0,0,0,0,,,,,
Reset,133,3,40,23/03/2026 11:00:50,92.50%,2000,880,45,50,0.0,0,2,0,0,0,0,0,0,0,0,0,0,0,1,0,0,0,0,0,0,0,0,0,0,0,0,0,0,0,,,,,
Reset,136,4,40,23/03/2026 10:57:08,90.00%,200,80,45,50,0.0,0,2,0,0,0,0,0,0,0,1,0,0,0,1,0,0,0,0,0,0,0,0,0,0,0,0,0,0,0,,,,,
Reset,80,12,24,23/03/2026 10:51:20,50.00%,1400,1520,50,100,12.0,0,0,0,0,0,0,0,0,0,0,0,0,0,0,0,0,0,0,0,0,0,0,0,0,0,0,0,0,0,,,,,
Reset,135,9,40,23/03/2026 10:42:05,77.50%,2000,80,45,50,8.0,0,1,0,0,0,0,0,0,0,0,0,0,0,0,0,0,0,0,0,0,0,0,0,0,0,0,0,0,0,,,,,
Reset,133,3,40,23/03/2026 10:38:05,92.50%,2000,880,45,50,0.0,0,3,0,0,0,0,0,0,0,0,0,0,0,0,0,0,0,0,0,0,0,0,0,0,0,0,0,0,0,,,,,
Reset,83,11,24,23/03/2026 10:29:37,54.17%,1400,1520,50,100,11.0,0,0,0,0,0,0,0,0,0,0,0,0,0,0,0,0,0,0,0,0,0,0,0,0,0,0,0,0,0,,,,,
Reset,136,3,40,23/03/2026 10:24:38,92.50%,200,80,45,50,0.0,0,3,0,0,0,0,0,0,0,0,0,0,0,0,0,0,0,0,0,0,0,0,0,0,0,0,0,0,0,,,,,
Reset,81,16,24,23/03/2026 10:22:30,33.33%,1400,1520,50,100,16.0,0,0,0,0,0,0,0,0,0,0,0,0,0,0,0,0,0,0,0,0,0,0,0,0,0,0,0,0,0,,,,,
Reset,81,8,24,23/03/2026 10:15:05,66.67%,1400,1520,50,100,8.0,0,0,0,0,0,0,0,0,0,0,0,0,0,0,0,0,0,0,0,0,0,0,0,0,0,0,0,0,0,,,,,
Reset,135,9,40,23/03/2026 10:07:18,77.50%,2000,80,45,50,4.0,0,4,0,0,0,0,0,0,0,1,0,0,0,0,0,0,0,0,0,0,0,0,0,0,0,0,0,0,0,,,,,
Reset,134,3,40,23/03/2026 10:02:35,92.50%,2000,880,45,50,0.0,0,2,0,0,0,0,0,0,0,0,0,0,0,1,0,0,0,0,0,0,0,0,0,0,0,0,0,0,0,,,,,
Reset,133,2,40,23/03/2026 09:53:47,95.00%,2000,880,45,50,0.0,0,2,0,0,0,0,0,0,0,0,0,0,0,0,0,0,0,0,0,0,0,0,0,0,0,0,0,0,0,,,,,
Reset,136,2,40,23/03/2026 09:46:32,95.00%,200,80,45,50,0.0,0,2,0,0,0,0,0,0,0,0,0,0,0,0,0,0,0,0,0,0,0,0,0,0,0,0,0,0,0,,,,,
Reset,133,6,40,23/03/2026 09:43:35,85.00%,2000,880,45,50,0.0,0,3,0,0,0,0,0,0,0,1,0,0,0,2,0,0,0,0,0,0,0,0,0,0,0,0,0,0,0,,,,,
Reset,51,3,15,23/03/2026 09:42:54,80.00%,0,0,0,0,0.0,0,3,0,0,0,0,0,0,0,0,0,0,0,0,0,0,0,0,0,0,0,0,0,0,0,0,0,0,0,,,,,
Reset,132,5,40,23/03/2026 09:42:42,87.50%,2000,880,45,50,0.0,0,3,0,0,0,0,0,0,0,0,0,0,0,2,0,0,0,0,0,0,0,0,0,0,0,0,0,0,0,,,,,
Reset,40,1,15,23/03/2026 09:41:43,93.33%,0,0,0,0,0.0,0,0,0,0,0,0,0,0,0,0,0,0,0,1,0,0,0,0,0,0,0,0,0,0,0,0,0,0,0,,,,,
Reset,135,7,40,23/03/2026 09:31:40,82.50%,2000,80,45,50,5.0,0,2,0,0,0,0,0,0,0,0,0,0,0,0,0,0,0,0,0,0,0,0,0,0,0,0,0,0,0,,,,,
Reset,134,4,40,23/03/2026 09:27:53,90.00%,2000,880,45,50,1.0,0,2,0,0,0,0,0,0,0,0,0,0,0,1,0,0,0,0,0,0,0,0,0,0,0,0,0,0,0,,,,,
Reset,133,2,40,23/03/2026 09:25:29,95.00%,2000,880,45,50,0.0,0,2,0,0,0,0,0,0,0,0,0,0,0,0,0,0,0,0,0,0,0,0,0,0,0,0,0,0,0,,,,,
Reset,39,6,15,23/03/2026 09:23:18,60.00%,0,0,0,0,3.0,0,3,0,0,0,0,0,0,0,0,0,0,0,0,0,0,0,0,0,0,0,0,0,0,0,0,0,0,0,,,,,
Reset,132,7,40,23/03/2026 09:18:10,82.50%,2000,880,45,50,1.0,0,5,0,0,0,0,0,0,0,0,0,0,0,1,0,0,0,0,0,0,0,0,0,0,0,0,0,0,0,,,,,
Reset,81,9,24,23/03/2026 09:07:31,62.50%,1400,1520,50,100,9.0,0,0,0,0,0,0,0,0,0,0,0,0,0,0,0,0,0,0,0,0,0,0,0,0,0,0,0,0,0,,,,,
Reset,136,2,40,23/03/2026 09:06:04,95.00%,200,80,45,50,0.0,0,1,0,0,0,0,0,0,0,0,0,0,0,1,0,0,0,0,0,0,0,0,0,0,0,0,0,0,0,,,,,
Reset,80,10,24,23/03/2026 08:52:41,58.33%,1400,1520,50,100,10.0,0,0,0,0,0,0,0,0,0,0,0,0,0,0,0,0,0,0,0,0,0,0,0,0,0,0,0,0,0,,,,,
Reset,40,3,15,23/03/2026 08:52:23,80.00%,0,0,0,0,2.0,0,1,0,0,0,0,0,0,0,0,0,0,0,0,0,0,0,0,0,0,0,0,0,0,0,0,0,0,0,,,,,
Reset,135,9,40,23/03/2026 08:46:52,77.50%,2000,80,45,50,6.0,0,2,0,0,0,0,0,0,0,0,0,0,0,1,0,0,0,0,0,0,0,0,0,0,0,0,0,0,0,,,,,
Reset,134,7,40,23/03/2026 08:44:21,82.50%,2000,880,45,50,0.0,0,5,0,0,0,0,0,0,0,0,0,0,0,2,0,0,0,0,0,0,0,0,0,0,0,0,0,0,0,,,,,
Reset,136,4,40,23/03/2026 08:24:04,90.00%,200,80,45,50,0.0,0,2,0,0,0,0,0,0,0,1,0,0,0,1,0,0,0,0,0,0,0,0,0,0,0,0,0,0,0,,,,,
Reset,135,8,40,23/03/2026 08:17:57,80.00%,2000,80,45,50,3.0,0,5,0,0,0,0,0,0,0,0,0,0,0,0,0,0,0,0,0,0,0,0,0,0,0,0,0,0,0,,,,,
Reset,134,7,40,23/03/2026 08:07:09,82.50%,2000,880,45,50,2.0,0,4,0,0,0,0,0,0,0,0,0,0,0,1,0,0,0,0,0,0,0,0,0,0,0,0,0,0,0,,,,,
Reset,133,4,40,23/03/2026 08:00:23,90.00%,2000,880,45,50,0.0,0,3,0,0,0,0,0,0,0,0,0,0,0,1,0,0,0,0,0,0,0,0,0,0,0,0,0,0,0,,,,,
Reset,52,3,15,23/03/2026 07:58:25,80.00%,0,0,0,0,1.0,0,0,0,0,0,0,0,0,0,0,0,0,0,0,0,0,0,0,2,0,0,0,0,0,0,0,0,0,0,,,,,
Reset,132,6,40,23/03/2026 07:52:03,85.00%,2000,880,45,50,0.0,0,6,0,0,0,0,0,0,0,0,0,0,0,0,0,0,0,0,0,0,0,0,0,0,0,0,0,0,0,,,,,
Reset,136,1,40,23/03/2026 07:48:33,97.50%,200,80,45,50,0.0,0,1,0,0,0,0,0,0,0,0,0,0,0,0,0,0,0,0,0,0,0,0,0,0,0,0,0,0,0,,,,,
Reset,39,4,15,23/03/2026 07:40:15,73.33%,0,0,0,0,0.0,0,4,0,0,0,0,0,0,0,0,0,0,0,0,0,0,0,0,0,0,0,0,0,0,0,0,0,0,0,,,,,
Reset,134,5,40,23/03/2026 07:33:18,87.50%,2000,880,45,50,0.0,0,4,0,0,0,0,0,0,0,0,0,0,0,1,0,0,0,0,0,0,0,0,0,0,0,0,0,0,0,,,,,
Reset,80,5,24,23/03/2026 07:25:06,79.17%,1400,1520,50,100,5.0,0,0,0,0,0,0,0,0,0,0,0,0,0,0,0,0,0,0,0,0,0,0,0,0,0,0,0,0,0,,,,,
Reset,40,2,15,23/03/2026 07:23:37,86.67%,0,0,0,0,0.0,0,2,0,0,0,0,0,0,0,0,0,0,0,0,0,0,0,0,0,0,0,0,0,0,0,0,0,0,0,,,,,
Reset,81,7,24,23/03/2026 07:13:13,70.83%,1400,1520,50,100,6.0,0,1,0,0,0,0,0,0,0,0,0,0,0,0,0,0,0,0,0,0,0,0,0,0,0,0,0,0,0,,,,,
Reset,51,4,15,23/03/2026 07:11:12,73.33%,0,0,0,0,1.0,0,3,0,0,0,0,0,0,0,0,0,0,0,0,0,0,0,0,0,0,0,0,0,0,0,0,0,0,0,,,,,
Reset,82,9,24,23/03/2026 07:04:46,62.50%,1400,1520,50,100,8.0,0,0,0,0,0,0,0,0,0,0,0,0,0,1,0,0,0,0,0,0,0,0,0,0,0,0,0,0,0,,,,,
Reset,134,6,40,23/03/2026 07:02:20,85.00%,2000,880,45,50,0.0,0,5,0,0,0,0,0,0,0,0,0,0,0,1,0,0,0,0,0,0,0,0,0,0,0,0,0,0,0,,,,,
Reset,135,8,40,23/03/2026 06:58:22,80.00%,2000,80,45,50,6.0,0,1,0,0,0,0,0,0,0,0,0,0,0,1,0,0,0,0,0,0,0,0,0,0,0,0,0,0,0,,,,,
Reset,40,3,15,23/03/2026 06:54:56,80.00%,0,0,0,0,1.0,0,1,0,0,0,0,0,0,0,0,0,0,0,1,0,0,0,0,0,0,0,0,0,0,0,0,0,0,0,,,,,
Reset,132,4,40,23/03/2026 06:48:31,90.00%,2000,880,45,50,0.0,0,4,0,0,0,0,0,0,0,0,0,0,0,0,0,0,0,0,0,0,0,0,0,0,0,0,0,0,0,,,,,
Reset,81,8,24,23/03/2026 06:47:33,66.67%,1400,1520,50,100,8.0,0,0,0,0,0,0,0,0,0,0,0,0,0,0,0,0,0,0,0,0,0,0,0,0,0,0,0,0,0,,,,,
Reset,82,9,24,23/03/2026 06:47:12,62.50%,1400,1520,50,100,9.0,0,0,0,0,0,0,0,0,0,0,0,0,0,0,0,0,0,0,0,0,0,0,0,0,0,0,0,0,0,,,,,
Reset,133,2,40,23/03/2026 06:46:44,95.00%,2000,880,45,50,0.0,0,1,0,0,0,0,0,0,0,0,0,0,0,1,0,0,0,0,0,0,0,0,0,0,0,0,0,0,0,,,,,
Reset,80,8,24,23/03/2026 06:45:35,66.67%,1400,1520,50,100,8.0,0,0,0,0,0,0,0,0,0,0,0,0,0,0,0,0,0,0,0,0,0,0,0,0,0,0,0,0,0,,,,,
Reset,136,10,40,23/03/2026 06:43:09,75.00%,200,80,45,50,4.0,0,6,0,0,0,0,0,0,0,0,0,0,0,0,0,0,0,0,0,0,0,0,0,0,0,0,0,0,0,,,,,
Reset,134,5,40,21/03/2026 14:53:58,87.50%,2000,880,45,50,2.0,0,3,0,0,0,0,0,0,0,0,0,0,0,0,0,0,0,0,0,0,0,0,0,0,0,0,0,0,0,,,,,
Reset,135,11,40,21/03/2026 14:50:12,72.50%,2000,80,45,50,6.0,0,5,0,0,0,0,0,0,0,0,0,0,0,0,0,0,0,0,0,0,0,0,0,0,0,0,0,0,0,,,,,
Reset,132,6,40,21/03/2026 14:48:06,85.00%,2000,880,45,50,0.0,0,4,0,0,0,0,0,0,0,0,0,0,0,2,0,0,0,0,0,0,0,0,0,0,0,0,0,0,0,,,,,
Reset,136,2,40,21/03/2026 14:43:25,95.00%,200,80,45,50,0.0,0,1,0,0,0,0,0,0,0,0,0,0,0,1,0,0,0,0,0,0,0,0,0,0,0,0,0,0,0,,,,,
Reset,134,9,40,21/03/2026 14:33:38,77.50%,2000,880,45,50,4.0,0,4,0,0,0,0,0,0,0,0,0,0,0,1,0,0,0,0,0,0,0,0,0,0,0,0,0,0,0,,,,,
Reset,135,10,40,21/03/2026 14:26:18,75.00%,2000,80,45,50,10.0,0,0,0,0,0,0,0,0,0,0,0,0,0,0,0,0,0,0,0,0,0,0,0,0,0,0,0,0,0,,,,,
Reset,132,8,40,21/03/2026 14:19:59,80.00%,2000,880,45,50,1.0,0,5,0,0,0,0,0,0,0,0,0,0,0,2,0,0,0,0,0,0,0,0,0,0,0,0,0,0,0,,,,,
Reset,133,10,40,21/03/2026 14:16:11,75.00%,2000,880,45,50,0.0,0,5,0,0,0,0,0,0,0,0,0,0,0,5,0,0,0,0,0,0,0,0,0,0,0,0,0,0,0,,,,,
Reset,136,4,40,21/03/2026 14:12:47,90.00%,200,80,45,50,0.0,0,2,0,0,0,0,0,0,0,0,0,0,0,2,0,0,0,0,0,0,0,0,0,0,0,0,0,0,0,,,,,
Reset,52,3,15,21/03/2026 14:10:02,80.00%,0,0,0,0,2.0,0,0,0,0,0,0,0,0,0,0,0,0,0,1,0,0,0,0,0,0,0,0,0,0,0,0,0,0,0,,,,,
Reset,134,10,40,21/03/2026 14:02:03,75.00%,2000,880,45,50,5.0,0,5,0,0,0,0,0,0,0,0,0,0,0,0,0,0,0,0,0,0,0,0,0,0,0,0,0,0,0,,,,,
Reset,135,7,40,21/03/2026 14:00:38,82.50%,2000,80,45,50,4.0,0,2,0,0,0,0,0,0,0,0,0,0,0,1,0,0,0,0,0,0,0,0,0,0,0,0,0,0,0,,,,,
Reset,133,2,40,21/03/2026 13:59:34,95.00%,2000,880,45,50,0.0,0,2,0,0,0,0,0,0,0,0,0,0,0,0,0,0,0,0,0,0,0,0,0,0,0,0,0,0,0,,,,,
Reset,81,5,24,21/03/2026 13:53:39,79.17%,1400,1520,50,100,5.0,0,0,0,0,0,0,0,0,0,0,0,0,0,0,0,0,0,0,0,0,0,0,0,0,0,0,0,0,0,,,,,
Reset,133,4,40,21/03/2026 13:52:36,90.00%,2000,880,45,50,0.0,0,4,0,0,0,0,0,0,0,0,0,0,0,0,0,0,0,0,0,0,0,0,0,0,0,0,0,0,0,,,,,
Reset,136,2,40,21/03/2026 13:49:45,95.00%,200,80,45,50,0.0,0,2,0,0,0,0,0,0,0,0,0,0,0,0,0,0,0,0,0,0,0,0,0,0,0,0,0,0,0,,,,,
Reset,51,5,15,21/03/2026 13:47:04,66.67%,0,0,0,0,1.0,0,4,0,0,0,0,0,0,0,0,0,0,0,0,0,0,0,0,0,0,0,0,0,0,0,0,0,0,0,,,,,
Reset,80,6,24,21/03/2026 13:43:36,75.00%,1400,1520,50,100,6.0,0,0,0,0,0,0,0,0,0,0,0,0,0,0,0,0,0,0,0,0,0,0,0,0,0,0,0,0,0,,,,,
Reset,134,4,40,21/03/2026 13:40:39,90.00%,2000,880,45,50,1.0,0,1,0,0,0,0,0,0,0,0,0,0,0,0,0,0,0,0,0,0,0,2,0,0,0,0,0,0,0,,,,,
Reset,80,6,24,21/03/2026 13:27:21,75.00%,1400,1520,50,100,6.0,0,0,0,0,0,0,0,0,0,0,0,0,0,0,0,0,0,0,0,0,0,0,0,0,0,0,0,0,0,,,,,
Reset,132,4,40,21/03/2026 13:26:57,90.00%,2000,880,45,50,0.0,0,4,0,0,0,0,0,0,0,0,0,0,0,0,0,0,0,0,0,0,0,0,0,0,0,0,0,0,0,,,,,
Reset,133,22,40,21/03/2026 13:24:39,45.00%,2000,880,45,50,0.0,0,21,0,0,0,0,0,0,0,0,0,0,0,1,0,0,0,0,0,0,0,0,0,0,0,0,0,0,0,,,,,
Reset,136,3,40,21/03/2026 13:22:22,92.50%,200,80,45,50,0.0,0,2,0,0,0,0,0,0,0,0,0,0,0,1,0,0,0,0,0,0,0,0,0,0,0,0,0,0,0,,,,,
Reset,39,3,15,21/03/2026 13:17:29,80.00%,0,0,0,0,2.0,0,1,0,0,0,0,0,0,0,0,0,0,0,0,0,0,0,0,0,0,0,0,0,0,0,0,0,0,0,,,,,
Reset,135,6,40,21/03/2026 13:08:08,85.00%,2000,80,45,50,5.0,0,1,0,0,0,0,0,0,0,0,0,0,0,0,0,0,0,0,0,0,0,0,0,0,0,0,0,0,0,,,,,
Reset,40,3,15,21/03/2026 13:07:03,80.00%,0,0,0,0,1.0,0,2,0,0,0,0,0,0,0,0,0,0,0,0,0,0,0,0,0,0,0,0,0,0,0,0,0,0,0,,,,,
Reset,134,5,40,21/03/2026 13:01:07,87.50%,2000,880,45,50,0.0,0,3,0,0,0,0,0,0,0,0,0,0,0,2,0,0,0,0,0,0,0,0,0,0,0,0,0,0,0,,,,,
Reset,83,5,24,21/03/2026 12:59:27,79.17%,1400,1520,50,100,5.0,0,0,0,0,0,0,0,0,0,0,0,0,0,0,0,0,0,0,0,0,0,0,0,0,0,0,0,0,0,,,,,
Reset,51,4,15,21/03/2026 12:56:42,73.33%,0,0,0,0,1.0,0,2,0,0,0,0,0,0,0,0,0,0,0,0,0,0,0,0,0,0,0,0,0,1,0,0,0,0,0,,,,,
Reset,132,6,40,21/03/2026 12:49:04,85.00%,2000,880,45,50,0.0,0,3,0,0,0,0,0,0,0,0,0,0,0,3,0,0,0,0,0,0,0,0,0,0,0,0,0,0,0,,,,,
Reset,133,5,40,21/03/2026 12:47:21,87.50%,2000,880,45,50,0.0,0,2,0,0,0,0,0,0,0,0,0,0,0,3,0,0,0,0,0,0,0,0,0,0,0,0,0,0,0,,,,,
Reset,51,4,15,21/03/2026 12:45:26,73.33%,0,0,0,0,3.0,0,1,0,0,0,0,0,0,0,0,0,0,0,0,0,0,0,0,0,0,0,0,0,0,0,0,0,0,0,,,,,
Reset,83,8,24,21/03/2026 12:41:21,66.67%,1400,1520,50,100,7.0,0,1,0,0,0,0,0,0,0,0,0,0,0,0,0,0,0,0,0,0,0,0,0,0,0,0,0,0,0,,,,,
Reset,136,4,40,21/03/2026 12:37:35,90.00%,200,80,45,50,0.0,0,4,0,0,0,0,0,0,0,0,0,0,0,0,0,0,0,0,0,0,0,0,0,0,0,0,0,0,0,,,,,
Reset,135,6,40,21/03/2026 12:24:04,85.00%,2000,80,45,50,6.0,0,0,0,0,0,0,0,0,0,0,0,0,0,0,0,0,0,0,0,0,0,0,0,0,0,0,0,0,0,,,,,
Reset,134,5,9,21/03/2026 12:22:20,44.44%,0,0,0,0,3.0,0,2,0,0,0,0,0,0,0,0,0,0,0,0,0,0,0,0,0,0,0,0,0,0,0,0,0,0,0,,,,,
Reset,39,6,15,21/03/2026 12:20:02,60.00%,0,0,0,0,4.0,0,0,0,0,0,0,0,0,2,0,0,0,0,0,0,0,0,0,0,0,0,0,0,0,0,0,0,0,0,,,,,
Reset,40,2,15,21/03/2026 12:12:55,86.67%,0,0,0,0,0.0,0,2,0,0,0,0,0,0,0,0,0,0,0,0,0,0,0,0,0,0,0,0,0,0,0,0,0,0,0,,,,,
Reset,132,3,40,21/03/2026 12:02:51,92.50%,2000,880,45,50,0.0,0,3,0,0,0,0,0,0,0,0,0,0,0,0,0,0,0,0,0,0,0,0,0,0,0,0,0,0,0,,,,,
Reset,133,4,40,21/03/2026 12:01:09,90.00%,2000,880,45,50,0.0,0,4,0,0,0,0,0,0,0,0,0,0,0,0,0,0,0,0,0,0,0,0,0,0,0,0,0,0,0,,,,,
Reset,51,2,15,21/03/2026 12:00:04,86.67%,0,0,0,0,2.0,0,0,0,0,0,0,0,0,0,0,0,0,0,0,0,0,0,0,0,0,0,0,0,0,0,0,0,0,0,,,,,
Reset,135,8,40,21/03/2026 11:01:55,80.00%,2000,80,45,50,8.0,0,0,0,0,0,0,0,0,0,0,0,0,0,0,0,0,0,0,0,0,0,0,0,0,0,0,0,0,0,,,,,
Reset,134,7,40,21/03/2026 11:00:32,82.50%,2000,880,45,50,2.0,0,5,0,0,0,0,0,0,0,0,0,0,0,0,0,0,0,0,0,0,0,0,0,0,0,0,0,0,0,,,,,
Reset,52,7,15,21/03/2026 10:49:38,53.33%,0,0,0,0,3.0,0,2,0,0,0,0,0,0,0,0,0,0,0,2,0,0,0,0,0,0,0,0,0,0,0,0,0,0,0,,,,,
Reset,136,4,40,21/03/2026 10:44:42,90.00%,200,80,45,50,0.0,0,2,0,0,0,0,0,0,0,0,0,0,0,2,0,0,0,0,0,0,0,0,0,0,0,0,0,0,0,,,,,
Reset,72,7,20,21/03/2026 10:33:42,65.00%,0,0,0,0,7.0,0,0,0,0,0,0,0,0,0,0,0,0,0,0,0,0,0,0,0,0,0,0,0,0,0,0,0,0,0,,,,,
Reset,132,8,40,21/03/2026 10:21:20,80.00%,2000,880,45,50,0.0,0,8,0,0,0,0,0,0,0,0,0,0,0,0,0,0,0,0,0,0,0,0,0,0,0,0,0,0,0,,,,,
Reset,74,8,20,21/03/2026 10:20:00,60.00%,0,0,0,0,8.0,0,0,0,0,0,0,0,0,0,0,0,0,0,0,0,0,0,0,0,0,0,0,0,0,0,0,0,0,0,,,,,
Reset,135,5,40,21/03/2026 10:15:29,87.50%,2000,80,45,50,5.0,0,0,0,0,0,0,0,0,0,0,0,0,0,0,0,0,0,0,0,0,0,0,0,0,0,0,0,0,0,,,,,
Reset,51,4,15,21/03/2026 10:11:27,73.33%,0,0,0,0,1.0,0,3,0,0,0,0,0,0,0,0,0,0,0,0,0,0,0,0,0,0,0,0,0,0,0,0,0,0,0,,,,,
Reset,133,5,40,21/03/2026 10:05:51,87.50%,2000,880,45,50,0.0,0,5,0,0,0,0,0,0,0,0,0,0,0,0,0,0,0,0,0,0,0,0,0,0,0,0,0,0,0,,,,,
Reset,73,10,20,21/03/2026 10:04:18,50.00%,0,0,0,0,8.0,0,2,0,0,0,0,0,0,0,0,0,0,0,0,0,0,0,0,0,0,0,0,0,0,0,0,0,0,0,,,,,
Reset,134,3,40,21/03/2026 10:03:26,92.50%,2000,880,45,50,1.0,0,2,0,0,0,0,0,0,0,0,0,0,0,0,0,0,0,0,0,0,0,0,0,0,0,0,0,0,0,,,,,
Reset,133,3,40,21/03/2026 09:57:03,92.50%,2000,880,45,50,0.0,0,3,0,0,0,0,0,0,0,0,0,0,0,0,0,0,0,0,0,0,0,0,0,0,0,0,0,0,0,,,,,
Reset,132,7,40,21/03/2026 09:56:49,82.50%,2000,880,45,50,0.0,0,7,0,0,0,0,0,0,0,0,0,0,0,0,0,0,0,0,0,0,0,0,0,0,0,0,0,0,0,,,,,
Reset,39,3,15,21/03/2026 09:55:30,80.00%,0,0,0,0,2.0,0,1,0,0,0,0,0,0,0,0,0,0,0,0,0,0,0,0,0,0,0,0,0,0,0,0,0,0,0,,,,,
Reset,74,9,20,21/03/2026 09:52:58,55.00%,0,0,0,0,8.0,0,0,0,0,0,0,0,0,0,0,0,0,0,0,0,0,1,0,0,0,0,0,0,0,0,0,0,0,0,,,,,
Reset,51,3,15,21/03/2026 09:51:30,80.00%,0,0,0,0,3.0,0,0,0,0,0,0,0,0,0,0,0,0,0,0,0,0,0,0,0,0,0,0,0,0,0,0,0,0,0,,,,,
Reset,132,6,40,21/03/2026 09:49:41,85.00%,2000,880,45,50,0.0,0,4,0,0,0,0,0,0,0,0,0,0,0,2,0,0,0,0,0,0,0,0,0,0,0,0,0,0,0,,,,,
Reset,135,13,40,21/03/2026 09:48:16,67.50%,2000,80,45,50,5.0,0,8,0,0,0,0,0,0,0,0,0,0,0,0,0,0,0,0,0,0,0,0,0,0,0,0,0,0,0,,,,,
Reset,135,8,40,21/03/2026 09:16:05,80.00%,2000,80,45,50,5.0,0,3,0,0,0,0,0,0,0,0,0,0,0,0,0,0,0,0,0,0,0,0,0,0,0,0,0,0,0,,,,,
Reset,39,4,15,21/03/2026 09:14:56,73.33%,0,0,0,0,2.0,0,2,0,0,0,0,0,0,0,0,0,0,0,0,0,0,0,0,0,0,0,0,0,0,0,0,0,0,0,,,,,
Reset,133,4,40,21/03/2026 09:07:51,90.00%,2000,880,45,50,0.0,0,3,0,0,0,0,0,0,0,0,0,0,0,1,0,0,0,0,0,0,0,0,0,0,0,0,0,0,0,,,,,
Reset,136,2,40,21/03/2026 09:05:51,95.00%,200,80,45,50,0.0,0,2,0,0,0,0,0,0,0,0,0,0,0,0,0,0,0,0,0,0,0,0,0,0,0,0,0,0,0,,,,,
Reset,132,5,40,21/03/2026 08:52:00,87.50%,2000,880,45,50,0.0,0,5,0,0,0,0,0,0,0,0,0,0,0,0,0,0,0,0,0,0,0,0,0,0,0,0,0,0,0,,,,,
Reset,134,7,40,21/03/2026 08:49:31,82.50%,2000,880,45,50,4.0,0,3,0,0,0,0,0,0,0,0,0,0,0,0,0,0,0,0,0,0,0,0,0,0,0,0,0,0,0,,,,,
Reset,135,7,40,21/03/2026 08:46:23,82.50%,2000,80,45,50,3.0,0,4,0,0,0,0,0,0,0,0,0,0,0,0,0,0,0,0,0,0,0,0,0,0,0,0,0,0,0,,,,,
Reset,133,5,40,21/03/2026 08:44:41,87.50%,2000,880,45,50,0.0,0,2,0,0,0,0,0,0,0,0,0,0,0,3,0,0,0,0,0,0,0,0,0,0,0,0,0,0,0,,,,,
Reset,136,3,40,21/03/2026 08:43:00,92.50%,200,80,45,50,0.0,0,1,0,0,0,0,0,0,0,0,0,0,0,2,0,0,0,0,0,0,0,0,0,0,0,0,0,0,0,,,,,
Reset,52,3,15,21/03/2026 08:36:17,80.00%,0,0,0,0,2.0,0,1,0,0,0,0,0,0,0,0,0,0,0,0,0,0,0,0,0,0,0,0,0,0,0,0,0,0,0,,,,,
Reset,51,5,15,21/03/2026 08:28:16,66.67%,0,0,0,0,2.0,0,3,0,0,0,0,0,0,0,0,0,0,0,0,0,0,0,0,0,0,0,0,0,0,0,0,0,0,0,,,,,
Reset,132,3,40,21/03/2026 08:20:30,92.50%,2000,880,45,50,0.0,0,3,0,0,0,0,0,0,0,0,0,0,0,0,0,0,0,0,0,0,0,0,0,0,0,0,0,0,0,,,,,
Reset,134,7,40,21/03/2026 08:18:41,82.50%,2000,880,45,50,4.0,0,3,0,0,0,0,0,0,0,0,0,0,0,0,0,0,0,0,0,0,0,0,0,0,0,0,0,0,0,,,,,
Reset,135,7,40,21/03/2026 08:15:49,82.50%,2000,80,45,50,6.0,0,1,0,0,0,0,0,0,0,0,0,0,0,0,0,0,0,0,0,0,0,0,0,0,0,0,0,0,0,,,,,
Reset,136,5,40,21/03/2026 08:09:25,87.50%,200,80,45,50,3.0,0,2,0,0,0,0,0,0,0,0,0,0,0,0,0,0,0,0,0,0,0,0,0,0,0,0,0,0,0,,,,,
Reset,135,8,40,21/03/2026 07:39:34,80.00%,2000,80,45,50,8.0,0,0,0,0,0,0,0,0,0,0,0,0,0,0,0,0,0,0,0,0,0,0,0,0,0,0,0,0,0,,,,,
Reset,134,5,40,21/03/2026 07:36:59,87.50%,2000,880,45,50,2.0,0,3,0,0,0,0,0,0,0,0,0,0,0,0,0,0,0,0,0,0,0,0,0,0,0,0,0,0,0,,,,,
Reset,132,3,40,21/03/2026 07:28:24,92.50%,2000,880,45,50,0.0,0,3,0,0,0,0,0,0,0,0,0,0,0,0,0,0,0,0,0,0,0,0,0,0,0,0,0,0,0,,,,,
Reset,136,14,40,21/03/2026 07:16:43,65.00%,200,80,45,50,10.0,0,4,0,0,0,0,0,0,0,0,0,0,0,0,0,0,0,0,0,0,0,0,0,0,0,0,0,0,0,,,,,
Reset,51,5,15,21/03/2026 07:14:52,66.67%,0,0,0,0,3.0,0,1,0,0,0,0,0,0,0,0,0,0,0,0,0,0,0,0,0,0,0,0,0,1,0,0,0,0,0,,,,,
Reset,135,11,40,21/03/2026 07:07:59,72.50%,2000,80,45,50,5.0,0,6,0,0,0,0,0,0,0,0,0,0,0,0,0,0,0,0,0,0,0,0,0,0,0,0,0,0,0,,,,,
Reset,52,4,15,21/03/2026 07:06:44,73.33%,0,0,0,0,3.0,0,0,0,0,0,0,0,0,0,0,0,0,0,0,0,0,0,0,0,0,0,0,0,1,0,0,0,0,0,,,,,
Reset,134,6,40,21/03/2026 06:52:01,85.00%,2000,880,45,50,3.0,0,3,0,0,0,0,0,0,0,0,0,0,0,0,0,0,0,0,0,0,0,0,0,0,0,0,0,0,0,,,,,
Reset,133,3,40,21/03/2026 06:50:46,92.50%,2000,880,45,50,0.0,0,3,0,0,0,0,0,0,0,0,0,0,0,0,0,0,0,0,0,0,0,0,0,0,0,0,0,0,0,,,,,
Reset,132,11,40,21/03/2026 06:48:23,72.50%,2000,880,45,50,0.0,0,11,0,0,0,0,0,0,0,0,0,0,0,0,0,0,0,0,0,0,0,0,0,0,0,0,0,0,0,,,,,
Reset,81,7,24,20/03/2026 23:22:11,70.83%,1400,1520,50,100,7.0,0,0,0,0,0,0,0,0,0,0,0,0,0,0,0,0,0,0,0,0,0,0,0,0,0,0,0,0,0,,,,,
Reset,51,1,15,20/03/2026 23:09:23,93.33%,0,0,0,0,0.0,0,0,0,0,0,0,0,0,0,0,0,0,0,0,0,0,0,0,0,0,0,0,0,1,0,0,0,0,0,,,,,
Reset,71,5,20,20/03/2026 23:05:15,75.00%,0,0,0,0,2.0,1,1,0,0,0,0,0,0,0,0,0,0,0,0,0,0,1,0,0,0,0,0,0,0,0,0,0,0,0,,,,,
Reset,132,10,40,20/03/2026 23:01:24,75.00%,2000,880,45,50,0.0,0,10,0,0,0,0,0,0,0,0,0,0,0,0,0,0,0,0,0,0,0,0,0,0,0,0,0,0,0,,,,,
Reset,40,2,15,20/03/2026 22:54:15,86.67%,0,0,0,0,1.0,0,1,0,0,0,0,0,0,0,0,0,0,0,0,0,0,0,0,0,0,0,0,0,0,0,0,0,0,0,,,,,
Reset,136,1,40,20/03/2026 22:52:28,97.50%,200,80,45,50,0.0,0,0,0,0,0,0,0,0,0,1,0,0,0,0,0,0,0,0,0,0,0,0,0,0,0,0,0,0,0,,,,,
Reset,74,12,20,20/03/2026 22:50:46,40.00%,0,0,0,0,9.0,0,0,0,0,0,0,0,0,0,0,0,0,0,0,0,0,0,0,0,0,0,0,0,0,0,3,0,0,0,,,,,
Reset,134,1,40,20/03/2026 22:47:38,97.50%,2000,880,45,50,0.0,0,1,0,0,0,0,0,0,0,0,0,0,0,0,0,0,0,0,0,0,0,0,0,0,0,0,0,0,0,,,,,
Reset,81,5,24,20/03/2026 22:44:46,79.17%,1400,1520,50,100,5.0,0,0,0,0,0,0,0,0,0,0,0,0,0,0,0,0,0,0,0,0,0,0,0,0,0,0,0,0,0,,,,,
Reset,82,3,24,20/03/2026 22:33:23,87.50%,1400,1520,50,100,2.0,0,1,0,0,0,0,0,0,0,0,0,0,0,0,0,0,0,0,0,0,0,0,0,0,0,0,0,0,0,,,,,
Reset,70,7,20,20/03/2026 22:25:39,65.00%,0,0,0,0,5.0,0,0,0,0,0,0,0,0,0,0,0,0,0,0,0,0,0,0,0,0,0,0,0,0,0,2,0,0,0,,,,,
Reset,51,3,15,20/03/2026 22:23:20,80.00%,0,0,0,0,1.0,0,2,0,0,0,0,0,0,0,0,0,0,0,0,0,0,0,0,0,0,0,0,0,0,0,0,0,0,0,,,,,
Reset,72,7,20,20/03/2026 22:17:20,65.00%,0,0,0,0,4.0,0,0,0,0,0,0,0,0,0,0,0,0,0,0,0,0,0,0,0,0,0,0,0,0,0,3,0,0,0,,,,,
Reset,37,4,15,20/03/2026 22:16:26,73.33%,0,0,0,0,2.0,0,2,0,0,0,0,0,0,0,0,0,0,0,0,0,0,0,0,0,0,0,0,0,0,0,0,0,0,0,,,,,
Reset,52,2,15,20/03/2026 22:09:22,86.67%,0,0,0,0,2.0,0,0,0,0,0,0,0,0,0,0,0,0,0,0,0,0,0,0,0,0,0,0,0,0,0,0,0,0,0,,,,,
Reset,136,4,40,20/03/2026 22:02:45,90.00%,200,80,45,50,0.0,0,1,0,0,0,0,0,0,0,3,0,0,0,0,0,0,0,0,0,0,0,0,0,0,0,0,0,0,0,,,,,
Reset,73,1,20,20/03/2026 21:55:17,95.00%,0,0,0,0,0.0,0,1,0,0,0,0,0,0,0,0,0,0,0,0,0,0,0,0,0,0,0,0,0,0,0,0,0,0,0,,,,,
Reset,133,2,40,20/03/2026 21:55:02,95.00%,2000,880,45,50,0.0,0,2,0,0,0,0,0,0,0,0,0,0,0,0,0,0,0,0,0,0,0,0,0,0,0,0,0,0,0,,,,,
Reset,135,4,40,20/03/2026 21:49:10,90.00%,2000,80,45,50,0.0,0,4,0,0,0,0,0,0,0,0,0,0,0,0,0,0,0,0,0,0,0,0,0,0,0,0,0,0,0,,,,,
Reset,134,1,40,20/03/2026 21:43:45,97.50%,2000,880,45,50,0.0,0,1,0,0,0,0,0,0,0,0,0,0,0,0,0,0,0,0,0,0,0,0,0,0,0,0,0,0,0,,,,,
Reset,74,10,20,20/03/2026 21:42:45,50.00%,0,0,0,0,8.0,0,0,0,0,0,0,0,0,0,0,0,0,0,0,0,0,0,0,0,0,0,0,0,0,0,2,0,0,0,,,,,
Reset,132,2,40,20/03/2026 21:28:09,95.00%,2000,880,45,50,0.0,0,2,0,0,0,0,0,0,0,0,0,0,0,0,0,0,0,0,0,0,0,0,0,0,0,0,0,0,0,,,,,
Reset,82,8,24,20/03/2026 21:23:00,66.67%,1400,1520,50,100,8.0,0,0,0,0,0,0,0,0,0,0,0,0,0,0,0,0,0,0,0,0,0,0,0,0,0,0,0,0,0,,,,,
Reset,71,4,20,20/03/2026 21:21:39,80.00%,0,0,0,0,1.0,0,2,0,0,0,0,0,0,0,0,0,0,0,0,0,0,0,0,0,0,0,0,0,0,0,1,0,0,0,,,,,
Reset,136,3,40,20/03/2026 21:10:19,92.50%,200,80,45,50,0.0,0,3,0,0,0,0,0,0,0,0,0,0,0,0,0,0,0,0,0,0,0,0,0,0,0,0,0,0,0,,,,,
Reset,69,2,16,20/03/2026 21:06:02,87.50%,0,0,0,0,1.0,0,0,0,0,0,0,0,0,0,1,0,0,0,0,0,0,0,0,0,0,0,0,0,0,0,0,0,0,0,,,,,
Reset,133,2,40,20/03/2026 21:05:19,95.00%,2000,880,45,50,0.0,0,2,0,0,0,0,0,0,0,0,0,0,0,0,0,0,0,0,0,0,0,0,0,0,0,0,0,0,0,,,,,
Reset,68,1,16,20/03/2026 21:03:53,93.75%,0,0,0,0,1.0,0,0,0,0,0,0,0,0,0,0,0,0,0,0,0,0,0,0,0,0,0,0,0,0,0,0,0,0,0,,,,,
Reset,135,2,40,20/03/2026 20:59:43,95.00%,2000,80,45,50,0.0,0,2,0,0,0,0,0,0,0,0,0,0,0,0,0,0,0,0,0,0,0,0,0,0,0,0,0,0,0,,,,,
Reset,70,1,20,20/03/2026 20:57:46,95.00%,0,0,0,0,0.0,0,0,0,0,0,0,0,0,0,0,0,0,0,0,0,0,0,0,0,0,0,0,0,0,0,1,0,0,0,,,,,
Reset,72,7,20,20/03/2026 20:52:20,65.00%,0,0,0,0,1.0,0,0,0,0,0,0,0,0,0,0,0,0,0,0,0,0,0,0,0,0,0,0,0,0,0,6,0,0,0,,,,,
Reset,134,5,40,20/03/2026 20:50:46,87.50%,2000,880,45,50,0.0,0,5,0,0,0,0,0,0,0,0,0,0,0,0,0,0,0,0,0,0,0,0,0,0,0,0,0,0,0,,,,,
Reset,69,0,16,20/03/2026 20:45:13,100.00%,0,0,0,0,0.0,0,0,0,0,0,0,0,0,0,0,0,0,0,0,0,0,0,0,0,0,0,0,0,0,0,0,0,0,0,,,,,
Reset,132,3,40,20/03/2026 20:40:41,92.50%,2000,880,45,50,0.0,0,3,0,0,0,0,0,0,0,0,0,0,0,0,0,0,0,0,0,0,0,0,0,0,0,0,0,0,0,,,,,
Reset,65,4,16,20/03/2026 20:35:52,75.00%,0,0,0,0,0.0,2,2,0,0,0,0,0,0,0,0,0,0,0,0,0,0,0,0,0,0,0,0,0,0,0,0,0,0,0,,,,,
Reset,73,1,20,20/03/2026 20:30:50,95.00%,0,0,0,0,0.0,0,0,0,0,0,0,0,0,0,0,0,0,0,0,0,0,0,0,0,0,0,0,0,0,0,1,0,0,0,,,,,
Reset,74,16,20,20/03/2026 20:26:41,20.00%,0,0,0,0,10.0,0,4,0,0,0,0,0,0,0,0,0,0,0,0,0,0,0,0,0,0,0,2,0,0,0,0,0,0,0,,,,,
Reset,67,3,16,20/03/2026 20:20:56,81.25%,0,0,0,0,3.0,0,0,0,0,0,0,0,0,0,0,0,0,0,0,0,0,0,0,0,0,0,0,0,0,0,0,0,0,0,,,,,
Reset,66,18,16,20/03/2026 20:13:25,-12.50%,0,0,0,0,0.0,8,9,0,0,0,0,0,0,0,0,0,0,0,0,0,0,0,0,0,0,0,1,0,0,0,0,0,0,0,,,,,
Reset,68,2,16,20/03/2026 20:07:05,87.50%,0,0,0,0,1.0,0,0,0,0,0,0,0,0,0,1,0,0,0,0,0,0,0,0,0,0,0,0,0,0,0,0,0,0,0,,,,,
Reset,51,8,15,20/03/2026 20:03:47,46.67%,0,0,0,0,0.0,2,0,0,0,0,0,0,0,0,0,0,0,0,0,0,0,0,0,0,0,0,0,0,6,0,0,0,0,0,,,,,
Reset,74,11,20,20/03/2026 20:02:59,45.00%,0,0,0,0,10.0,0,0,0,0,0,0,0,0,0,0,0,0,0,0,0,0,0,0,0,0,0,0,0,0,0,1,0,0,0,,,,,
Reset,132,4,40,20/03/2026 19:55:47,90.00%,2000,880,45,50,0.0,0,4,0,0,0,0,0,0,0,0,0,0,0,0,0,0,0,0,0,0,0,0,0,0,0,0,0,0,0,,,,,
Reset,69,0,16,20/03/2026 19:53:56,100.00%,0,0,0,0,0.0,0,0,0,0,0,0,0,0,0,0,0,0,0,0,0,0,0,0,0,0,0,0,0,0,0,0,0,0,0,,,,,
Reset,68,3,16,20/03/2026 19:46:42,81.25%,0,0,0,0,0.0,3,0,0,0,0,0,0,0,0,0,0,0,0,0,0,0,0,0,0,0,0,0,0,0,0,0,0,0,0,,,,,
Reset,67,0,16,20/03/2026 19:42:27,100.00%,0,0,0,0,0.0,0,0,0,0,0,0,0,0,0,0,0,0,0,0,0,0,0,0,0,0,0,0,0,0,0,0,0,0,0,,,,,
Reset,135,5,40,20/03/2026 19:41:43,87.50%,2000,80,45,50,0.0,0,5,0,0,0,0,0,0,0,0,0,0,0,0,0,0,0,0,0,0,0,0,0,0,0,0,0,0,0,,,,,
Reset,68,2,16,20/03/2026 19:39:52,87.50%,0,0,0,0,0.0,0,1,0,0,0,0,0,0,0,1,0,0,0,0,0,0,0,0,0,0,0,0,0,0,0,0,0,0,0,,,,,
Reset,66,9,16,20/03/2026 19:37:21,43.75%,0,0,0,0,0.0,3,6,0,0,0,0,0,0,0,0,0,0,0,0,0,0,0,0,0,0,0,0,0,0,0,0,0,0,0,,,,,
Reset,134,3,40,20/03/2026 19:28:21,92.50%,2000,880,45,50,0.0,0,3,0,0,0,0,0,0,0,0,0,0,0,0,0,0,0,0,0,0,0,0,0,0,0,0,0,0,0,,,,,
Reset,72,5,20,20/03/2026 19:26:11,75.00%,0,0,0,0,5.0,0,0,0,0,0,0,0,0,0,0,0,0,0,0,0,0,0,0,0,0,0,0,0,0,0,0,0,0,0,,,,,
Reset,71,7,20,20/03/2026 19:21:08,65.00%,0,0,0,0,3.0,1,3,0,0,0,0,0,0,0,0,0,0,0,0,0,0,0,0,0,0,0,0,0,0,0,0,0,0,0,,,,,
Reset,68,2,16,20/03/2026 19:20:50,87.50%,0,0,0,0,2.0,0,0,0,0,0,0,0,0,0,0,0,0,0,0,0,0,0,0,0,0,0,0,0,0,0,0,0,0,0,,,,,
Reset,40,5,15,20/03/2026 19:15:28,66.67%,0,0,0,0,5.0,0,0,0,0,0,0,0,0,0,0,0,0,0,0,0,0,0,0,0,0,0,0,0,0,0,0,0,0,0,,,,,
Reset,68,3,16,20/03/2026 19:11:37,81.25%,0,0,0,0,2.0,0,1,0,0,0,0,0,0,0,0,0,0,0,0,0,0,0,0,0,0,0,0,0,0,0,0,0,0,0,,,,,
Reset,67,2,16,20/03/2026 19:09:27,87.50%,0,0,0,0,1.0,0,1,0,0,0,0,0,0,0,0,0,0,0,0,0,0,0,0,0,0,0,0,0,0,0,0,0,0,0,,,,,
Reset,39,3,15,20/03/2026 19:02:25,80.00%,0,0,0,0,1.0,0,2,0,0,0,0,0,0,0,0,0,0,0,0,0,0,0,0,0,0,0,0,0,0,0,0,0,0,0,,,,,
Reset,52,8,15,20/03/2026 17:58:33,46.67%,0,0,0,0,8.0,0,0,0,0,0,0,0,0,0,0,0,0,0,0,0,0,0,0,0,0,0,0,0,0,0,0,0,0,0,,,,,
Reset,65,3,16,20/03/2026 17:57:43,81.25%,0,0,0,0,0.0,0,3,0,0,0,0,0,0,0,0,0,0,0,0,0,0,0,0,0,0,0,0,0,0,0,0,0,0,0,,,,,
Reset,69,1,16,20/03/2026 17:42:12,93.75%,0,0,0,0,1.0,0,0,0,0,0,0,0,0,0,0,0,0,0,0,0,0,0,0,0,0,0,0,0,0,0,0,0,0,0,,,,,
Reset,66,7,16,20/03/2026 17:27:44,56.25%,0,0,0,0,0.0,3,4,0,0,0,0,0,0,0,0,0,0,0,0,0,0,0,0,0,0,0,0,0,0,0,0,0,0,0,,,,,
Reset,73,2,20,20/03/2026 17:24:16,90.00%,0,0,0,0,0.0,0,2,0,0,0,0,0,0,0,0,0,0,0,0,0,0,0,0,0,0,0,0,0,0,0,0,0,0,0,,,,,
Reset,134,4,40,20/03/2026 17:21:38,90.00%,2000,880,45,50,0.0,0,4,0,0,0,0,0,0,0,0,0,0,0,0,0,0,0,0,0,0,0,0,0,0,0,0,0,0,0,,,,,
Reset,51,6,15,20/03/2026 17:19:07,60.00%,0,0,0,0,0.0,3,3,0,0,0,0,0,0,0,0,0,0,0,0,0,0,0,0,0,0,0,0,0,0,0,0,0,0,0,,,,,
Reset,135,1,40,20/03/2026 17:07:07,97.50%,2000,80,45,50,0.0,0,1,0,0,0,0,0,0,0,0,0,0,0,0,0,0,0,0,0,0,0,0,0,0,0,0,0,0,0,,,,,
Reset,68,1,16,20/03/2026 17:05:55,93.75%,0,0,0,0,1.0,0,0,0,0,0,0,0,0,0,0,0,0,0,0,0,0,0,0,0,0,0,0,0,0,0,0,0,0,0,,,,,
Reset,67,1,16,20/03/2026 17:02:46,93.75%,0,0,0,0,0.0,0,1,0,0,0,0,0,0,0,0,0,0,0,0,0,0,0,0,0,0,0,0,0,0,0,0,0,0,0,,,,,
Reset,67,2,16,20/03/2026 17:01:34,87.50%,0,0,0,0,2.0,0,0,0,0,0,0,0,0,0,0,0,0,0,0,0,0,0,0,0,0,0,0,0,0,0,0,0,0,0,,,,,
Reset,134,2,40,20/03/2026 17:00:51,95.00%,2000,880,45,50,0.0,0,2,0,0,0,0,0,0,0,0,0,0,0,0,0,0,0,0,0,0,0,0,0,0,0,0,0,0,0,,,,,
Reset,70,6,20,20/03/2026 17:00:28,70.00%,0,0,0,0,0.0,0,1,0,0,0,0,0,0,0,0,0,0,0,0,0,0,0,0,0,0,0,0,0,0,0,5,0,0,0,,,,,
Reset,132,10,40,20/03/2026 16:59:22,75.00%,2000,880,45,50,10.0,0,0,0,0,0,0,0,0,0,0,0,0,0,0,0,0,0,0,0,0,0,0,0,0,0,0,0,0,0,,,,,
Reset,136,3,40,20/03/2026 16:58:35,92.50%,200,80,45,50,0.0,0,3,0,0,0,0,0,0,0,0,0,0,0,0,0,0,0,0,0,0,0,0,0,0,0,0,0,0,0,,,,,
Reset,72,13,20,20/03/2026 16:51:32,35.00%,0,0,0,0,11.0,0,0,0,0,0,0,0,0,0,0,0,0,0,0,0,0,0,0,0,0,0,0,0,0,0,2,0,0,0,,,,,
Reset,134,2,40,20/03/2026 16:46:17,95.00%,2000,880,45,50,0.0,0,2,0,0,0,0,0,0,0,0,0,0,0,0,0,0,0,0,0,0,0,0,0,0,0,0,0,0,0,,,,,
Reset,133,11,40,20/03/2026 16:43:44,72.50%,2000,880,45,50,6.0,0,5,0,0,0,0,0,0,0,0,0,0,0,0,0,0,0,0,0,0,0,0,0,0,0,0,0,0,0,,,,,
Reset,67,4,16,20/03/2026 16:43:24,75.00%,0,0,0,0,3.0,0,1,0,0,0,0,0,0,0,0,0,0,0,0,0,0,0,0,0,0,0,0,0,0,0,0,0,0,0,,,,,
Reset,74,10,20,20/03/2026 16:39:13,50.00%,0,0,0,0,7.0,0,0,0,0,0,0,0,0,0,0,0,0,0,0,0,0,0,0,0,0,0,0,0,0,0,3,0,0,0,,,,,
Reset,65,2,16,20/03/2026 16:33:58,87.50%,0,0,0,0,0.0,0,0,0,0,0,0,0,0,0,2,0,0,0,0,0,0,0,0,0,0,0,0,0,0,0,0,0,0,0,,,,,
Reset,68,1,16,20/03/2026 16:31:41,93.75%,0,0,0,0,1.0,0,0,0,0,0,0,0,0,0,0,0,0,0,0,0,0,0,0,0,0,0,0,0,0,0,0,0,0,0,,,,,
Reset,72,12,20,20/03/2026 16:29:17,40.00%,0,0,0,0,12.0,0,0,0,0,0,0,0,0,0,0,0,0,0,0,0,0,0,0,0,0,0,0,0,0,0,0,0,0,0,,,,,
Reset,133,3,40,20/03/2026 16:19:04,92.50%,2000,880,45,50,0.0,0,3,0,0,0,0,0,0,0,0,0,0,0,0,0,0,0,0,0,0,0,0,0,0,0,0,0,0,0,,,,,
Reset,71,7,20,20/03/2026 16:18:17,65.00%,0,0,0,0,2.0,0,5,0,0,0,0,0,0,0,0,0,0,0,0,0,0,0,0,0,0,0,0,0,0,0,0,0,0,0,,,,,
Reset,70,10,20,20/03/2026 16:12:22,50.00%,0,0,0,0,10.0,0,0,0,0,0,0,0,0,0,0,0,0,0,0,0,0,0,0,0,0,0,0,0,0,0,0,0,0,0,,,,,
Reset,68,1,16,20/03/2026 16:01:47,93.75%,0,0,0,0,1.0,0,0,0,0,0,0,0,0,0,0,0,0,0,0,0,0,0,0,0,0,0,0,0,0,0,0,0,0,0,,,,,
Reset,67,2,16,20/03/2026 15:53:16,87.50%,0,0,0,0,1.0,0,1,0,0,0,0,0,0,0,0,0,0,0,0,0,0,0,0,0,0,0,0,0,0,0,0,0,0,0,,,,,
Reset,74,7,20,20/03/2026 15:50:46,65.00%,0,0,0,0,7.0,0,0,0,0,0,0,0,0,0,0,0,0,0,0,0,0,0,0,0,0,0,0,0,0,0,0,0,0,0,,,,,
Reset,69,1,16,20/03/2026 15:48:57,93.75%,0,0,0,0,0.0,0,1,0,0,0,0,0,0,0,0,0,0,0,0,0,0,0,0,0,0,0,0,0,0,0,0,0,0,0,,,,,
Reset,65,1,16,20/03/2026 15:46:21,93.75%,0,0,0,0,0.0,0,0,0,0,0,0,0,1,0,0,0,0,0,0,0,0,0,0,0,0,0,0,0,0,0,0,0,0,0,,,,,
Reset,40,8,15,20/03/2026 15:20:16,46.67%,0,0,0,0,4.0,2,2,0,0,0,0,0,0,0,0,0,0,0,0,0,0,0,0,0,0,0,0,0,0,0,0,0,0,0,,,,,
Reset,39,3,15,20/03/2026 15:13:01,80.00%,0,0,0,0,1.0,0,2,0,0,0,0,0,0,0,0,0,0,0,0,0,0,0,0,0,0,0,0,0,0,0,0,0,0,0,,,,,
Reset,135,13,40,20/03/2026 14:56:55,67.50%,2000,80,45,50,13.0,0,0,0,0,0,0,0,0,0,0,0,0,0,0,0,0,0,0,0,0,0,0,0,0,0,0,0,0,0,,,,,
Reset,132,8,40,20/03/2026 14:53:57,80.00%,2000,880,45,50,1.0,0,7,0,0,0,0,0,0,0,0,0,0,0,0,0,0,0,0,0,0,0,0,0,0,0,0,0,0,0,,,,,
Reset,136,7,40,20/03/2026 14:50:50,82.50%,200,80,45,50,1.0,0,6,0,0,0,0,0,0,0,0,0,0,0,0,0,0,0,0,0,0,0,0,0,0,0,0,0,0,0,,,,,
Reset,133,3,40,20/03/2026 14:49:24,92.50%,2000,880,45,50,2.0,0,0,0,0,0,0,0,0,0,0,0,0,0,1,0,0,0,0,0,0,0,0,0,0,0,0,0,0,0,,,,,
Reset,40,4,15,20/03/2026 14:44:01,100.00%,0,0,0,0,2.0,0,2,0,0,0,0,0,0,0,0,0,0,0,0,0,0,0,0,0,0,0,0,0,0,0,0,0,0,0,,,,,
Reset,134,9,40,20/03/2026 14:38:48,77.50%,2000,880,45,50,4.0,0,5,0,0,0,0,0,0,0,0,0,0,0,0,0,0,0,0,0,0,0,0,0,0,0,0,0,0,0,,,,,
Reset,135,15,40,20/03/2026 14:32:07,62.50%,2000,80,45,50,10.0,0,5,0,0,0,0,0,0,0,0,0,0,0,0,0,0,0,0,0,0,0,0,0,0,0,0,0,0,0,,,,,
Reset,39,5,15,20/03/2026 14:30:21,66.67%,0,0,0,0,3.0,0,2,0,0,0,0,0,0,0,0,0,0,0,0,0,0,0,0,0,0,0,0,0,0,0,0,0,0,0,,,,,
Reset,132,6,40,20/03/2026 14:28:30,85.00%,2000,880,45,50,6.0,0,0,0,0,0,0,0,0,0,0,0,0,0,0,0,0,0,0,0,0,0,0,0,0,0,0,0,0,0,,,,,
Reset,136,3,40,20/03/2026 14:24:51,92.50%,200,80,45,50,0.0,0,3,0,0,0,0,0,0,0,0,0,0,0,0,0,0,0,0,0,0,0,0,0,0,0,0,0,0,0,,,,,
Reset,133,2,40,20/03/2026 14:23:13,95.00%,2000,880,45,50,2.0,0,0,0,0,0,0,0,0,0,0,0,0,0,0,0,0,0,0,0,0,0,0,0,0,0,0,0,0,0,,,,,
Reset,72,2,20,20/03/2026 14:12:50,90.00%,0,0,0,0,2.0,0,0,0,0,0,0,0,0,0,0,0,0,0,0,0,0,0,0,0,0,0,0,0,0,0,0,0,0,0,,,,,
Reset,132,8,40,20/03/2026 13:53:15,80.00%,2000,880,45,50,6.0,0,2,0,0,0,0,0,0,0,0,0,0,0,0,0,0,0,0,0,0,0,0,0,0,0,0,0,0,0,,,,,
Reset,40,4,15,20/03/2026 13:52:21,73.33%,0,0,0,0,2.0,0,2,0,0,0,0,0,0,0,0,0,0,0,0,0,0,0,0,0,0,0,0,0,0,0,0,0,0,0,,,,,
Reset,134,8,40,20/03/2026 13:46:06,80.00%,2000,880,45,50,5.0,0,3,0,0,0,0,0,0,0,0,0,0,0,0,0,0,0,0,0,0,0,0,0,0,0,0,0,0,0,,,,,
Reset,135,2,40,20/03/2026 13:30:07,-5242.50%,2000,80,45,50,2135.0,0,2,0,0,0,0,0,0,0,0,0,0,0,0,0,0,0,0,0,0,0,0,0,0,0,0,0,0,0,,,,,
Reset,136,3,40,20/03/2026 13:21:55,92.50%,200,80,45,50,0.0,0,3,0,0,0,0,0,0,0,0,0,0,0,0,0,0,0,0,0,0,0,0,0,0,0,0,0,0,0,,,,,
Reset,132,2,40,20/03/2026 13:21:32,95.00%,2000,880,45,50,0.0,0,2,0,0,0,0,0,0,0,0,0,0,0,0,0,0,0,0,0,0,0,0,0,0,0,0,0,0,0,,,,,
Reset,133,2,40,20/03/2026 13:20:53,95.00%,2000,880,45,50,2.0,0,0,0,0,0,0,0,0,0,0,0,0,0,0,0,0,0,0,0,0,0,0,0,0,0,0,0,0,0,,,,,
Reset,51,2,15,20/03/2026 13:20:05,86.67%,0,0,0,0,0.0,0,1,0,0,0,0,0,0,0,0,0,0,0,0,0,0,0,0,0,0,0,0,0,1,0,0,0,0,0,,,,,
Reset,40,5,15,20/03/2026 13:17:00,66.67%,0,0,0,0,1.0,0,4,0,0,0,0,0,0,0,0,0,0,0,0,0,0,0,0,0,0,0,0,0,0,0,0,0,0,0,,,,,
Reset,39,6,15,20/03/2026 13:12:53,60.00%,0,0,0,0,2.0,0,4,0,0,0,0,0,0,0,0,0,0,0,0,0,0,0,0,0,0,0,0,0,0,0,0,0,0,0,,,,,
Reset,52,2,15,20/03/2026 13:09:52,86.67%,0,0,0,0,2.0,0,0,0,0,0,0,0,0,0,0,0,0,0,0,0,0,0,0,0,0,0,0,0,0,0,0,0,0,0,,,,,
Reset,135,2,40,20/03/2026 13:04:13,95.00%,2000,80,45,50,2.0,0,0,0,0,0,0,0,0,0,0,0,0,0,0,0,0,0,0,0,0,0,0,0,0,0,0,0,0,0,,,,,
Reset,132,2,40,20/03/2026 12:59:41,95.00%,2000,880,45,50,2.0,0,0,0,0,0,0,0,0,0,0,0,0,0,0,0,0,0,0,0,0,0,0,0,0,0,0,0,0,0,,,,,
Reset,40,1,15,20/03/2026 12:27:31,93.33%,0,0,0,0,1.0,0,0,0,0,0,0,0,0,0,0,0,0,0,0,0,0,0,0,0,0,0,0,0,0,0,0,0,0,0,,,,,
Reset,51,5,15,20/03/2026 12:19:55,66.67%,0,0,0,0,2.0,0,3,0,0,0,0,0,0,0,0,0,0,0,0,0,0,0,0,0,0,0,0,0,0,0,0,0,0,0,,,,,
Reset,136,0,40,20/03/2026 12:12:38,100.00%,200,80,45,50,0.0,0,0,0,0,0,0,0,0,0,0,0,0,0,0,0,0,0,0,0,0,0,0,0,0,0,0,0,0,0,,,,,
Reset,132,0,40,20/03/2026 12:12:29,100.00%,2000,880,45,50,0.0,0,0,0,0,0,0,0,0,0,0,0,0,0,0,0,0,0,0,0,0,0,0,0,0,0,0,0,0,0,,,,,
Reset,132,3,40,20/03/2026 12:12:20,92.50%,2000,880,45,50,0.0,0,3,0,0,0,0,0,0,0,0,0,0,0,0,0,0,0,0,0,0,0,0,0,0,0,0,0,0,0,,,,,
Reset,132,3,40,20/03/2026 12:12:06,92.50%,2000,880,45,50,0.0,0,3,0,0,0,0,0,0,0,0,0,0,0,0,0,0,0,0,0,0,0,0,0,0,0,0,0,0,0,,,,,
Reset,136,0,40,20/03/2026 12:11:51,100.00%,200,80,45,50,0.0,0,0,0,0,0,0,0,0,0,0,0,0,0,0,0,0,0,0,0,0,0,0,0,0,0,0,0,0,0,,,,,
Reset,136,7,40,20/03/2026 11:28:11,82.50%,200,80,45,50,1.0,0,5,0,0,0,0,0,1,0,0,0,0,0,0,0,0,0,0,0,0,0,0,0,0,0,0,0,0,0,,,,,
Reset,132,4,40,20/03/2026 11:20:59,90.00%,2000,880,45,50,2.0,0,2,0,0,0,0,0,0,0,0,0,0,0,0,0,0,0,0,0,0,0,0,0,0,0,0,0,0,0,,,,,
Reset,135,2,40,20/03/2026 11:09:39,95.00%,2000,80,45,50,0.0,0,2,0,0,0,0,0,0,0,0,0,0,0,0,0,0,0,0,0,0,0,0,0,0,0,0,0,0,0,,,,,
Reset,40,9,15,20/03/2026 11:06:36,40.00%,0,0,0,0,0.0,0,9,0,0,0,0,0,0,0,0,0,0,0,0,0,0,0,0,0,0,0,0,0,0,0,0,0,0,0,,,,,
Reset,51,3,15,20/03/2026 10:54:07,80.00%,0,0,0,0,3.0,0,0,0,0,0,0,0,0,0,0,0,0,0,0,0,0,0,0,0,0,0,0,0,0,0,0,0,0,0,,,,,
Reset,134,2,40,20/03/2026 10:49:28,95.00%,2000,880,45,50,0.0,0,2,0,0,0,0,0,0,0,0,0,0,0,0,0,0,0,0,0,0,0,0,0,0,0,0,0,0,0,,,,,
Reset,132,2,40,20/03/2026 10:38:54,95.00%,2000,880,45,50,1.0,0,0,0,0,0,0,0,0,0,0,0,0,0,1,0,0,0,0,0,0,0,0,0,0,0,0,0,0,0,,,,,
Reset,135,2,40,20/03/2026 10:36:46,95.00%,2000,80,45,50,1.0,0,1,0,0,0,0,0,0,0,0,0,0,0,0,0,0,0,0,0,0,0,0,0,0,0,0,0,0,0,,,,,
Reset,133,2,40,20/03/2026 10:36:25,95.00%,2000,880,45,50,0.0,0,1,0,0,0,0,0,0,0,0,0,0,0,1,0,0,0,0,0,0,0,0,0,0,0,0,0,0,0,,,,,
Reset,52,3,15,20/03/2026 10:32:13,80.00%,0,0,0,0,3.0,0,0,0,0,0,0,0,0,0,0,0,0,0,0,0,0,0,0,0,0,0,0,0,0,0,0,0,0,0,,,,,
Reset,136,1,40,20/03/2026 10:27:25,97.50%,200,80,45,50,0.0,0,0,0,0,0,0,0,0,0,0,0,0,0,1,0,0,0,0,0,0,0,0,0,0,0,0,0,0,0,,,,,
Reset,134,1,40,20/03/2026 10:24:52,97.50%,2000,880,45,50,0.0,0,1,0,0,0,0,0,0,0,0,0,0,0,0,0,0,0,0,0,0,0,0,0,0,0,0,0,0,0,,,,,
Reset,132,2,40,20/03/2026 10:16:13,95.00%,2000,880,45,50,1.0,0,1,0,0,0,0,0,0,0,0,0,0,0,0,0,0,0,0,0,0,0,0,0,0,0,0,0,0,0,,,,,
Reset,135,2,40,20/03/2026 10:14:03,95.00%,2000,80,45,50,0.0,0,2,0,0,0,0,0,0,0,0,0,0,0,0,0,0,0,0,0,0,0,0,0,0,0,0,0,0,0,,,,,
Reset,39,7,15,20/03/2026 10:13:21,53.33%,0,0,0,0,3.0,0,4,0,0,0,0,0,0,0,0,0,0,0,0,0,0,0,0,0,0,0,0,0,0,0,0,0,0,0,,,,,
Reset,133,2,40,20/03/2026 10:06:02,95.00%,2000,880,45,50,1.0,0,0,0,0,0,0,0,0,0,0,0,0,0,1,0,0,0,0,0,0,0,0,0,0,0,0,0,0,0,,,,,
Reset,136,2,40,20/03/2026 10:03:23,95.00%,200,80,45,50,0.0,0,1,0,0,0,0,0,0,0,0,0,0,0,1,0,0,0,0,0,0,0,0,0,0,0,0,0,0,0,,,,,
Reset,51,1,15,20/03/2026 09:54:21,93.33%,0,0,0,0,1.0,0,0,0,0,0,0,0,0,0,0,0,0,0,0,0,0,0,0,0,0,0,0,0,0,0,0,0,0,0,,,,,
Reset,132,2,40,20/03/2026 09:44:55,95.00%,2000,880,45,50,0.0,0,2,0,0,0,0,0,0,0,0,0,0,0,0,0,0,0,0,0,0,0,0,0,0,0,0,0,0,0,,,,,
Reset,52,5,15,20/03/2026 09:41:47,66.67%,0,0,0,0,5.0,0,0,0,0,0,0,0,0,0,0,0,0,0,0,0,0,0,0,0,0,0,0,0,0,0,0,0,0,0,,,,,
Reset,134,2,40,20/03/2026 09:37:08,95.00%,2000,880,45,50,0.0,0,2,0,0,0,0,0,0,0,0,0,0,0,0,0,0,0,0,0,0,0,0,0,0,0,0,0,0,0,,,,,
Reset,51,2,15,20/03/2026 09:35:15,86.67%,0,0,0,0,1.0,0,1,0,0,0,0,0,0,0,0,0,0,0,0,0,0,0,0,0,0,0,0,0,0,0,0,0,0,0,,,,,
Reset,133,0,40,20/03/2026 09:34:54,100.00%,2000,880,45,50,0.0,0,0,0,0,0,0,0,0,0,0,0,0,0,0,0,0,0,0,0,0,0,0,0,0,0,0,0,0,0,,,,,
Reset,136,2,40,20/03/2026 09:34:35,95.00%,200,80,45,50,0.0,0,2,0,0,0,0,0,0,0,0,0,0,0,0,0,0,0,0,0,0,0,0,0,0,0,0,0,0,0,,,,,
Reset,133,1,40,20/03/2026 09:34:19,97.50%,2000,880,45,50,0.0,0,1,0,0,0,0,0,0,0,0,0,0,0,0,0,0,0,0,0,0,0,0,0,0,0,0,0,0,0,,,,,
Reset,135,1,40,20/03/2026 09:34:05,97.50%,2000,80,45,50,1.0,0,0,0,0,0,0,0,0,0,0,0,0,0,0,0,0,0,0,0,0,0,0,0,0,0,0,0,0,0,,,,,
Reset,136,2,40,20/03/2026 09:30:52,95.00%,200,80,45,50,0.0,0,1,0,0,0,0,0,0,1,0,0,0,0,0,0,0,0,0,0,0,0,0,0,0,0,0,0,0,0,,,,,
Reset,133,2,40,20/03/2026 09:22:56,95.00%,2000,880,45,50,0.0,0,2,0,0,0,0,0,0,0,0,0,0,0,0,0,0,0,0,0,0,0,0,0,0,0,0,0,0,0,,,,,
Reset,132,4,40,20/03/2026 09:19:55,90.00%,2000,880,45,50,0.0,0,3,0,0,0,0,0,1,0,0,0,0,0,0,0,0,0,0,0,0,0,0,0,0,0,0,0,0,0,,,,,
Reset,39,1,15,20/03/2026 09:16:51,93.33%,0,0,0,0,0.0,0,1,0,0,0,0,0,0,0,0,0,0,0,0,0,0,0,0,0,0,0,0,0,0,0,0,0,0,0,,,,,
Reset,40,4,15,20/03/2026 09:16:30,73.33%,0,0,0,0,0.0,0,4,0,0,0,0,0,0,0,0,0,0,0,0,0,0,0,0,0,0,0,0,0,0,0,0,0,0,0,,,,,
Reset,132,2,40,20/03/2026 09:16:13,95.00%,2000,880,45,50,0.0,0,2,0,0,0,0,0,0,0,0,0,0,0,0,0,0,0,0,0,0,0,0,0,0,0,0,0,0,0,,,,,
Reset,134,2,40,20/03/2026 08:38:04,95.00%,2000,880,45,50,0.0,0,2,0,0,0,0,0,0,0,0,0,0,0,0,0,0,0,0,0,0,0,0,0,0,0,0,0,0,0,,,,,
Reset,69,1,16,20/03/2026 08:37:41,93.75%,0,0,0,0,0.0,0,1,0,0,0,0,0,0,0,0,0,0,0,0,0,0,0,0,0,0,0,0,0,0,0,0,0,0,0,,,,,
Reset,135,1,40,20/03/2026 08:36:48,97.50%,2000,80,45,50,0.0,0,1,0,0,0,0,0,0,0,0,0,0,0,0,0,0,0,0,0,0,0,0,0,0,0,0,0,0,0,,,,,
Reset,66,0,16,20/03/2026 08:32:54,100.00%,0,0,0,0,0.0,0,0,0,0,0,0,0,0,0,0,0,0,0,0,0,0,0,0,0,0,0,0,0,0,0,0,0,0,0,,,,,
Reset,68,8,16,20/03/2026 08:29:59,50.00%,0,0,0,0,1.0,4,3,0,0,0,0,0,0,0,0,0,0,0,0,0,0,0,0,0,0,0,0,0,0,0,0,0,0,0,,,,,
Reset,68,2,16,20/03/2026 08:28:22,87.50%,0,0,0,0,2.0,0,0,0,0,0,0,0,0,0,0,0,0,0,0,0,0,0,0,0,0,0,0,0,0,0,0,0,0,0,,,,,
Reset,40,2,15,20/03/2026 08:24:59,86.67%,0,0,0,0,0.0,0,2,0,0,0,0,0,0,0,0,0,0,0,0,0,0,0,0,0,0,0,0,0,0,0,0,0,0,0,,,,,
Reset,66,14,16,20/03/2026 08:22:50,12.50%,0,0,0,0,3.0,4,7,0,0,0,0,0,0,0,0,0,0,0,0,0,0,0,0,0,0,0,0,0,0,0,0,0,0,0,,,,,
Reset,52,5,15,20/03/2026 08:13:13,66.67%,0,0,0,0,3.0,0,1,0,0,0,0,0,0,0,0,0,0,0,0,0,0,0,0,0,0,0,0,0,1,0,0,0,0,0,,,,,
Reset,67,2,16,20/03/2026 08:11:50,87.50%,0,0,0,0,2.0,0,0,0,0,0,0,0,0,0,0,0,0,0,0,0,0,0,0,0,0,0,0,0,0,0,0,0,0,0,,,,,
Reset,65,0,16,20/03/2026 08:09:30,100.00%,0,0,0,0,0.0,0,0,0,0,0,0,0,0,0,0,0,0,0,0,0,0,0,0,0,0,0,0,0,0,0,0,0,0,0,,,,,
Reset,69,1,16,20/03/2026 08:06:22,93.75%,0,0,0,0,1.0,0,0,0,0,0,0,0,0,0,0,0,0,0,0,0,0,0,0,0,0,0,0,0,0,0,0,0,0,0,,,,,
Reset,39,1,15,20/03/2026 08:04:01,93.33%,0,0,0,0,1.0,0,0,0,0,0,0,0,0,0,0,0,0,0,0,0,0,0,0,0,0,0,0,0,0,0,0,0,0,0,,,,,
Reset,52,4,15,20/03/2026 08:03:12,73.33%,0,0,0,0,3.0,0,1,0,0,0,0,0,0,0,0,0,0,0,0,0,0,0,0,0,0,0,0,0,0,0,0,0,0,0,,,,,
Reset,73,5,20,20/03/2026 07:53:24,75.00%,0,0,0,0,0.0,0,5,0,0,0,0,0,0,0,0,0,0,0,0,0,0,0,0,0,0,0,0,0,0,0,0,0,0,0,,,,,
Reset,51,4,15,20/03/2026 07:49:54,73.33%,0,0,0,0,1.0,0,2,0,0,0,0,0,0,0,0,0,0,0,0,0,0,0,0,0,0,0,0,0,1,0,0,0,0,0,,,,,
Reset,67,0,16,20/03/2026 07:40:59,100.00%,0,0,0,0,0.0,0,0,0,0,0,0,0,0,0,0,0,0,0,0,0,0,0,0,0,0,0,0,0,0,0,0,0,0,0,,,,,
Reset,83,12,24,20/03/2026 07:35:56,50.00%,1400,1520,50,100,5.0,0,0,0,0,0,0,0,0,0,0,0,0,0,0,0,0,0,0,0,0,7,0,0,0,0,0,0,0,0,,,,,
Reset,73,4,20,20/03/2026 07:29:55,80.00%,0,0,0,0,1.0,0,3,0,0,0,0,0,0,0,0,0,0,0,0,0,0,0,0,0,0,0,0,0,0,0,0,0,0,0,,,,,
Reset,52,2,15,20/03/2026 07:29:37,86.67%,0,0,0,0,2.0,0,0,0,0,0,0,0,0,0,0,0,0,0,0,0,0,0,0,0,0,0,0,0,0,0,0,0,0,0,,,,,
Reset,51,4,15,20/03/2026 07:16:47,73.33%,0,0,0,0,2.0,0,2,0,0,0,0,0,0,0,0,0,0,0,0,0,0,0,0,0,0,0,0,0,0,0,0,0,0,0,,,,,
Reset,71,5,20,20/03/2026 07:14:58,75.00%,0,0,0,0,0.0,0,5,0,0,0,0,0,0,0,0,0,0,0,0,0,0,0,0,0,0,0,0,0,0,0,0,0,0,0,,,,,
Reset,1,5,20,20/03/2026 07:14:29,75.00%,0,0,0,0,0.0,0,5,0,0,0,0,0,0,0,0,0,0,0,0,0,0,0,0,0,0,0,0,0,0,0,0,0,0,0,,,,,
Reset,73,5,20,20/03/2026 07:00:09,75.00%,0,0,0,0,0.0,0,5,0,0,0,0,0,0,0,0,0,0,0,0,0,0,0,0,0,0,0,0,0,0,0,0,0,0,0,,,,,
Reset,52,3,15,20/03/2026 06:57:55,80.00%,0,0,0,0,2.0,0,0,0,0,0,0,0,0,0,0,0,0,0,0,0,0,0,0,0,0,0,0,0,1,0,0,0,0,0,,,,,
Reset,71,5,20,20/03/2026 06:50:36,75.00%,0,0,0,0,3.0,0,0,0,0,0,0,0,0,0,0,0,0,0,0,0,0,0,0,0,0,0,0,0,0,0,2,0,0,0,,,,,
Reset,71,5,20,20/03/2026 06:40:44,75.00%,0,0,0,0,2.0,0,3,0,0,0,0,0,0,0,0,0,0,0,0,0,0,0,0,0,0,0,0,0,0,0,0,0,0,0,,,,,
Reset,74,12,20,20/03/2026 06:31:00,40.00%,0,0,0,0,8.0,0,0,0,0,0,0,0,0,0,0,0,0,0,0,0,0,0,0,0,0,0,0,0,0,0,4,0,0,0,,,,,
Reset,70,8,20,20/03/2026 06:18:45,60.00%,0,0,0,0,1.0,0,0,0,0,0,0,0,0,0,0,0,0,0,0,0,0,0,0,0,0,7,0,0,0,0,0,0,0,0,,,,,
Reset,52,3,15,19/03/2026 23:03:55,80.00%,0,0,0,0,0.0,0,3,0,0,0,0,0,0,0,0,0,0,0,0,0,0,0,0,0,0,0,0,0,0,0,0,0,0,0,,,,,
Reset,81,3,24,19/03/2026 22:55:20,87.50%,1400,1520,50,100,3.0,0,0,0,0,0,0,0,0,0,0,0,0,0,0,0,0,0,0,0,0,0,0,0,0,0,0,0,0,0,,,,,
Reset,40,4,15,19/03/2026 22:49:47,73.33%,0,0,0,0,2.0,0,2,0,0,0,0,0,0,0,0,0,0,0,0,0,0,0,0,0,0,0,0,0,0,0,0,0,0,0,,,,,
Reset,40,3,15,19/03/2026 22:49:28,80.00%,0,0,0,0,3.0,0,0,0,0,0,0,0,0,0,0,0,0,0,0,0,0,0,0,0,0,0,0,0,0,0,0,0,0,0,,,,,
Reset,68,3,16,19/03/2026 22:43:29,81.25%,0,0,0,0,3.0,0,0,0,0,0,0,0,0,0,0,0,0,0,0,0,0,0,0,0,0,0,0,0,0,0,0,0,0,0,,,,,
Reset,71,3,20,19/03/2026 22:40:36,85.00%,0,0,0,0,3.0,0,0,0,0,0,0,0,0,0,0,0,0,0,0,0,0,0,0,0,0,0,0,0,0,0,0,0,0,0,,,,,
Reset,65,4,16,19/03/2026 22:31:58,75.00%,0,0,0,0,0.0,0,4,0,0,0,0,0,0,0,0,0,0,0,0,0,0,0,0,0,0,0,0,0,0,0,0,0,0,0,,,,,
Reset,67,2,16,19/03/2026 22:25:42,87.50%,0,0,0,0,0.0,0,0,0,0,0,0,0,0,0,0,0,0,0,0,0,0,0,0,0,0,0,2,0,0,0,0,0,0,0,,,,,
Reset,71,5,20,19/03/2026 22:25:19,75.00%,0,0,0,0,3.0,0,2,0,0,0,0,0,0,0,0,0,0,0,0,0,0,0,0,0,0,0,0,0,0,0,0,0,0,0,,,,,
Reset,39,0,15,19/03/2026 22:21:18,100.00%,0,0,0,0,0.0,0,0,0,0,0,0,0,0,0,0,0,0,0,0,0,0,0,0,0,0,0,0,0,0,0,0,0,0,0,,,,,
Reset,68,2,16,19/03/2026 22:19:34,87.50%,0,0,0,0,0.0,0,2,0,0,0,0,0,0,0,0,0,0,0,0,0,0,0,0,0,0,0,0,0,0,0,0,0,0,0,,,,,
Reset,67,4,16,19/03/2026 22:19:15,75.00%,0,0,0,0,0.0,0,4,0,0,0,0,0,0,0,0,0,0,0,0,0,0,0,0,0,0,0,0,0,0,0,0,0,0,0,,,,,
Reset,66,3,16,19/03/2026 22:19:06,81.25%,0,0,0,0,0.0,0,3,0,0,0,0,0,0,0,0,0,0,0,0,0,0,0,0,0,0,0,0,0,0,0,0,0,0,0,,,,,
Reset,51,5,15,19/03/2026 22:05:59,66.67%,0,0,0,0,0.0,0,2,0,0,0,0,0,0,0,0,0,0,0,0,0,0,0,0,0,0,0,0,0,3,0,0,0,0,0,,,,,
Reset,39,2,15,19/03/2026 21:55:39,86.67%,0,0,0,0,2.0,0,0,0,0,0,0,0,0,0,0,0,0,0,0,0,0,0,0,0,0,0,0,0,0,0,0,0,0,0,,,,,
Reset,71,3,20,19/03/2026 21:54:55,85.00%,0,0,0,0,3.0,0,0,0,0,0,0,0,0,0,0,0,0,0,0,0,0,0,0,0,0,0,0,0,0,0,0,0,0,0,,,,,
Reset,40,1,15,19/03/2026 21:45:54,93.33%,0,0,0,0,0.0,0,0,0,0,0,0,0,0,0,0,0,0,0,0,0,0,0,0,0,0,0,0,0,1,0,0,0,0,0,,,,,
Reset,81,8,24,19/03/2026 21:44:13,66.67%,1400,1520,50,100,8.0,0,0,0,0,0,0,0,0,0,0,0,0,0,0,0,0,0,0,0,0,0,0,0,0,0,0,0,0,0,,,,,
Reset,39,6,15,19/03/2026 21:38:39,60.00%,0,0,0,0,0.0,0,0,0,0,0,0,0,0,0,0,0,0,0,0,0,0,0,0,0,0,0,1,0,5,0,0,0,0,0,,,,,
Reset,82,2,24,19/03/2026 21:28:20,91.67%,1400,1520,50,100,2.0,0,0,0,0,0,0,0,0,0,0,0,0,0,0,0,0,0,0,0,0,0,0,0,0,0,0,0,0,0,,,,,
Reset,132,2,40,19/03/2026 21:24:28,95.00%,2000,880,45,50,0.0,0,2,0,0,0,0,0,0,0,0,0,0,0,0,0,0,0,0,0,0,0,0,0,0,0,0,0,0,0,,,,,
Reset,135,0,40,19/03/2026 21:16:13,100.00%,2000,80,45,50,0.0,0,0,0,0,0,0,0,0,0,0,0,0,0,0,0,0,0,0,0,0,0,0,0,0,0,0,0,0,0,,,,,
Reset,134,2,40,19/03/2026 21:12:05,95.00%,2000,880,45,50,0.0,0,2,0,0,0,0,0,0,0,0,0,0,0,0,0,0,0,0,0,0,0,0,0,0,0,0,0,0,0,,,,,
Reset,136,0,40,19/03/2026 21:07:49,100.00%,200,80,45,50,0.0,0,0,0,0,0,0,0,0,0,0,0,0,0,0,0,0,0,0,0,0,0,0,0,0,0,0,0,0,0,,,,,
Reset,133,2,40,19/03/2026 21:04:48,95.00%,2000,880,45,50,0.0,0,2,0,0,0,0,0,0,0,0,0,0,0,0,0,0,0,0,0,0,0,0,0,0,0,0,0,0,0,,,,,
Reset,82,5,24,19/03/2026 21:04:32,79.17%,1400,1520,50,100,5.0,0,0,0,0,0,0,0,0,0,0,0,0,0,0,0,0,0,0,0,0,0,0,0,0,0,0,0,0,0,,,,,
Reset,73,7,20,19/03/2026 21:04:21,65.00%,0,0,0,0,0.0,7,0,0,0,0,0,0,0,0,0,0,0,0,0,0,0,0,0,0,0,0,0,0,0,0,0,0,0,0,,,,,
Reset,136,0,40,19/03/2026 21:00:58,100.00%,200,80,45,50,0.0,0,0,0,0,0,0,0,0,0,0,0,0,0,0,0,0,0,0,0,0,0,0,0,0,0,0,0,0,0,,,,,
0,136,0,0,19/03/2026 20:44:54,0,0,0,0,0,0.0,0,0,0,0,0,0,0,0,0,0,0,0,0,0,0,0,0,0,0,0,0,0,0,0,0,0,0,0,0,,,,,
0,136,0,0,19/03/2026 20:44:45,0,0,0,0,0,0.0,0,0,0,0,0,0,0,0,0,0,0,0,0,0,0,0,0,0,0,0,0,0,0,0,0,0,0,0,0,,,,,
Reset,69,0,16,19/03/2026 20:26:52,100.00%,0,0,0,0,0.0,0,0,0,0,0,0,0,0,0,0,0,0,0,0,0,0,0,0,0,0,0,0,0,0,0,0,0,0,0,,,,,
Reset,133,2,40,19/03/2026 20:25:58,95.00%,2000,880,45,50,0.0,0,2,0,0,0,0,0,0,0,0,0,0,0,0,0,0,0,0,0,0,0,0,0,0,0,0,0,0,0,,,,,
Reset,134,1,40,19/03/2026 20:21:24,97.50%,2000,880,45,50,0.0,0,1,0,0,0,0,0,0,0,0,0,0,0,0,0,0,0,0,0,0,0,0,0,0,0,0,0,0,0,,,,,
Reset,132,2,40,19/03/2026 20:05:27,95.00%,2000,880,45,50,0.0,0,2,0,0,0,0,0,0,0,0,0,0,0,0,0,0,0,0,0,0,0,0,0,0,0,0,0,0,0,,,,,
Reset,135,2,40,19/03/2026 20:00:31,95.00%,2000,80,45,50,0.0,0,2,0,0,0,0,0,0,0,0,0,0,0,0,0,0,0,0,0,0,0,0,0,0,0,0,0,0,0,,,,,
Reset,82,10,24,19/03/2026 19:55:54,58.33%,1400,1520,50,100,10.0,0,0,0,0,0,0,0,0,0,0,0,0,0,0,0,0,0,0,0,0,0,0,0,0,0,0,0,0,0,,,,,
Reset,83,4,24,19/03/2026 19:49:02,83.33%,1400,1520,50,100,4.0,0,0,0,0,0,0,0,0,0,0,0,0,0,0,0,0,0,0,0,0,0,0,0,0,0,0,0,0,0,,,,,
Reset,69,0,16,19/03/2026 19:27:56,100.00%,0,0,0,0,0.0,0,0,0,0,0,0,0,0,0,0,0,0,0,0,0,0,0,0,0,0,0,0,0,0,0,0,0,0,0,,,,,
Reset,134,2,40,19/03/2026 19:26:40,95.00%,2000,880,45,50,0.0,0,2,0,0,0,0,0,0,0,0,0,0,0,0,0,0,0,0,0,0,0,0,0,0,0,0,0,0,0,,,,,
Reset,133,3,40,19/03/2026 19:21:22,92.50%,2000,880,45,50,0.0,0,3,0,0,0,0,0,0,0,0,0,0,0,0,0,0,0,0,0,0,0,0,0,0,0,0,0,0,0,,,,,
Reset,132,3,40,19/03/2026 19:17:02,92.50%,2000,880,45,50,1.0,0,2,0,0,0,0,0,0,0,0,0,0,0,0,0,0,0,0,0,0,0,0,0,0,0,0,0,0,0,,,,,
Reset,135,3,40,19/03/2026 19:13:16,92.50%,2000,80,45,50,0.0,0,2,0,0,0,0,0,0,0,0,0,0,0,1,0,0,0,0,0,0,0,0,0,0,0,0,0,0,0,,,,,
0,136,3,0,19/03/2026 19:09:12,0,0,0,0,0,0.0,0,3,0,0,0,0,0,0,0,0,0,0,0,0,0,0,0,0,0,0,0,0,0,0,0,0,0,0,0,,,,,
Reset,67,4,16,19/03/2026 18:16:00,75.00%,0,0,0,0,4.0,0,0,0,0,0,0,0,0,0,0,0,0,0,0,0,0,0,0,0,0,0,0,0,0,0,0,0,0,0,,,,,
Reset,65,0,16,19/03/2026 18:14:24,100.00%,0,0,0,0,0.0,0,0,0,0,0,0,0,0,0,0,0,0,0,0,0,0,0,0,0,0,0,0,0,0,0,0,0,0,0,,,,,
Reset,73,6,20,19/03/2026 18:13:32,70.00%,0,0,0,0,0.0,3,3,0,0,0,0,0,0,0,0,0,0,0,0,0,0,0,0,0,0,0,0,0,0,0,0,0,0,0,,,,,
Reset,70,7,20,19/03/2026 18:03:23,65.00%,0,0,0,0,3.0,0,4,0,0,0,0,0,0,0,0,0,0,0,0,0,0,0,0,0,0,0,0,0,0,0,0,0,0,0,,,,,
Reset,81,5,24,19/03/2026 17:53:18,79.17%,1400,1520,50,100,5.0,0,0,0,0,0,0,0,0,0,0,0,0,0,0,0,0,0,0,0,0,0,0,0,0,0,0,0,0,0,,,,,
Reset,71,6,20,19/03/2026 17:48:24,70.00%,0,0,0,0,0.0,2,4,0,0,0,0,0,0,0,0,0,0,0,0,0,0,0,0,0,0,0,0,0,0,0,0,0,0,0,,,,,
Reset,67,3,16,19/03/2026 17:39:13,81.25%,0,0,0,0,3.0,0,0,0,0,0,0,0,0,0,0,0,0,0,0,0,0,0,0,0,0,0,0,0,0,0,0,0,0,0,,,,,
Reset,68,2,16,19/03/2026 17:32:59,87.50%,0,0,0,0,2.0,0,0,0,0,0,0,0,0,0,0,0,0,0,0,0,0,0,0,0,0,0,0,0,0,0,0,0,0,0,,,,,
Reset,69,0,16,19/03/2026 17:27:18,100.00%,0,0,0,0,0.0,0,0,0,0,0,0,0,0,0,0,0,0,0,0,0,0,0,0,0,0,0,0,0,0,0,0,0,0,0,,,,,
Reset,83,4,24,19/03/2026 17:24:38,83.33%,1400,1520,50,100,3.0,0,1,0,0,0,0,0,0,0,0,0,0,0,0,0,0,0,0,0,0,0,0,0,0,0,0,0,0,0,,,,,
Reset,68,3,16,19/03/2026 17:19:31,81.25%,0,0,0,0,3.0,0,0,0,0,0,0,0,0,0,0,0,0,0,0,0,0,0,0,0,0,0,0,0,0,0,0,0,0,0,,,,,
Reset,66,0,16,19/03/2026 17:13:52,100.00%,0,0,0,0,0.0,0,0,0,0,0,0,0,0,0,0,0,0,0,0,0,0,0,0,0,0,0,0,0,0,0,0,0,0,0,,,,,
Reset,65,0,16,19/03/2026 16:54:32,100.00%,0,0,0,0,0.0,0,0,0,0,0,0,0,0,0,0,0,0,0,0,0,0,0,0,0,0,0,0,0,0,0,0,0,0,0,,,,,
Reset,67,0,16,19/03/2026 16:39:14,100.00%,0,0,0,0,0.0,0,0,0,0,0,0,0,0,0,0,0,0,0,0,0,0,0,0,0,0,0,0,0,0,0,0,0,0,0,,,,,
Reset,66,12,16,19/03/2026 16:36:33,25.00%,0,0,0,0,4.0,0,8,0,0,0,0,0,0,0,0,0,0,0,0,0,0,0,0,0,0,0,0,0,0,0,0,0,0,0,,,,,
Reset,40,3,15,19/03/2026 16:29:30,80.00%,0,0,0,0,1.0,0,0,0,0,0,0,0,0,0,2,0,0,0,0,0,0,0,0,0,0,0,0,0,0,0,0,0,0,0,,,,,
Reset,37,4,15,19/03/2026 16:23:54,73.33%,0,0,0,0,0.0,0,2,0,0,0,0,0,0,0,2,0,0,0,0,0,0,0,0,0,0,0,0,0,0,0,0,0,0,0,,,,,
Reset,74,16,20,19/03/2026 16:16:57,20.00%,0,0,0,0,16.0,0,0,0,0,0,0,0,0,0,0,0,0,0,0,0,0,0,0,0,0,0,0,0,0,0,0,0,0,0,,,,,
Reset,80,6,24,19/03/2026 16:10:38,75.00%,1400,1520,50,100,6.0,0,0,0,0,0,0,0,0,0,0,0,0,0,0,0,0,0,0,0,0,0,0,0,0,0,0,0,0,0,,,,,
Reset,82,4,24,19/03/2026 16:03:04,83.33%,1400,1520,50,100,3.0,0,0,0,0,0,0,1,0,0,0,0,0,0,0,0,0,0,0,0,0,0,0,0,0,0,0,0,0,0,,,,,
Reset,134,4,40,19/03/2026 15:59:49,90.00%,2000,880,45,50,0.0,0,2,0,0,0,0,0,0,0,2,0,0,0,0,0,0,0,0,0,0,0,0,0,0,0,0,0,0,0,,,,,
Reset,39,3,15,19/03/2026 15:57:14,80.00%,0,0,0,0,0.0,0,0,0,0,0,0,0,0,0,3,0,0,0,0,0,0,0,0,0,0,0,0,0,0,0,0,0,0,0,,,,,
Reset,71,5,20,19/03/2026 15:51:02,75.00%,0,0,0,0,3.0,0,2,0,0,0,0,0,0,0,0,0,0,0,0,0,0,0,0,0,0,0,0,0,0,0,0,0,0,0,,,,,
Reset,133,2,40,19/03/2026 15:49:57,95.00%,2000,880,45,50,0.0,0,2,0,0,0,0,0,0,0,0,0,0,0,0,0,0,0,0,0,0,0,0,0,0,0,0,0,0,0,,,,,
Reset,74,7,20,19/03/2026 15:45:55,65.00%,0,0,0,0,5.0,0,2,0,0,0,0,0,0,0,0,0,0,0,0,0,0,0,0,0,0,0,0,0,0,0,0,0,0,0,,,,,
Reset,82,5,24,19/03/2026 15:44:05,79.17%,1400,1520,50,100,3.0,0,2,0,0,0,0,0,0,0,0,0,0,0,0,0,0,0,0,0,0,0,0,0,0,0,0,0,0,0,,,,,
Reset,81,5,24,19/03/2026 15:43:48,79.17%,1400,1520,50,100,2.0,0,3,0,0,0,0,0,0,0,0,0,0,0,0,0,0,0,0,0,0,0,0,0,0,0,0,0,0,0,,,,,
Reset,133,1,40,19/03/2026 15:27:06,97.50%,2000,880,45,50,0.0,0,1,0,0,0,0,0,0,0,0,0,0,0,0,0,0,0,0,0,0,0,0,0,0,0,0,0,0,0,,,,,
Reset,132,2,40,19/03/2026 15:26:49,95.00%,2000,880,45,50,0.0,0,2,0,0,0,0,0,0,0,0,0,0,0,0,0,0,0,0,0,0,0,0,0,0,0,0,0,0,0,,,,,
Reset,134,2,40,19/03/2026 15:26:39,95.00%,2000,880,45,50,0.0,0,2,0,0,0,0,0,0,0,0,0,0,0,0,0,0,0,0,0,0,0,0,0,0,0,0,0,0,0,,,,,
Reset,132,3,40,19/03/2026 15:10:54,92.50%,2000,880,45,50,0.0,0,3,0,0,0,0,0,0,0,0,0,0,0,0,0,0,0,0,0,0,0,0,0,0,0,0,0,0,0,,,,,
Reset,40,1,15,19/03/2026 14:57:32,93.33%,0,0,0,0,0.0,0,1,0,0,0,0,0,0,0,0,0,0,0,0,0,0,0,0,0,0,0,0,0,0,0,0,0,0,0,,,,,
Reset,74,9,20,19/03/2026 14:49:11,55.00%,0,0,0,0,2.0,2,5,0,0,0,0,0,0,0,0,0,0,0,0,0,0,0,0,0,0,0,0,0,0,0,0,0,0,0,,,,,
Reset,81,10,24,19/03/2026 14:33:45,58.33%,1400,1520,50,100,7.0,0,0,0,0,0,0,0,0,0,0,0,0,0,0,0,0,0,0,0,0,3,0,0,0,0,0,0,0,0,,,,,
Reset,81,0,24,19/03/2026 14:25:27,100.00%,1400,1520,50,100,0.5,0,0,0,0,0,0,0,0,0,0,0,0,0,0,0,0,0,0,0,0,3,0,0,0,0,0,0,0,0,,,,,
Reset,39,2,15,19/03/2026 14:15:58,86.67%,0,0,0,0,0.0,0,2,0,0,0,0,0,0,0,0,0,0,0,0,0,0,0,0,0,0,0,0,0,0,0,0,0,0,0,,,,,
Reset,52,3,15,19/03/2026 14:14:35,80.00%,0,0,0,0,2.0,0,1,0,0,0,0,0,0,0,0,0,0,0,0,0,0,0,0,0,0,0,0,0,0,0,0,0,0,0,,,,,
Reset,38,6,15,19/03/2026 14:11:39,60.00%,0,0,0,0,5.0,0,1,0,0,0,0,0,0,0,0,0,0,0,0,0,0,0,0,0,0,0,0,0,0,0,0,0,0,0,,,,,
Reset,83,7,24,19/03/2026 14:11:15,70.83%,1400,1520,50,100,3.0,1,0,0,0,0,0,0,0,0,0,0,0,0,0,0,0,0,0,0,0,3,0,0,0,0,0,0,0,0,,,,,
Reset,83,9,24,19/03/2026 14:10:46,62.50%,1400,1520,50,100,5.0,0,0,0,0,0,0,0,0,0,0,0,0,0,0,0,0,0,0,0,0,4,0,0,0,0,0,0,0,0,,,,,
Reset,5,5,20,19/03/2026 13:44:57,75.00%,0,0,0,0,5.0,0,0,0,0,0,0,0,0,0,0,0,0,0,0,0,0,0,0,0,0,0,0,0,0,0,0,0,0,0,,,,,
Reset,37,6,15,19/03/2026 13:40:04,60.00%,0,0,0,0,5.0,0,1,0,0,0,0,0,0,0,0,0,0,0,0,0,0,0,0,0,0,0,0,0,0,0,0,0,0,0,,,,,
Reset,51,3,15,19/03/2026 13:37:53,80.00%,0,0,0,0,0.0,0,2,0,0,0,0,0,0,0,0,0,0,0,0,0,0,0,0,0,0,0,0,0,1,0,0,0,0,0,,,,,
Reset,52,6,15,19/03/2026 13:34:57,60.00%,0,0,0,0,6.0,0,0,0,0,0,0,0,0,0,0,0,0,0,0,0,0,0,0,0,0,0,0,0,0,0,0,0,0,0,,,,,
Reset,40,1,15,19/03/2026 13:31:06,93.33%,0,0,0,0,0.0,0,1,0,0,0,0,0,0,0,0,0,0,0,0,0,0,0,0,0,0,0,0,0,0,0,0,0,0,0,,,,,
Reset,52,5,15,19/03/2026 13:26:13,66.67%,0,0,0,0,5.0,0,0,0,0,0,0,0,0,0,0,0,0,0,0,0,0,0,0,0,0,0,0,0,0,0,0,0,0,0,,,,,
Reset,52,2,15,19/03/2026 13:21:58,86.67%,0,0,0,0,2.0,0,0,0,0,0,0,0,0,0,0,0,0,0,0,0,0,0,0,0,0,0,0,0,0,0,0,0,0,0,,,,,
Reset,81,9,24,19/03/2026 12:46:00,62.50%,1400,1520,50,100,6.0,0,0,0,0,0,0,0,0,0,0,0,0,0,0,0,0,0,0,0,0,3,0,0,0,0,0,0,0,0,,,,,
Reset,70,6,20,19/03/2026 12:43:51,70.00%,0,0,0,0,5.0,0,0,0,0,0,0,0,0,0,0,0,0,0,1,0,0,0,0,0,0,0,0,0,0,0,0,0,0,0,,,,,
Reset,81,12,24,19/03/2026 12:26:31,50.00%,1400,1520,50,100,8.0,0,0,0,0,0,0,0,0,0,0,0,0,0,0,0,0,0,0,0,0,4,0,0,0,0,0,0,0,0,,,,,
Reset,81,9,24,19/03/2026 12:11:43,62.50%,1400,1520,50,100,6.0,0,0,0,0,0,0,0,0,0,0,0,0,0,0,0,0,0,0,0,0,3,0,0,0,0,0,0,0,0,,,,,
Reset,40,3,15,19/03/2026 11:05:42,80.00%,0,0,0,0,2.0,0,1,0,0,0,0,0,0,0,0,0,0,0,0,0,0,0,0,0,0,0,0,0,0,0,0,0,0,0,,,,,
Reset,73,12,20,19/03/2026 11:04:06,40.00%,0,0,0,0,0.0,1,8,0,0,0,0,0,0,0,0,0,0,0,0,0,0,0,0,0,0,0,3,0,0,0,0,0,0,0,,,,,
Reset,51,4,15,19/03/2026 11:00:30,73.33%,0,0,0,0,1.0,0,2,0,0,0,0,0,0,0,0,0,0,1,0,0,0,0,0,0,0,0,0,0,0,0,0,0,0,0,,,,,
Reset,70,8,20,19/03/2026 10:48:53,60.00%,0,0,0,0,3.0,0,2,0,0,0,0,0,0,0,0,0,0,0,0,0,0,0,0,0,0,2,0,0,0,0,1,0,0,0,,,,,
Reset,73,13,20,19/03/2026 10:39:42,35.00%,0,0,0,0,0.0,0,8,0,0,0,0,0,0,0,0,0,0,0,0,0,0,0,0,0,0,5,0,0,0,0,0,0,0,0,,,,,
Reset,39,5,15,19/03/2026 10:38:30,66.67%,0,0,0,0,5.0,0,0,0,0,0,0,0,0,0,0,0,0,0,0,0,0,0,0,0,0,0,0,0,0,0,0,0,0,0,,,,,
Reset,40,6,15,19/03/2026 10:33:14,60.00%,0,0,0,0,3.0,0,3,0,0,0,0,0,0,0,0,0,0,0,0,0,0,0,0,0,0,0,0,0,0,0,0,0,0,0,,,,,
Reset,133,2,40,19/03/2026 10:25:55,95.00%,2000,880,45,50,0.0,0,2,0,0,0,0,0,0,0,0,0,0,0,0,0,0,0,0,0,0,0,0,0,0,0,0,0,0,0,,,,,
Reset,51,2,15,19/03/2026 10:03:37,86.67%,0,0,0,0,1.0,0,1,0,0,0,0,0,0,0,0,0,0,0,0,0,0,0,0,0,0,0,0,0,0,0,0,0,0,0,,,,,
Reset,40,5,15,19/03/2026 10:01:34,66.67%,0,0,0,0,3.0,0,0,0,0,0,0,0,0,0,2,0,0,0,0,0,0,0,0,0,0,0,0,0,0,0,0,0,0,0,,,,,
Reset,38,4,15,19/03/2026 09:57:01,73.33%,0,0,0,0,4.0,0,0,0,0,0,0,0,0,0,0,0,0,0,0,0,0,0,0,0,0,0,0,0,0,0,0,0,0,0,,,,,
Reset,82,16,24,19/03/2026 09:54:05,33.33%,1400,1520,50,100,5.0,0,0,0,0,0,0,0,0,0,0,0,0,0,0,0,0,0,0,0,0,11,0,0,0,0,0,0,0,0,,,,,
Reset,132,8,40,19/03/2026 09:53:39,80.00%,2000,880,45,50,1.0,0,6,0,0,0,0,0,0,0,0,0,0,0,1,0,0,0,0,0,0,0,0,0,0,0,0,0,0,0,,,,,
Reset,39,4,15,19/03/2026 09:50:42,73.33%,0,0,0,0,4.0,0,0,0,0,0,0,0,0,0,0,0,0,0,0,0,0,0,0,0,0,0,0,0,0,0,0,0,0,0,,,,,
Reset,52,5,15,19/03/2026 09:47:01,66.67%,0,0,0,0,5.0,0,0,0,0,0,0,0,0,0,0,0,0,0,0,0,0,0,0,0,0,0,0,0,0,0,0,0,0,0,,,,,
Reset,80,21,24,19/03/2026 09:40:25,12.50%,1400,1520,50,100,9.0,0,0,0,0,0,0,0,0,0,0,0,0,0,0,0,0,0,0,0,0,12,0,0,0,0,0,0,0,0,,,,,
Reset,39,1,15,19/03/2026 09:39:15,93.33%,0,0,0,0,1.0,0,0,0,0,0,0,0,0,0,0,0,0,0,0,0,0,0,0,0,0,0,0,0,0,0,0,0,0,0,,,,,
Reset,52,5,15,19/03/2026 09:37:52,66.67%,0,0,0,0,5.0,0,0,0,0,0,0,0,0,0,0,0,0,0,0,0,0,0,0,0,0,0,0,0,0,0,0,0,0,0,,,,,
Reset,40,1,15,19/03/2026 09:36:23,93.33%,0,0,0,0,1.0,0,0,0,0,0,0,0,0,0,0,0,0,0,0,0,0,0,0,0,0,0,0,0,0,0,0,0,0,0,,,,,
Reset,38,9,15,19/03/2026 09:32:30,40.00%,0,0,0,0,9.0,0,0,0,0,0,0,0,0,0,0,0,0,0,0,0,0,0,0,0,0,0,0,0,0,0,0,0,0,0,,,,,
Reset,72,9,20,19/03/2026 09:28:03,55.00%,0,0,0,0,2.0,0,5,0,0,0,0,0,0,0,0,0,0,0,0,0,0,0,0,0,0,2,0,0,0,0,0,0,0,0,,,,,
Reset,40,4,15,19/03/2026 09:17:40,73.33%,0,0,0,0,4.0,0,0,0,0,0,0,0,0,0,0,0,0,0,0,0,0,0,0,0,0,0,0,0,0,0,0,0,0,0,,,,,
Reset,80,5,24,19/03/2026 09:13:42,79.17%,1400,1520,50,100,4.0,0,0,0,0,0,0,0,0,0,0,0,0,0,0,0,0,0,0,0,0,0,1,0,0,0,0,0,0,0,,,,,
Reset,40,2,15,19/03/2026 09:06:46,86.67%,0,0,0,0,2.0,0,0,0,0,0,0,0,0,0,0,0,0,0,0,0,0,0,0,0,0,0,0,0,0,0,0,0,0,0,,,,,
Reset,51,1,15,19/03/2026 09:05:19,93.33%,0,0,0,0,0.0,1,0,0,0,0,0,0,0,0,0,0,0,0,0,0,0,0,0,0,0,0,0,0,0,0,0,0,0,0,,,,,
Reset,73,11,20,19/03/2026 09:01:52,45.00%,0,0,0,0,2.0,0,0,0,0,0,0,0,0,0,0,0,0,0,0,0,0,0,0,0,0,0,0,0,0,0,9,0,0,0,,,,,
Reset,51,1,15,19/03/2026 08:59:52,93.33%,0,0,0,0,1.0,0,0,0,0,0,0,0,0,0,0,0,0,0,0,0,0,0,0,0,0,0,0,0,0,0,0,0,0,0,,,,,
Reset,72,13,20,19/03/2026 08:48:44,35.00%,0,0,0,0,3.0,0,3,0,0,0,0,0,0,0,0,0,0,0,0,0,0,0,0,0,0,0,0,0,0,0,7,0,0,0,,,,,
Reset,134,3,40,19/03/2026 08:45:01,92.50%,2000,880,45,50,0.0,0,3,0,0,0,0,0,0,0,0,0,0,0,0,0,0,0,0,0,0,0,0,0,0,0,0,0,0,0,,,,,
Reset,132,6,40,19/03/2026 08:42:43,85.00%,2000,880,45,50,1.0,0,5,0,0,0,0,0,0,0,0,0,0,0,0,0,0,0,0,0,0,0,0,0,0,0,0,0,0,0,,,,,
Reset,73,6,20,19/03/2026 08:31:51,70.00%,0,0,0,0,2.0,0,4,0,0,0,0,0,0,0,0,0,0,0,0,0,0,0,0,0,0,0,0,0,0,0,0,0,0,0,,,,,
Reset,133,5,40,19/03/2026 08:29:26,87.50%,2000,880,45,50,2.0,0,3,0,0,0,0,0,0,0,0,0,0,0,0,0,0,0,0,0,0,0,0,0,0,0,0,0,0,0,,,,,
Reset,135,7,40,19/03/2026 08:25:42,82.50%,2000,80,45,50,3.0,0,3,0,0,0,0,0,0,0,1,0,0,0,0,0,0,0,0,0,0,0,0,0,0,0,0,0,0,0,,,,,
Reset,74,3,20,19/03/2026 08:20:17,85.00%,0,0,0,0,3.0,0,0,0,0,0,0,0,0,0,0,0,0,0,0,0,0,0,0,0,0,0,0,0,0,0,0,0,0,0,,,,,
Reset,134,9,40,19/03/2026 08:17:15,77.50%,2000,880,45,50,2.0,0,6,0,0,0,0,0,0,0,0,0,0,1,0,0,0,0,0,0,0,0,0,0,0,0,0,0,0,0,,,,,
Reset,70,12,20,19/03/2026 08:09:48,40.00%,0,0,0,0,0.0,4,0,0,0,0,0,0,0,0,0,0,0,1,7,0,0,0,0,0,0,0,0,0,0,0,0,0,0,0,,,,,
Reset,72,5,20,19/03/2026 08:06:46,75.00%,0,0,0,0,2.0,0,0,0,0,0,0,0,0,0,0,0,0,0,0,0,0,0,0,0,0,0,0,0,0,0,3,0,0,0,,,,,
Reset,74,10,20,19/03/2026 07:58:57,50.00%,0,0,0,0,6.0,0,0,0,0,1,0,0,0,0,0,0,0,0,0,0,0,0,0,0,0,3,0,0,0,0,0,0,0,0,,,,,
Reset,81,8,24,19/03/2026 07:50:37,66.67%,1400,1520,50,100,4.0,0,0,0,0,0,0,0,4,0,0,0,0,0,0,0,0,0,0,0,0,0,0,0,0,0,0,0,0,0,,,,,
Reset,83,4,24,19/03/2026 07:27:53,83.33%,1400,1520,50,100,2.0,0,2,0,0,0,0,0,0,0,0,0,0,0,0,0,0,0,0,0,0,0,0,0,0,0,0,0,0,0,,,,,
Reset,71,9,20,19/03/2026 07:16:47,55.00%,0,0,0,0,2.0,0,7,0,0,0,0,0,0,0,0,0,0,0,0,0,0,0,0,0,0,0,0,0,0,0,0,0,0,0,,,,,
Reset,73,11,20,19/03/2026 07:14:28,45.00%,0,0,0,0,4.0,0,0,0,0,0,0,0,0,0,0,0,0,0,0,0,0,0,0,0,0,0,3,0,0,0,4,0,0,0,,,,,
Reset,72,10,20,19/03/2026 07:05:08,50.00%,0,0,0,0,4.0,0,0,0,0,0,0,0,0,0,0,0,0,0,0,0,0,0,0,0,0,0,0,0,0,0,6,0,0,0,,,,,
Reset,81,9,24,19/03/2026 06:50:52,62.50%,1400,1520,50,100,0.0,0,9,0,0,0,0,0,0,0,0,0,0,0,0,0,0,0,0,0,0,0,0,0,0,0,0,0,0,0,,,,,
Reset,72,14,20,19/03/2026 06:40:59,30.00%,0,0,0,0,5.0,0,0,0,0,0,0,0,0,0,0,0,0,0,2,0,0,0,0,0,0,7,0,0,0,0,0,0,0,0,,,,,
Reset,70,24,20,18/03/2026 22:58:06,-20.00%,0,0,0,0,2.0,0,21,0,1,0,0,0,0,0,0,0,0,0,0,0,0,0,0,0,0,0,0,0,0,0,0,0,0,0,,,,,
Reset,71,23,20,18/03/2026 22:39:44,-15.00%,0,0,0,0,23.0,0,0,0,0,0,0,0,0,0,0,0,0,0,0,0,0,0,0,0,0,0,0,0,0,0,0,0,0,0,,,,,
Reset,51,5,15,18/03/2026 22:31:06,66.67%,0,0,0,0,2.0,2,0,0,0,0,0,0,0,1,0,0,0,0,0,0,0,0,0,0,0,0,0,0,0,0,0,0,0,0,,,,,
Reset,133,5,40,18/03/2026 22:23:38,87.50%,2000,880,45,50,5.0,0,0,0,0,0,0,0,0,0,0,0,0,0,0,0,0,0,0,0,0,0,0,0,0,0,0,0,0,0,,,,,
Reset,132,10,40,18/03/2026 22:15:08,75.00%,2000,880,45,50,4.0,0,6,0,0,0,0,0,0,0,0,0,0,0,0,0,0,0,0,0,0,0,0,0,0,0,0,0,0,0,,,,,
Reset,134,1,40,18/03/2026 22:07:09,97.50%,2000,880,45,50,0.0,0,0,0,0,0,0,0,0,0,1,0,0,0,0,0,0,0,0,0,0,0,0,0,0,0,0,0,0,0,,,,,
Reset,135,5,40,18/03/2026 21:59:30,87.50%,2000,80,45,50,2.0,0,3,0,0,0,0,0,0,0,0,0,0,0,0,0,0,0,0,0,0,0,0,0,0,0,0,0,0,0,,,,,
Reset,51,3,15,18/03/2026 21:51:19,80.00%,0,0,0,0,0.0,3,0,0,0,0,0,0,0,0,0,0,0,0,0,0,0,0,0,0,0,0,0,0,0,0,0,0,0,0,,,,,
Reset,81,6,24,18/03/2026 21:43:08,75.00%,1400,1520,50,100,3.0,0,2,0,0,1,0,0,0,0,0,0,0,0,0,0,0,0,0,0,0,0,0,0,0,0,0,0,0,0,,,,,
Reset,40,4,15,18/03/2026 21:39:54,73.33%,0,0,0,0,3.0,0,0,0,0,0,0,0,0,0,1,0,0,0,0,0,0,0,0,0,0,0,0,0,0,0,0,0,0,0,,,,,
Reset,39,5,15,18/03/2026 21:33:02,66.67%,0,0,0,0,4.0,0,1,0,0,0,0,0,0,0,0,0,0,0,0,0,0,0,0,0,0,0,0,0,0,0,0,0,0,0,,,,,
Reset,83,4,24,18/03/2026 21:24:53,83.33%,1400,1520,50,100,2.0,0,2,0,0,0,0,0,0,0,0,0,0,0,0,0,0,0,0,0,0,0,0,0,0,0,0,0,0,0,,,,,
Reset,134,5,40,18/03/2026 21:20:48,87.50%,2000,880,45,50,2.0,0,3,0,0,0,0,0,0,0,0,0,0,0,0,0,0,0,0,0,0,0,0,0,0,0,0,0,0,0,,,,,
Reset,135,4,40,18/03/2026 21:14:57,90.00%,2000,80,45,50,4.0,0,0,0,0,0,0,0,0,0,0,0,0,0,0,0,0,0,0,0,0,0,0,0,0,0,0,0,0,0,,,,,
Reset,80,4,24,18/03/2026 21:12:36,83.33%,1400,1520,50,100,4.0,0,0,0,0,0,0,0,0,0,0,0,0,0,0,0,0,0,0,0,0,0,0,0,0,0,0,0,0,0,,,,,
Reset,132,6,40,18/03/2026 21:04:38,85.00%,2000,880,45,50,6.0,0,0,0,0,0,0,0,0,0,0,0,0,0,0,0,0,0,0,0,0,0,0,0,0,0,0,0,0,0,,,,,
Reset,81,5,24,18/03/2026 21:00:26,79.17%,1400,1520,50,100,5.0,0,0,0,0,0,0,0,0,0,0,0,0,0,0,0,0,0,0,0,0,0,0,0,0,0,0,0,0,0,,,,,
Reset,132,5,40,18/03/2026 20:58:55,87.50%,2000,880,45,50,0.0,0,5,0,0,0,0,0,0,0,0,0,0,0,0,0,0,0,0,0,0,0,0,0,0,0,0,0,0,0,,,,,
Reset,74,10,20,18/03/2026 20:53:15,50.00%,0,0,0,0,10.0,0,0,0,0,0,0,0,0,0,0,0,0,0,0,0,0,0,0,0,0,0,0,0,0,0,0,0,0,0,,,,,
Reset,82,4,24,18/03/2026 20:48:30,83.33%,1400,1520,50,100,2.0,0,2,0,0,0,0,0,0,0,0,0,0,0,0,0,0,0,0,0,0,0,0,0,0,0,0,0,0,0,,,,,
Reset,80,4,24,18/03/2026 20:36:49,83.33%,1400,1520,50,100,4.0,0,0,0,0,0,0,0,0,0,0,0,0,0,0,0,0,0,0,0,0,0,0,0,0,0,0,0,0,0,,,,,
Reset,135,10,40,18/03/2026 20:35:21,75.00%,2000,80,45,50,8.0,0,2,0,0,0,0,0,0,0,0,0,0,0,0,0,0,0,0,0,0,0,0,0,0,0,0,0,0,0,,,,,
Reset,134,2,40,18/03/2026 20:29:57,95.00%,2000,880,45,50,0.0,0,2,0,0,0,0,0,0,0,0,0,0,0,0,0,0,0,0,0,0,0,0,0,0,0,0,0,0,0,,,,,
Reset,83,7,24,18/03/2026 20:25:10,70.83%,1400,1520,50,100,5.0,0,2,0,0,0,0,0,0,0,0,0,0,0,0,0,0,0,0,0,0,0,0,0,0,0,0,0,0,0,,,,,
Reset,70,2,20,18/03/2026 20:24:49,90.00%,0,0,0,0,0.0,0,0,0,0,0,0,0,0,0,0,0,0,0,0,0,0,0,0,0,0,0,2,0,0,0,0,0,0,0,,,,,
Reset,37,0,15,18/03/2026 20:15:46,100.00%,0,0,0,0,0.0,0,0,0,0,0,0,0,0,0,0,0,0,0,0,0,0,0,0,0,0,0,0,0,0,0,0,0,0,0,,,,,
Reset,132,6,40,18/03/2026 20:04:12,85.00%,2000,880,45,50,0.0,0,6,0,0,0,0,0,0,0,0,0,0,0,0,0,0,0,0,0,0,0,0,0,0,0,0,0,0,0,,,,,
Reset,73,7,20,18/03/2026 19:58:00,65.00%,0,0,0,0,0.0,0,7,0,0,0,0,0,0,0,0,0,0,0,0,0,0,0,0,0,0,0,0,0,0,0,0,0,0,0,,,,,
Reset,71,11,20,18/03/2026 19:57:34,45.00%,0,0,0,0,0.0,5,5,0,0,0,0,0,0,1,0,0,0,0,0,0,0,0,0,0,0,0,0,0,0,0,0,0,0,0,,,,,
Reset,71,5,20,18/03/2026 19:50:04,75.00%,0,0,0,0,2.0,0,3,0,0,0,0,0,0,0,0,0,0,0,0,0,0,0,0,0,0,0,0,0,0,0,0,0,0,0,,,,,
Reset,73,11,20,18/03/2026 19:44:01,45.00%,0,0,0,0,0.0,6,5,0,0,0,0,0,0,0,0,0,0,0,0,0,0,0,0,0,0,0,0,0,0,0,0,0,0,0,,,,,
Reset,72,3,20,18/03/2026 19:43:41,85.00%,0,0,0,0,0.0,0,2,0,0,0,0,0,0,1,0,0,0,0,0,0,0,0,0,0,0,0,0,0,0,0,0,0,0,0,,,,,
Reset,70,5,20,18/03/2026 19:34:13,75.00%,0,0,0,0,1.0,0,2,0,0,0,0,0,0,2,0,0,0,0,0,0,0,0,0,0,0,0,0,0,0,0,0,0,0,0,,,,,
Reset,38,4,15,18/03/2026 19:31:05,73.33%,0,0,0,0,0.0,0,0,0,0,0,0,0,0,0,4,0,0,0,0,0,0,0,0,0,0,0,0,0,0,0,0,0,0,0,,,,,
Reset,39,0,15,18/03/2026 19:15:21,100.00%,0,0,0,0,0.0,0,0,0,0,0,0,0,0,0,0,0,0,0,0,0,0,0,0,0,0,0,0,0,0,0,0,0,0,0,,,,,
Reset,132,6,40,18/03/2026 19:13:54,85.00%,2000,880,45,50,0.0,0,6,0,0,0,0,0,0,0,0,0,0,0,0,0,0,0,0,0,0,0,0,0,0,0,0,0,0,0,,,,,
Reset,51,1,15,18/03/2026 19:08:26,93.33%,0,0,0,0,0.0,0,1,0,0,0,0,0,0,0,0,0,0,0,0,0,0,0,0,0,0,0,0,0,0,0,0,0,0,0,,,,,
Reset,82,3,24,18/03/2026 19:08:18,87.50%,1400,1520,50,100,2.0,0,0,0,0,0,0,0,0,0,0,0,0,0,0,0,0,0,0,0,0,0,1,0,0,0,0,0,0,0,,,,,
Reset,83,3,24,18/03/2026 19:07:52,87.50%,1400,1520,50,100,1.0,0,2,0,0,0,0,0,0,0,0,0,0,0,0,0,0,0,0,0,0,0,0,0,0,0,0,0,0,0,,,,,
Reset,134,5,40,18/03/2026 19:06:58,87.50%,2000,880,45,50,0.0,0,5,0,0,0,0,0,0,0,0,0,0,0,0,0,0,0,0,0,0,0,0,0,0,0,0,0,0,0,,,,,
Reset,80,3,24,18/03/2026 19:06:43,87.50%,1400,1520,50,100,1.0,0,2,0,0,0,0,0,0,0,0,0,0,0,0,0,0,0,0,0,0,0,0,0,0,0,0,0,0,0,,,,,
Reset,80,3,24,18/03/2026 19:06:23,87.50%,1400,1520,50,100,3.0,0,0,0,0,0,0,0,0,0,0,0,0,0,0,0,0,0,0,0,0,0,0,0,0,0,0,0,0,0,,,,,
Reset,83,3,24,18/03/2026 19:06:06,87.50%,1400,1520,50,100,3.0,0,0,0,0,0,0,0,0,0,0,0,0,0,0,0,0,0,0,0,0,0,0,0,0,0,0,0,0,0,,,,,
Reset,83,1,24,18/03/2026 19:05:57,95.83%,1400,1520,50,100,0.0,0,0,0,0,0,0,0,0,0,0,0,0,0,0,0,0,0,0,0,0,0,1,0,0,0,0,0,0,0,,,,,
Reset,82,0,24,18/03/2026 19:05:43,100.00%,1400,1520,50,100,0.0,0,0,0,0,0,0,0,0,0,0,0,0,0,0,0,0,0,0,0,0,0,0,0,0,0,0,0,0,0,,,,,
Reset,135,2,40,18/03/2026 19:01:29,95.00%,2000,80,45,50,0.0,0,2,0,0,0,0,0,0,0,0,0,0,0,0,0,0,0,0,0,0,0,0,0,0,0,0,0,0,0,,,,,
Reset,133,6,40,18/03/2026 18:56:57,85.00%,2000,880,45,50,0.0,0,4,0,0,0,0,0,0,0,2,0,0,0,0,0,0,0,0,0,0,0,0,0,0,0,0,0,0,0,,,,,
Reset,71,6,20,18/03/2026 18:14:48,70.00%,0,0,0,0,0.0,3,3,0,0,0,0,0,0,0,0,0,0,0,0,0,0,0,0,0,0,0,0,0,0,0,0,0,0,0,,,,,
Reset,73,7,20,18/03/2026 18:03:04,65.00%,0,0,0,0,2.0,3,2,0,0,0,0,0,0,0,0,0,0,0,0,0,0,0,0,0,0,0,0,0,0,0,0,0,0,0,,,,,
Reset,38,2,15,18/03/2026 17:58:18,86.67%,0,0,0,0,0.0,0,0,0,0,0,0,0,0,0,2,0,0,0,0,0,0,0,0,0,0,0,0,0,0,0,0,0,0,0,,,,,
Reset,134,4,40,18/03/2026 17:51:57,90.00%,2000,880,45,50,0.0,0,4,0,0,0,0,0,0,0,0,0,0,0,0,0,0,0,0,0,0,0,0,0,0,0,0,0,0,0,,,,,
Reset,74,6,20,18/03/2026 17:49:09,70.00%,0,0,0,0,4.0,0,1,0,0,0,0,0,0,1,0,0,0,0,0,0,0,0,0,0,0,0,0,0,0,0,0,0,0,0,,,,,
Reset,40,1,15,18/03/2026 17:43:13,93.33%,0,0,0,0,0.0,0,0,0,0,0,0,0,0,0,1,0,0,0,0,0,0,0,0,0,0,0,0,0,0,0,0,0,0,0,,,,,
Reset,38,2,15,18/03/2026 17:40:12,86.67%,0,0,0,0,0.0,0,2,0,0,0,0,0,0,0,0,0,0,0,0,0,0,0,0,0,0,0,0,0,0,0,0,0,0,0,,,,,
Reset,34,5,9,18/03/2026 17:36:20,44.44%,0,0,0,0,0.0,0,5,0,0,0,0,0,0,0,0,0,0,0,0,0,0,0,0,0,0,0,0,0,0,0,0,0,0,0,,,,,
Reset,135,5,40,18/03/2026 17:31:52,87.50%,2000,80,45,50,0.0,0,4,0,0,0,0,0,0,0,1,0,0,0,0,0,0,0,0,0,0,0,0,0,0,0,0,0,0,0,,,,,
Reset,133,5,40,18/03/2026 17:22:39,87.50%,2000,880,45,50,0.0,0,5,0,0,0,0,0,0,0,0,0,0,0,0,0,0,0,0,0,0,0,0,0,0,0,0,0,0,0,,,,,
Reset,71,7,20,18/03/2026 17:15:46,65.00%,0,0,0,0,3.0,0,4,0,0,0,0,0,0,0,0,0,0,0,0,0,0,0,0,0,0,0,0,0,0,0,0,0,0,0,,,,,
Reset,74,3,20,18/03/2026 17:10:47,85.00%,0,0,0,0,0.0,0,2,0,0,0,0,0,0,1,0,0,0,0,0,0,0,0,0,0,0,0,0,0,0,0,0,0,0,0,,,,,
Reset,39,1,15,18/03/2026 17:03:33,93.33%,0,0,0,0,0.0,0,1,0,0,0,0,0,0,0,0,0,0,0,0,0,0,0,0,0,0,0,0,0,0,0,0,0,0,0,,,,,
Reset,70,3,20,18/03/2026 17:00:24,85.00%,0,0,0,0,0.0,0,2,0,0,0,0,0,0,0,0,0,0,0,1,0,0,0,0,0,0,0,0,0,0,0,0,0,0,0,,,,,
Reset,132,6,40,18/03/2026 16:58:52,85.00%,2000,880,45,50,0.0,0,5,0,0,0,0,0,0,0,0,0,0,0,1,0,0,0,0,0,0,0,0,0,0,0,0,0,0,0,,,,,
Reset,71,3,20,18/03/2026 16:53:22,85.00%,0,0,0,0,0.0,0,3,0,0,0,0,0,0,0,0,0,0,0,0,0,0,0,0,0,0,0,0,0,0,0,0,0,0,0,,,,,
Reset,74,4,20,18/03/2026 16:49:14,80.00%,0,0,0,0,2.0,0,2,0,0,0,0,0,0,0,0,0,0,0,0,0,0,0,0,0,0,0,0,0,0,0,0,0,0,0,,,,,
Reset,135,2,40,18/03/2026 16:43:18,95.00%,2000,80,45,50,0.0,0,2,0,0,0,0,0,0,0,0,0,0,0,0,0,0,0,0,0,0,0,0,0,0,0,0,0,0,0,,,,,
Reset,133,4,40,18/03/2026 16:39:29,90.00%,2000,880,45,50,0.0,0,4,0,0,0,0,0,0,0,0,0,0,0,0,0,0,0,0,0,0,0,0,0,0,0,0,0,0,0,,,,,
Reset,71,6,20,18/03/2026 16:37:09,70.00%,0,0,0,0,2.0,2,0,0,0,0,0,0,1,0,0,0,0,1,0,0,0,0,0,0,0,0,0,0,0,0,0,0,0,0,,,,,
Reset,40,1,15,18/03/2026 16:30:32,93.33%,0,0,0,0,1.0,0,0,0,0,0,0,0,0,0,0,0,0,0,0,0,0,0,0,0,0,0,0,0,0,0,0,0,0,0,,,,,
Reset,38,6,15,18/03/2026 16:27:45,60.00%,0,0,0,0,1.0,0,0,0,0,0,0,0,0,0,5,0,0,0,0,0,0,0,0,0,0,0,0,0,0,0,0,0,0,0,,,,,
Reset,83,0,24,18/03/2026 16:21:49,100.00%,1400,1520,50,100,0.0,0,0,0,0,0,0,0,0,0,0,0,0,0,0,0,0,0,0,0,0,0,0,0,0,0,0,0,0,0,,,,,
Reset,51,6,15,18/03/2026 16:21:26,60.00%,0,0,0,0,0.0,0,0,0,0,0,0,0,0,0,6,0,0,0,0,0,0,0,0,0,0,0,0,0,0,0,0,0,0,0,,,,,
Reset,82,0,24,18/03/2026 16:10:22,100.00%,1400,1520,50,100,0.0,0,0,0,0,0,0,0,0,0,0,0,0,0,0,0,0,0,0,0,0,0,0,0,0,0,0,0,0,0,,,,,
Reset,132,5,40,18/03/2026 16:09:57,87.50%,2000,880,45,50,0.0,0,5,0,0,0,0,0,0,0,0,0,0,0,0,0,0,0,0,0,0,0,0,0,0,0,0,0,0,0,,,,,
Reset,135,5,40,18/03/2026 16:05:43,87.50%,2000,80,45,50,0.0,0,5,0,0,0,0,0,0,0,0,0,0,0,0,0,0,0,0,0,0,0,0,0,0,0,0,0,0,0,,,,,
Reset,82,1,24,18/03/2026 16:01:54,95.83%,1400,1520,50,100,0.0,0,0,0,0,0,0,0,0,0,0,0,0,0,1,0,0,0,0,0,0,0,0,0,0,0,0,0,0,0,,,,,
Reset,39,1,15,18/03/2026 16:01:11,93.33%,0,0,0,0,0.0,0,1,0,0,0,0,0,0,0,0,0,0,0,0,0,0,0,0,0,0,0,0,0,0,0,0,0,0,0,,,,,
Reset,51,5,15,18/03/2026 15:58:19,66.67%,0,0,0,0,0.0,0,0,0,0,0,0,0,0,0,5,0,0,0,0,0,0,0,0,0,0,0,0,0,0,0,0,0,0,0,,,,,
Reset,81,0,24,18/03/2026 15:52:14,100.00%,1400,1520,50,100,0.0,0,0,0,0,0,0,0,0,0,0,0,0,0,0,0,0,0,0,0,0,0,0,0,0,0,0,0,0,0,,,,,
Reset,40,1,15,18/03/2026 15:49:23,93.33%,0,0,0,0,0.0,0,0,0,0,0,0,0,0,0,0,0,0,0,1,0,0,0,0,0,0,0,0,0,0,0,0,0,0,0,,,,,
Reset,40,0,15,18/03/2026 15:46:40,100.00%,0,0,0,0,0.0,0,0,0,0,0,0,0,0,0,0,0,0,0,0,0,0,0,0,0,0,0,0,0,0,0,0,0,0,0,,,,,
Reset,51,11,15,18/03/2026 15:43:54,26.67%,0,0,0,0,0.0,5,3,0,0,0,0,0,0,0,3,0,0,0,0,0,0,0,0,0,0,0,0,0,0,0,0,0,0,0,,,,,
Reset,81,0,24,18/03/2026 15:42:58,100.00%,1400,1520,50,100,0.0,0,0,0,0,0,0,0,0,0,0,0,0,0,0,0,0,0,0,0,0,0,0,0,0,0,0,0,0,0,,,,,
Reset,40,3,15,18/03/2026 15:35:49,80.00%,0,0,0,0,0.0,2,0,0,0,0,0,0,0,0,1,0,0,0,0,0,0,0,0,0,0,0,0,0,0,0,0,0,0,0,,,,,
Reset,81,4,24,18/03/2026 15:35:19,83.33%,1400,1520,50,100,4.0,0,0,0,0,0,0,0,0,0,0,0,0,0,0,0,0,0,0,0,0,0,0,0,0,0,0,0,0,0,,,,,
Reset,81,42,24,18/03/2026 15:34:38,-75.00%,1400,1520,50,100,42.0,0,0,0,0,0,0,0,0,0,0,0,0,0,0,0,0,0,0,0,0,0,0,0,0,0,0,0,0,0,,,,,
Reset,39,5,15,18/03/2026 15:31:25,66.67%,0,0,0,0,0.0,0,4,0,0,0,0,0,0,0,0,0,0,0,0,0,0,0,0,0,0,0,1,0,0,0,0,0,0,0,,,,,
Reset,39,8,15,18/03/2026 15:27:51,46.67%,0,0,0,0,0.0,1,7,0,0,0,0,0,0,0,0,0,0,0,0,0,0,0,0,0,0,0,0,0,0,0,0,0,0,0,,,,,
Reset,39,3,15,18/03/2026 15:24:13,80.00%,0,0,0,0,0.0,1,2,0,0,0,0,0,0,0,0,0,0,0,0,0,0,0,0,0,0,0,0,0,0,0,0,0,0,0,,,,,
Reset,80,6,24,18/03/2026 15:23:14,75.00%,1400,1520,50,100,5.0,0,0,0,0,0,0,0,0,0,0,0,0,0,0,0,0,1,0,0,0,0,0,0,0,0,0,0,0,0,,,,,
Reset,38,3,15,18/03/2026 15:20:22,80.00%,0,0,0,0,0.0,0,1,0,0,0,0,0,0,0,2,0,0,0,0,0,0,0,0,0,0,0,0,0,0,0,0,0,0,0,,,,,
Reset,38,5,15,18/03/2026 15:16:19,66.67%,0,0,0,0,0.0,0,4,0,0,0,0,0,0,0,1,0,0,0,0,0,0,0,0,0,0,0,0,0,0,0,0,0,0,0,,,,,
Reset,38,6,15,18/03/2026 15:11:23,60.00%,0,0,0,0,0.0,0,4,0,0,0,0,0,0,0,0,0,0,0,1,0,0,0,0,0,0,0,1,0,0,0,0,0,0,0,,,,,
Reset,74,7,20,18/03/2026 14:48:57,65.00%,0,0,0,0,6.0,0,0,0,0,0,0,0,0,0,0,0,0,0,1,0,0,0,0,0,0,0,0,0,0,0,0,0,0,0,,,,,
Reset,81,8,24,18/03/2026 14:44:45,66.67%,1400,1520,50,100,3.0,0,3,0,0,1,0,0,0,0,0,0,0,0,0,0,0,0,0,0,0,0,1,0,0,0,0,0,0,0,,,,,
Reset,133,5,40,18/03/2026 14:34:38,87.50%,2000,880,45,50,0.0,0,5,0,0,0,0,0,0,0,0,0,0,0,0,0,0,0,0,0,0,0,0,0,0,0,0,0,0,0,,,,,
Reset,81,8,24,18/03/2026 14:33:27,66.67%,1400,1520,50,100,3.0,1,2,0,0,1,0,0,0,0,0,0,0,0,0,0,0,0,0,0,0,0,1,0,0,0,0,0,0,0,,,,,
Reset,133,5,40,18/03/2026 14:31:57,87.50%,2000,880,45,50,0.0,0,5,0,0,0,0,0,0,0,0,0,0,0,0,0,0,0,0,0,0,0,0,0,0,0,0,0,0,0,,,,,
Reset,83,7,24,18/03/2026 14:21:52,70.83%,1400,1520,50,100,2.0,0,2,0,0,0,0,0,0,0,0,0,0,0,3,0,0,0,0,0,0,0,0,0,0,0,0,0,0,0,,,,,
Reset,135,4,40,18/03/2026 14:18:47,90.00%,2000,80,45,50,0.0,0,3,0,0,0,0,0,0,0,1,0,0,0,0,0,0,0,0,0,0,0,0,0,0,0,0,0,0,0,,,,,
Reset,82,7,24,18/03/2026 14:12:21,70.83%,1400,1520,50,100,4.0,0,3,0,0,0,0,0,0,0,0,0,0,0,0,0,0,0,0,0,0,0,0,0,0,0,0,0,0,0,,,,,
Reset,132,4,40,18/03/2026 14:10:03,90.00%,2000,880,45,50,0.0,0,4,0,0,0,0,0,0,0,0,0,0,0,0,0,0,0,0,0,0,0,0,0,0,0,0,0,0,0,,,,,
Reset,135,4,40,18/03/2026 14:02:07,90.00%,2000,80,45,50,0.0,0,4,0,0,0,0,0,0,0,0,0,0,0,0,0,0,0,0,0,0,0,0,0,0,0,0,0,0,0,,,,,
Reset,132,3,40,18/03/2026 13:55:19,92.50%,2000,880,45,50,0.0,0,3,0,0,0,0,0,0,0,0,0,0,0,0,0,0,0,0,0,0,0,0,0,0,0,0,0,0,0,,,,,
Reset,133,3,40,18/03/2026 13:52:34,92.50%,2000,880,45,50,0.0,0,3,0,0,0,0,0,0,0,0,0,0,0,0,0,0,0,0,0,0,0,0,0,0,0,0,0,0,0,,,,,
Reset,132,4,40,18/03/2026 13:50:25,90.00%,2000,880,45,50,0.0,0,4,0,0,0,0,0,0,0,0,0,0,0,0,0,0,0,0,0,0,0,0,0,0,0,0,0,0,0,,,,,
Reset,132,3,40,18/03/2026 13:45:40,92.50%,2000,880,45,50,0.0,0,2,0,0,0,0,0,0,1,0,0,0,0,0,0,0,0,0,0,0,0,0,0,0,0,0,0,0,0,,,,,
Reset,134,3,40,18/03/2026 13:10:50,92.50%,2000,880,45,50,0.0,0,3,0,0,0,0,0,0,0,0,0,0,0,0,0,0,0,0,0,0,0,0,0,0,0,0,0,0,0,,,,,
Reset,80,9,24,18/03/2026 11:06:29,62.50%,1400,1520,50,100,0.0,7,2,0,0,0,0,0,0,0,0,0,0,0,0,0,0,0,0,0,0,0,0,0,0,0,0,0,0,0,,,,,
Reset,83,8,24,18/03/2026 10:54:19,66.67%,1400,1520,50,100,1.0,5,2,0,0,0,0,0,0,0,0,0,0,0,0,0,0,0,0,0,0,0,0,0,0,0,0,0,0,0,,,,,
Reset,51,15,15,18/03/2026 10:36:11,0,0,0,0,0,0.0,6,4,0,0,0,0,0,0,0,2,0,0,0,0,0,0,0,0,0,0,0,0,0,3,0,0,0,0,0,,,,,
Reset,133,3,40,18/03/2026 10:25:20,92.50%,2000,880,45,50,0.0,0,3,0,0,0,0,0,0,0,0,0,0,0,0,0,0,0,0,0,0,0,0,0,0,0,0,0,0,0,,,,,
Reset,134,4,40,18/03/2026 10:23:46,90.00%,2000,880,45,50,0.0,0,4,0,0,0,0,0,0,0,0,0,0,0,0,0,0,0,0,0,0,0,0,0,0,0,0,0,0,0,,,,,
Reset,132,3,40,18/03/2026 10:18:05,92.50%,2000,880,45,50,0.0,0,3,0,0,0,0,0,0,0,0,0,0,0,0,0,0,0,0,0,0,0,0,0,0,0,0,0,0,0,,,,,
Reset,40,9,15,18/03/2026 10:16:47,40.00%,0,0,0,0,1.0,1,6,0,0,0,0,0,0,0,0,0,0,0,0,0,0,0,0,0,0,0,0,0,1,0,0,0,0,0,,,,,
Reset,135,5,40,18/03/2026 10:15:48,87.50%,2000,80,45,50,0.0,0,5,0,0,0,0,0,0,0,0,0,0,0,0,0,0,0,0,0,0,0,0,0,0,0,0,0,0,0,,,,,
Reset,133,4,40,18/03/2026 10:12:46,90.00%,2000,880,45,50,0.0,0,4,0,0,0,0,0,0,0,0,0,0,0,0,0,0,0,0,0,0,0,0,0,0,0,0,0,0,0,,,,,
Reset,40,5,15,18/03/2026 10:08:42,66.67%,0,0,0,0,0.0,0,5,0,0,0,0,0,0,0,0,0,0,0,0,0,0,0,0,0,0,0,0,0,0,0,0,0,0,0,,,,,
Reset,135,4,40,18/03/2026 10:03:24,90.00%,2000,80,45,50,0.0,0,4,0,0,0,0,0,0,0,0,0,0,0,0,0,0,0,0,0,0,0,0,0,0,0,0,0,0,0,,,,,
Reset,134,2,40,18/03/2026 09:54:13,95.00%,2000,880,45,50,0.0,0,2,0,0,0,0,0,0,0,0,0,0,0,0,0,0,0,0,0,0,0,0,0,0,0,0,0,0,0,,,,,
Reset,83,10,24,18/03/2026 09:52:03,58.33%,1400,1520,50,100,5.0,0,4,0,0,0,0,0,0,0,0,0,0,0,1,0,0,0,0,0,0,0,0,0,0,0,0,0,0,0,,,,,
Reset,134,3,40,18/03/2026 09:51:29,92.50%,2000,880,45,50,0.0,0,3,0,0,0,0,0,0,0,0,0,0,0,0,0,0,0,0,0,0,0,0,0,0,0,0,0,0,0,,,,,
Reset,132,4,40,18/03/2026 09:50:52,90.00%,2000,880,45,50,0.0,0,4,0,0,0,0,0,0,0,0,0,0,0,0,0,0,0,0,0,0,0,0,0,0,0,0,0,0,0,,,,,
Reset,134,4,40,18/03/2026 09:46:49,90.00%,2000,880,45,50,0.0,0,4,0,0,0,0,0,0,0,0,0,0,0,0,0,0,0,0,0,0,0,0,0,0,0,0,0,0,0,,,,,
Reset,132,3,40,18/03/2026 09:43:01,92.50%,2000,880,45,50,0.0,0,3,0,0,0,0,0,0,0,0,0,0,0,0,0,0,0,0,0,0,0,0,0,0,0,0,0,0,0,,,,,
Reset,132,5,40,18/03/2026 09:39:17,87.50%,2000,880,45,50,0.0,0,5,0,0,0,0,0,0,0,0,0,0,0,0,0,0,0,0,0,0,0,0,0,0,0,0,0,0,0,,,,,
Reset,80,6,24,18/03/2026 09:38:49,75.00%,1400,1520,50,100,2.0,0,3,0,0,0,0,0,0,0,0,0,0,0,0,0,0,1,0,0,0,0,0,0,0,0,0,0,0,0,,,,,
Reset,133,5,40,18/03/2026 09:34:01,87.50%,2000,880,45,50,0.0,0,5,0,0,0,0,0,0,0,0,0,0,0,0,0,0,0,0,0,0,0,0,0,0,0,0,0,0,0,,,,,
Reset,132,8,40,18/03/2026 09:29:57,80.00%,2000,880,45,50,0.0,0,6,0,0,0,0,0,0,0,0,0,0,0,2,0,0,0,0,0,0,0,0,0,0,0,0,0,0,0,,,,,
Reset,133,7,40,18/03/2026 09:21:13,82.50%,2000,880,45,50,0.0,0,7,0,0,0,0,0,0,0,0,0,0,0,0,0,0,0,0,0,0,0,0,0,0,0,0,0,0,0,,,,,
Reset,135,4,40,18/03/2026 09:14:56,90.00%,2000,80,45,50,0.0,0,4,0,0,0,0,0,0,0,0,0,0,0,0,0,0,0,0,0,0,0,0,0,0,0,0,0,0,0,,,,,
Reset,51,5,15,18/03/2026 09:10:24,66.67%,0,0,0,0,0.0,2,3,0,0,0,0,0,0,0,0,0,0,0,0,0,0,0,0,0,0,0,0,0,0,0,0,0,0,0,,,,,
Reset,40,2,15,18/03/2026 09:01:14,86.67%,0,0,0,0,0.0,2,0,0,0,0,0,0,0,0,0,0,0,0,0,0,0,0,0,0,0,0,0,0,0,0,0,0,0,0,,,,,
Reset,38,1,15,18/03/2026 09:00:55,93.33%,0,0,0,0,0.0,0,1,0,0,0,0,0,0,0,0,0,0,0,0,0,0,0,0,0,0,0,0,0,0,0,0,0,0,0,,,,,
Reset,72,10,20,18/03/2026 08:44:15,50.00%,0,0,0,0,3.0,1,0,0,0,0,0,0,0,0,0,0,0,0,0,0,0,0,0,0,0,6,0,0,0,0,0,0,0,0,,,,,
Reset,81,4,24,18/03/2026 08:41:31,83.33%,1400,1520,50,100,3.0,0,1,0,0,0,0,0,0,0,0,0,0,0,0,0,0,0,0,0,0,0,0,0,0,0,0,0,0,0,,,,,
Reset,40,7,15,18/03/2026 08:33:57,53.33%,0,0,0,0,0.0,3,4,0,0,0,0,0,0,0,0,0,0,0,0,0,0,0,0,0,0,0,0,0,0,0,0,0,0,0,,,,,
Reset,51,6,15,18/03/2026 08:23:35,60.00%,0,0,0,0,0.0,3,3,0,0,0,0,0,0,0,0,0,0,0,0,0,0,0,0,0,0,0,0,0,0,0,0,0,0,0,,,,,
Reset,83,2,24,18/03/2026 08:14:32,91.67%,1400,1520,50,100,2.0,0,0,0,0,0,0,0,0,0,0,0,0,0,0,0,0,0,0,0,0,0,0,0,0,0,0,0,0,0,,,,,
Reset,40,6,15,18/03/2026 08:11:27,60.00%,0,0,0,0,0.0,3,3,0,0,0,0,0,0,0,0,0,0,0,0,0,0,0,0,0,0,0,0,0,0,0,0,0,0,0,,,,,
Reset,83,3,24,18/03/2026 08:08:07,87.50%,1400,1520,50,100,2.0,0,1,0,0,0,0,0,0,0,0,0,0,0,0,0,0,0,0,0,0,0,0,0,0,0,0,0,0,0,,,,,
Reset,39,4,15,18/03/2026 08:05:32,73.33%,0,0,0,0,0.0,3,1,0,0,0,0,0,0,0,0,0,0,0,0,0,0,0,0,0,0,0,0,0,0,0,0,0,0,0,,,,,
Reset,73,2,20,18/03/2026 08:01:16,90.00%,0,0,0,0,0.0,0,2,0,0,0,0,0,0,0,0,0,0,0,0,0,0,0,0,0,0,0,0,0,0,0,0,0,0,0,,,,,
Reset,51,6,15,18/03/2026 07:59:29,60.00%,0,0,0,0,0.0,4,2,0,0,0,0,0,0,0,0,0,0,0,0,0,0,0,0,0,0,0,0,0,0,0,0,0,0,0,,,,,
Reset,80,4,24,18/03/2026 07:50:10,83.33%,1400,1520,50,100,3.0,0,1,0,0,0,0,0,0,0,0,0,0,0,0,0,0,0,0,0,0,0,0,0,0,0,0,0,0,0,,,,,
Reset,38,5,15,18/03/2026 07:45:03,66.67%,0,0,0,0,0.0,3,2,0,0,0,0,0,0,0,0,0,0,0,0,0,0,0,0,0,0,0,0,0,0,0,0,0,0,0,,,,,
Reset,70,7,20,18/03/2026 07:44:05,65.00%,0,0,0,0,7.0,0,0,0,0,0,0,0,0,0,0,0,0,0,0,0,0,0,0,0,0,0,0,0,0,0,0,0,0,0,,,,,
Reset,39,5,15,18/03/2026 07:39:03,66.67%,0,0,0,0,0.0,3,2,0,0,0,0,0,0,0,0,0,0,0,0,0,0,0,0,0,0,0,0,0,0,0,0,0,0,0,,,,,
Reset,74,6,20,18/03/2026 07:33:28,70.00%,0,0,0,0,6.0,0,0,0,0,0,0,0,0,0,0,0,0,0,0,0,0,0,0,0,0,0,0,0,0,0,0,0,0,0,,,,,
Reset,51,5,15,18/03/2026 07:24:40,66.67%,0,0,0,0,0.0,3,2,0,0,0,0,0,0,0,0,0,0,0,0,0,0,0,0,0,0,0,0,0,0,0,0,0,0,0,,,,,
Reset,82,3,24,18/03/2026 07:21:43,87.50%,1400,1520,50,100,3.0,0,0,0,0,0,0,0,0,0,0,0,0,0,0,0,0,0,0,0,0,0,0,0,0,0,0,0,0,0,,,,,
Reset,70,1,20,18/03/2026 07:13:39,95.00%,0,0,0,0,0.0,0,1,0,0,0,0,0,0,0,0,0,0,0,0,0,0,0,0,0,0,0,0,0,0,0,0,0,0,0,,,,,
Reset,39,4,15,18/03/2026 07:12:08,73.33%,0,0,0,0,0.0,3,1,0,0,0,0,0,0,0,0,0,0,0,0,0,0,0,0,0,0,0,0,0,0,0,0,0,0,0,,,,,
Reset,40,0,15,18/03/2026 07:07:22,100.00%,0,0,0,0,0.0,0,0,0,0,0,0,0,0,0,0,0,0,0,0,0,0,0,0,0,0,0,0,0,0,0,0,0,0,0,,,,,
Reset,38,5,15,18/03/2026 07:06:58,66.67%,0,0,0,0,0.0,3,2,0,0,0,0,0,0,0,0,0,0,0,0,0,0,0,0,0,0,0,0,0,0,0,0,0,0,0,,,,,
Reset,82,8,24,18/03/2026 07:05:32,66.67%,1400,1520,50,100,7.0,0,1,0,0,0,0,0,0,0,0,0,0,0,0,0,0,0,0,0,0,0,0,0,0,0,0,0,0,0,,,,,
Reset,70,6,20,18/03/2026 06:54:32,70.00%,0,0,0,0,6.0,0,0,0,0,0,0,0,0,0,0,0,0,0,0,0,0,0,0,0,0,0,0,0,0,0,0,0,0,0,,,,,
Reset,40,6,15,18/03/2026 06:50:08,60.00%,0,0,0,0,0.0,3,3,0,0,0,0,0,0,0,0,0,0,0,0,0,0,0,0,0,0,0,0,0,0,0,0,0,0,0,,,,,
Reset,73,7,20,18/03/2026 06:42:21,65.00%,0,0,0,0,0.0,3,4,0,0,0,0,0,0,0,0,0,0,0,0,0,0,0,0,0,0,0,0,0,0,0,0,0,0,0,,,,,
Reset,74,8,20,18/03/2026 06:42:07,60.00%,0,0,0,0,6.0,0,2,0,0,0,0,0,0,0,0,0,0,0,0,0,0,0,0,0,0,0,0,0,0,0,0,0,0,0,,,,,
Reset,72,3,20,17/03/2026 23:11:22,85.00%,0,0,0,0,0.0,0,0,0,0,0,0,0,0,0,0,0,0,0,0,0,0,3,0,0,0,0,0,0,0,0,0,0,0,0,,,,,
Reset,135,3,40,17/03/2026 22:59:02,92.50%,2000,80,45,50,0.0,0,3,0,0,0,0,0,0,0,0,0,0,0,0,0,0,0,0,0,0,0,0,0,0,0,0,0,0,0,,,,,
Reset,135,3,40,17/03/2026 22:55:11,92.50%,2000,80,45,50,0.0,0,3,0,0,0,0,0,0,0,0,0,0,0,0,0,0,0,0,0,0,0,0,0,0,0,0,0,0,0,,,,,
Reset,134,7,40,17/03/2026 22:51:35,82.50%,2000,880,45,50,0.0,0,7,0,0,0,0,0,0,0,0,0,0,0,0,0,0,0,0,0,0,0,0,0,0,0,0,0,0,0,,,,,
Reset,83,4,24,17/03/2026 22:47:55,83.33%,1400,1520,50,100,3.0,0,1,0,0,0,0,0,0,0,0,0,0,0,0,0,0,0,0,0,0,0,0,0,0,0,0,0,0,0,,,,,
Reset,80,3,24,17/03/2026 22:36:13,87.50%,1400,1520,50,100,0.0,0,3,0,0,0,0,0,0,0,0,0,0,0,0,0,0,0,0,0,0,0,0,0,0,0,0,0,0,0,,,,,
Reset,73,1,20,17/03/2026 22:32:55,95.00%,0,0,0,0,0.0,0,0,0,0,1,0,0,0,0,0,0,0,0,0,0,0,0,0,0,0,0,0,0,0,0,0,0,0,0,,,,,
Reset,83,4,24,17/03/2026 22:25:20,83.33%,1400,1520,50,100,4.0,0,0,0,0,0,0,0,0,0,0,0,0,0,0,0,0,0,0,0,0,0,0,0,0,0,0,0,0,0,,,,,
Reset,71,6,20,17/03/2026 22:25:03,70.00%,0,0,0,0,1.0,0,0,0,0,0,0,0,0,0,0,0,0,0,0,0,0,5,0,0,0,0,0,0,0,0,0,0,0,0,,,,,
Reset,132,4,40,17/03/2026 22:13:13,90.00%,2000,880,45,50,0.0,0,4,0,0,0,0,0,0,0,0,0,0,0,0,0,0,0,0,0,0,0,0,0,0,0,0,0,0,0,,,,,
Reset,37,0,15,17/03/2026 22:12:19,100.00%,0,0,0,0,0.0,0,0,0,0,0,0,0,0,0,0,0,0,0,0,0,0,0,0,0,0,0,0,0,0,0,0,0,0,0,,,,,
Reset,133,2,40,17/03/2026 22:09:10,95.00%,2000,880,45,50,0.0,0,2,0,0,0,0,0,0,0,0,0,0,0,0,0,0,0,0,0,0,0,0,0,0,0,0,0,0,0,,,,,
Reset,135,5,40,17/03/2026 22:06:43,87.50%,2000,80,45,50,0.0,0,3,0,0,0,0,0,1,0,1,0,0,0,0,0,0,0,0,0,0,0,0,0,0,0,0,0,0,0,,,,,
Reset,68,7,16,17/03/2026 22:03:41,56.25%,0,0,0,0,0.0,0,7,0,0,0,0,0,0,0,0,0,0,0,0,0,0,0,0,0,0,0,0,0,0,0,0,0,0,0,,,,,
Reset,133,4,40,17/03/2026 22:02:12,90.00%,2000,880,45,50,0.0,0,4,0,0,0,0,0,0,0,0,0,0,0,0,0,0,0,0,0,0,0,0,0,0,0,0,0,0,0,,,,,
Reset,71,4,20,17/03/2026 21:59:29,80.00%,0,0,0,0,0.0,0,0,0,0,0,0,0,0,0,0,0,0,0,4,0,0,0,0,0,0,0,0,0,0,0,0,0,0,0,,,,,
Reset,82,6,24,17/03/2026 21:55:32,75.00%,1400,1520,50,100,2.0,0,3,0,0,0,0,0,0,0,0,0,0,0,0,0,0,0,0,0,0,0,1,0,0,0,0,0,0,0,,,,,
Reset,70,0,20,17/03/2026 21:50:34,100.00%,0,0,0,0,0.0,0,0,0,0,0,0,0,0,0,0,0,0,0,0,0,0,0,0,0,0,0,0,0,0,0,0,0,0,0,,,,,
Reset,82,23,24,17/03/2026 21:43:56,4.17%,1400,1520,50,100,22.0,0,0,0,0,0,0,0,0,0,0,0,0,0,1,0,0,0,0,0,0,0,0,0,0,0,0,0,0,0,,,,,
Reset,72,6,20,17/03/2026 21:41:52,70.00%,0,0,0,0,1.0,0,0,0,0,0,0,0,0,0,0,0,0,0,0,0,0,0,0,0,0,5,0,0,0,0,0,0,0,0,,,,,
Reset,72,3,20,17/03/2026 21:32:05,85.00%,0,0,0,0,2.0,1,0,0,0,0,0,0,0,0,0,0,0,0,0,0,0,0,0,0,0,0,0,0,0,0,0,0,0,0,,,,,
Reset,81,2,24,17/03/2026 21:31:37,91.67%,1400,1520,50,100,1.0,0,0,0,0,1,0,0,0,0,0,0,0,0,0,0,0,0,0,0,0,0,0,0,0,0,0,0,0,0,,,,,
Reset,72,2,20,17/03/2026 21:19:20,90.00%,0,0,0,0,2.0,0,0,0,0,0,0,0,0,0,0,0,0,0,0,0,0,0,0,0,0,0,0,0,0,0,0,0,0,0,,,,,
Reset,132,3,40,17/03/2026 21:18:35,92.50%,2000,880,45,50,0.0,0,3,0,0,0,0,0,0,0,0,0,0,0,0,0,0,0,0,0,0,0,0,0,0,0,0,0,0,0,,,,,
Reset,133,0,40,17/03/2026 21:11:48,100.00%,2000,880,45,50,0.0,0,0,0,0,0,0,0,0,0,0,0,0,0,0,0,0,0,0,0,0,0,0,0,0,0,0,0,0,0,,,,,
Reset,134,2,40,17/03/2026 21:09:22,95.00%,2000,880,45,50,0.0,0,2,0,0,0,0,0,0,0,0,0,0,0,0,0,0,0,0,0,0,0,0,0,0,0,0,0,0,0,,,,,
Reset,40,9,15,17/03/2026 21:04:51,40.00%,0,0,0,0,0.0,3,6,0,0,0,0,0,0,0,0,0,0,0,0,0,0,0,0,0,0,0,0,0,0,0,0,0,0,0,,,,,
Reset,134,4,40,17/03/2026 21:00:53,90.00%,2000,880,45,50,0.0,0,4,0,0,0,0,0,0,0,0,0,0,0,0,0,0,0,0,0,0,0,0,0,0,0,0,0,0,0,,,,,
Reset,40,6,15,17/03/2026 20:58:01,60.00%,0,0,0,0,0.0,0,5,0,0,0,0,0,0,0,0,0,0,0,0,0,0,0,0,0,0,0,1,0,0,0,0,0,0,0,,,,,
Reset,71,6,20,17/03/2026 20:54:24,70.00%,0,0,0,0,3.0,2,1,0,0,0,0,0,0,0,0,0,0,0,0,0,0,0,0,0,0,0,0,0,0,0,0,0,0,0,,,,,
Reset,39,9,15,17/03/2026 20:51:33,40.00%,0,0,0,0,0.0,0,9,0,0,0,0,0,0,0,0,0,0,0,0,0,0,0,0,0,0,0,0,0,0,0,0,0,0,0,,,,,
Reset,51,4,15,17/03/2026 20:47:52,73.33%,0,0,0,0,0.0,2,2,0,0,0,0,0,0,0,0,0,0,0,0,0,0,0,0,0,0,0,0,0,0,0,0,0,0,0,,,,,
Reset,70,2,20,17/03/2026 20:44:14,90.00%,0,0,0,0,2.0,0,0,0,0,0,0,0,0,0,0,0,0,0,0,0,0,0,0,0,0,0,0,0,0,0,0,0,0,0,,,,,
Reset,67,5,16,17/03/2026 20:38:49,68.75%,0,0,0,0,3.0,0,2,0,0,0,0,0,0,0,0,0,0,0,0,0,0,0,0,0,0,0,0,0,0,0,0,0,0,0,,,,,
Reset,65,1,16,17/03/2026 20:34:50,93.75%,0,0,0,0,0.0,0,1,0,0,0,0,0,0,0,0,0,0,0,0,0,0,0,0,0,0,0,0,0,0,0,0,0,0,0,,,,,
Reset,67,6,16,17/03/2026 20:32:41,62.50%,0,0,0,0,1.0,0,5,0,0,0,0,0,0,0,0,0,0,0,0,0,0,0,0,0,0,0,0,0,0,0,0,0,0,0,,,,,
Reset,38,3,15,17/03/2026 20:26:58,80.00%,0,0,0,0,1.0,0,2,0,0,0,0,0,0,0,0,0,0,0,0,0,0,0,0,0,0,0,0,0,0,0,0,0,0,0,,,,,
Reset,80,5,24,17/03/2026 20:26:28,79.17%,1400,1520,50,100,2.0,0,3,0,0,0,0,0,0,0,0,0,0,0,0,0,0,0,0,0,0,0,0,0,0,0,0,0,0,0,,,,,
Reset,38,6,15,17/03/2026 20:20:45,60.00%,0,0,0,0,0.0,0,5,0,0,0,0,0,0,0,1,0,0,0,0,0,0,0,0,0,0,0,0,0,0,0,0,0,0,0,,,,,
Reset,68,6,16,17/03/2026 20:16:00,62.50%,0,0,0,0,0.0,0,6,0,0,0,0,0,0,0,0,0,0,0,0,0,0,0,0,0,0,0,0,0,0,0,0,0,0,0,,,,,
Reset,134,4,40,17/03/2026 20:14:57,90.00%,2000,880,45,50,0.0,0,4,0,0,0,0,0,0,0,0,0,0,0,0,0,0,0,0,0,0,0,0,0,0,0,0,0,0,0,,,,,
Reset,135,3,40,17/03/2026 20:10:21,92.50%,2000,80,45,50,0.0,0,3,0,0,0,0,0,0,0,0,0,0,0,0,0,0,0,0,0,0,0,0,0,0,0,0,0,0,0,,,,,
Reset,69,3,16,17/03/2026 20:09:02,81.25%,0,0,0,0,0.0,0,3,0,0,0,0,0,0,0,0,0,0,0,0,0,0,0,0,0,0,0,0,0,0,0,0,0,0,0,,,,,
Reset,69,3,16,17/03/2026 20:06:40,81.25%,0,0,0,0,0.0,0,2,0,0,0,0,0,0,0,0,0,0,1,0,0,0,0,0,0,0,0,0,0,0,0,0,0,0,0,,,,,
Reset,68,4,16,17/03/2026 20:04:56,75.00%,0,0,0,0,0.0,0,4,0,0,0,0,0,0,0,0,0,0,0,0,0,0,0,0,0,0,0,0,0,0,0,0,0,0,0,,,,,
Reset,133,3,40,17/03/2026 20:04:44,92.50%,2000,880,45,50,0.0,0,1,0,0,0,0,0,0,0,2,0,0,0,0,0,0,0,0,0,0,0,0,0,0,0,0,0,0,0,,,,,
Reset,67,1,16,17/03/2026 20:02:22,93.75%,0,0,0,0,0.0,0,1,0,0,0,0,0,0,0,0,0,0,0,0,0,0,0,0,0,0,0,0,0,0,0,0,0,0,0,,,,,
Reset,69,8,16,17/03/2026 20:00:30,50.00%,0,0,0,0,1.0,0,7,0,0,0,0,0,0,0,0,0,0,0,0,0,0,0,0,0,0,0,0,0,0,0,0,0,0,0,,,,,
Reset,132,2,40,17/03/2026 19:58:25,95.00%,2000,880,45,50,0.0,0,2,0,0,0,0,0,0,0,0,0,0,0,0,0,0,0,0,0,0,0,0,0,0,0,0,0,0,0,,,,,
Reset,67,7,16,17/03/2026 19:56:50,56.25%,0,0,0,0,7.0,0,0,0,0,0,0,0,0,0,0,0,0,0,0,0,0,0,0,0,0,0,0,0,0,0,0,0,0,0,,,,,
Reset,72,2,20,17/03/2026 19:50:12,90.00%,0,0,0,0,2.0,0,0,0,0,0,0,0,0,0,0,0,0,0,0,0,0,0,0,0,0,0,0,0,0,0,0,0,0,0,,,,,
Reset,68,6,16,17/03/2026 19:43:59,62.50%,0,0,0,0,5.0,0,1,0,0,0,0,0,0,0,0,0,0,0,0,0,0,0,0,0,0,0,0,0,0,0,0,0,0,0,,,,,
Reset,70,4,20,17/03/2026 19:42:39,80.00%,0,0,0,0,4.0,0,0,0,0,0,0,0,0,0,0,0,0,0,0,0,0,0,0,0,0,0,0,0,0,0,0,0,0,0,,,,,
Reset,38,5,15,17/03/2026 19:33:55,66.67%,0,0,0,0,0.0,0,5,0,0,0,0,0,0,0,0,0,0,0,0,0,0,0,0,0,0,0,0,0,0,0,0,0,0,0,,,,,
Reset,37,4,15,17/03/2026 19:33:11,73.33%,0,0,0,0,1.0,0,2,0,0,0,0,0,0,0,0,0,0,0,0,0,0,0,0,0,0,0,1,0,0,0,0,0,0,0,,,,,
Reset,39,8,15,17/03/2026 19:26:58,46.67%,0,0,0,0,0.0,0,8,0,0,0,0,0,0,0,0,0,0,0,0,0,0,0,0,0,0,0,0,0,0,0,0,0,0,0,,,,,
Reset,40,10,15,17/03/2026 19:24:00,33.33%,0,0,0,0,0.0,0,10,0,0,0,0,0,0,0,0,0,0,0,0,0,0,0,0,0,0,0,0,0,0,0,0,0,0,0,,,,,
Reset,82,3,24,17/03/2026 19:22:27,87.50%,1400,1520,50,100,2.0,0,1,0,0,0,0,0,0,0,0,0,0,0,0,0,0,0,0,0,0,0,0,0,0,0,0,0,0,0,,,,,
Reset,38,4,15,17/03/2026 19:20:56,73.33%,0,0,0,0,4.0,0,0,0,0,0,0,0,0,0,0,0,0,0,0,0,0,0,0,0,0,0,0,0,0,0,0,0,0,0,,,,,
Reset,40,7,15,17/03/2026 19:15:57,53.33%,0,0,0,0,0.0,0,7,0,0,0,0,0,0,0,0,0,0,0,0,0,0,0,0,0,0,0,0,0,0,0,0,0,0,0,,,,,
Reset,51,8,15,17/03/2026 19:12:13,46.67%,0,0,0,0,0.0,0,3,0,0,0,0,0,0,0,5,0,0,0,0,0,0,0,0,0,0,0,0,0,0,0,0,0,0,0,,,,,
Reset,80,2,24,17/03/2026 19:11:10,91.67%,1400,1520,50,100,1.0,0,1,0,0,0,0,0,0,0,0,0,0,0,0,0,0,0,0,0,0,0,0,0,0,0,0,0,0,0,,,,,
Reset,31,8,9,17/03/2026 19:00:39,11.11%,0,0,0,0,0.0,0,3,0,0,0,0,0,0,0,5,0,0,0,0,0,0,0,0,0,0,0,0,0,0,0,0,0,0,0,,,,,
Reset,40,6,15,17/03/2026 18:49:51,60.00%,0,0,0,0,0.0,0,3,0,0,0,0,0,0,1,0,0,0,0,0,0,0,0,0,0,0,0,2,0,0,0,0,0,0,0,,,,,
Reset,134,3,40,17/03/2026 18:12:21,92.50%,2000,880,45,50,0.0,0,1,0,0,0,0,0,0,0,2,0,0,0,0,0,0,0,0,0,0,0,0,0,0,0,0,0,0,0,,,,,
Reset,135,3,40,17/03/2026 18:03:41,92.50%,2000,80,45,50,0.0,0,0,0,0,0,0,0,1,0,2,0,0,0,0,0,0,0,0,0,0,0,0,0,0,0,0,0,0,0,,,,,
Reset,38,4,15,17/03/2026 17:58:27,73.33%,0,0,0,0,3.0,0,1,0,0,0,0,0,0,0,0,0,0,0,0,0,0,0,0,0,0,0,0,0,0,0,0,0,0,0,,,,,
Reset,133,2,40,17/03/2026 17:57:18,95.00%,2000,880,45,50,0.0,0,1,0,0,0,0,0,0,0,0,0,0,1,0,0,0,0,0,0,0,0,0,0,0,0,0,0,0,0,,,,,
Reset,135,5,40,17/03/2026 17:55:18,87.50%,2000,80,45,50,0.0,0,2,0,0,0,0,0,0,0,0,0,0,3,0,0,0,0,0,0,0,0,0,0,0,0,0,0,0,0,,,,,
Reset,39,5,15,17/03/2026 17:50:20,66.67%,0,0,0,0,0.0,0,5,0,0,0,0,0,0,0,0,0,0,0,0,0,0,0,0,0,0,0,0,0,0,0,0,0,0,0,,,,,
Reset,65,1,16,17/03/2026 17:39:11,93.75%,0,0,0,0,0.0,0,0,0,0,0,0,0,0,0,0,0,0,0,0,0,0,0,0,0,0,0,1,0,0,0,0,0,0,0,,,,,
Reset,69,3,16,17/03/2026 17:35:52,81.25%,0,0,0,0,3.0,0,0,0,0,0,0,0,0,0,0,0,0,0,0,0,0,0,0,0,0,0,0,0,0,0,0,0,0,0,,,,,
Reset,65,3,16,17/03/2026 17:30:40,81.25%,0,0,0,0,2.0,0,0,0,0,0,0,0,1,0,0,0,0,0,0,0,0,0,0,0,0,0,0,0,0,0,0,0,0,0,,,,,
Reset,69,4,16,17/03/2026 17:26:55,75.00%,0,0,0,0,0.0,0,3,0,0,0,0,0,1,0,0,0,0,0,0,0,0,0,0,0,0,0,0,0,0,0,0,0,0,0,,,,,
Reset,133,4,40,17/03/2026 17:23:53,90.00%,2000,880,45,50,0.0,0,4,0,0,0,0,0,0,0,0,0,0,0,0,0,0,0,0,0,0,0,0,0,0,0,0,0,0,0,,,,,
Reset,69,7,16,17/03/2026 17:22:56,56.25%,0,0,0,0,0.0,0,6,0,0,0,0,0,1,0,0,0,0,0,0,0,0,0,0,0,0,0,0,0,0,0,0,0,0,0,,,,,
Reset,68,1,16,17/03/2026 17:18:44,93.75%,0,0,0,0,0.0,0,0,0,0,0,0,0,0,0,1,0,0,0,0,0,0,0,0,0,0,0,0,0,0,0,0,0,0,0,,,,,
Reset,134,1,40,17/03/2026 17:18:22,97.50%,2000,880,45,50,0.0,0,1,0,0,0,0,0,0,0,0,0,0,0,0,0,0,0,0,0,0,0,0,0,0,0,0,0,0,0,,,,,
Reset,135,4,40,17/03/2026 17:13:24,90.00%,2000,80,45,50,0.0,0,0,0,0,0,0,0,0,0,0,0,0,4,0,0,0,0,0,0,0,0,0,0,0,0,0,0,0,0,,,,,
Reset,68,3,16,17/03/2026 17:08:25,81.25%,0,0,0,0,0.0,0,3,0,0,0,0,0,0,0,0,0,0,0,0,0,0,0,0,0,0,0,0,0,0,0,0,0,0,0,,,,,
Reset,65,3,16,17/03/2026 16:59:47,81.25%,0,0,0,0,0.0,0,2,0,0,0,0,0,1,0,0,0,0,0,0,0,0,0,0,0,0,0,0,0,0,0,0,0,0,0,,,,,
Reset,134,3,40,17/03/2026 16:59:13,92.50%,2000,880,45,50,0.0,0,2,0,0,0,0,0,0,0,0,0,0,0,1,0,0,0,0,0,0,0,0,0,0,0,0,0,0,0,,,,,
Reset,67,4,16,17/03/2026 16:56:17,75.00%,0,0,0,0,4.0,0,0,0,0,0,0,0,0,0,0,0,0,0,0,0,0,0,0,0,0,0,0,0,0,0,0,0,0,0,,,,,
Reset,81,4,24,17/03/2026 16:52:12,83.33%,1400,1520,50,100,2.0,0,2,0,0,0,0,0,0,0,0,0,0,0,0,0,0,0,0,0,0,0,0,0,0,0,0,0,0,0,,,,,
Reset,69,0,16,17/03/2026 16:43:57,100.00%,0,0,0,0,0.0,0,0,0,0,0,0,0,0,0,0,0,0,0,0,0,0,0,0,0,0,0,0,0,0,0,0,0,0,0,,,,,
Reset,69,2,16,17/03/2026 16:38:15,87.50%,0,0,0,0,0.0,0,2,0,0,0,0,0,0,0,0,0,0,0,0,0,0,0,0,0,0,0,0,0,0,0,0,0,0,0,,,,,
Reset,68,1,16,17/03/2026 16:33:11,93.75%,0,0,0,0,0.0,0,1,0,0,0,0,0,0,0,0,0,0,0,0,0,0,0,0,0,0,0,0,0,0,0,0,0,0,0,,,,,
Reset,81,5,24,17/03/2026 16:25:29,79.17%,1400,1520,50,100,2.0,0,2,0,0,0,0,0,0,0,0,0,0,0,0,0,0,0,0,0,0,0,1,0,0,0,0,0,0,0,,,,,
Reset,82,4,24,17/03/2026 15:56:21,83.33%,1400,1520,50,100,3.0,0,1,0,0,0,0,0,0,0,0,0,0,0,0,0,0,0,0,0,0,0,0,0,0,0,0,0,0,0,,,,,
Reset,67,0,16,17/03/2026 15:31:35,100.00%,0,0,0,0,0.0,0,0,0,0,0,0,0,0,0,0,0,0,0,0,0,0,0,0,0,0,0,0,0,0,0,0,0,0,0,,,,,
0,61,1,0,17/03/2026 15:24:19,0,0,0,0,0,1.0,0,0,0,0,0,0,0,0,0,0,0,0,0,0,0,0,0,0,0,0,0,0,0,0,0,0,0,0,0,,,,,
Reset,68,2,16,17/03/2026 15:21:37,87.50%,0,0,0,0,0.0,0,0,0,0,0,0,0,0,0,0,0,0,0,0,0,0,0,0,0,0,0,2,0,0,0,0,0,0,0,,,,,
Reset,40,3,15,17/03/2026 14:31:50,80.00%,0,0,0,0,0.0,0,3,0,0,0,0,0,0,0,0,0,0,0,0,0,0,0,0,0,0,0,0,0,0,0,0,0,0,0,,,,,
Reset,71,0,20,17/03/2026 14:29:33,100.00%,0,0,0,0,0.0,0,0,0,0,0,0,0,0,0,0,0,0,0,0,0,0,0,0,0,0,0,0,0,0,0,0,0,0,0,,,,,
Reset,70,7,20,17/03/2026 14:29:23,65.00%,0,0,0,0,6.0,0,0,0,0,0,0,0,0,0,0,0,0,0,0,0,0,1,0,0,0,0,0,0,0,0,0,0,0,0,,,,,
Reset,39,3,15,17/03/2026 14:28:41,80.00%,0,0,0,0,0.0,0,3,0,0,0,0,0,0,0,0,0,0,0,0,0,0,0,0,0,0,0,0,0,0,0,0,0,0,0,,,,,
Reset,65,2,16,17/03/2026 14:19:34,87.50%,0,0,0,0,2.0,0,0,0,0,0,0,0,0,0,0,0,0,0,0,0,0,0,0,0,0,0,0,0,0,0,0,0,0,0,,,,,
Reset,67,2,16,17/03/2026 14:14:26,87.50%,0,0,0,0,0.0,0,2,0,0,0,0,0,0,0,0,0,0,0,0,0,0,0,0,0,0,0,0,0,0,0,0,0,0,0,,,,,
Reset,68,2,16,17/03/2026 14:08:16,87.50%,0,0,0,0,2.0,0,0,0,0,0,0,0,0,0,0,0,0,0,0,0,0,0,0,0,0,0,0,0,0,0,0,0,0,0,,,,,
Reset,38,5,15,17/03/2026 14:05:21,66.67%,0,0,0,0,3.0,0,2,0,0,0,0,0,0,0,0,0,0,0,0,0,0,0,0,0,0,0,0,0,0,0,0,0,0,0,,,,,
Reset,67,0,16,17/03/2026 14:00:32,100.00%,0,0,0,0,0.0,0,0,0,0,0,0,0,0,0,0,0,0,0,0,0,0,0,0,0,0,0,0,0,0,0,0,0,0,0,,,,,
Reset,68,0,16,17/03/2026 13:56:23,100.00%,0,0,0,0,0.0,0,0,0,0,0,0,0,0,0,0,0,0,0,0,0,0,0,0,0,0,0,0,0,0,0,0,0,0,0,,,,,
Reset,40,0,15,17/03/2026 13:55:06,100.00%,0,0,0,0,0.0,0,0,0,0,0,0,0,0,0,0,0,0,0,0,0,0,0,0,0,0,0,0,0,0,0,0,0,0,0,,,,,
Reset,65,9,16,17/03/2026 13:54:18,43.75%,0,0,0,0,7.0,0,0,0,0,0,0,0,0,0,0,0,0,0,0,0,0,2,0,0,0,0,0,0,0,0,0,0,0,0,,,,,
Reset,71,4,20,17/03/2026 13:53:13,80.00%,0,0,0,0,3.0,0,0,0,0,0,0,0,0,0,0,0,0,0,1,0,0,0,0,0,0,0,0,0,0,0,0,0,0,0,,,,,
Reset,83,7,24,17/03/2026 13:52:35,70.83%,1400,1520,50,100,5.0,0,0,0,0,2,0,0,0,0,0,0,0,0,0,0,0,0,0,0,0,0,0,0,0,0,0,0,0,0,,,,,
Reset,134,6,40,17/03/2026 13:32:39,85.00%,2000,880,45,50,0.0,0,6,0,0,0,0,0,0,0,0,0,0,0,0,0,0,0,0,0,0,0,0,0,0,0,0,0,0,0,,,,,
Reset,80,9,24,17/03/2026 13:30:42,62.50%,1400,1520,50,100,9.0,0,0,0,0,0,0,0,0,0,0,0,0,0,0,0,0,0,0,0,0,0,0,0,0,0,0,0,0,0,,,,,
Reset,134,9,40,17/03/2026 13:24:31,77.50%,2000,880,45,50,2.0,0,7,0,0,0,0,0,0,0,0,0,0,0,0,0,0,0,0,0,0,0,0,0,0,0,0,0,0,0,,,,,
Reset,81,14,24,17/03/2026 13:23:21,41.67%,1400,1520,50,100,11.0,0,0,0,0,3,0,0,0,0,0,0,0,0,0,0,0,0,0,0,0,0,0,0,0,0,0,0,0,0,,,,,
Reset,132,2,40,17/03/2026 13:19:14,95.00%,2000,880,45,50,0.0,0,2,0,0,0,0,0,0,0,0,0,0,0,0,0,0,0,0,0,0,0,0,0,0,0,0,0,0,0,,,,,
Reset,80,14,24,17/03/2026 13:15:22,41.67%,1400,1520,50,100,14.0,0,0,0,0,0,0,0,0,0,0,0,0,0,0,0,0,0,0,0,0,0,0,0,0,0,0,0,0,0,,,,,
Reset,133,3,40,17/03/2026 13:14:34,92.50%,2000,880,45,50,0.0,0,2,0,0,0,0,0,0,0,1,0,0,0,0,0,0,0,0,0,0,0,0,0,0,0,0,0,0,0,,,,,
Reset,81,12,24,17/03/2026 13:08:20,50.00%,1400,1520,50,100,12.0,0,0,0,0,0,0,0,0,0,0,0,0,0,0,0,0,0,0,0,0,0,0,0,0,0,0,0,0,0,,,,,
Reset,132,5,40,17/03/2026 13:06:14,87.50%,2000,880,45,50,1.0,0,2,0,0,0,0,0,0,0,0,0,0,0,2,0,0,0,0,0,0,0,0,0,0,0,0,0,0,0,,,,,
Reset,135,6,40,17/03/2026 12:59:45,85.00%,2000,80,45,50,1.0,0,5,0,0,0,0,0,0,0,0,0,0,0,0,0,0,0,0,0,0,0,0,0,0,0,0,0,0,0,,,,,
Reset,81,7,24,17/03/2026 12:50:05,70.83%,1400,1520,50,100,5.0,0,2,0,0,0,0,0,0,0,0,0,0,0,0,0,0,0,0,0,0,0,0,0,0,0,0,0,0,0,,,,,
Reset,39,0,15,17/03/2026 12:46:47,100.00%,0,0,0,0,0.0,0,0,0,0,0,0,0,0,0,0,0,0,0,0,0,0,0,0,0,0,0,0,0,0,0,0,0,0,0,,,,,
Reset,73,5,20,17/03/2026 12:44:51,75.00%,0,0,0,0,3.0,0,2,0,0,0,0,0,0,0,0,0,0,0,0,0,0,0,0,0,0,0,0,0,0,0,0,0,0,0,,,,,
Reset,70,6,20,17/03/2026 12:30:04,70.00%,0,0,0,0,4.0,0,0,0,0,0,0,0,0,0,0,0,0,0,0,0,0,2,0,0,0,0,0,0,0,0,0,0,0,0,,,,,
Reset,70,3,20,17/03/2026 12:18:10,85.00%,0,0,0,0,3.0,0,0,0,0,0,0,0,0,0,0,0,0,0,0,0,0,0,0,0,0,0,0,0,0,0,0,0,0,0,,,,,
Reset,83,7,24,17/03/2026 11:57:54,70.83%,1400,1520,50,100,6.0,0,1,0,0,0,0,0,0,0,0,0,0,0,0,0,0,0,0,0,0,0,0,0,0,0,0,0,0,0,,,,,
Reset,71,7,20,17/03/2026 11:53:11,65.00%,0,0,0,0,3.0,0,3,0,0,1,0,0,0,0,0,0,0,0,0,0,0,0,0,0,0,0,0,0,0,0,0,0,0,0,,,,,
Reset,83,10,24,17/03/2026 11:52:02,58.33%,1400,1520,50,100,9.0,0,0,0,0,0,0,0,0,0,0,0,0,0,0,0,0,0,0,0,0,0,0,1,0,0,0,0,0,0,,,,,
Reset,81,5,24,17/03/2026 11:45:42,79.17%,1400,1520,50,100,4.0,0,1,0,0,0,0,0,0,0,0,0,0,0,0,0,0,0,0,0,0,0,0,0,0,0,0,0,0,0,,,,,
Reset,81,4,24,17/03/2026 11:39:42,83.33%,1400,1520,50,100,2.0,0,1,0,0,1,0,0,0,0,0,0,0,0,0,0,0,0,0,0,0,0,0,0,0,0,0,0,0,0,,,,,
Reset,83,14,24,17/03/2026 11:34:11,41.67%,1400,1520,50,100,14.0,0,0,0,0,0,0,0,0,0,0,0,0,0,0,0,0,0,0,0,0,0,0,0,0,0,0,0,0,0,,,,,
Reset,83,7,24,17/03/2026 11:25:27,70.83%,1400,1520,50,100,6.0,0,1,0,0,0,0,0,0,0,0,0,0,0,0,0,0,0,0,0,0,0,0,0,0,0,0,0,0,0,,,,,
Reset,80,6,24,17/03/2026 11:18:35,75.00%,1400,1520,50,100,2.0,0,1,0,0,2,0,0,0,0,0,0,0,0,0,0,0,0,0,0,0,0,0,1,0,0,0,0,0,0,,,,,
Reset,81,4,24,17/03/2026 11:12:01,83.33%,1400,1520,50,100,3.0,0,1,0,0,0,0,0,0,0,0,0,0,0,0,0,0,0,0,0,0,0,0,0,0,0,0,0,0,0,,,,,
Reset,71,2,20,17/03/2026 11:06:45,90.00%,0,0,0,0,0.0,0,0,0,0,0,0,0,0,0,0,0,0,0,2,0,0,0,0,0,0,0,0,0,0,0,0,0,0,0,,,,,
Reset,81,3,24,17/03/2026 11:06:07,87.50%,1400,1520,50,100,3.0,0,0,0,0,0,0,0,0,0,0,0,0,0,0,0,0,0,0,0,0,0,0,0,0,0,0,0,0,0,,,,,
Reset,38,2,15,17/03/2026 11:01:45,86.67%,0,0,0,0,0.0,0,0,0,0,0,0,0,0,0,0,0,0,0,2,0,0,0,0,0,0,0,0,0,0,0,0,0,0,0,,,,,
Reset,80,1,24,17/03/2026 11:00:37,95.83%,1400,1520,50,100,0.0,0,1,0,0,0,0,0,0,0,0,0,0,0,0,0,0,0,0,0,0,0,0,0,0,0,0,0,0,0,,,,,
Reset,39,0,15,17/03/2026 10:59:24,100.00%,0,0,0,0,0.0,0,0,0,0,0,0,0,0,0,0,0,0,0,0,0,0,0,0,0,0,0,0,0,0,0,0,0,0,0,,,,,
Reset,71,6,20,17/03/2026 10:57:51,70.00%,0,0,0,0,4.0,0,0,0,0,0,0,0,0,0,0,0,0,2,0,0,0,0,0,0,0,0,0,0,0,0,0,0,0,0,,,,,
Reset,81,2,24,17/03/2026 10:54:49,91.67%,1400,1520,50,100,2.0,0,0,0,0,0,0,0,0,0,0,0,0,0,0,0,0,0,0,0,0,0,0,0,0,0,0,0,0,0,,,,,
Reset,71,0,20,17/03/2026 10:45:16,100.00%,0,0,0,0,0.0,0,0,0,0,0,0,0,0,0,0,0,0,0,0,0,0,0,0,0,0,0,0,0,0,0,0,0,0,0,,,,,
Reset,51,0,15,17/03/2026 10:42:37,100.00%,0,0,0,0,0.0,0,0,0,0,0,0,0,0,0,0,0,0,0,0,0,0,0,0,0,0,0,0,0,0,0,0,0,0,0,,,,,
Reset,38,0,15,17/03/2026 10:42:24,100.00%,0,0,0,0,0.0,0,0,0,0,0,0,0,0,0,0,0,0,0,0,0,0,0,0,0,0,0,0,0,0,0,0,0,0,0,,,,,
Reset,51,3,15,17/03/2026 10:42:06,80.00%,0,0,0,0,1.0,0,0,0,0,0,0,0,0,0,0,0,0,0,0,0,0,0,0,0,0,0,0,0,2,0,0,0,0,0,,,,,
Reset,51,2,15,17/03/2026 10:09:38,86.67%,0,0,0,0,0.0,2,0,0,0,0,0,0,0,0,0,0,0,0,0,0,0,0,0,0,0,0,0,0,0,0,0,0,0,0,,,,,
Reset,38,3,15,17/03/2026 09:50:52,80.00%,0,0,0,0,1.0,0,0,0,0,0,0,0,0,0,0,0,0,0,2,0,0,0,0,0,0,0,0,0,0,0,0,0,0,0,,,,,
Reset,39,0,15,17/03/2026 09:44:52,100.00%,0,0,0,0,0.0,0,0,0,0,0,0,0,0,0,0,0,0,0,0,0,0,0,0,0,0,0,0,0,0,0,0,0,0,0,,,,,
Reset,40,1,15,17/03/2026 09:43:19,93.33%,0,0,0,0,0.0,0,1,0,0,0,0,0,0,0,0,0,0,0,0,0,0,0,0,0,0,0,0,0,0,0,0,0,0,0,,,,,
Reset,51,4,15,17/03/2026 09:38:27,73.33%,0,0,0,0,0.0,3,0,0,0,0,0,0,0,0,0,0,0,0,0,0,0,0,0,0,0,0,1,0,0,0,0,0,0,0,,,,,
Reset,38,0,15,17/03/2026 09:31:14,100.00%,0,0,0,0,0.0,0,0,0,0,0,0,0,0,0,0,0,0,0,0,0,0,0,0,0,0,0,0,0,0,0,0,0,0,0,,,,,
Reset,38,3,15,17/03/2026 09:28:36,80.00%,0,0,0,0,0.0,0,1,0,0,0,0,0,0,0,0,0,0,0,0,0,0,0,0,0,0,0,2,0,0,0,0,0,0,0,,,,,
Reset,38,3,15,17/03/2026 09:23:46,80.00%,0,0,0,0,0.0,0,2,0,0,0,0,0,0,0,1,0,0,0,0,0,0,0,0,0,0,0,0,0,0,0,0,0,0,0,,,,,
Reset,40,0,15,17/03/2026 09:22:58,100.00%,0,0,0,0,0.0,0,0,0,0,0,0,0,0,0,0,0,0,0,0,0,0,0,0,0,0,0,0,0,0,0,0,0,0,0,,,,,
Reset,38,4,15,17/03/2026 09:11:42,73.33%,0,0,0,0,0.0,1,1,0,0,0,0,0,0,0,0,0,0,0,0,0,0,0,0,0,0,0,0,0,2,0,0,0,0,0,,,,,
Reset,51,2,15,17/03/2026 09:06:56,86.67%,0,0,0,0,1.0,0,0,0,0,0,0,0,0,0,0,0,0,0,1,0,0,0,0,0,0,0,0,0,0,0,0,0,0,0,,,,,
Reset,52,2,15,17/03/2026 08:49:13,86.67%,0,0,0,0,1.0,0,0,0,0,0,0,0,0,0,0,0,0,0,1,0,0,0,0,0,0,0,0,0,0,0,0,0,0,0,,,,,
Reset,40,0,15,17/03/2026 08:42:51,100.00%,0,0,0,0,0.0,0,0,0,0,0,0,0,0,0,0,0,0,0,0,0,0,0,0,0,0,0,0,0,0,0,0,0,0,0,,,,,
Reset,51,3,15,17/03/2026 08:37:44,80.00%,0,0,0,0,0.0,0,2,0,0,0,0,0,0,0,0,0,0,0,0,0,0,0,0,0,0,0,0,0,1,0,0,0,0,0,,,,,
Reset,51,1,15,17/03/2026 08:34:14,93.33%,0,0,0,0,0.0,1,0,0,0,0,0,0,0,0,0,0,0,0,0,0,0,0,0,0,0,0,0,0,0,0,0,0,0,0,,,,,
Reset,40,0,15,17/03/2026 08:23:26,100.00%,0,0,0,0,0.0,0,0,0,0,0,0,0,0,0,0,0,0,0,0,0,0,0,0,0,0,0,0,0,0,0,0,0,0,0,,,,,
Reset,52,2,15,17/03/2026 08:17:07,86.67%,0,0,0,0,0.0,0,0,0,0,0,0,0,0,0,1,0,0,0,0,0,0,0,0,0,0,0,0,0,1,0,0,0,0,0,,,,,
Reset,40,0,15,17/03/2026 08:14:28,100.00%,0,0,0,0,0.0,0,0,0,0,0,0,0,0,0,0,0,0,0,0,0,0,0,0,0,0,0,0,0,0,0,0,0,0,0,,,,,
Reset,52,1,15,17/03/2026 08:12:38,93.33%,0,0,0,0,0.0,0,0,0,0,0,0,0,0,0,0,0,0,0,0,0,0,0,0,0,0,0,0,0,1,0,0,0,0,0,,,,,
Reset,38,2,15,13/03/2026 23:15:06,86.67%,0,0,0,0,0.0,0,2,0,0,0,0,0,0,0,0,0,0,0,0,0,0,0,0,0,0,0,0,0,0,0,0,0,0,0,,,,,
Reset,51,2,15,13/03/2026 23:14:31,86.67%,0,0,0,0,0.0,0,2,0,0,0,0,0,0,0,0,0,0,0,0,0,0,0,0,0,0,0,0,0,0,0,0,0,0,0,,,,,
Reset,39,0,15,13/03/2026 23:11:49,100.00%,0,0,0,0,0.0,0,0,0,0,0,0,0,0,0,0,0,0,0,0,0,0,0,0,0,0,0,0,0,0,0,0,0,0,0,,,,,
Reset,81,5,24,13/03/2026 23:10:13,79.17%,1400,1520,50,100,5.0,0,0,0,0,0,0,0,0,0,0,0,0,0,0,0,0,0,0,0,0,0,0,0,0,0,0,0,0,0,,,,,
Reset,40,1,15,13/03/2026 22:56:33,93.33%,0,0,0,0,0.0,0,1,0,0,0,0,0,0,0,0,0,0,0,0,0,0,0,0,0,0,0,0,0,0,0,0,0,0,0,,,,,
Reset,67,1,16,13/03/2026 22:47:55,93.75%,0,0,0,0,0.0,0,0,0,0,0,0,0,0,0,0,0,0,0,0,0,0,0,0,0,0,0,1,0,0,0,0,0,0,0,,,,,
Reset,38,4,15,13/03/2026 22:44:59,73.33%,0,0,0,0,0.0,0,4,0,0,0,0,0,0,0,0,0,0,0,0,0,0,0,0,0,0,0,0,0,0,0,0,0,0,0,,,,,
Reset,80,11,24,13/03/2026 22:41:38,54.17%,1400,1520,50,100,8.0,0,0,0,0,0,0,0,0,0,0,0,0,0,3,0,0,0,0,0,0,0,0,0,0,0,0,0,0,0,,,,,
Reset,65,2,16,13/03/2026 22:40:23,87.50%,0,0,0,0,1.0,0,0,0,0,0,0,0,0,0,0,0,0,0,0,0,0,0,0,0,0,0,1,0,0,0,0,0,0,0,,,,,
Reset,38,2,15,13/03/2026 22:40:06,86.67%,0,0,0,0,0.0,0,1,0,0,0,0,0,0,0,0,0,0,0,1,0,0,0,0,0,0,0,0,0,0,0,0,0,0,0,,,,,
Reset,40,0,15,13/03/2026 22:27:43,100.00%,0,0,0,0,0.0,0,0,0,0,0,0,0,0,0,0,0,0,0,0,0,0,0,0,0,0,0,0,0,0,0,0,0,0,0,,,,,
Reset,83,16,24,13/03/2026 22:25:56,33.33%,1400,1520,50,100,14.0,0,0,0,0,0,0,0,0,0,0,0,0,0,2,0,0,0,0,0,0,0,0,0,0,0,0,0,0,0,,,,,
Reset,67,2,16,13/03/2026 22:13:46,87.50%,0,0,0,0,2.0,0,0,0,0,0,0,0,0,0,0,0,0,0,0,0,0,0,0,0,0,0,0,0,0,0,0,0,0,0,,,,,
Reset,68,3,16,13/03/2026 22:09:24,81.25%,0,0,0,0,1.0,0,2,0,0,0,0,0,0,0,0,0,0,0,0,0,0,0,0,0,0,0,0,0,0,0,0,0,0,0,,,,,
Reset,38,4,15,13/03/2026 22:07:29,73.33%,0,0,0,0,2.0,0,1,0,0,0,0,0,0,0,0,0,0,0,0,0,0,0,0,0,0,0,0,0,1,0,0,0,0,0,,,,,
Reset,68,2,16,13/03/2026 22:05:22,87.50%,0,0,0,0,2.0,0,0,0,0,0,0,0,0,0,0,0,0,0,0,0,0,0,0,0,0,0,0,0,0,0,0,0,0,0,,,,,
Reset,65,2,16,13/03/2026 22:02:20,87.50%,0,0,0,0,0.0,0,2,0,0,0,0,0,0,0,0,0,0,0,0,0,0,0,0,0,0,0,0,0,0,0,0,0,0,0,,,,,
Reset,39,3,15,13/03/2026 22:00:12,80.00%,0,0,0,0,0.0,0,3,0,0,0,0,0,0,0,0,0,0,0,0,0,0,0,0,0,0,0,0,0,0,0,0,0,0,0,,,,,
Reset,38,4,15,13/03/2026 21:58:14,73.33%,0,0,0,0,4.0,0,0,0,0,0,0,0,0,0,0,0,0,0,0,0,0,0,0,0,0,0,0,0,0,0,0,0,0,0,,,,,
Reset,51,1,15,13/03/2026 21:55:18,93.33%,0,0,0,0,0.0,0,1,0,0,0,0,0,0,0,0,0,0,0,0,0,0,0,0,0,0,0,0,0,0,0,0,0,0,0,,,,,
Reset,81,10,24,13/03/2026 21:52:33,58.33%,1400,1520,50,100,8.0,0,0,0,0,0,0,0,0,0,0,0,0,0,2,0,0,0,0,0,0,0,0,0,0,0,0,0,0,0,,,,,
Reset,38,2,15,13/03/2026 21:39:24,86.67%,0,0,0,0,1.0,0,1,0,0,0,0,0,0,0,0,0,0,0,0,0,0,0,0,0,0,0,0,0,0,0,0,0,0,0,,,,,
Reset,38,0,15,13/03/2026 21:30:02,100.00%,0,0,0,0,0.0,0,0,0,0,0,0,0,0,0,0,0,0,0,0,0,0,0,0,0,0,0,0,0,0,0,0,0,0,0,,,,,
Reset,39,0,15,13/03/2026 21:28:57,100.00%,0,0,0,0,0.0,0,0,0,0,0,0,0,0,0,0,0,0,0,0,0,0,0,0,0,0,0,0,0,0,0,0,0,0,0,,,,,
Reset,83,15,24,13/03/2026 21:24:27,37.50%,1400,1520,50,100,15.0,0,0,0,0,0,0,0,0,0,0,0,0,0,0,0,0,0,0,0,0,0,0,0,0,0,0,0,0,0,,,,,
Reset,51,2,15,13/03/2026 21:13:49,86.67%,0,0,0,0,0.0,2,0,0,0,0,0,0,0,0,0,0,0,0,0,0,0,0,0,0,0,0,0,0,0,0,0,0,0,0,,,,,
Reset,38,3,15,13/03/2026 21:03:29,80.00%,0,0,0,0,3.0,0,0,0,0,0,0,0,0,0,0,0,0,0,0,0,0,0,0,0,0,0,0,0,0,0,0,0,0,0,,,,,
Reset,80,6,24,13/03/2026 21:00:24,75.00%,1400,1520,50,100,5.0,0,0,0,0,1,0,0,0,0,0,0,0,0,0,0,0,0,0,0,0,0,0,0,0,0,0,0,0,0,,,,,
Reset,40,1,15,13/03/2026 20:51:33,93.33%,0,0,0,0,0.0,0,1,0,0,0,0,0,0,0,0,0,0,0,0,0,0,0,0,0,0,0,0,0,0,0,0,0,0,0,,,,,
Reset,39,3,15,13/03/2026 20:44:27,80.00%,0,0,0,0,0.0,0,3,0,0,0,0,0,0,0,0,0,0,0,0,0,0,0,0,0,0,0,0,0,0,0,0,0,0,0,,,,,
Reset,82,7,24,13/03/2026 20:41:47,70.83%,1400,1520,50,100,5.0,0,2,0,0,0,0,0,0,0,0,0,0,0,0,0,0,0,0,0,0,0,0,0,0,0,0,0,0,0,,,,,
Reset,51,0,15,13/03/2026 20:37:51,100.00%,0,0,0,0,0.0,0,0,0,0,0,0,0,0,0,0,0,0,0,0,0,0,0,0,0,0,0,0,0,0,0,0,0,0,0,,,,,
Reset,38,2,15,13/03/2026 20:34:26,86.67%,0,0,0,0,1.0,0,1,0,0,0,0,0,0,0,0,0,0,0,0,0,0,0,0,0,0,0,0,0,0,0,0,0,0,0,,,,,
Reset,83,8,24,13/03/2026 20:28:59,66.67%,1400,1520,50,100,6.0,1,0,0,0,0,0,0,0,0,0,0,0,0,1,0,0,0,0,0,0,0,0,0,0,0,0,0,0,0,,,,,
Reset,38,4,15,13/03/2026 20:19:09,73.33%,0,0,0,0,2.0,0,2,0,0,0,0,0,0,0,0,0,0,0,0,0,0,0,0,0,0,0,0,0,0,0,0,0,0,0,,,,,
Reset,39,3,15,13/03/2026 20:11:39,80.00%,0,0,0,0,0.0,0,3,0,0,0,0,0,0,0,0,0,0,0,0,0,0,0,0,0,0,0,0,0,0,0,0,0,0,0,,,,,
Reset,40,1,15,13/03/2026 20:04:06,93.33%,0,0,0,0,0.0,0,1,0,0,0,0,0,0,0,0,0,0,0,0,0,0,0,0,0,0,0,0,0,0,0,0,0,0,0,,,,,
Reset,82,8,24,13/03/2026 20:03:50,66.67%,1400,1520,50,100,5.0,0,2,0,0,0,0,0,0,0,0,0,0,0,0,0,0,0,0,0,0,1,0,0,0,0,0,0,0,0,,,,,
Reset,51,1,15,13/03/2026 20:00:23,93.33%,0,0,0,0,0.0,0,1,0,0,0,0,0,0,0,0,0,0,0,0,0,0,0,0,0,0,0,0,0,0,0,0,0,0,0,,,,,
Reset,80,4,24,13/03/2026 19:57:05,83.33%,1400,1520,50,100,3.0,0,0,0,0,1,0,0,0,0,0,0,0,0,0,0,0,0,0,0,0,0,0,0,0,0,0,0,0,0,,,,,
Reset,71,1,20,13/03/2026 19:52:24,95.00%,0,0,0,0,0.0,0,0,0,0,0,0,0,0,0,0,0,0,0,1,0,0,0,0,0,0,0,0,0,0,0,0,0,0,0,,,,,
Reset,39,1,15,13/03/2026 19:36:13,93.33%,0,0,0,0,0.0,0,1,0,0,0,0,0,0,0,0,0,0,0,0,0,0,0,0,0,0,0,0,0,0,0,0,0,0,0,,,,,
Reset,38,4,15,13/03/2026 19:23:42,73.33%,0,0,0,0,3.0,0,1,0,0,0,0,0,0,0,0,0,0,0,0,0,0,0,0,0,0,0,0,0,0,0,0,0,0,0,,,,,
Reset,40,3,15,13/03/2026 19:20:40,80.00%,0,0,0,0,0.0,0,3,0,0,0,0,0,0,0,0,0,0,0,0,0,0,0,0,0,0,0,0,0,0,0,0,0,0,0,,,,,
Reset,51,5,15,13/03/2026 19:17:14,66.67%,0,0,0,0,0.0,0,5,0,0,0,0,0,0,0,0,0,0,0,0,0,0,0,0,0,0,0,0,0,0,0,0,0,0,0,,,,,
Reset,81,7,24,13/03/2026 19:04:56,70.83%,1400,1520,50,100,5.0,0,0,0,0,0,0,0,0,0,0,0,0,0,2,0,0,0,0,0,0,0,0,0,0,0,0,0,0,0,,,,,
Reset,73,0,20,13/03/2026 19:00:02,100.00%,0,0,0,0,0.0,0,0,0,0,0,0,0,0,0,0,0,0,0,0,0,0,0,0,0,0,0,0,0,0,0,0,0,0,0,,,,,
Reset,38,5,15,13/03/2026 18:15:43,66.67%,0,0,0,0,3.0,0,2,0,0,0,0,0,0,0,0,0,0,0,0,0,0,0,0,0,0,0,0,0,0,0,0,0,0,0,,,,,
Reset,80,4,24,13/03/2026 18:13:37,83.33%,1400,1520,50,100,3.0,1,0,0,0,0,0,0,0,0,0,0,0,0,0,0,0,0,0,0,0,0,0,0,0,0,0,0,0,0,,,,,
Reset,83,8,24,13/03/2026 18:01:29,66.67%,1400,1520,50,100,6.0,2,0,0,0,0,0,0,0,0,0,0,0,0,0,0,0,0,0,0,0,0,0,0,0,0,0,0,0,0,,,,,
Reset,71,0,20,13/03/2026 17:46:18,100.00%,0,0,0,0,0.0,0,0,0,0,0,0,0,0,0,0,0,0,0,0,0,0,0,0,0,0,0,0,0,0,0,0,0,0,0,,,,,
Reset,82,12,24,13/03/2026 17:06:21,50.00%,1400,1520,50,100,12.0,0,0,0,0,0,0,0,0,0,0,0,0,0,0,0,0,0,0,0,0,0,0,0,0,0,0,0,0,0,,,,,
Reset,81,15,24,13/03/2026 16:59:58,37.50%,1400,1520,50,100,14.0,0,1,0,0,0,0,0,0,0,0,0,0,0,0,0,0,0,0,0,0,0,0,0,0,0,0,0,0,0,,,,,
Reset,81,10,24,13/03/2026 16:03:56,58.33%,1400,1520,50,100,10.0,0,0,0,0,0,0,0,0,0,0,0,0,0,0,0,0,0,0,0,0,0,0,0,0,0,0,0,0,0,,,,,
Reset,73,4,20,13/03/2026 16:00:23,80.00%,0,0,0,0,0.0,0,0,0,0,0,0,0,0,0,0,0,0,0,1,0,0,1,0,0,0,0,2,0,0,0,0,0,0,0,,,,,
Reset,80,12,24,13/03/2026 15:51:43,50.00%,1400,1520,50,100,12.0,0,0,0,0,0,0,0,0,0,0,0,0,0,0,0,0,0,0,0,0,0,0,0,0,0,0,0,0,0,,,,,
Reset,67,4,16,13/03/2026 15:34:32,75.00%,0,0,0,0,4.0,0,0,0,0,0,0,0,0,0,0,0,0,0,0,0,0,0,0,0,0,0,0,0,0,0,0,0,0,0,,,,,
Reset,66,6,16,13/03/2026 15:31:34,62.50%,0,0,0,0,0.0,1,5,0,0,0,0,0,0,0,0,0,0,0,0,0,0,0,0,0,0,0,0,0,0,0,0,0,0,0,,,,,
Reset,82,3,24,13/03/2026 15:29:13,87.50%,1400,1520,50,100,3.0,0,0,0,0,0,0,0,0,0,0,0,0,0,0,0,0,0,0,0,0,0,0,0,0,0,0,0,0,0,,,,,
Reset,69,3,16,13/03/2026 15:21:45,81.25%,0,0,0,0,0.0,0,3,0,0,0,0,0,0,0,0,0,0,0,0,0,0,0,0,0,0,0,0,0,0,0,0,0,0,0,,,,,
Reset,51,2,15,13/03/2026 15:19:14,86.67%,0,0,0,0,0.0,0,0,0,0,0,0,0,0,0,2,0,0,0,0,0,0,0,0,0,0,0,0,0,0,0,0,0,0,0,,,,,
Reset,134,2,40,13/03/2026 14:58:06,95.00%,2000,880,45,50,0.0,0,2,0,0,0,0,0,0,0,0,0,0,0,0,0,0,0,0,0,0,0,0,0,0,0,0,0,0,0,,,,,
Reset,135,4,40,13/03/2026 14:57:41,90.00%,2000,80,45,50,0.0,0,4,0,0,0,0,0,0,0,0,0,0,0,0,0,0,0,0,0,0,0,0,0,0,0,0,0,0,0,,,,,
Reset,134,2,40,13/03/2026 14:57:03,95.00%,2000,880,45,50,0.0,0,2,0,0,0,0,0,0,0,0,0,0,0,0,0,0,0,0,0,0,0,0,0,0,0,0,0,0,0,,,,,
Reset,38,2,15,13/03/2026 14:55:53,86.67%,0,0,0,0,2.0,0,0,0,0,0,0,0,0,0,0,0,0,0,0,0,0,0,0,0,0,0,0,0,0,0,0,0,0,0,,,,,
Reset,40,5,15,13/03/2026 14:55:34,66.67%,0,0,0,0,2.0,0,0,0,0,0,0,0,0,0,0,0,0,0,3,0,0,0,0,0,0,0,0,0,0,0,0,0,0,0,,,,,
Reset,134,1,40,13/03/2026 14:55:06,97.50%,2000,880,45,50,0.0,0,1,0,0,0,0,0,0,0,0,0,0,0,0,0,0,0,0,0,0,0,0,0,0,0,0,0,0,0,,,,,
Reset,134,2,40,13/03/2026 14:53:35,95.00%,2000,880,45,50,0.0,0,1,0,0,0,0,0,1,0,0,0,0,0,0,0,0,0,0,0,0,0,0,0,0,0,0,0,0,0,,,,,
Reset,135,3,40,13/03/2026 14:50:52,92.50%,2000,80,45,50,0.0,0,2,0,0,0,0,0,0,0,0,0,0,0,1,0,0,0,0,0,0,0,0,0,0,0,0,0,0,0,,,,,
Reset,81,20,24,13/03/2026 14:48:54,16.67%,1400,1520,50,100,20.0,0,0,0,0,0,0,0,0,0,0,0,0,0,0,0,0,0,0,0,0,0,0,0,0,0,0,0,0,0,,,,,
Reset,81,4,24,13/03/2026 14:35:05,83.33%,1400,1520,50,100,4.0,0,0,0,0,0,0,0,0,0,0,0,0,0,0,0,0,0,0,0,0,0,0,0,0,0,0,0,0,0,,,,,
Reset,51,3,15,13/03/2026 14:34:22,80.00%,0,0,0,0,0.0,0,0,0,0,0,0,0,0,0,0,0,0,0,0,0,0,0,0,0,0,0,0,0,3,0,0,0,0,0,,,,,
Reset,67,5,16,13/03/2026 14:27:07,68.75%,0,0,0,0,5.0,0,0,0,0,0,0,0,0,0,0,0,0,0,0,0,0,0,0,0,0,0,0,0,0,0,0,0,0,0,,,,,
Reset,52,4,15,13/03/2026 14:21:55,73.33%,0,0,0,0,0.0,0,0,0,0,0,0,0,0,0,1,0,0,0,0,0,0,0,0,0,0,0,0,0,3,0,0,0,0,0,,,,,
Reset,38,5,15,13/03/2026 14:16:22,66.67%,0,0,0,0,3.0,0,0,0,0,0,0,0,0,0,0,0,0,0,2,0,0,0,0,0,0,0,0,0,0,0,0,0,0,0,,,,,
Reset,66,3,16,13/03/2026 14:14:26,81.25%,0,0,0,0,0.0,0,3,0,0,0,0,0,0,0,0,0,0,0,0,0,0,0,0,0,0,0,0,0,0,0,0,0,0,0,,,,,
Reset,68,2,16,13/03/2026 14:09:50,87.50%,0,0,0,0,2.0,0,0,0,0,0,0,0,0,0,0,0,0,0,0,0,0,0,0,0,0,0,0,0,0,0,0,0,0,0,,,,,
Reset,40,1,15,13/03/2026 14:08:37,93.33%,0,0,0,0,0.0,0,0,0,0,0,0,0,0,0,0,0,0,0,0,0,0,0,0,1,0,0,0,0,0,0,0,0,0,0,,,,,
Reset,52,1,15,13/03/2026 14:08:20,93.33%,0,0,0,0,0.0,0,0,0,0,0,0,0,0,0,0,0,0,0,0,0,0,0,0,0,0,0,0,0,1,0,0,0,0,0,,,,,
Reset,69,1,16,13/03/2026 14:05:31,93.75%,0,0,0,0,0.0,0,1,0,0,0,0,0,0,0,0,0,0,0,0,0,0,0,0,0,0,0,0,0,0,0,0,0,0,0,,,,,
Reset,69,3,16,13/03/2026 14:03:31,81.25%,0,0,0,0,0.0,0,3,0,0,0,0,0,0,0,0,0,0,0,0,0,0,0,0,0,0,0,0,0,0,0,0,0,0,0,,,,,
Reset,65,2,16,13/03/2026 14:00:28,87.50%,0,0,0,0,2.0,0,0,0,0,0,0,0,0,0,0,0,0,0,0,0,0,0,0,0,0,0,0,0,0,0,0,0,0,0,,,,,
Reset,51,6,15,13/03/2026 13:58:08,60.00%,0,0,0,0,0.0,0,0,0,0,0,0,0,0,0,4,0,0,0,0,0,0,0,0,0,0,0,0,0,2,0,0,0,0,0,,,,,
Reset,51,6,15,13/03/2026 13:57:39,60.00%,0,0,0,0,0.0,0,0,0,0,0,0,0,0,0,4,0,0,0,0,0,0,0,0,0,0,0,0,0,2,0,0,0,0,0,,,,,
Reset,38,4,15,13/03/2026 13:57:17,73.33%,0,0,0,0,0.0,2,0,0,0,0,0,0,0,0,0,0,0,0,0,0,0,0,0,0,0,0,2,0,0,0,0,0,0,0,,,,,
Reset,40,5,15,13/03/2026 13:18:40,66.67%,0,0,0,0,5.0,0,0,0,0,0,0,0,0,0,0,0,0,0,0,0,0,0,0,0,0,0,0,0,0,0,0,0,0,0,,,,,
Reset,40,1,15,13/03/2026 13:18:11,93.33%,0,0,0,0,0.0,0,1,0,0,0,0,0,0,0,0,0,0,0,0,0,0,0,0,0,0,0,0,0,0,0,0,0,0,0,,,,,
Reset,69,4,16,13/03/2026 13:05:18,75.00%,0,0,0,0,0.0,0,4,0,0,0,0,0,0,0,0,0,0,0,0,0,0,0,0,0,0,0,0,0,0,0,0,0,0,0,,,,,
Reset,51,4,15,13/03/2026 13:00:21,73.33%,0,0,0,0,0.0,2,2,0,0,0,0,0,0,0,0,0,0,0,0,0,0,0,0,0,0,0,0,0,0,0,0,0,0,0,,,,,
Reset,65,3,16,13/03/2026 12:58:08,81.25%,0,0,0,0,2.0,0,1,0,0,0,0,0,0,0,0,0,0,0,0,0,0,0,0,0,0,0,0,0,0,0,0,0,0,0,,,,,
Reset,40,4,15,13/03/2026 12:53:06,73.33%,0,0,0,0,0.0,0,3,0,0,0,0,0,0,0,0,0,0,1,0,0,0,0,0,0,0,0,0,0,0,0,0,0,0,0,,,,,
Reset,69,4,16,13/03/2026 12:49:12,75.00%,0,0,0,0,0.0,0,4,0,0,0,0,0,0,0,0,0,0,0,0,0,0,0,0,0,0,0,0,0,0,0,0,0,0,0,,,,,
Reset,38,3,15,13/03/2026 12:45:48,80.00%,0,0,0,0,2.0,0,1,0,0,0,0,0,0,0,0,0,0,0,0,0,0,0,0,0,0,0,0,0,0,0,0,0,0,0,,,,,
Reset,51,3,15,13/03/2026 12:41:35,80.00%,0,0,0,0,0.0,3,0,0,0,0,0,0,0,0,0,0,0,0,0,0,0,0,0,0,0,0,0,0,0,0,0,0,0,0,,,,,
Reset,65,1,16,13/03/2026 12:32:27,93.75%,0,0,0,0,0.0,0,1,0,0,0,0,0,0,0,0,0,0,0,0,0,0,0,0,0,0,0,0,0,0,0,0,0,0,0,,,,,
Reset,82,5,24,13/03/2026 12:31:07,79.17%,0,0,0,0,4.0,0,0,0,0,1,0,0,0,0,0,0,0,0,0,0,0,0,0,0,0,0,0,0,0,0,0,0,0,0,,,,,
Reset,67,4,16,13/03/2026 12:27:00,75.00%,0,0,0,0,3.0,0,1,0,0,0,0,0,0,0,0,0,0,0,0,0,0,0,0,0,0,0,0,0,0,0,0,0,0,0,,,,,
Reset,80,3,24,13/03/2026 12:20:36,87.50%,0,0,0,0,3.0,0,0,0,0,0,0,0,0,0,0,0,0,0,0,0,0,0,0,0,0,0,0,0,0,0,0,0,0,0,,,,,
Reset,65,0,16,13/03/2026 12:12:56,100.00%,0,0,0,0,0.0,0,0,0,0,0,0,0,0,0,0,0,0,0,0,0,0,0,0,0,0,0,0,0,0,0,0,0,0,0,,,,,
Reset,83,7,24,13/03/2026 11:24:39,70.83%,0,0,0,0,4.0,0,0,0,0,0,0,0,0,0,0,0,0,0,3,0,0,0,0,0,0,0,0,0,0,0,0,0,0,0,,,,,
Reset,82,4,24,13/03/2026 11:22:36,83.33%,0,0,0,0,4.0,0,0,0,0,0,0,0,0,0,0,0,0,0,0,0,0,0,0,0,0,0,0,0,0,0,0,0,0,0,,,,,
Reset,80,2,24,13/03/2026 11:13:09,91.67%,0,0,0,0,2.0,0,0,0,0,0,0,0,0,0,0,0,0,0,0,0,0,0,0,0,0,0,0,0,0,0,0,0,0,0,,,,,
Reset,66,1,16,13/03/2026 11:10:52,93.75%,0,0,0,0,0.0,0,1,0,0,0,0,0,0,0,0,0,0,0,0,0,0,0,0,0,0,0,0,0,0,0,0,0,0,0,,,,,
Reset,66,3,16,13/03/2026 11:05:23,81.25%,0,0,0,0,0.0,0,3,0,0,0,0,0,0,0,0,0,0,0,0,0,0,0,0,0,0,0,0,0,0,0,0,0,0,0,,,,,
Reset,69,0,16,13/03/2026 11:03:34,100.00%,0,0,0,0,0.0,0,0,0,0,0,0,0,0,0,0,0,0,0,0,0,0,0,0,0,0,0,0,0,0,0,0,0,0,0,,,,,
Reset,67,5,16,13/03/2026 11:02:32,68.75%,0,0,0,0,5.0,0,0,0,0,0,0,0,0,0,0,0,0,0,0,0,0,0,0,0,0,0,0,0,0,0,0,0,0,0,,,,,
Reset,66,2,16,13/03/2026 11:01:37,87.50%,0,0,0,0,0.0,0,2,0,0,0,0,0,0,0,0,0,0,0,0,0,0,0,0,0,0,0,0,0,0,0,0,0,0,0,,,,,
Reset,67,6,16,13/03/2026 10:59:14,62.50%,0,0,0,0,4.0,0,2,0,0,0,0,0,0,0,0,0,0,0,0,0,0,0,0,0,0,0,0,0,0,0,0,0,0,0,,,,,
Reset,66,0,16,13/03/2026 10:47:27,100.00%,0,0,0,0,0.0,0,0,0,0,0,0,0,0,0,0,0,0,0,0,0,0,0,0,0,0,0,0,0,0,0,0,0,0,0,,,,,
Reset,68,4,16,13/03/2026 10:45:39,75.00%,0,0,0,0,1.0,0,2,0,0,0,0,0,0,0,1,0,0,0,0,0,0,0,0,0,0,0,0,0,0,0,0,0,0,0,,,,,
Reset,82,5,24,13/03/2026 10:44:53,79.17%,0,0,0,0,5.0,0,0,0,0,0,0,0,0,0,0,0,0,0,0,0,0,0,0,0,0,0,0,0,0,0,0,0,0,0,,,,,
Reset,68,1,16,13/03/2026 10:41:54,93.75%,0,0,0,0,1.0,0,0,0,0,0,0,0,0,0,0,0,0,0,0,0,0,0,0,0,0,0,0,0,0,0,0,0,0,0,,,,,
Reset,80,10,24,13/03/2026 10:33:16,58.33%,0,0,0,0,10.0,0,0,0,0,0,0,0,0,0,0,0,0,0,0,0,0,0,0,0,0,0,0,0,0,0,0,0,0,0,,,,,
Reset,65,0,16,13/03/2026 10:19:38,100.00%,0,0,0,0,0.0,0,0,0,0,0,0,0,0,0,0,0,0,0,0,0,0,0,0,0,0,0,0,0,0,0,0,0,0,0,,,,,
0,89,2,0,13/03/2026 10:18:17,0,0,0,0,0,1.0,0,1,0,0,0,0,0,0,0,0,0,0,0,0,0,0,0,0,0,0,0,0,0,0,0,0,0,0,0,,,,,
Reset,69,1,16,13/03/2026 10:16:52,93.75%,0,0,0,0,0.0,0,1,0,0,0,0,0,0,0,0,0,0,0,0,0,0,0,0,0,0,0,0,0,0,0,0,0,0,0,,,,,
Reset,69,1,16,13/03/2026 10:13:32,93.75%,0,0,0,0,0.0,0,0,0,0,0,0,0,0,0,1,0,0,0,0,0,0,0,0,0,0,0,0,0,0,0,0,0,0,0,,,,,
Reset,80,9,24,13/03/2026 10:13:06,62.50%,0,0,0,0,8.0,0,1,0,0,0,0,0,0,0,0,0,0,0,0,0,0,0,0,0,0,0,0,0,0,0,0,0,0,0,,,,,
Reset,81,8,24,13/03/2026 10:01:24,66.67%,0,0,0,0,8.0,0,0,0,0,0,0,0,0,0,0,0,0,0,0,0,0,0,0,0,0,0,0,0,0,0,0,0,0,0,,,,,
Reset,66,10,16,13/03/2026 09:55:26,37.50%,0,0,0,0,0.0,4,6,0,0,0,0,0,0,0,0,0,0,0,0,0,0,0,0,0,0,0,0,0,0,0,0,0,0,0,,,,,
Reset,82,15,24,13/03/2026 09:47:44,37.50%,0,0,0,0,15.0,0,0,0,0,0,0,0,0,0,0,0,0,0,0,0,0,0,0,0,0,0,0,0,0,0,0,0,0,0,,,,,
Reset,68,2,16,13/03/2026 09:46:13,87.50%,0,0,0,0,1.0,0,1,0,0,0,0,0,0,0,0,0,0,0,0,0,0,0,0,0,0,0,0,0,0,0,0,0,0,0,,,,,
Reset,80,9,24,13/03/2026 09:41:36,62.50%,0,0,0,0,9.0,0,0,0,0,0,0,0,0,0,0,0,0,0,0,0,0,0,0,0,0,0,0,0,0,0,0,0,0,0,,,,,
Reset,67,0,16,13/03/2026 09:16:06,100.00%,0,0,0,0,0.0,0,0,0,0,0,0,0,0,0,0,0,0,0,0,0,0,0,0,0,0,0,0,0,0,0,0,0,0,0,,,,,
Reset,69,0,16,13/03/2026 09:15:59,100.00%,0,0,0,0,0.0,0,0,0,0,0,0,0,0,0,0,0,0,0,0,0,0,0,0,0,0,0,0,0,0,0,0,0,0,0,,,,,
Reset,65,4,16,13/03/2026 09:15:49,75.00%,0,0,0,0,4.0,0,0,0,0,0,0,0,0,0,0,0,0,0,0,0,0,0,0,0,0,0,0,0,0,0,0,0,0,0,,,,,
Reset,68,5,16,13/03/2026 09:15:29,68.75%,0,0,0,0,5.0,0,0,0,0,0,0,0,0,0,0,0,0,0,0,0,0,0,0,0,0,0,0,0,0,0,0,0,0,0,,,,,
Reset,68,9,16,13/03/2026 08:13:18,43.75%,0,0,0,0,9.0,0,0,0,0,0,0,0,0,0,0,0,0,0,0,0,0,0,0,0,0,0,0,0,0,0,0,0,0,0,,,,,
Reset,82,3,24,13/03/2026 07:59:02,87.50%,0,0,0,0,3.0,0,0,0,0,0,0,0,0,0,0,0,0,0,0,0,0,0,0,0,0,0,0,0,0,0,0,0,0,0,,,,,
Reset,65,0,16,13/03/2026 07:52:00,100.00%,0,0,0,0,0.0,0,0,0,0,0,0,0,0,0,0,0,0,0,0,0,0,0,0,0,0,0,0,0,0,0,0,0,0,0,,,,,
Reset,67,1,16,13/03/2026 07:50:07,93.75%,0,0,0,0,1.0,0,0,0,0,0,0,0,0,0,0,0,0,0,0,0,0,0,0,0,0,0,0,0,0,0,0,0,0,0,,,,,
Reset,66,4,16,13/03/2026 07:39:42,75.00%,0,0,0,0,3.0,0,1,0,0,0,0,0,0,0,0,0,0,0,0,0,0,0,0,0,0,0,0,0,0,0,0,0,0,0,,,,,
Reset,69,5,16,13/03/2026 07:34:39,68.75%,0,0,0,0,0.0,0,5,0,0,0,0,0,0,0,0,0,0,0,0,0,0,0,0,0,0,0,0,0,0,0,0,0,0,0,,,,,
Reset,67,1,16,13/03/2026 07:31:51,93.75%,0,0,0,0,1.0,0,0,0,0,0,0,0,0,0,0,0,0,0,0,0,0,0,0,0,0,0,0,0,0,0,0,0,0,0,,,,,
Reset,68,7,16,13/03/2026 07:29:09,100.00%,0,0,0,0,7.0,0,0,0,0,0,0,0,0,0,0,0,0,0,0,0,0,0,0,0,0,0,0,0,0,0,0,0,0,0,,,,,
Reset,69,1,16,13/03/2026 07:28:40,93.75%,0,0,0,0,0.0,0,1,0,0,0,0,0,0,0,0,0,0,0,0,0,0,0,0,0,0,0,0,0,0,0,0,0,0,0,,,,,
Reset,52,3,15,13/03/2026 07:13:27,80.00%,0,0,0,0,0.0,0,0,0,0,0,0,0,0,0,0,0,0,0,0,0,0,0,0,0,0,0,0,0,3,0,0,0,0,0,,,,,
Reset,51,2,15,13/03/2026 07:08:55,86.67%,0,0,0,0,0.0,0,1,0,0,0,0,0,0,0,0,0,0,0,0,0,0,0,0,0,0,0,0,0,1,0,0,0,0,0,,,,,
Reset,69,0,16,13/03/2026 06:59:41,100.00%,0,0,0,0,0.0,0,0,0,0,0,0,0,0,0,0,0,0,0,0,0,0,0,0,0,0,0,0,0,0,0,0,0,0,0,,,,,
Reset,65,0,16,13/03/2026 06:57:48,100.00%,0,0,0,0,0.0,0,0,0,0,0,0,0,0,0,0,0,0,0,0,0,0,0,0,0,0,0,0,0,0,0,0,0,0,0,,,,,
Reset,70,12,20,12/03/2026 23:07:06,40.00%,0,0,0,0,12.0,0,0,0,0,0,0,0,0,0,0,0,0,0,0,0,0,0,0,0,0,0,0,0,0,0,0,0,0,0,,,,,
Reset,81,10,24,12/03/2026 23:00:46,58.33%,0,0,0,0,10.0,0,0,0,0,0,0,0,0,0,0,0,0,0,0,0,0,0,0,0,0,0,0,0,0,0,0,0,0,0,,,,,
Reset,73,5,20,12/03/2026 22:43:15,75.00%,0,0,0,0,3.0,0,2,0,0,0,0,0,0,0,0,0,0,0,0,0,0,0,0,0,0,0,0,0,0,0,0,0,0,0,,,,,
Reset,80,9,24,12/03/2026 22:25:20,62.50%,0,0,0,0,8.0,0,1,0,0,0,0,0,0,0,0,0,0,0,0,0,0,0,0,0,0,0,0,0,0,0,0,0,0,0,,,,,
Reset,70,8,20,12/03/2026 21:55:05,60.00%,0,0,0,0,8.0,0,0,0,0,0,0,0,0,0,0,0,0,0,0,0,0,0,0,0,0,0,0,0,0,0,0,0,0,0,,,,,
Reset,81,9,24,12/03/2026 21:50:11,62.50%,0,0,0,0,7.0,0,2,0,0,0,0,0,0,0,0,0,0,0,0,0,0,0,0,0,0,0,0,0,0,0,0,0,0,0,,,,,
Reset,71,4,20,12/03/2026 21:44:46,80.00%,0,0,0,0,4.0,0,0,0,0,0,0,0,0,0,0,0,0,0,0,0,0,0,0,0,0,0,0,0,0,0,0,0,0,0,,,,,
Reset,82,10,24,12/03/2026 21:40:12,58.33%,0,0,0,0,10.0,0,0,0,0,0,0,0,0,0,0,0,0,0,0,0,0,0,0,0,0,0,0,0,0,0,0,0,0,0,,,,,
Reset,80,10,24,12/03/2026 20:53:36,58.33%,0,0,0,0,10.0,0,0,0,0,0,0,0,0,0,0,0,0,0,0,0,0,0,0,0,0,0,0,0,0,0,0,0,0,0,,,,,
Reset,70,7,20,12/03/2026 20:48:51,65.00%,0,0,0,0,7.0,0,0,0,0,0,0,0,0,0,0,0,0,0,0,0,0,0,0,0,0,0,0,0,0,0,0,0,0,0,,,,,
Reset,81,8,24,12/03/2026 20:35:15,66.67%,0,0,0,0,7.0,0,0,0,0,0,0,0,0,0,0,0,0,0,1,0,0,0,0,0,0,0,0,0,0,0,0,0,0,0,,,,,
Reset,73,6,20,12/03/2026 20:30:01,70.00%,0,0,0,0,0.0,0,6,0,0,0,0,0,0,0,0,0,0,0,0,0,0,0,0,0,0,0,0,0,0,0,0,0,0,0,,,,,
Reset,82,10,24,12/03/2026 20:23:17,58.33%,0,0,0,0,10.0,0,0,0,0,0,0,0,0,0,0,0,0,0,0,0,0,0,0,0,0,0,0,0,0,0,0,0,0,0,,,,,
Reset,81,9,24,12/03/2026 19:41:28,62.50%,0,0,0,0,5.0,0,2,0,0,1,0,0,0,0,0,0,0,0,0,0,0,0,0,0,0,0,1,0,0,0,0,0,0,0,,,,,
Reset,70,13,20,12/03/2026 19:36:07,35.00%,0,0,0,0,13.0,0,0,0,0,0,0,0,0,0,0,0,0,0,0,0,0,0,0,0,0,0,0,0,0,0,0,0,0,0,,,,,
Reset,82,7,24,12/03/2026 18:58:19,70.83%,0,0,0,0,6.0,0,0,0,0,0,0,0,0,0,0,0,0,0,1,0,0,0,0,0,0,0,0,0,0,0,0,0,0,0,,,,,
Reset,71,6,20,12/03/2026 18:52:47,70.00%,0,0,0,0,2.0,0,4,0,0,0,0,0,0,0,0,0,0,0,0,0,0,0,0,0,0,0,0,0,0,0,0,0,0,0,,,,,
Reset,80,9,24,12/03/2026 18:02:13,62.50%,0,0,0,0,7.0,0,0,0,0,0,0,0,0,0,0,0,0,0,2,0,0,0,0,0,0,0,0,0,0,0,0,0,0,0,,,,,
Reset,81,10,24,12/03/2026 17:52:41,58.33%,0,0,0,0,10.0,0,0,0,0,0,0,0,0,0,0,0,0,0,0,0,0,0,0,0,0,0,0,0,0,0,0,0,0,0,,,,,
Reset,70,13,20,12/03/2026 17:16:31,35.00%,0,0,0,0,13.0,0,0,0,0,0,0,0,0,0,0,0,0,0,0,0,0,0,0,0,0,0,0,0,0,0,0,0,0,0,,,,,
Reset,82,2,24,12/03/2026 17:11:43,91.67%,0,0,0,0,2.0,0,0,0,0,0,0,0,0,0,0,0,0,0,0,0,0,0,0,0,0,0,0,0,0,0,0,0,0,0,,,,,
Reset,71,5,20,12/03/2026 17:06:58,75.00%,0,0,0,0,5.0,0,0,0,0,0,0,0,0,0,0,0,0,0,0,0,0,0,0,0,0,0,0,0,0,0,0,0,0,0,,,,,
Reset,73,4,20,12/03/2026 17:04:36,80.00%,0,0,0,0,2.0,0,0,0,0,0,0,0,0,0,0,0,0,0,2,0,0,0,0,0,0,0,0,0,0,0,0,0,0,0,,,,,
Reset,81,11,24,12/03/2026 16:20:04,54.17%,0,0,0,0,10.0,0,1,0,0,0,0,0,0,0,0,0,0,0,0,0,0,0,0,0,0,0,0,0,0,0,0,0,0,0,,,,,
Reset,71,4,20,12/03/2026 16:03:31,80.00%,0,0,0,0,2.0,0,2,0,0,0,0,0,0,0,0,0,0,0,0,0,0,0,0,0,0,0,0,0,0,0,0,0,0,0,,,,,
Reset,82,7,24,12/03/2026 15:56:19,70.83%,0,0,0,0,7.0,0,0,0,0,0,0,0,0,0,0,0,0,0,0,0,0,0,0,0,0,0,0,0,0,0,0,0,0,0,,,,,
Reset,40,1,15,12/03/2026 15:17:57,93.33%,0,0,0,0,1.0,0,0,0,0,0,0,0,0,0,0,0,0,0,0,0,0,0,0,0,0,0,0,0,0,0,0,0,0,0,,,,,
Reset,52,4,15,12/03/2026 14:46:00,73.33%,0,0,0,0,0.0,0,0,0,0,0,0,0,0,0,0,0,0,0,0,0,0,0,0,0,0,0,0,0,4,0,0,0,0,0,,,,,
Reset,40,0,15,12/03/2026 14:35:30,100.00%,0,0,0,0,0.0,0,0,0,0,0,0,0,0,0,0,0,0,0,0,0,0,0,0,0,0,0,0,0,0,0,0,0,0,0,,,,,
Reset,51,2,15,12/03/2026 14:31:57,86.67%,0,0,0,0,0.0,0,0,0,0,0,0,0,0,0,0,0,0,0,0,0,0,0,0,0,0,0,0,0,2,0,0,0,0,0,,,,,
Reset,81,12,24,12/03/2026 14:25:20,50.00%,0,0,0,0,12.0,0,0,0,0,0,0,0,0,0,0,0,0,0,0,0,0,0,0,0,0,0,0,0,0,0,0,0,0,0,,,,,
Reset,52,3,15,12/03/2026 14:10:04,80.00%,0,0,0,0,0.0,0,0,0,0,0,0,0,0,0,0,0,0,0,0,0,0,0,0,0,0,0,0,0,3,0,0,0,0,0,,,,,
Reset,51,4,15,12/03/2026 14:02:53,73.33%,0,0,0,0,0.0,0,0,0,0,0,0,0,0,0,0,0,0,0,0,0,0,0,0,0,0,0,0,0,4,0,0,0,0,0,,,,,
Reset,82,4,24,12/03/2026 13:54:01,83.33%,0,0,0,0,4.0,0,0,0,0,0,0,0,0,0,0,0,0,0,0,0,0,0,0,0,0,0,0,0,0,0,0,0,0,0,,,,,
Reset,40,0,15,12/03/2026 13:44:21,100.00%,0,0,0,0,0.0,0,0,0,0,0,0,0,0,0,0,0,0,0,0,0,0,0,0,0,0,0,0,0,0,0,0,0,0,0,,,,,
Reset,80,15,24,12/03/2026 13:32:32,37.50%,0,0,0,0,11.0,0,3,0,0,1,0,0,0,0,0,0,0,0,0,0,0,0,0,0,0,0,0,0,0,0,0,0,0,0,,,,,
Reset,83,7,24,12/03/2026 13:23:44,70.83%,0,0,0,0,7.0,0,0,0,0,0,0,0,0,0,0,0,0,0,0,0,0,0,0,0,0,0,0,0,0,0,0,0,0,0,,,,,
Reset,51,0,15,12/03/2026 13:08:02,100.00%,0,0,0,0,0.0,0,0,0,0,0,0,0,0,0,0,0,0,0,0,0,0,0,0,0,0,0,0,0,0,0,0,0,0,0,,,,,
Reset,52,1,15,12/03/2026 12:56:41,93.33%,0,0,0,0,0.0,0,0,0,0,0,0,0,0,0,0,0,0,0,0,0,0,0,0,0,0,0,0,0,1,0,0,0,0,0,,,,,
Reset,81,11,24,12/03/2026 12:43:52,54.17%,0,0,0,0,10.0,0,1,0,0,0,0,0,0,0,0,0,0,0,0,0,0,0,0,0,0,0,0,0,0,0,0,0,0,0,,,,,
Reset,67,4,16,12/03/2026 12:37:17,75.00%,0,0,0,0,4.0,0,0,0,0,0,0,0,0,0,0,0,0,0,0,0,0,0,0,0,0,0,0,0,0,0,0,0,0,0,,,,,
Reset,69,0,16,12/03/2026 12:26:46,100.00%,0,0,0,0,0.0,0,0,0,0,0,0,0,0,0,0,0,0,0,0,0,0,0,0,0,0,0,0,0,0,0,0,0,0,0,,,,,
Reset,65,1,16,12/03/2026 12:24:40,93.75%,0,0,0,0,1.0,0,0,0,0,0,0,0,0,0,0,0,0,0,0,0,0,0,0,0,0,0,0,0,0,0,0,0,0,0,,,,,
Reset,52,2,15,12/03/2026 10:06:21,86.67%,0,0,0,0,0.0,0,0,0,0,0,0,0,0,0,0,0,0,0,0,0,0,0,0,0,0,0,0,0,2,0,0,0,0,0,,,,,
Reset,40,0,15,12/03/2026 10:02:22,100.00%,0,0,0,0,0.0,0,0,0,0,0,0,0,0,0,0,0,0,0,0,0,0,0,0,0,0,0,0,0,0,0,0,0,0,0,,,,,
Reset,52,2,15,12/03/2026 09:58:05,86.67%,0,0,0,0,0.0,0,0,0,0,0,0,0,0,0,0,0,0,0,0,0,0,0,0,0,0,0,0,0,2,0,0,0,0,0,,,,,
Reset,40,0,15,12/03/2026 09:53:06,100.00%,0,0,0,0,0.0,0,0,0,0,0,0,0,0,0,0,0,0,0,0,0,0,0,0,0,0,0,0,0,0,0,0,0,0,0,,,,,
Reset,40,0,15,12/03/2026 09:53:00,100.00%,0,0,0,0,0.0,0,0,0,0,0,0,0,0,0,0,0,0,0,0,0,0,0,0,0,0,0,0,0,0,0,0,0,0,0,,,,,
Reset,51,4,15,12/03/2026 09:50:27,73.33%,0,0,0,0,0.0,0,0,0,0,0,0,0,0,0,0,0,0,0,0,0,0,0,0,0,0,0,0,0,4,0,0,0,0,0,,,,,
Reset,65,0,16,12/03/2026 09:44:43,100.00%,0,0,0,0,0.0,0,0,0,0,0,0,0,0,0,0,0,0,0,0,0,0,0,0,0,0,0,0,0,0,0,0,0,0,0,,,,,
Reset,69,0,16,12/03/2026 09:43:33,100.00%,0,0,0,0,0.0,0,0,0,0,0,0,0,0,0,0,0,0,0,0,0,0,0,0,0,0,0,0,0,0,0,0,0,0,0,,,,,
Reset,68,5,16,12/03/2026 09:42:29,68.75%,0,0,0,0,5.0,0,0,0,0,0,0,0,0,0,0,0,0,0,0,0,0,0,0,0,0,0,0,0,0,0,0,0,0,0,,,,,
Reset,67,1,16,12/03/2026 09:36:30,93.75%,0,0,0,0,1.0,0,0,0,0,0,0,0,0,0,0,0,0,0,0,0,0,0,0,0,0,0,0,0,0,0,0,0,0,0,,,,,
Reset,67,3,16,12/03/2026 09:31:52,81.25%,0,0,0,0,2.0,0,0,0,0,0,0,0,0,0,0,0,0,0,0,0,0,0,0,0,0,0,1,0,0,0,0,0,0,0,,,,,
Reset,65,0,16,12/03/2026 09:26:33,100.00%,0,0,0,0,0.0,0,0,0,0,0,0,0,0,0,0,0,0,0,0,0,0,0,0,0,0,0,0,0,0,0,0,0,0,0,,,,,
Reset,69,0,16,12/03/2026 09:24:47,100.00%,0,0,0,0,0.0,0,0,0,0,0,0,0,0,0,0,0,0,0,0,0,0,0,0,0,0,0,0,0,0,0,0,0,0,0,,,,,
Reset,68,8,16,12/03/2026 09:20:47,50.00%,0,0,0,0,8.0,0,0,0,0,0,0,0,0,0,0,0,0,0,0,0,0,0,0,0,0,0,0,0,0,0,0,0,0,0,,,,,
Reset,67,2,16,12/03/2026 09:08:25,87.50%,0,0,0,0,2.0,0,0,0,0,0,0,0,0,0,0,0,0,0,0,0,0,0,0,0,0,0,0,0,0,0,0,0,0,0,,,,,
Reset,67,1,16,12/03/2026 08:58:08,93.75%,0,0,0,0,1.0,0,0,0,0,0,0,0,0,0,0,0,0,0,0,0,0,0,0,0,0,0,0,0,0,0,0,0,0,0,,,,,
Reset,69,0,16,12/03/2026 08:53:24,100.00%,0,0,0,0,0.0,0,0,0,0,0,0,0,0,0,0,0,0,0,0,0,0,0,0,0,0,0,0,0,0,0,0,0,0,0,,,,,
Reset,65,1,16,12/03/2026 08:51:17,93.75%,0,0,0,0,0.0,0,0,0,0,0,0,0,0,0,0,0,0,0,0,0,0,0,0,1,0,0,0,0,0,0,0,0,0,0,,,,,
Reset,68,5,16,12/03/2026 08:46:58,68.75%,0,0,0,0,5.0,0,0,0,0,0,0,0,0,0,0,0,0,0,0,0,0,0,0,0,0,0,0,0,0,0,0,0,0,0,,,,,
Reset,40,0,15,12/03/2026 08:37:56,100.00%,0,0,0,0,0.0,0,0,0,0,0,0,0,0,0,0,0,0,0,0,0,0,0,0,0,0,0,0,0,0,0,0,0,0,0,,,,,
Reset,51,3,15,12/03/2026 08:35:20,80.00%,0,0,0,0,0.0,0,0,0,0,0,0,0,0,0,0,0,0,0,0,0,0,0,0,0,0,0,0,0,3,0,0,0,0,0,,,,,
Reset,38,0,15,12/03/2026 08:26:41,100.00%,0,0,0,0,0.0,0,0,0,0,0,0,0,0,0,0,0,0,0,0,0,0,0,0,0,0,0,0,0,0,0,0,0,0,0,,,,,
Reset,38,2,15,12/03/2026 08:22:41,86.67%,0,0,0,0,1.0,0,1,0,0,0,0,0,0,0,0,0,0,0,0,0,0,0,0,0,0,0,0,0,0,0,0,0,0,0,,,,,
Reset,51,3,15,12/03/2026 08:15:05,80.00%,0,0,0,0,0.0,0,1,0,0,0,0,0,0,0,0,0,0,0,0,0,0,0,0,0,0,0,0,0,2,0,0,0,0,0,,,,,
Reset,51,2,15,12/03/2026 08:10:20,86.67%,0,0,0,0,0.0,0,1,0,1,0,0,0,0,0,0,0,0,0,0,0,0,0,0,0,0,0,0,0,0,0,0,0,0,0,,,,,
Reset,69,1,16,12/03/2026 08:01:32,93.75%,0,0,0,0,0.0,0,0,0,0,0,0,0,0,0,1,0,0,0,0,0,0,0,0,0,0,0,0,0,0,0,0,0,0,0,,,,,
Reset,65,0,16,12/03/2026 07:57:58,100.00%,0,0,0,0,0.0,0,0,0,0,0,0,0,0,0,0,0,0,0,0,0,0,0,0,0,0,0,0,0,0,0,0,0,0,0,,,,,
Reset,67,1,16,12/03/2026 07:56:27,93.75%,0,0,0,0,1.0,0,0,0,0,0,0,0,0,0,0,0,0,0,0,0,0,0,0,0,0,0,0,0,0,0,0,0,0,0,,,,,
Reset,68,5,16,12/03/2026 07:46:35,68.75%,0,0,0,0,5.0,0,0,0,0,0,0,0,0,0,0,0,0,0,0,0,0,0,0,0,0,0,0,0,0,0,0,0,0,0,,,,,
Reset,65,1,16,12/03/2026 07:35:41,93.75%,0,0,0,0,0.0,0,1,0,0,0,0,0,0,0,0,0,0,0,0,0,0,0,0,0,0,0,0,0,0,0,0,0,0,0,,,,,
Reset,67,2,16,12/03/2026 07:32:50,87.50%,0,0,0,0,2.0,0,0,0,0,0,0,0,0,0,0,0,0,0,0,0,0,0,0,0,0,0,0,0,0,0,0,0,0,0,,,,,
Reset,66,4,16,12/03/2026 07:31:15,75.00%,0,0,0,0,0.0,0,4,0,0,0,0,0,0,0,0,0,0,0,0,0,0,0,0,0,0,0,0,0,0,0,0,0,0,0,,,,,
Reset,69,0,16,12/03/2026 07:30:36,100.00%,0,0,0,0,0.0,0,0,0,0,0,0,0,0,0,0,0,0,0,0,0,0,0,0,0,0,0,0,0,0,0,0,0,0,0,,,,,
Reset,65,0,16,12/03/2026 07:28:18,100.00%,0,0,0,0,0.0,0,0,0,0,0,0,0,0,0,0,0,0,0,0,0,0,0,0,0,0,0,0,0,0,0,0,0,0,0,,,,,
Reset,51,3,15,12/03/2026 07:27:54,80.00%,0,0,0,0,0.0,2,0,0,0,0,0,0,0,0,0,0,0,0,0,0,0,0,0,0,0,0,1,0,0,0,0,0,0,0,,,,,
Reset,51,2,15,12/03/2026 07:23:51,86.67%,0,0,0,0,0.0,0,2,0,0,0,0,0,0,0,0,0,0,0,0,0,0,0,0,0,0,0,0,0,0,0,0,0,0,0,,,,,
Reset,40,0,15,12/03/2026 07:06:40,100.00%,0,0,0,0,0.0,0,0,0,0,0,0,0,0,0,0,0,0,0,0,0,0,0,0,0,0,0,0,0,0,0,0,0,0,0,,,,,
P10,131,2,40,07/05/2026 20:39:15,95.00%,1800,2000,45,60,0.0,0,2,0,0,0,0,0,0,0,0,0,0,0,0,0,0,0,0,0,0,0,0,0,0,0,0,0,0,0,0.0,0.0,0.0,0.0,0.0
P10,134,3,40,07/05/2026 20:47:06,92.50%,2000,1880,45,50,0.0,0,3,0,0,0,0,0,0,0,0,0,0,0,0,0,0,0,0,0,0,0,0,0,0,0,0,0,0,0,0.0,0.0,0.0,0.0,0.0
P10,131,2,40,07/05/2026 20:51:12,95.00%,1800,2000,45,60,0.0,0,2,0,0,0,0,0,0,0,0,0,0,0,0,0,0,0,0,0,0,0,0,0,0,0,0,0,0,0,0.0,0.0,0.0,0.0,0.0
P10,134,4,40,07/05/2026 20:58:12,90.00%,2000,1880,45,50,0.0,0,2,0,0,0,0,0,0,0,0,0,0,0,2,0,0,0,0,0,0,0,0,0,0,0,0,0,0,0,0.0,0.0,0.0,0.0,0.0
P10,133,6,40,07/05/2026 21:01:52,85.00%,1950,2000,45,50,0.0,0,3,0,0,0,0,0,0,0,0,0,0,0,3,0,0,0,0,0,0,0,0,0,0,0,0,0,0,0,0.0,0.0,0.0,0.0,0.0
P10,132,7,40,07/05/2026 21:05:06,82.50%,1950,2000,45,50,0.0,0,3,0,0,0,0,0,0,0,0,0,0,0,4,0,0,0,0,0,0,0,0,0,0,0,0,0,0,0,0.0,0.0,0.0,0.0,0.0
P10,133,2,40,07/05/2026 21:07:11,95.00%,1950,2000,45,50,0.0,0,2,0,0,0,0,0,0,0,0,0,0,0,0,0,0,0,0,0,0,0,0,0,0,0,0,0,0,0,0.0,0.0,0.0,0.0,0.0
P10,135,4,40,07/05/2026 21:13:10,90.00%,1950,2000,45,50,0.0,0,4,0,0,0,0,0,0,0,0,0,0,0,0,0,0,0,0,0,0,0,0,0,0,0,0,0,0,0,0.0,0.0,0.0,0.0,0.0
P10,136,5,40,07/05/2026 21:32:59,87.50%,1950,2000,45,50,0.0,0,5,0,0,0,0,0,0,0,0,0,0,0,0,0,0,0,0,0,0,0,0,0,0,0,0,0,0,0,0.0,0.0,0.0,0.0,0.0
Reset,71,13,20,07/05/2026 21:42:20,35.00%,800,1220,50,120,0.0,0,1,0,0,0,0,0,0,0,0,0,9,0,3,0,0,0,0,0,0,0,0,0,0,0,0,0,0,0,0.0,0.0,0.0,0.0,0.0
Reset,72,7,20,07/05/2026 21:50:21,65.00%,800,1400,50,120,6.0,0,0,0,0,0,0,0,0,0,0,0,0,0,1,0,0,0,0,0,0,0,0,0,0,0,0,0,0,0,0.0,0.0,0.0,0.0,0.0
P10,135,3,40,07/05/2026 21:56:38,92.50%,1950,2000,45,50,0.0,0,3,0,0,0,0,0,0,0,0,0,0,0,0,0,0,0,0,0,0,0,0,0,0,0,0,0,0,0,0.0,0.0,0.0,0.0,0.0
P10,131,3,40,07/05/2026 22:04:48,92.50%,1800,2000,45,60,1.0,0,2,0,0,0,0,0,0,0,0,0,0,0,0,0,0,0,0,0,0,0,0,0,0,0,0,0,0,0,0.0,0.0,0.0,0.0,0.0
Reset,73,1,20,07/05/2026 22:05:18,95.00%,1400,800,50,120,1.0,0,0,0,0,0,0,0,0,0,0,0,0,0,0,0,0,0,0,0,0,0,0,0,0,0,0,0,0,0,0.0,0.0,0.0,0.0,0.0
P10,132,4,40,07/05/2026 22:11:41,90.00%,1950,2000,45,50,0.0,0,4,0,0,0,0,0,0,0,0,0,0,0,0,0,0,0,0,0,0,0,0,0,0,0,0,0,0,0,0.0,0.0,0.0,0.0,0.0
P10,134,2,40,07/05/2026 22:14:40,95.00%,2000,1880,45,50,0.0,0,2,0,0,0,0,0,0,0,0,0,0,0,0,0,0,0,0,0,0,0,0,0,0,0,0,0,0,0,0.0,0.0,0.0,0.0,0.0
Reset,74,16,20,07/05/2026 22:17:13,20.00%,800,1470,45,120,16.0,0,0,0,0,0,0,0,0,0,0,0,0,0,0,0,0,0,0,0,0,0,0,0,0,0,0,0,0,0,0.0,0.0,0.0,0.0,0.0
P10,131,5,40,07/05/2026 22:17:26,87.50%,1800,2000,45,60,0.0,0,5,0,0,0,0,0,0,0,0,0,0,0,0,0,0,0,0,0,0,0,0,0,0,0,0,0,0,0,0.0,0.0,0.0,0.0,0.0
P10,136,5,40,07/05/2026 22:21:01,87.50%,1950,2000,45,50,0.0,0,2,0,0,0,0,0,0,0,0,0,0,0,3,0,0,0,0,0,0,0,0,0,0,0,0,0,0,0,0.0,0.0,0.0,0.0,0.0
P10,136,5,40,07/05/2026 22:45:22,87.50%,1950,2000,45,50,0.0,0,5,0,0,0,0,0,0,0,0,0,0,0,0,0,0,0,0,0,0,0,0,0,0,0,0,0,0,0,0.0,0.0,0.0,0.0,0.0
Reset,71,16,20,07/05/2026 22:49:31,20.00%,800,1220,50,120,12.0,0,4,0,0,0,0,0,0,0,0,0,0,0,0,0,0,0,0,0,0,0,0,0,0,0,0,0,0,0,0.0,0.0,0.0,0.0,0.0
P10,136,5,40,07/05/2026 22:53:55,87.50%,1950,2000,45,50,0.0,0,5,0,0,0,0,0,0,0,0,0,0,0,0,0,0,0,0,0,0,0,0,0,0,0,0,0,0,0,0.0,0.0,0.0,0.0,0.0
P10,135,6,40,07/05/2026 22:59:02,85.00%,1950,2000,45,50,1.0,0,5,0,0,0,0,0,0,0,0,0,0,0,0,0,0,0,0,0,0,0,0,0,0,0,0,0,0,0,0.0,0.0,0.0,0.0,0.0
P10,132,6,40,07/05/2026 23:06:30,85.00%,1950,2000,45,50,0.0,0,6,0,0,0,0,0,0,0,0,0,0,0,0,0,0,0,0,0,0,0,0,0,0,0,0,0,0,0,0.0,0.0,0.0,0.0,0.0
P10,136,6,40,07/05/2026 23:09:34,85.00%,1950,2000,45,50,0.0,0,3,0,0,0,0,0,0,0,0,0,0,0,3,0,0,0,0,0,0,0,0,0,0,0,0,0,0,0,0.0,0.0,0.0,0.0,0.0
P10,133,5,40,07/05/2026 23:16:27,87.50%,1950,2000,45,50,0.0,0,5,0,0,0,0,0,0,0,0,0,0,0,0,0,0,0,0,0,0,0,0,0,0,0,0,0,0,0,0.0,0.0,0.0,0.0,0.0
P10,132,6,40,07/05/2026 23:19:09,85.00%,1950,2000,45,50,0.0,0,6,0,0,0,0,0,0,0,0,0,0,0,0,0,0,0,0,0,0,0,0,0,0,0,0,0,0,0,0.0,0.0,0.0,0.0,0.0
Reset,5,0,20,08/05/2026 07:14:01,100.00%,1500,800,35,110,0.0,0,0,0,0,0,0,0,0,0,0,0,0,0,0,0,0,0,0,0,0,0,0,0,0,0,0,0,0,0,0.0,0.0,0.0,0.0,0.0
Reset,7,2,20,08/05/2026 07:16:35,90.00%,1420,800,35,120,0.0,0,0,0,0,0,0,0,0,0,0,0,0,0,0,0,0,0,0,0,0,0,2,0,0,0,0,0,0,0,0.0,0.0,0.0,0.0,0.0
Reset,8,3,20,08/05/2026 07:19:43,85.00%,1500,800,35,120,2.0,0,0,0,0,0,0,0,0,0,0,0,0,0,0,0,0,0,0,0,0,0,1,0,0,0,0,0,0,0,0.0,0.0,0.0,0.0,0.0
Reset,72,2,20,08/05/2026 07:26:33,90.00%,800,1400,50,120,1.0,0,0,0,0,1,0,0,0,0,0,0,0,0,0,0,0,0,0,0,0,0,0,0,0,0,0,0,0,0,0.0,0.0,0.0,0.0,0.0
Reset,6,2,20,08/05/2026 07:29:24,90.00%,1750,800,45,120,0.0,0,0,0,0,0,0,0,0,0,0,0,0,0,0,0,0,0,0,0,0,0,2,0,0,0,0,0,0,0,0.0,0.0,0.0,0.0,0.0
Reset,10,2,20,08/05/2026 07:32:06,90.00%,1550,800,35,120,0.0,0,0,0,0,0,0,0,0,0,0,0,0,0,0,0,0,0,0,0,0,0,2,0,0,0,0,0,0,0,0.0,0.0,0.0,0.0,0.0
Reset,2,2,20,08/05/2026 07:34:43,90.00%,1750,800,45,110,0.0,0,0,0,0,0,0,0,0,0,0,0,0,0,0,0,0,1,0,0,0,0,1,0,0,0,0,0,0,0,0.0,0.0,0.0,0.0,0.0
Reset,3,1,20,08/05/2026 07:37:17,95.00%,1500,800,35,90,0.0,0,0,0,0,0,0,0,0,0,0,0,0,0,0,0,0,0,0,0,0,0,1,0,0,0,0,0,0,0,0.0,0.0,0.0,0.0,0.0
Reset,71,11,20,08/05/2026 07:43:47,45.00%,800,1220,50,120,3.0,2,0,0,5,0,0,0,0,0,0,0,0,1,0,0,0,0,0,0,0,0,0,0,0,0,0,0,0,0,0.0,0.0,0.0,0.0,0.0
0,15,0,0,12/05/2026 08:34:13,0,0,0,0,0,0.0,0,0,0,0,0,0,0,0,0,0,0,0,0,0,0,0,0,0,0,0,0,0,0,0,0,0,0,0,0,0.0,0.0,0.0,0.0,0.0
0,1,1,0,12/05/2026 08:34:49,0,0,0,0,0,0.0,0,1,0,0,0,0,0,0,0,0,0,0,0,0,0,0,0,0,0,0,0,0,0,0,0,0,0,0,0,0.0,0.0,0.0,0.0,0.0
Reset,5,0,20,13/05/2026 14:04:48,100.00%,1500,800,35,110,0.0,0,0,0,0,0,0,0,0,0,0,0,0,0,0,0,0,0,0,0,0,0,0,0,0,0,0,0,0,0,0.0,0.0,0.0,0.0,0.0
